measure_id,measure_name,location_id,location_name,sex_id,sex_name,age_id,age_name,cause_id,cause_name,metric_id,metric_name,year,val,upper,lower
2,DALYs (Disability-Adjusted Life Years),96,Southern Latin America,1,Male,22,All ages,559,Schizophrenia,1,Number,2005,52781.7519573203,72062.99334723469,37036.3022879196
2,DALYs (Disability-Adjusted Life Years),96,Southern Latin America,2,Female,22,All ages,559,Schizophrenia,1,Number,2005,52803.998100004486,71186.73923327985,36071.048682144705
2,DALYs (Disability-Adjusted Life Years),96,Southern Latin America,3,Both,22,All ages,559,Schizophrenia,1,Number,2005,105585.7500573249,142642.61661547958,74112.34183769731
2,DALYs (Disability-Adjusted Life Years),96,Southern Latin America,1,Male,22,All ages,559,Schizophrenia,2,Percent,2005,0.006059944846522598,0.00815941054631394,0.004225881665032034
2,DALYs (Disability-Adjusted Life Years),96,Southern Latin America,2,Female,22,All ages,559,Schizophrenia,2,Percent,2005,0.0066787096379164025,0.008928523975180808,0.0047351474512140855
2,DALYs (Disability-Adjusted Life Years),96,Southern Latin America,3,Both,22,All ages,559,Schizophrenia,2,Percent,2005,0.006353329799374186,0.0084425650922367,0.004464000201282736
2,DALYs (Disability-Adjusted Life Years),96,Southern Latin America,1,Male,22,All ages,559,Schizophrenia,3,Rate,2005,185.86801727063846,253.76584132463762,130.42128800229992
2,DALYs (Disability-Adjusted Life Years),96,Southern Latin America,2,Female,22,All ages,559,Schizophrenia,3,Rate,2005,177.78654986963463,239.67966858844895,121.44813889343703
2,DALYs (Disability-Adjusted Life Years),96,Southern Latin America,3,Both,22,All ages,559,Schizophrenia,3,Rate,2005,181.73663572822093,245.51977175985675,127.56387736233725
2,DALYs (Disability-Adjusted Life Years),96,Southern Latin America,1,Male,27,Age-standardized,559,Schizophrenia,3,Rate,2005,182.60627895671328,249.2660910412642,127.94468920474392
2,DALYs (Disability-Adjusted Life Years),96,Southern Latin America,2,Female,27,Age-standardized,559,Schizophrenia,3,Rate,2005,172.2963327840259,232.6245075445406,117.97903059787389
2,DALYs (Disability-Adjusted Life Years),96,Southern Latin America,3,Both,27,Age-standardized,559,Schizophrenia,3,Rate,2005,177.5150816063435,239.78527351927167,124.40680531539262
2,DALYs (Disability-Adjusted Life Years),70,Australasia,1,Male,22,All ages,559,Schizophrenia,1,Number,2005,36980.708313806455,45043.65508620479,27965.754902988876
2,DALYs (Disability-Adjusted Life Years),70,Australasia,2,Female,22,All ages,559,Schizophrenia,1,Number,2005,29547.48129416412,36592.3617888181,21826.175300454437
2,DALYs (Disability-Adjusted Life Years),70,Australasia,3,Both,22,All ages,559,Schizophrenia,1,Number,2005,66528.18960797055,80928.54976192696,50502.31863974633
2,DALYs (Disability-Adjusted Life Years),70,Australasia,1,Male,22,All ages,559,Schizophrenia,2,Percent,2005,0.011459402154802794,0.013736253346966045,0.008790760786061513
2,DALYs (Disability-Adjusted Life Years),70,Australasia,2,Female,22,All ages,559,Schizophrenia,2,Percent,2005,0.009380344341494914,0.011502562393765008,0.0071914765042173905
2,DALYs (Disability-Adjusted Life Years),70,Australasia,3,Both,22,All ages,559,Schizophrenia,2,Percent,2005,0.010431070230123372,0.012471222065113613,0.008124291567610149
2,DALYs (Disability-Adjusted Life Years),70,Australasia,1,Male,22,All ages,559,Schizophrenia,3,Rate,2005,309.35552306180114,376.80466695133345,233.94253734729955
2,DALYs (Disability-Adjusted Life Years),70,Australasia,2,Female,22,All ages,559,Schizophrenia,3,Rate,2005,240.87979531198047,298.3117420371577,177.93342811440448
2,DALYs (Disability-Adjusted Life Years),70,Australasia,3,Both,22,All ages,559,Schizophrenia,3,Rate,2005,274.6760962640378,334.1311142826112,208.5098034079999
2,DALYs (Disability-Adjusted Life Years),70,Australasia,1,Male,27,Age-standardized,559,Schizophrenia,3,Rate,2005,282.92513669878826,343.90764067512805,214.3614127423436
2,DALYs (Disability-Adjusted Life Years),70,Australasia,2,Female,27,Age-standardized,559,Schizophrenia,3,Rate,2005,209.16873249685193,258.79250919005426,155.43106012837404
2,DALYs (Disability-Adjusted Life Years),70,Australasia,3,Both,27,Age-standardized,559,Schizophrenia,3,Rate,2005,245.8259374939674,299.29490476439537,187.69365932511022
2,DALYs (Disability-Adjusted Life Years),1,Global,1,Male,22,All ages,559,Schizophrenia,1,Number,2005,6158267.04747299,7895249.616269422,4548313.417510572
2,DALYs (Disability-Adjusted Life Years),1,Global,2,Female,22,All ages,559,Schizophrenia,1,Number,2005,5409838.096236785,6933378.243474167,4012428.0394921424
2,DALYs (Disability-Adjusted Life Years),1,Global,3,Both,22,All ages,559,Schizophrenia,1,Number,2005,11568105.143709771,14828261.18411596,8560741.457002714
2,DALYs (Disability-Adjusted Life Years),1,Global,1,Male,22,All ages,559,Schizophrenia,2,Percent,2005,0.004340507347121793,0.0055190800177318325,0.00322165909821932
2,DALYs (Disability-Adjusted Life Years),1,Global,2,Female,22,All ages,559,Schizophrenia,2,Percent,2005,0.004361178932471078,0.005496818044220444,0.003254867901881644
2,DALYs (Disability-Adjusted Life Years),1,Global,3,Both,22,All ages,559,Schizophrenia,2,Percent,2005,0.004349817684601318,0.005519710113502341,0.003222898535400875
2,DALYs (Disability-Adjusted Life Years),1,Global,1,Male,22,All ages,559,Schizophrenia,3,Rate,2005,188.2528030320202,241.35083123913836,139.03793767207003
2,DALYs (Disability-Adjusted Life Years),1,Global,2,Female,22,All ages,559,Schizophrenia,3,Rate,2005,167.4316388783762,214.58440375065663,124.18253385457977
2,DALYs (Disability-Adjusted Life Years),1,Global,3,Both,22,All ages,559,Schizophrenia,3,Rate,2005,177.90658685990167,228.04472327671448,131.65615930051953
2,DALYs (Disability-Adjusted Life Years),1,Global,1,Male,27,Age-standardized,559,Schizophrenia,3,Rate,2005,187.33702816271222,239.80474167184587,138.5761278180541
2,DALYs (Disability-Adjusted Life Years),1,Global,2,Female,27,Age-standardized,559,Schizophrenia,3,Rate,2005,165.11476555676512,211.1584717505984,122.60086597345732
2,DALYs (Disability-Adjusted Life Years),1,Global,3,Both,27,Age-standardized,559,Schizophrenia,3,Rate,2005,176.29114002578362,225.26010930473169,130.6330316730663
2,DALYs (Disability-Adjusted Life Years),5,East Asia,1,Male,22,All ages,559,Schizophrenia,1,Number,2005,1629582.2211869424,2043538.6533425106,1220558.3614060443
2,DALYs (Disability-Adjusted Life Years),5,East Asia,2,Female,22,All ages,559,Schizophrenia,1,Number,2005,1467615.9479182735,1841544.1302420078,1108573.117146295
2,DALYs (Disability-Adjusted Life Years),5,East Asia,3,Both,22,All ages,559,Schizophrenia,1,Number,2005,3097198.1691052117,3888285.289759607,2335759.5750542404
2,DALYs (Disability-Adjusted Life Years),5,East Asia,1,Male,22,All ages,559,Schizophrenia,2,Percent,2005,0.007404370075365604,0.009231567218531923,0.0055316261613375176
2,DALYs (Disability-Adjusted Life Years),5,East Asia,2,Female,22,All ages,559,Schizophrenia,2,Percent,2005,0.008620876140478427,0.01085646647520809,0.006302274084315227
2,DALYs (Disability-Adjusted Life Years),5,East Asia,3,Both,22,All ages,559,Schizophrenia,2,Percent,2005,0.007931108484080459,0.009926713194192499,0.005868400861562726
2,DALYs (Disability-Adjusted Life Years),5,East Asia,1,Male,22,All ages,559,Schizophrenia,3,Rate,2005,237.3544046784395,297.64862072942844,177.77863521106067
2,DALYs (Disability-Adjusted Life Years),5,East Asia,2,Female,22,All ages,559,Schizophrenia,3,Rate,2005,224.54370922827945,281.75433109638936,169.6105306213577
2,DALYs (Disability-Adjusted Life Years),5,East Asia,3,Both,22,All ages,559,Schizophrenia,3,Rate,2005,231.1065979377336,290.13590221360846,174.28960612721266
2,DALYs (Disability-Adjusted Life Years),5,East Asia,1,Male,27,Age-standardized,559,Schizophrenia,3,Rate,2005,202.29024154283323,252.86430867779052,152.28404876574461
2,DALYs (Disability-Adjusted Life Years),5,East Asia,2,Female,27,Age-standardized,559,Schizophrenia,3,Rate,2005,189.5340079517544,236.58982265705197,143.64507768837996
2,DALYs (Disability-Adjusted Life Years),5,East Asia,3,Both,27,Age-standardized,559,Schizophrenia,3,Rate,2005,196.05580470753833,245.30554585258736,148.44176770159086
2,DALYs (Disability-Adjusted Life Years),120,Andean Latin America,1,Male,22,All ages,559,Schizophrenia,1,Number,2005,38580.68375594295,52561.3851143506,27003.32946107955
2,DALYs (Disability-Adjusted Life Years),120,Andean Latin America,2,Female,22,All ages,559,Schizophrenia,1,Number,2005,31251.920226035287,43205.5366898452,22378.306359669055
2,DALYs (Disability-Adjusted Life Years),120,Andean Latin America,3,Both,22,All ages,559,Schizophrenia,1,Number,2005,69832.60398197829,95358.6473065217,49432.82931281528
2,DALYs (Disability-Adjusted Life Years),120,Andean Latin America,1,Male,22,All ages,559,Schizophrenia,2,Percent,2005,0.0050561641812018054,0.006792156323567119,0.003543699355573371
2,DALYs (Disability-Adjusted Life Years),120,Andean Latin America,2,Female,22,All ages,559,Schizophrenia,2,Percent,2005,0.004593084565265395,0.006299707704818941,0.003207894310615758
2,DALYs (Disability-Adjusted Life Years),120,Andean Latin America,3,Both,22,All ages,559,Schizophrenia,2,Percent,2005,0.004837195134678392,0.006603022315197719,0.0033833399555677846
2,DALYs (Disability-Adjusted Life Years),120,Andean Latin America,1,Male,22,All ages,559,Schizophrenia,3,Rate,2005,154.312008638495,210.23092709100965,108.00581025017125
2,DALYs (Disability-Adjusted Life Years),120,Andean Latin America,2,Female,22,All ages,559,Schizophrenia,3,Rate,2005,124.52801603282501,172.15901380477874,89.16975574584946
2,DALYs (Disability-Adjusted Life Years),120,Andean Latin America,3,Both,22,All ages,559,Schizophrenia,3,Rate,2005,139.39190406051742,190.34408941877228,98.6721933323598
2,DALYs (Disability-Adjusted Life Years),120,Andean Latin America,1,Male,27,Age-standardized,559,Schizophrenia,3,Rate,2005,170.4536297108897,230.9061784134309,119.60244274431763
2,DALYs (Disability-Adjusted Life Years),120,Andean Latin America,2,Female,27,Age-standardized,559,Schizophrenia,3,Rate,2005,134.49214362194553,184.76754509944908,95.46326650049241
2,DALYs (Disability-Adjusted Life Years),120,Andean Latin America,3,Both,27,Age-standardized,559,Schizophrenia,3,Rate,2005,152.20393990584918,207.51921129582607,108.23996130514243
2,DALYs (Disability-Adjusted Life Years),44634,High-middle SDI,1,Male,22,All ages,559,Schizophrenia,1,Number,2005,1263921.6406442563,1585577.7501407894,945516.3944273234
2,DALYs (Disability-Adjusted Life Years),44634,High-middle SDI,2,Female,22,All ages,559,Schizophrenia,1,Number,2005,1171286.3873613765,1464439.583514432,884328.2677724628
2,DALYs (Disability-Adjusted Life Years),44634,High-middle SDI,3,Both,22,All ages,559,Schizophrenia,1,Number,2005,2435208.0280056335,3044516.7197790868,1826973.481477154
2,DALYs (Disability-Adjusted Life Years),44634,High-middle SDI,1,Male,22,All ages,559,Schizophrenia,2,Percent,2005,0.0055702486590912936,0.006898982851288488,0.004211905521068452
2,DALYs (Disability-Adjusted Life Years),44634,High-middle SDI,2,Female,22,All ages,559,Schizophrenia,2,Percent,2005,0.0064820010143888775,0.008100494452318092,0.004849385985142958
2,DALYs (Disability-Adjusted Life Years),44634,High-middle SDI,3,Both,22,All ages,559,Schizophrenia,2,Percent,2005,0.005973216537021044,0.0074258293517998255,0.00452101141059707
2,DALYs (Disability-Adjusted Life Years),44634,High-middle SDI,1,Male,22,All ages,559,Schizophrenia,3,Rate,2005,213.5056672558346,267.84084127023567,159.71963941580753
2,DALYs (Disability-Adjusted Life Years),44634,High-middle SDI,2,Female,22,All ages,559,Schizophrenia,3,Rate,2005,196.0132530826275,245.07205906685638,147.99118510162015
2,DALYs (Disability-Adjusted Life Years),44634,High-middle SDI,3,Both,22,All ages,559,Schizophrenia,3,Rate,2005,204.71850887844047,255.94073112476363,153.58658586337043
2,DALYs (Disability-Adjusted Life Years),44634,High-middle SDI,1,Male,27,Age-standardized,559,Schizophrenia,3,Rate,2005,182.95650511346207,229.93555071097512,137.44591410273333
2,DALYs (Disability-Adjusted Life Years),44634,High-middle SDI,2,Female,27,Age-standardized,559,Schizophrenia,3,Rate,2005,168.158334906829,210.50070272966428,127.32843498320348
2,DALYs (Disability-Adjusted Life Years),44634,High-middle SDI,3,Both,27,Age-standardized,559,Schizophrenia,3,Rate,2005,175.55094100940957,220.18477829002674,131.96871945383185
2,DALYs (Disability-Adjusted Life Years),134,Tropical Latin America,1,Male,22,All ages,559,Schizophrenia,1,Number,2005,162064.73270108557,210155.67436014378,118764.64464479688
2,DALYs (Disability-Adjusted Life Years),134,Tropical Latin America,2,Female,22,All ages,559,Schizophrenia,1,Number,2005,135198.5785048652,173645.62252564015,99895.38309645434
2,DALYs (Disability-Adjusted Life Years),134,Tropical Latin America,3,Both,22,All ages,559,Schizophrenia,1,Number,2005,297263.31120595103,380963.2933964039,219671.03795151837
2,DALYs (Disability-Adjusted Life Years),134,Tropical Latin America,1,Male,22,All ages,559,Schizophrenia,2,Percent,2005,0.004841372359269845,0.00614957205562709,0.00357326528504903
2,DALYs (Disability-Adjusted Life Years),134,Tropical Latin America,2,Female,22,All ages,559,Schizophrenia,2,Percent,2005,0.0048919686534701174,0.006201923132027563,0.003640333211902879
2,DALYs (Disability-Adjusted Life Years),134,Tropical Latin America,3,Both,22,All ages,559,Schizophrenia,2,Percent,2005,0.00486317172999723,0.006212458580906978,0.003622504136716245
2,DALYs (Disability-Adjusted Life Years),134,Tropical Latin America,1,Male,22,All ages,559,Schizophrenia,3,Rate,2005,170.77477136829376,221.45032199447027,125.14755491720862
2,DALYs (Disability-Adjusted Life Years),134,Tropical Latin America,2,Female,22,All ages,559,Schizophrenia,3,Rate,2005,138.41342829078914,177.77469398908818,102.270767915688
2,DALYs (Disability-Adjusted Life Years),134,Tropical Latin America,3,Both,22,All ages,559,Schizophrenia,3,Rate,2005,154.36071543036195,197.8238292603617,114.0691679708631
2,DALYs (Disability-Adjusted Life Years),134,Tropical Latin America,1,Male,27,Age-standardized,559,Schizophrenia,3,Rate,2005,169.64152126236945,218.32951277091644,124.42930416284007
2,DALYs (Disability-Adjusted Life Years),134,Tropical Latin America,2,Female,27,Age-standardized,559,Schizophrenia,3,Rate,2005,134.6771949025694,172.7369286792716,99.9708104867701
2,DALYs (Disability-Adjusted Life Years),134,Tropical Latin America,3,Both,27,Age-standardized,559,Schizophrenia,3,Rate,2005,151.70359071139222,195.06142555058915,112.38620840159453
2,DALYs (Disability-Adjusted Life Years),32,Central Asia,1,Male,22,All ages,559,Schizophrenia,1,Number,2005,50730.79154847368,69851.14313768817,35725.72248851355
2,DALYs (Disability-Adjusted Life Years),32,Central Asia,2,Female,22,All ages,559,Schizophrenia,1,Number,2005,51886.673414279954,71423.95383027001,36599.359084532945
2,DALYs (Disability-Adjusted Life Years),32,Central Asia,3,Both,22,All ages,559,Schizophrenia,1,Number,2005,102617.46496275369,141303.352294705,72665.17740267508
2,DALYs (Disability-Adjusted Life Years),32,Central Asia,1,Male,22,All ages,559,Schizophrenia,2,Percent,2005,0.0032403695236200587,0.004369749053277822,0.0022883851714193566
2,DALYs (Disability-Adjusted Life Years),32,Central Asia,2,Female,22,All ages,559,Schizophrenia,2,Percent,2005,0.004126960107885951,0.005552376782616164,0.0029803166002018563
2,DALYs (Disability-Adjusted Life Years),32,Central Asia,3,Both,22,All ages,559,Schizophrenia,2,Percent,2005,0.0036348137002878297,0.004916412762878519,0.002602699239114442
2,DALYs (Disability-Adjusted Life Years),32,Central Asia,1,Male,22,All ages,559,Schizophrenia,3,Rate,2005,133.4537974032655,183.75231334162,93.98105540126983
2,DALYs (Disability-Adjusted Life Years),32,Central Asia,2,Female,22,All ages,559,Schizophrenia,3,Rate,2005,132.1297842625624,181.88160831631805,93.2005291874519
2,DALYs (Disability-Adjusted Life Years),32,Central Asia,3,Both,22,All ages,559,Schizophrenia,3,Rate,2005,132.78103430341895,182.8383236229951,94.02451538703174
2,DALYs (Disability-Adjusted Life Years),32,Central Asia,1,Male,27,Age-standardized,559,Schizophrenia,3,Rate,2005,138.56254620779606,188.8334866774773,98.05871050973705
2,DALYs (Disability-Adjusted Life Years),32,Central Asia,2,Female,27,Age-standardized,559,Schizophrenia,3,Rate,2005,133.43979314726775,183.17477929334433,94.74054484273982
2,DALYs (Disability-Adjusted Life Years),32,Central Asia,3,Both,27,Age-standardized,559,Schizophrenia,3,Rate,2005,135.92309854630534,186.35641941286804,96.91334862565905
2,DALYs (Disability-Adjusted Life Years),21,Oceania,1,Male,22,All ages,559,Schizophrenia,1,Number,2005,7918.433809486616,10945.302082723909,5634.824929213784
2,DALYs (Disability-Adjusted Life Years),21,Oceania,2,Female,22,All ages,559,Schizophrenia,1,Number,2005,6258.574843196963,8665.829205261698,4378.668926073286
2,DALYs (Disability-Adjusted Life Years),21,Oceania,3,Both,22,All ages,559,Schizophrenia,1,Number,2005,14177.008652683593,19697.46102381006,10073.598724744417
2,DALYs (Disability-Adjusted Life Years),21,Oceania,1,Male,22,All ages,559,Schizophrenia,2,Percent,2005,0.003531637297690308,0.004922644803608855,0.002413923255324432
2,DALYs (Disability-Adjusted Life Years),21,Oceania,2,Female,22,All ages,559,Schizophrenia,2,Percent,2005,0.0032748649136923186,0.004483734723749616,0.002225790970021411
2,DALYs (Disability-Adjusted Life Years),21,Oceania,3,Both,22,All ages,559,Schizophrenia,2,Percent,2005,0.003413247014676359,0.0046935336748057995,0.002375860167869191
2,DALYs (Disability-Adjusted Life Years),21,Oceania,1,Male,22,All ages,559,Schizophrenia,3,Rate,2005,162.35162099220696,224.4114907231652,115.53079602296586
2,DALYs (Disability-Adjusted Life Years),21,Oceania,2,Female,22,All ages,559,Schizophrenia,3,Rate,2005,137.40139120911385,190.2504992934304,96.12974473582582
2,DALYs (Disability-Adjusted Life Years),21,Oceania,3,Both,22,All ages,559,Schizophrenia,3,Rate,2005,150.30288259281025,208.83003207293427,106.79904086294952
2,DALYs (Disability-Adjusted Life Years),21,Oceania,1,Male,27,Age-standardized,559,Schizophrenia,3,Rate,2005,191.3281608356668,258.7071427233588,136.16839292213564
2,DALYs (Disability-Adjusted Life Years),21,Oceania,2,Female,27,Age-standardized,559,Schizophrenia,3,Rate,2005,157.58061538132466,214.27207541979885,113.34580466965693
2,DALYs (Disability-Adjusted Life Years),21,Oceania,3,Both,27,Age-standardized,559,Schizophrenia,3,Rate,2005,174.8881026512732,237.3034736867518,124.34278140547286
2,DALYs (Disability-Adjusted Life Years),56,Eastern Europe,1,Male,22,All ages,559,Schizophrenia,1,Number,2005,144483.27629490924,186571.89662912246,105261.48427277268
2,DALYs (Disability-Adjusted Life Years),56,Eastern Europe,2,Female,22,All ages,559,Schizophrenia,1,Number,2005,169399.01693066338,217634.10225763882,125198.6186752262
2,DALYs (Disability-Adjusted Life Years),56,Eastern Europe,3,Both,22,All ages,559,Schizophrenia,1,Number,2005,313882.2932255726,404693.70834043954,231623.31994130436
2,DALYs (Disability-Adjusted Life Years),56,Eastern Europe,1,Male,22,All ages,559,Schizophrenia,2,Percent,2005,0.002027738228167473,0.0026119085600606346,0.0014693721384238948
2,DALYs (Disability-Adjusted Life Years),56,Eastern Europe,2,Female,22,All ages,559,Schizophrenia,2,Percent,2005,0.003282102402110555,0.004141656816912442,0.002416691381490637
2,DALYs (Disability-Adjusted Life Years),56,Eastern Europe,3,Both,22,All ages,559,Schizophrenia,2,Percent,2005,0.00255433230928337,0.003259224285483398,0.0018864379379096368
2,DALYs (Disability-Adjusted Life Years),56,Eastern Europe,1,Male,22,All ages,559,Schizophrenia,3,Rate,2005,144.5191019107167,186.61815840599036,105.28758457719253
2,DALYs (Disability-Adjusted Life Years),56,Eastern Europe,2,Female,22,All ages,559,Schizophrenia,3,Rate,2005,147.26612646379257,189.19903908902728,108.84074739621802
2,DALYs (Disability-Adjusted Life Years),56,Eastern Europe,3,Both,22,All ages,559,Schizophrenia,3,Rate,2005,145.98878343880776,188.22578852354,107.72957705514115
2,DALYs (Disability-Adjusted Life Years),56,Eastern Europe,1,Male,27,Age-standardized,559,Schizophrenia,3,Rate,2005,121.26694771302984,156.6275423282013,88.75277280271749
2,DALYs (Disability-Adjusted Life Years),56,Eastern Europe,2,Female,27,Age-standardized,559,Schizophrenia,3,Rate,2005,124.67132750743875,161.42007758625894,92.27502716190365
2,DALYs (Disability-Adjusted Life Years),56,Eastern Europe,3,Both,27,Age-standardized,559,Schizophrenia,3,Rate,2005,123.06436780251113,158.98433473050346,90.64998985540211
2,DALYs (Disability-Adjusted Life Years),65,High-income Asia Pacific,1,Male,22,All ages,559,Schizophrenia,1,Number,2005,197497.44856335924,254474.77455641076,145692.90597835026
2,DALYs (Disability-Adjusted Life Years),65,High-income Asia Pacific,2,Female,22,All ages,559,Schizophrenia,1,Number,2005,191683.25684261144,245206.23939587368,140024.400079867
2,DALYs (Disability-Adjusted Life Years),65,High-income Asia Pacific,3,Both,22,All ages,559,Schizophrenia,1,Number,2005,389180.70540597074,501930.2261939426,284978.1103451061
2,DALYs (Disability-Adjusted Life Years),65,High-income Asia Pacific,1,Male,22,All ages,559,Schizophrenia,2,Percent,2005,0.007691204236287407,0.009801094425459273,0.00568958934046546
2,DALYs (Disability-Adjusted Life Years),65,High-income Asia Pacific,2,Female,22,All ages,559,Schizophrenia,2,Percent,2005,0.008585353635893139,0.010823694122684076,0.006345946345703426
2,DALYs (Disability-Adjusted Life Years),65,High-income Asia Pacific,3,Both,22,All ages,559,Schizophrenia,2,Percent,2005,0.008105638599044979,0.010245582614831,0.005996817701958396
2,DALYs (Disability-Adjusted Life Years),65,High-income Asia Pacific,1,Male,22,All ages,559,Schizophrenia,3,Rate,2005,220.31648315879647,283.8770211500211,162.52639666905745
2,DALYs (Disability-Adjusted Life Years),65,High-income Asia Pacific,2,Female,22,All ages,559,Schizophrenia,3,Rate,2005,207.0454800251399,264.8579973918312,151.24648655971447
2,DALYs (Disability-Adjusted Life Years),65,High-income Asia Pacific,3,Both,22,All ages,559,Schizophrenia,3,Rate,2005,213.5740092126469,275.44852369139693,156.38986393418125
2,DALYs (Disability-Adjusted Life Years),65,High-income Asia Pacific,1,Male,27,Age-standardized,559,Schizophrenia,3,Rate,2005,183.5116055509525,239.03377511885643,136.89260423882862
2,DALYs (Disability-Adjusted Life Years),65,High-income Asia Pacific,2,Female,27,Age-standardized,559,Schizophrenia,3,Rate,2005,172.1492249976425,223.6790751128609,123.83999312273212
2,DALYs (Disability-Adjusted Life Years),65,High-income Asia Pacific,3,Both,27,Age-standardized,559,Schizophrenia,3,Rate,2005,178.11878103358058,230.41642849381088,130.73443619196723
2,DALYs (Disability-Adjusted Life Years),104,Caribbean,1,Male,22,All ages,559,Schizophrenia,1,Number,2005,33201.239023168746,44445.625420900586,23211.182560113026
2,DALYs (Disability-Adjusted Life Years),104,Caribbean,2,Female,22,All ages,559,Schizophrenia,1,Number,2005,26741.415264389212,36398.42906054824,18683.34952203201
2,DALYs (Disability-Adjusted Life Years),104,Caribbean,3,Both,22,All ages,559,Schizophrenia,1,Number,2005,59942.65428755786,80869.55397182287,42064.36905591517
2,DALYs (Disability-Adjusted Life Years),104,Caribbean,1,Male,22,All ages,559,Schizophrenia,2,Percent,2005,0.004138307147677661,0.005501985361804931,0.0029644221850580257
2,DALYs (Disability-Adjusted Life Years),104,Caribbean,2,Female,22,All ages,559,Schizophrenia,2,Percent,2005,0.0035086414826053787,0.0047379794571080405,0.00244483111935725
2,DALYs (Disability-Adjusted Life Years),104,Caribbean,3,Both,22,All ages,559,Schizophrenia,2,Percent,2005,0.0038311406693360465,0.00509868091442593,0.00271904781893189
2,DALYs (Disability-Adjusted Life Years),104,Caribbean,1,Male,22,All ages,559,Schizophrenia,3,Rate,2005,159.115832585042,213.0041800149223,111.23881960424802
2,DALYs (Disability-Adjusted Life Years),104,Caribbean,2,Female,22,All ages,559,Schizophrenia,3,Rate,2005,125.41391574714942,170.70411084813063,87.62258839572247
2,DALYs (Disability-Adjusted Life Years),104,Caribbean,3,Both,22,All ages,559,Schizophrenia,3,Rate,2005,142.0825610477506,191.68576159449213,99.70551613632372
2,DALYs (Disability-Adjusted Life Years),104,Caribbean,1,Male,27,Age-standardized,559,Schizophrenia,3,Rate,2005,159.70290882433963,213.4596615261514,111.85449732818648
2,DALYs (Disability-Adjusted Life Years),104,Caribbean,2,Female,27,Age-standardized,559,Schizophrenia,3,Rate,2005,123.7131990515471,168.63018682715176,86.38688040728425
2,DALYs (Disability-Adjusted Life Years),104,Caribbean,3,Both,27,Age-standardized,559,Schizophrenia,3,Rate,2005,141.35450152693906,190.19756557551992,98.99487489427231
2,DALYs (Disability-Adjusted Life Years),44639,Middle SDI,1,Male,22,All ages,559,Schizophrenia,1,Number,2005,2060173.9992091157,2645611.7086079456,1521160.764208869
2,DALYs (Disability-Adjusted Life Years),44639,Middle SDI,2,Female,22,All ages,559,Schizophrenia,1,Number,2005,1761579.7773472604,2258941.15978436,1305447.9224661533
2,DALYs (Disability-Adjusted Life Years),44639,Middle SDI,3,Both,22,All ages,559,Schizophrenia,1,Number,2005,3821753.776556375,4915908.681303762,2821634.954418404
2,DALYs (Disability-Adjusted Life Years),44639,Middle SDI,1,Male,22,All ages,559,Schizophrenia,2,Percent,2005,0.005615967433690633,0.007104470005840966,0.004157925489805621
2,DALYs (Disability-Adjusted Life Years),44639,Middle SDI,2,Female,22,All ages,559,Schizophrenia,2,Percent,2005,0.005845443510171456,0.00736910884332931,0.0043239837813271184
2,DALYs (Disability-Adjusted Life Years),44639,Middle SDI,3,Both,22,All ages,559,Schizophrenia,2,Percent,2005,0.005718568059671317,0.007238198265404007,0.00425174224220384
2,DALYs (Disability-Adjusted Life Years),44639,Middle SDI,1,Male,22,All ages,559,Schizophrenia,3,Rate,2005,196.41320008012357,252.2277545763674,145.0246695906696
2,DALYs (Disability-Adjusted Life Years),44639,Middle SDI,2,Female,22,All ages,559,Schizophrenia,3,Rate,2005,172.6847165569486,221.4402202570755,127.97087442182084
2,DALYs (Disability-Adjusted Life Years),44639,Middle SDI,3,Both,22,All ages,559,Schizophrenia,3,Rate,2005,184.71401675016781,237.59700168827547,136.3760086875423
2,DALYs (Disability-Adjusted Life Years),44639,Middle SDI,1,Male,27,Age-standardized,559,Schizophrenia,3,Rate,2005,189.64839876840207,242.764105209536,141.00714749981015
2,DALYs (Disability-Adjusted Life Years),44639,Middle SDI,2,Female,27,Age-standardized,559,Schizophrenia,3,Rate,2005,164.2357685840506,209.65916483540616,122.20974528787292
2,DALYs (Disability-Adjusted Life Years),44639,Middle SDI,3,Both,27,Age-standardized,559,Schizophrenia,3,Rate,2005,177.02271778223664,226.36471516734204,131.2315418277509
2,DALYs (Disability-Adjusted Life Years),167,Central Sub-Saharan Africa,1,Male,22,All ages,559,Schizophrenia,1,Number,2005,39903.4044168428,55033.676368799956,27655.26255798256
2,DALYs (Disability-Adjusted Life Years),167,Central Sub-Saharan Africa,2,Female,22,All ages,559,Schizophrenia,1,Number,2005,42876.00455726006,59532.398282558046,29621.146539030273
2,DALYs (Disability-Adjusted Life Years),167,Central Sub-Saharan Africa,3,Both,22,All ages,559,Schizophrenia,1,Number,2005,82779.40897410284,114743.45995876749,57295.38564915558
2,DALYs (Disability-Adjusted Life Years),167,Central Sub-Saharan Africa,1,Male,22,All ages,559,Schizophrenia,2,Percent,2005,0.0010442237847649806,0.001472204274244218,0.0007050049106739403
2,DALYs (Disability-Adjusted Life Years),167,Central Sub-Saharan Africa,2,Female,22,All ages,559,Schizophrenia,2,Percent,2005,0.0012192403768554396,0.0017184079562331802,0.0008388978255413023
2,DALYs (Disability-Adjusted Life Years),167,Central Sub-Saharan Africa,3,Both,22,All ages,559,Schizophrenia,2,Percent,2005,0.001128030364760182,0.0015771213251346747,0.0007839673037711703
2,DALYs (Disability-Adjusted Life Years),167,Central Sub-Saharan Africa,1,Male,22,All ages,559,Schizophrenia,3,Rate,2005,93.58868315359061,129.07493422498268,64.86212499643085
2,DALYs (Disability-Adjusted Life Years),167,Central Sub-Saharan Africa,2,Female,22,All ages,559,Schizophrenia,3,Rate,2005,99.68953648368596,138.41674969095234,68.87111798506564
2,DALYs (Disability-Adjusted Life Years),167,Central Sub-Saharan Africa,3,Both,22,All ages,559,Schizophrenia,3,Rate,2005,96.65237823588707,133.97327221191773,66.89749725883705
2,DALYs (Disability-Adjusted Life Years),167,Central Sub-Saharan Africa,1,Male,27,Age-standardized,559,Schizophrenia,3,Rate,2005,127.99784446188754,176.75476641809138,88.89143921139221
2,DALYs (Disability-Adjusted Life Years),167,Central Sub-Saharan Africa,2,Female,27,Age-standardized,559,Schizophrenia,3,Rate,2005,134.59627746409024,183.54583322382197,94.12581649063813
2,DALYs (Disability-Adjusted Life Years),167,Central Sub-Saharan Africa,3,Both,27,Age-standardized,559,Schizophrenia,3,Rate,2005,131.35969811438304,179.47916870092564,91.04332284901042
2,DALYs (Disability-Adjusted Life Years),192,Southern Sub-Saharan Africa,1,Male,22,All ages,559,Schizophrenia,1,Number,2005,39670.30383883553,51829.142041232684,28870.723182697468
2,DALYs (Disability-Adjusted Life Years),192,Southern Sub-Saharan Africa,2,Female,22,All ages,559,Schizophrenia,1,Number,2005,45736.46799649348,59801.23064948541,33673.64947420897
2,DALYs (Disability-Adjusted Life Years),192,Southern Sub-Saharan Africa,3,Both,22,All ages,559,Schizophrenia,1,Number,2005,85406.77183532908,112184.50931472056,62645.30054135488
2,DALYs (Disability-Adjusted Life Years),192,Southern Sub-Saharan Africa,1,Male,22,All ages,559,Schizophrenia,2,Percent,2005,0.001413533565690103,0.001857967000533872,0.0010426183672728076
2,DALYs (Disability-Adjusted Life Years),192,Southern Sub-Saharan Africa,2,Female,22,All ages,559,Schizophrenia,2,Percent,2005,0.0015427252895126777,0.0020331471681974264,0.001134538860125628
2,DALYs (Disability-Adjusted Life Years),192,Southern Sub-Saharan Africa,3,Both,22,All ages,559,Schizophrenia,2,Percent,2005,0.0014798152579945647,0.0019539916253475,0.0010916139539133274
2,DALYs (Disability-Adjusted Life Years),192,Southern Sub-Saharan Africa,1,Male,22,All ages,559,Schizophrenia,3,Rate,2005,121.99822797103405,159.39034679385068,88.78623876541344
2,DALYs (Disability-Adjusted Life Years),192,Southern Sub-Saharan Africa,2,Female,22,All ages,559,Schizophrenia,3,Rate,2005,131.12289797563278,171.44547904029076,96.53973509306485
2,DALYs (Disability-Adjusted Life Years),192,Southern Sub-Saharan Africa,3,Both,22,All ages,559,Schizophrenia,3,Rate,2005,126.72055444787047,166.4514758646235,92.94868600653726
2,DALYs (Disability-Adjusted Life Years),192,Southern Sub-Saharan Africa,1,Male,27,Age-standardized,559,Schizophrenia,3,Rate,2005,137.63720917033274,178.65622763313397,100.9357384551922
2,DALYs (Disability-Adjusted Life Years),192,Southern Sub-Saharan Africa,2,Female,27,Age-standardized,559,Schizophrenia,3,Rate,2005,142.55460990322865,185.38539445192603,104.68430951673069
2,DALYs (Disability-Adjusted Life Years),192,Southern Sub-Saharan Africa,3,Both,27,Age-standardized,559,Schizophrenia,3,Rate,2005,140.27673291568522,182.77982510919213,103.3700581319992
2,DALYs (Disability-Adjusted Life Years),44635,High SDI,1,Male,22,All ages,559,Schizophrenia,1,Number,2005,1130632.3494198904,1444141.1669634879,837078.0352226215
2,DALYs (Disability-Adjusted Life Years),44635,High SDI,2,Female,22,All ages,559,Schizophrenia,1,Number,2005,1061028.3309914086,1352108.842492146,776103.1507216308
2,DALYs (Disability-Adjusted Life Years),44635,High SDI,3,Both,22,All ages,559,Schizophrenia,1,Number,2005,2191660.680411301,2793270.7552594645,1618879.0231273007
2,DALYs (Disability-Adjusted Life Years),44635,High SDI,1,Male,22,All ages,559,Schizophrenia,2,Percent,2005,0.007535946567350024,0.00942914824617567,0.005611219798159633
2,DALYs (Disability-Adjusted Life Years),44635,High SDI,2,Female,22,All ages,559,Schizophrenia,2,Percent,2005,0.007597337649818774,0.009486768273155241,0.005744150202422724
2,DALYs (Disability-Adjusted Life Years),44635,High SDI,3,Both,22,All ages,559,Schizophrenia,2,Percent,2005,0.007564533556710717,0.009467979409292736,0.005644532698262734
2,DALYs (Disability-Adjusted Life Years),44635,High SDI,1,Male,22,All ages,559,Schizophrenia,3,Rate,2005,232.97221003193408,297.57220323494556,172.4839378026488
2,DALYs (Disability-Adjusted Life Years),44635,High SDI,2,Female,22,All ages,559,Schizophrenia,3,Rate,2005,214.37298380268007,273.18366392742087,156.80594315836822
2,DALYs (Disability-Adjusted Life Years),44635,High SDI,3,Both,22,All ages,559,Schizophrenia,3,Rate,2005,223.58116956685947,284.95412084530113,165.14913490629002
2,DALYs (Disability-Adjusted Life Years),44635,High SDI,1,Male,27,Age-standardized,559,Schizophrenia,3,Rate,2005,199.757450391205,257.0845451123291,148.75650435163908
2,DALYs (Disability-Adjusted Life Years),44635,High SDI,2,Female,27,Age-standardized,559,Schizophrenia,3,Rate,2005,184.35533259012902,236.96786239116543,135.74452949099742
2,DALYs (Disability-Adjusted Life Years),44635,High SDI,3,Both,27,Age-standardized,559,Schizophrenia,3,Rate,2005,192.327825058768,246.22279038553108,142.7941658980504
2,DALYs (Disability-Adjusted Life Years),100,High-income North America,1,Male,22,All ages,559,Schizophrenia,1,Number,2005,429577.72315012134,542995.0358346847,321548.90907860023
2,DALYs (Disability-Adjusted Life Years),100,High-income North America,2,Female,22,All ages,559,Schizophrenia,1,Number,2005,404585.50142100925,507052.45172752644,303274.7828259012
2,DALYs (Disability-Adjusted Life Years),100,High-income North America,3,Both,22,All ages,559,Schizophrenia,1,Number,2005,834163.2245711297,1044144.0863728753,626182.4296415169
2,DALYs (Disability-Adjusted Life Years),100,High-income North America,1,Male,22,All ages,559,Schizophrenia,2,Percent,2005,0.008299928641638792,0.010251092862779154,0.006229618990335397
2,DALYs (Disability-Adjusted Life Years),100,High-income North America,2,Female,22,All ages,559,Schizophrenia,2,Percent,2005,0.008103903885784892,0.009984984236136366,0.00620235748982086
2,DALYs (Disability-Adjusted Life Years),100,High-income North America,3,Both,22,All ages,559,Schizophrenia,2,Percent,2005,0.008202750638842385,0.010126415732759835,0.006192800639013707
2,DALYs (Disability-Adjusted Life Years),100,High-income North America,1,Male,22,All ages,559,Schizophrenia,3,Rate,2005,267.1172297166278,337.6416464485867,199.94345419411755
2,DALYs (Disability-Adjusted Life Years),100,High-income North America,2,Female,22,All ages,559,Schizophrenia,3,Rate,2005,243.77450100036015,305.51381096640625,182.73185418091597
2,DALYs (Disability-Adjusted Life Years),100,High-income North America,3,Both,22,All ages,559,Schizophrenia,3,Rate,2005,255.26203086468232,319.5182095685413,191.6178920069916
2,DALYs (Disability-Adjusted Life Years),100,High-income North America,1,Male,27,Age-standardized,559,Schizophrenia,3,Rate,2005,239.12248808531464,303.93384119004384,178.5522877324227
2,DALYs (Disability-Adjusted Life Years),100,High-income North America,2,Female,27,Age-standardized,559,Schizophrenia,3,Rate,2005,217.30875204549255,273.8145144396978,161.71094457332376
2,DALYs (Disability-Adjusted Life Years),100,High-income North America,3,Both,27,Age-standardized,559,Schizophrenia,3,Rate,2005,228.2967098289327,289.3130382070246,169.59295592335275
2,DALYs (Disability-Adjusted Life Years),42,Central Europe,1,Male,22,All ages,559,Schizophrenia,1,Number,2005,99585.96600181273,132942.07653020578,70546.15177004685
2,DALYs (Disability-Adjusted Life Years),42,Central Europe,2,Female,22,All ages,559,Schizophrenia,1,Number,2005,101175.1790677044,134278.14700862847,72303.0751554516
2,DALYs (Disability-Adjusted Life Years),42,Central Europe,3,Both,22,All ages,559,Schizophrenia,1,Number,2005,200761.14506951708,267420.50152075227,142968.06082218862
2,DALYs (Disability-Adjusted Life Years),42,Central Europe,1,Male,22,All ages,559,Schizophrenia,2,Percent,2005,0.004061318242771054,0.005308240754966635,0.002891345337490978
2,DALYs (Disability-Adjusted Life Years),42,Central Europe,2,Female,22,All ages,559,Schizophrenia,2,Percent,2005,0.004887876809722424,0.006299455467980625,0.0035418627041808107
2,DALYs (Disability-Adjusted Life Years),42,Central Europe,3,Both,22,All ages,559,Schizophrenia,2,Percent,2005,0.004439161919050159,0.0057812246263427595,0.003206188258865597
2,DALYs (Disability-Adjusted Life Years),42,Central Europe,1,Male,22,All ages,559,Schizophrenia,3,Rate,2005,170.0939299410012,227.06653516950814,120.49360646421977
2,DALYs (Disability-Adjusted Life Years),42,Central Europe,2,Female,22,All ages,559,Schizophrenia,3,Rate,2005,163.2635676903088,216.6809047978276,116.67345799269829
2,DALYs (Disability-Adjusted Life Years),42,Central Europe,3,Both,22,All ages,559,Schizophrenia,3,Rate,2005,166.58175448066615,221.89242002978838,118.62788687627831
2,DALYs (Disability-Adjusted Life Years),42,Central Europe,1,Male,27,Age-standardized,559,Schizophrenia,3,Rate,2005,144.10961193816468,193.33482863953307,102.10777807933249
2,DALYs (Disability-Adjusted Life Years),42,Central Europe,2,Female,27,Age-standardized,559,Schizophrenia,3,Rate,2005,140.14168071387797,185.9151103287301,100.28353208674824
2,DALYs (Disability-Adjusted Life Years),42,Central Europe,3,Both,27,Age-standardized,559,Schizophrenia,3,Rate,2005,142.12343604537784,190.75853238937256,101.20960871556946
2,DALYs (Disability-Adjusted Life Years),138,North Africa and Middle East,1,Male,22,All ages,559,Schizophrenia,1,Number,2005,363630.6059136399,496969.52835281484,261866.80954808617
2,DALYs (Disability-Adjusted Life Years),138,North Africa and Middle East,2,Female,22,All ages,559,Schizophrenia,1,Number,2005,303184.6495319682,409624.0297665199,217785.95165837865
2,DALYs (Disability-Adjusted Life Years),138,North Africa and Middle East,3,Both,22,All ages,559,Schizophrenia,1,Number,2005,666815.2554456078,899834.8184883224,476627.9824594471
2,DALYs (Disability-Adjusted Life Years),138,North Africa and Middle East,1,Male,22,All ages,559,Schizophrenia,2,Percent,2005,0.004383309857885391,0.005878241565402335,0.0031506540960708
2,DALYs (Disability-Adjusted Life Years),138,North Africa and Middle East,2,Female,22,All ages,559,Schizophrenia,2,Percent,2005,0.004257731574616166,0.00567664666049282,0.0030560700051423502
2,DALYs (Disability-Adjusted Life Years),138,North Africa and Middle East,3,Both,22,All ages,559,Schizophrenia,2,Percent,2005,0.004324859388070443,0.0057538867751942245,0.0031369802921059637
2,DALYs (Disability-Adjusted Life Years),138,North Africa and Middle East,1,Male,22,All ages,559,Schizophrenia,3,Rate,2005,152.39464890338857,208.27591395592438,109.74626406999649
2,DALYs (Disability-Adjusted Life Years),138,North Africa and Middle East,2,Female,22,All ages,559,Schizophrenia,3,Rate,2005,134.13306045942858,181.22330677072716,96.35150152259688
2,DALYs (Disability-Adjusted Life Years),138,North Africa and Middle East,3,Both,22,All ages,559,Schizophrenia,3,Rate,2005,143.51103460728288,193.66117484912482,102.57919915138564
2,DALYs (Disability-Adjusted Life Years),138,North Africa and Middle East,1,Male,27,Age-standardized,559,Schizophrenia,3,Rate,2005,164.28885824425421,222.86392698509673,117.85429552510982
2,DALYs (Disability-Adjusted Life Years),138,North Africa and Middle East,2,Female,27,Age-standardized,559,Schizophrenia,3,Rate,2005,146.02646394417795,195.36748971283012,104.80922101698394
2,DALYs (Disability-Adjusted Life Years),138,North Africa and Middle East,3,Both,27,Age-standardized,559,Schizophrenia,3,Rate,2005,155.43925869734122,209.61614247366603,111.26326363352182
2,DALYs (Disability-Adjusted Life Years),159,South Asia,1,Male,22,All ages,559,Schizophrenia,1,Number,2005,1397593.9390239646,1806801.1630375888,1032702.0210361038
2,DALYs (Disability-Adjusted Life Years),159,South Asia,2,Female,22,All ages,559,Schizophrenia,1,Number,2005,989311.5003666667,1278245.4958385574,727769.8560873449
2,DALYs (Disability-Adjusted Life Years),159,South Asia,3,Both,22,All ages,559,Schizophrenia,1,Number,2005,2386905.4393906314,3085584.364593623,1765197.7513545123
2,DALYs (Disability-Adjusted Life Years),159,South Asia,1,Male,22,All ages,559,Schizophrenia,2,Percent,2005,0.004082723735249477,0.005282188077339415,0.002990497573444011
2,DALYs (Disability-Adjusted Life Years),159,South Asia,2,Female,22,All ages,559,Schizophrenia,2,Percent,2005,0.0031684654544380485,0.004031736701445991,0.0023180115156035234
2,DALYs (Disability-Adjusted Life Years),159,South Asia,3,Both,22,All ages,559,Schizophrenia,2,Percent,2005,0.003646314758410445,0.0046847495183733705,0.0026602228914797948
2,DALYs (Disability-Adjusted Life Years),159,South Asia,1,Male,22,All ages,559,Schizophrenia,3,Rate,2005,186.22887348843784,240.75558416135934,137.60716089044888
2,DALYs (Disability-Adjusted Life Years),159,South Asia,2,Female,22,All ages,559,Schizophrenia,3,Rate,2005,140.53299019364565,181.57644145971597,103.38065817575917
2,DALYs (Disability-Adjusted Life Years),159,South Asia,3,Both,22,All ages,559,Schizophrenia,3,Rate,2005,164.11140592493518,212.14899418166073,121.36596612904776
2,DALYs (Disability-Adjusted Life Years),159,South Asia,1,Male,27,Age-standardized,559,Schizophrenia,3,Rate,2005,207.76991628037206,267.74413280376143,153.47452232659282
2,DALYs (Disability-Adjusted Life Years),159,South Asia,2,Female,27,Age-standardized,559,Schizophrenia,3,Rate,2005,154.94353103937908,199.0429540820305,114.19131886415472
2,DALYs (Disability-Adjusted Life Years),159,South Asia,3,Both,27,Age-standardized,559,Schizophrenia,3,Rate,2005,181.98823443736242,233.68078355048232,134.5077790635553
2,DALYs (Disability-Adjusted Life Years),124,Central Latin America,1,Male,22,All ages,559,Schizophrenia,1,Number,2005,165634.84289858898,219354.73491908546,119068.22704938997
2,DALYs (Disability-Adjusted Life Years),124,Central Latin America,2,Female,22,All ages,559,Schizophrenia,1,Number,2005,143196.13567581863,189391.14427517212,102882.31484189775
2,DALYs (Disability-Adjusted Life Years),124,Central Latin America,3,Both,22,All ages,559,Schizophrenia,1,Number,2005,308830.9785744074,409084.4634124808,222318.05342057394
2,DALYs (Disability-Adjusted Life Years),124,Central Latin America,1,Male,22,All ages,559,Schizophrenia,2,Percent,2005,0.0052472753059134075,0.006791650121458784,0.0037978567771403773
2,DALYs (Disability-Adjusted Life Years),124,Central Latin America,2,Female,22,All ages,559,Schizophrenia,2,Percent,2005,0.005486770941346264,0.007132149881674635,0.0039782951033601015
2,DALYs (Disability-Adjusted Life Years),124,Central Latin America,3,Both,22,All ages,559,Schizophrenia,2,Percent,2005,0.005354779211759195,0.006954444465004964,0.003878186992287665
2,DALYs (Disability-Adjusted Life Years),124,Central Latin America,1,Male,22,All ages,559,Schizophrenia,3,Rate,2005,157.84327653693236,209.03615131701065,113.46718335360121
2,DALYs (Disability-Adjusted Life Years),124,Central Latin America,2,Female,22,All ages,559,Schizophrenia,3,Rate,2005,131.3049080811148,173.66381203698984,94.33880900299296
2,DALYs (Disability-Adjusted Life Years),124,Central Latin America,3,Both,22,All ages,559,Schizophrenia,3,Rate,2005,144.31862505012566,191.1676981421518,103.89060042351738
2,DALYs (Disability-Adjusted Life Years),124,Central Latin America,1,Male,27,Age-standardized,559,Schizophrenia,3,Rate,2005,172.85022218985236,226.6610294460442,122.51110886925531
2,DALYs (Disability-Adjusted Life Years),124,Central Latin America,2,Female,27,Age-standardized,559,Schizophrenia,3,Rate,2005,138.45211421218985,182.32714732300644,99.42977478704347
2,DALYs (Disability-Adjusted Life Years),124,Central Latin America,3,Both,27,Age-standardized,559,Schizophrenia,3,Rate,2005,154.9536891029571,204.13353617069677,110.92724325636638
2,DALYs (Disability-Adjusted Life Years),9,Southeast Asia,1,Male,22,All ages,559,Schizophrenia,1,Number,2005,574352.6404074017,764562.1845785689,419873.0725387123
2,DALYs (Disability-Adjusted Life Years),9,Southeast Asia,2,Female,22,All ages,559,Schizophrenia,1,Number,2005,486556.878533247,645212.6774536944,350231.27825655206
2,DALYs (Disability-Adjusted Life Years),9,Southeast Asia,3,Both,22,All ages,559,Schizophrenia,1,Number,2005,1060909.5189406467,1406159.5616764063,769853.0312010883
2,DALYs (Disability-Adjusted Life Years),9,Southeast Asia,1,Male,22,All ages,559,Schizophrenia,2,Percent,2005,0.005395163254127338,0.007094069278700309,0.0038977969020002065
2,DALYs (Disability-Adjusted Life Years),9,Southeast Asia,2,Female,22,All ages,559,Schizophrenia,2,Percent,2005,0.005434176711078631,0.00706907414579872,0.00387174481231075
2,DALYs (Disability-Adjusted Life Years),9,Southeast Asia,3,Both,22,All ages,559,Schizophrenia,2,Percent,2005,0.005411968700422978,0.007071885474286022,0.0038913612477133254
2,DALYs (Disability-Adjusted Life Years),9,Southeast Asia,1,Male,22,All ages,559,Schizophrenia,3,Rate,2005,199.17550935427946,265.13687207643,145.6046811723974
2,DALYs (Disability-Adjusted Life Years),9,Southeast Asia,2,Female,22,All ages,559,Schizophrenia,3,Rate,2005,167.57924735195402,222.22325824593415,120.62617259933654
2,DALYs (Disability-Adjusted Life Years),9,Southeast Asia,3,Both,22,All ages,559,Schizophrenia,3,Rate,2005,183.32334674858348,242.98196246409697,133.0292844626843
2,DALYs (Disability-Adjusted Life Years),9,Southeast Asia,1,Male,27,Age-standardized,559,Schizophrenia,3,Rate,2005,200.05679720927247,265.1062789561082,146.69545996232262
2,DALYs (Disability-Adjusted Life Years),9,Southeast Asia,2,Female,27,Age-standardized,559,Schizophrenia,3,Rate,2005,165.29910233330406,216.69090711787112,119.66018990793343
2,DALYs (Disability-Adjusted Life Years),9,Southeast Asia,3,Both,27,Age-standardized,559,Schizophrenia,3,Rate,2005,182.4162151503029,240.44679465311808,132.799576550237
2,DALYs (Disability-Adjusted Life Years),44637,Low SDI,1,Male,22,All ages,559,Schizophrenia,1,Number,2005,430182.74652193225,564326.2557017877,310197.3103865393
2,DALYs (Disability-Adjusted Life Years),44637,Low SDI,2,Female,22,All ages,559,Schizophrenia,1,Number,2005,405724.5040548318,538197.1165817034,292056.50349088525
2,DALYs (Disability-Adjusted Life Years),44637,Low SDI,3,Both,22,All ages,559,Schizophrenia,1,Number,2005,835907.2505767639,1102985.6140425093,603556.4034268378
2,DALYs (Disability-Adjusted Life Years),44637,Low SDI,1,Male,22,All ages,559,Schizophrenia,2,Percent,2005,0.001463546306928534,0.0019312450690551265,0.0010482850860368221
2,DALYs (Disability-Adjusted Life Years),44637,Low SDI,2,Female,22,All ages,559,Schizophrenia,2,Percent,2005,0.0015007033229810364,0.0019850575834263313,0.0010923745601032306
2,DALYs (Disability-Adjusted Life Years),44637,Low SDI,3,Both,22,All ages,559,Schizophrenia,2,Percent,2005,0.0014812879981605297,0.0019625587057408023,0.0010735333101223141
2,DALYs (Disability-Adjusted Life Years),44637,Low SDI,1,Male,22,All ages,559,Schizophrenia,3,Rate,2005,114.68899905408938,150.45236920742101,82.70024617477098
2,DALYs (Disability-Adjusted Life Years),44637,Low SDI,2,Female,22,All ages,559,Schizophrenia,3,Rate,2005,109.81601441571061,145.67190722363364,79.04989932090132
2,DALYs (Disability-Adjusted Life Years),44637,Low SDI,3,Both,22,All ages,559,Schizophrenia,3,Rate,2005,112.27092383293933,148.14228944365686,81.06382012030953
2,DALYs (Disability-Adjusted Life Years),44637,Low SDI,1,Male,27,Age-standardized,559,Schizophrenia,3,Rate,2005,158.06017763092018,203.7135959818406,114.09308372138904
2,DALYs (Disability-Adjusted Life Years),44637,Low SDI,2,Female,27,Age-standardized,559,Schizophrenia,3,Rate,2005,147.28716305308444,193.9231614796003,106.86692163896527
2,DALYs (Disability-Adjusted Life Years),44637,Low SDI,3,Both,27,Age-standardized,559,Schizophrenia,3,Rate,2005,152.66932117558287,198.33817923455877,110.70784184265419
2,DALYs (Disability-Adjusted Life Years),174,Eastern Sub-Saharan Africa,1,Male,22,All ages,559,Schizophrenia,1,Number,2005,130468.4722594868,175196.38926522617,94108.01055759277
2,DALYs (Disability-Adjusted Life Years),174,Eastern Sub-Saharan Africa,2,Female,22,All ages,559,Schizophrenia,1,Number,2005,143274.37859672093,192508.82222151454,102111.39717102866
2,DALYs (Disability-Adjusted Life Years),174,Eastern Sub-Saharan Africa,3,Both,22,All ages,559,Schizophrenia,1,Number,2005,273742.85085620754,367135.3869487224,195722.07378476026
2,DALYs (Disability-Adjusted Life Years),174,Eastern Sub-Saharan Africa,1,Male,22,All ages,559,Schizophrenia,2,Percent,2005,0.0011402985770143483,0.0015288792855032186,0.0008020071777063409
2,DALYs (Disability-Adjusted Life Years),174,Eastern Sub-Saharan Africa,2,Female,22,All ages,559,Schizophrenia,2,Percent,2005,0.0013689926587919382,0.0018488928043633624,0.0009741423842039748
2,DALYs (Disability-Adjusted Life Years),174,Eastern Sub-Saharan Africa,3,Both,22,All ages,559,Schizophrenia,2,Percent,2005,0.001249481172247844,0.0016832010267970993,0.000892272596952352
2,DALYs (Disability-Adjusted Life Years),174,Eastern Sub-Saharan Africa,1,Male,22,All ages,559,Schizophrenia,3,Rate,2005,91.86327143380807,123.3563418239866,66.26175326674912
2,DALYs (Disability-Adjusted Life Years),174,Eastern Sub-Saharan Africa,2,Female,22,All ages,559,Schizophrenia,3,Rate,2005,99.55880201734725,133.77093591933485,70.95538277140243
2,DALYs (Disability-Adjusted Life Years),174,Eastern Sub-Saharan Africa,3,Both,22,All ages,559,Schizophrenia,3,Rate,2005,95.73639845006198,128.39867627631054,68.45010338250927
2,DALYs (Disability-Adjusted Life Years),174,Eastern Sub-Saharan Africa,1,Male,27,Age-standardized,559,Schizophrenia,3,Rate,2005,132.75582654663438,176.2459730376411,94.46404037310607
2,DALYs (Disability-Adjusted Life Years),174,Eastern Sub-Saharan Africa,2,Female,27,Age-standardized,559,Schizophrenia,3,Rate,2005,139.3826793546939,183.6544408682551,99.7614820768948
2,DALYs (Disability-Adjusted Life Years),174,Eastern Sub-Saharan Africa,3,Both,27,Age-standardized,559,Schizophrenia,3,Rate,2005,136.13982571012465,180.3384989704521,96.94084808719045
2,DALYs (Disability-Adjusted Life Years),44636,Low-middle SDI,1,Male,22,All ages,559,Schizophrenia,1,Number,2005,1268698.5306945734,1670428.2406904735,928275.1301889543
2,DALYs (Disability-Adjusted Life Years),44636,Low-middle SDI,2,Female,22,All ages,559,Schizophrenia,1,Number,2005,1006022.184886805,1311311.995548736,729822.1001469513
2,DALYs (Disability-Adjusted Life Years),44636,Low-middle SDI,3,Both,22,All ages,559,Schizophrenia,1,Number,2005,2274720.7155813756,2983581.6733481665,1660201.5358151426
2,DALYs (Disability-Adjusted Life Years),44636,Low-middle SDI,1,Male,22,All ages,559,Schizophrenia,2,Percent,2005,0.0033421316084411095,0.004337629518813949,0.0024346435695882327
2,DALYs (Disability-Adjusted Life Years),44636,Low-middle SDI,2,Female,22,All ages,559,Schizophrenia,2,Percent,2005,0.002899799906015851,0.003761608787982159,0.0021165655450881976
2,DALYs (Disability-Adjusted Life Years),44636,Low-middle SDI,3,Both,22,All ages,559,Schizophrenia,2,Percent,2005,0.003130741234104776,0.004048715904164978,0.0022835238688292364
2,DALYs (Disability-Adjusted Life Years),44636,Low-middle SDI,1,Male,22,All ages,559,Schizophrenia,3,Rate,2005,165.35906749025364,217.71953660160662,120.98911300733005
2,DALYs (Disability-Adjusted Life Years),44636,Low-middle SDI,2,Female,22,All ages,559,Schizophrenia,3,Rate,2005,134.8212206357057,175.73437895310036,97.80649757718564
2,DALYs (Disability-Adjusted Life Years),44636,Low-middle SDI,3,Both,22,All ages,559,Schizophrenia,3,Rate,2005,150.3025043373267,197.14059591028433,109.69805955889224
2,DALYs (Disability-Adjusted Life Years),44636,Low-middle SDI,1,Male,27,Age-standardized,559,Schizophrenia,3,Rate,2005,190.06943574058448,248.0705742942217,139.351134493131
2,DALYs (Disability-Adjusted Life Years),44636,Low-middle SDI,2,Female,27,Age-standardized,559,Schizophrenia,3,Rate,2005,151.6903402738229,198.2909865346114,110.0748478601663
2,DALYs (Disability-Adjusted Life Years),44636,Low-middle SDI,3,Both,27,Age-standardized,559,Schizophrenia,3,Rate,2005,170.92621591274812,223.25267177245112,124.763300757358
2,DALYs (Disability-Adjusted Life Years),199,Western Sub-Saharan Africa,1,Male,22,All ages,559,Schizophrenia,1,Number,2005,146533.89899912968,193647.76291404743,104964.35833257217
2,DALYs (Disability-Adjusted Life Years),199,Western Sub-Saharan Africa,2,Female,22,All ages,559,Schizophrenia,1,Number,2005,187419.81930223986,248548.9038309335,134988.93464293913
2,DALYs (Disability-Adjusted Life Years),199,Western Sub-Saharan Africa,3,Both,22,All ages,559,Schizophrenia,1,Number,2005,333953.7183013697,441962.41927363485,240675.68603958716
2,DALYs (Disability-Adjusted Life Years),199,Western Sub-Saharan Africa,1,Male,22,All ages,559,Schizophrenia,2,Percent,2005,0.001050539248324234,0.0014025444706032598,0.000742433358193795
2,DALYs (Disability-Adjusted Life Years),199,Western Sub-Saharan Africa,2,Female,22,All ages,559,Schizophrenia,2,Percent,2005,0.0014781257643454776,0.0019593046033720357,0.0010603041830157447
2,DALYs (Disability-Adjusted Life Years),199,Western Sub-Saharan Africa,3,Both,22,All ages,559,Schizophrenia,2,Percent,2005,0.0012540194591325027,0.0016585154430595556,0.000887444795772595
2,DALYs (Disability-Adjusted Life Years),199,Western Sub-Saharan Africa,1,Male,22,All ages,559,Schizophrenia,3,Rate,2005,96.77090166271046,127.88486998677683,69.31840118682155
2,DALYs (Disability-Adjusted Life Years),199,Western Sub-Saharan Africa,2,Female,22,All ages,559,Schizophrenia,3,Rate,2005,123.7817039309272,164.15450052666563,89.15364663209813
2,DALYs (Disability-Adjusted Life Years),199,Western Sub-Saharan Africa,3,Both,22,All ages,559,Schizophrenia,3,Rate,2005,110.27577010195432,145.94161846564796,79.474176115867
2,DALYs (Disability-Adjusted Life Years),199,Western Sub-Saharan Africa,1,Male,27,Age-standardized,559,Schizophrenia,3,Rate,2005,132.12432785389197,173.10390572694072,95.29815536804318
2,DALYs (Disability-Adjusted Life Years),199,Western Sub-Saharan Africa,2,Female,27,Age-standardized,559,Schizophrenia,3,Rate,2005,164.4730280075503,215.76148846762757,118.65197529778615
2,DALYs (Disability-Adjusted Life Years),199,Western Sub-Saharan Africa,3,Both,27,Age-standardized,559,Schizophrenia,3,Rate,2005,148.37031696245393,195.28062853494447,106.34800400389238
2,DALYs (Disability-Adjusted Life Years),73,Western Europe,1,Male,22,All ages,559,Schizophrenia,1,Number,2005,417493.9634086758,540763.1585184118,304241.45891308365
2,DALYs (Disability-Adjusted Life Years),73,Western Europe,2,Female,22,All ages,559,Schizophrenia,1,Number,2005,400134.71784917463,508132.9376030134,284467.65146224224
2,DALYs (Disability-Adjusted Life Years),73,Western Europe,3,Both,22,All ages,559,Schizophrenia,1,Number,2005,817628.6812578504,1045190.4423998076,588049.6765339229
2,DALYs (Disability-Adjusted Life Years),73,Western Europe,1,Male,22,All ages,559,Schizophrenia,2,Percent,2005,0.006699688173685905,0.008365837656849137,0.004905590625987741
2,DALYs (Disability-Adjusted Life Years),73,Western Europe,2,Female,22,All ages,559,Schizophrenia,2,Percent,2005,0.006462101206097922,0.008149788902822287,0.004876393516271765
2,DALYs (Disability-Adjusted Life Years),73,Western Europe,3,Both,22,All ages,559,Schizophrenia,2,Percent,2005,0.006580354066328075,0.008210599661771586,0.004807758587915264
2,DALYs (Disability-Adjusted Life Years),73,Western Europe,1,Male,22,All ages,559,Schizophrenia,3,Rate,2005,207.9848089258946,269.39436747860316,151.5653093106693
2,DALYs (Disability-Adjusted Life Years),73,Western Europe,2,Female,22,All ages,559,Schizophrenia,3,Rate,2005,191.06501428366124,242.63434950854216,135.83379163404683
2,DALYs (Disability-Adjusted Life Years),73,Western Europe,3,Both,22,All ages,559,Schizophrenia,3,Rate,2005,199.34566270542294,254.82738823817837,143.37211396746005
2,DALYs (Disability-Adjusted Life Years),73,Western Europe,1,Male,27,Age-standardized,559,Schizophrenia,3,Rate,2005,174.03178421882546,226.0075357174887,128.15209032231678
2,DALYs (Disability-Adjusted Life Years),73,Western Europe,2,Female,27,Age-standardized,559,Schizophrenia,3,Rate,2005,158.01438697369787,202.85504195444506,112.81389127093281
2,DALYs (Disability-Adjusted Life Years),73,Western Europe,3,Both,27,Age-standardized,559,Schizophrenia,3,Rate,2005,166.26405398592482,216.38080493611773,121.3386338738436
5,Prevalence,21,Oceania,1,Male,22,All ages,559,Schizophrenia,1,Number,2005,12102.28204069091,15504.840796655702,9017.775261481253
5,Prevalence,21,Oceania,2,Female,22,All ages,559,Schizophrenia,1,Number,2005,9743.221423588164,12679.707337492157,7393.779927896199
5,Prevalence,21,Oceania,3,Both,22,All ages,559,Schizophrenia,1,Number,2005,21845.50346427905,27899.611575000017,16384.862024947975
5,Prevalence,21,Oceania,1,Male,22,All ages,559,Schizophrenia,2,Percent,2005,0.002538890110216,0.0032559425725172,0.0018919757478095
5,Prevalence,21,Oceania,2,Female,22,All ages,559,Schizophrenia,2,Percent,2005,0.002168943720611,0.0028272980546389,0.0016455289681762
5,Prevalence,21,Oceania,3,Both,22,All ages,559,Schizophrenia,2,Percent,2005,0.0023594010689945,0.0030116954962857,0.0017684930463513
5,Prevalence,21,Oceania,1,Male,22,All ages,559,Schizophrenia,3,Rate,2005,248.13304679734,317.89569719549,184.8914149779
5,Prevalence,21,Oceania,2,Female,22,All ages,559,Schizophrenia,3,Rate,2005,213.90367807370998,278.37158969019,162.32379956137
5,Prevalence,21,Oceania,3,Both,22,All ages,559,Schizophrenia,3,Rate,2005,231.60331088257,295.78821214505,173.71026946287
5,Prevalence,21,Oceania,1,Male,27,Age-standardized,559,Schizophrenia,2,Percent,2005,0.0030045469154895,0.0037554362873567,0.0022913404661061
5,Prevalence,21,Oceania,2,Female,27,Age-standardized,559,Schizophrenia,2,Percent,2005,0.0025034007249518,0.0031856744392523,0.0019286495487085
5,Prevalence,21,Oceania,3,Both,27,Age-standardized,559,Schizophrenia,2,Percent,2005,0.0027597971142397,0.0034635350085003,0.0021148887750929
5,Prevalence,21,Oceania,1,Male,27,Age-standardized,559,Schizophrenia,3,Rate,2005,295.27844697832,369.06582123976,225.52079028339998
5,Prevalence,21,Oceania,2,Female,27,Age-standardized,559,Schizophrenia,3,Rate,2005,247.77195432934997,315.07428609852,190.87641416321
5,Prevalence,21,Oceania,3,Both,27,Age-standardized,559,Schizophrenia,3,Rate,2005,272.15300365114,341.38628369205003,208.54056810984002
5,Prevalence,5,East Asia,1,Male,22,All ages,559,Schizophrenia,1,Number,2005,2470094.388889318,2813991.8093777727,2145818.1851814627
5,Prevalence,5,East Asia,2,Female,22,All ages,559,Schizophrenia,1,Number,2005,2264354.0860286616,2578402.4926704504,1965962.4839676528
5,Prevalence,5,East Asia,3,Both,22,All ages,559,Schizophrenia,1,Number,2005,4734448.474917975,5388133.340274418,4113031.195634898
5,Prevalence,5,East Asia,1,Male,22,All ages,559,Schizophrenia,2,Percent,2005,0.0038098985295328,0.0043446432253276,0.0033160809498889
5,Prevalence,5,East Asia,2,Female,22,All ages,559,Schizophrenia,2,Percent,2005,0.0035625670620538,0.0040634355967343,0.0030979527207105
5,Prevalence,5,East Asia,3,Both,22,All ages,559,Schizophrenia,2,Percent,2005,0.0036874582610454,0.0041979667720264,0.0032044030294281
5,Prevalence,5,East Asia,1,Male,22,All ages,559,Schizophrenia,3,Rate,2005,359.77796980832,409.86784342699,312.54599569756
5,Prevalence,5,East Asia,2,Female,22,All ages,559,Schizophrenia,3,Rate,2005,346.44381331797,394.49289196461,300.79020944129996
5,Prevalence,5,East Asia,3,Both,22,All ages,559,Schizophrenia,3,Rate,2005,353.2748698692,402.05149865029006,306.90598241879997
5,Prevalence,5,East Asia,1,Male,27,Age-standardized,559,Schizophrenia,2,Percent,2005,0.0033019036244455,0.0037525802061366,0.0028725037922188
5,Prevalence,5,East Asia,2,Female,27,Age-standardized,559,Schizophrenia,2,Percent,2005,0.0030559842180182,0.0034746293043034,0.0026557936401388
5,Prevalence,5,East Asia,3,Both,27,Age-standardized,559,Schizophrenia,2,Percent,2005,0.003181016805744,0.0036159759089711,0.0027664144371148
5,Prevalence,5,East Asia,1,Male,27,Age-standardized,559,Schizophrenia,3,Rate,2005,307.27091202525,348.7104338361,267.39181230106
5,Prevalence,5,East Asia,2,Female,27,Age-standardized,559,Schizophrenia,3,Rate,2005,292.7845774574,332.84323843756,253.82374014412002
5,Prevalence,5,East Asia,3,Both,27,Age-standardized,559,Schizophrenia,3,Rate,2005,300.20767399775997,341.07148027425,260.89241958440005
5,Prevalence,1,Global,1,Male,22,All ages,559,Schizophrenia,1,Number,2005,9457305.579493118,11168552.286929024,7862030.950573856
5,Prevalence,1,Global,2,Female,22,All ages,559,Schizophrenia,1,Number,2005,8518604.273994766,10056560.933192443,7101753.875535839
5,Prevalence,1,Global,3,Both,22,All ages,559,Schizophrenia,1,Number,2005,17975909.85348788,21235188.19470492,14963784.826109692
5,Prevalence,1,Global,1,Male,22,All ages,559,Schizophrenia,2,Percent,2005,0.0030107996999751,0.0035627612572717,0.0025054207450678
5,Prevalence,1,Global,2,Female,22,All ages,559,Schizophrenia,2,Percent,2005,0.0026952217352478,0.003184326607527,0.0022483120514674
5,Prevalence,1,Global,3,Both,22,All ages,559,Schizophrenia,2,Percent,2005,0.0028525215827223,0.0033740541198152,0.0023765184314908
5,Prevalence,1,Global,1,Male,22,All ages,559,Schizophrenia,3,Rate,2005,289.1015070872,341.41281266567,240.33536586844
5,Prevalence,1,Global,2,Female,22,All ages,559,Schizophrenia,3,Rate,2005,263.64631421103,311.24526253307,219.79554085342002
5,Prevalence,1,Global,3,Both,22,All ages,559,Schizophrenia,3,Rate,2005,276.45260204729,326.57724027533,230.12894954249998
5,Prevalence,1,Global,1,Male,27,Age-standardized,559,Schizophrenia,2,Percent,2005,0.0030021555443946,0.0035403348619817,0.0025001889275606
5,Prevalence,1,Global,2,Female,27,Age-standardized,559,Schizophrenia,2,Percent,2005,0.0026652683613017,0.0031429735072364,0.0022224858944911
5,Prevalence,1,Global,3,Both,27,Age-standardized,559,Schizophrenia,2,Percent,2005,0.0028338139629363,0.0033419442845686,0.0023613928652349
5,Prevalence,1,Global,1,Male,27,Age-standardized,559,Schizophrenia,3,Rate,2005,288.65387598193,339.88776766079,240.2408301004
5,Prevalence,1,Global,2,Female,27,Age-standardized,559,Schizophrenia,3,Rate,2005,260.48659373302,306.83362448489,217.02801997127
5,Prevalence,1,Global,3,Both,27,Age-standardized,559,Schizophrenia,3,Rate,2005,274.66596950428,323.49631193802,228.70874357878
5,Prevalence,65,High-income Asia Pacific,1,Male,22,All ages,559,Schizophrenia,1,Number,2005,304062.4161747024,362868.50776838255,250516.35600807972
5,Prevalence,65,High-income Asia Pacific,2,Female,22,All ages,559,Schizophrenia,1,Number,2005,300575.7477107477,356346.1659576149,249515.72932493908
5,Prevalence,65,High-income Asia Pacific,3,Both,22,All ages,559,Schizophrenia,1,Number,2005,604638.1638854501,719011.3757258286,501438.13421081664
5,Prevalence,65,High-income Asia Pacific,1,Male,22,All ages,559,Schizophrenia,2,Percent,2005,0.0036307534167854,0.0043351094612168,0.0029903553446871
5,Prevalence,65,High-income Asia Pacific,2,Female,22,All ages,559,Schizophrenia,2,Percent,2005,0.003370649746588,0.0039917497865544,0.0028019085224371
5,Prevalence,65,High-income Asia Pacific,3,Both,22,All ages,559,Schizophrenia,2,Percent,2005,0.0034966189748699,0.0041569783959306,0.0028994280896973
5,Prevalence,65,High-income Asia Pacific,1,Male,22,All ages,559,Schizophrenia,3,Rate,2005,339.19406392171,404.79466475215,279.46124332715
5,Prevalence,65,High-income Asia Pacific,2,Female,22,All ages,559,Schizophrenia,3,Rate,2005,324.66502809781,384.90509917823,269.51286618801
5,Prevalence,65,High-income Asia Pacific,3,Both,22,All ages,559,Schizophrenia,3,Rate,2005,331.81243311968,394.57799436145996,275.17847418411
5,Prevalence,65,High-income Asia Pacific,1,Male,27,Age-standardized,559,Schizophrenia,2,Percent,2005,0.0031228143467874,0.0037497018448528,0.002554800140069
5,Prevalence,65,High-income Asia Pacific,2,Female,27,Age-standardized,559,Schizophrenia,2,Percent,2005,0.0028762453105922,0.0034408794595615,0.0023646029944387
5,Prevalence,65,High-income Asia Pacific,3,Both,27,Age-standardized,559,Schizophrenia,2,Percent,2005,0.0030036917687406,0.0035968744417999,0.0024687387471024
5,Prevalence,65,High-income Asia Pacific,1,Male,27,Age-standardized,559,Schizophrenia,3,Rate,2005,280.85587166350996,338.61561509661,230.21583963301998
5,Prevalence,65,High-income Asia Pacific,2,Female,27,Age-standardized,559,Schizophrenia,3,Rate,2005,267.79614490324997,320.10391334434,219.92226940868
5,Prevalence,65,High-income Asia Pacific,3,Both,27,Age-standardized,559,Schizophrenia,3,Rate,2005,274.77415400950997,329.35620931173,225.48510486174
5,Prevalence,32,Central Asia,1,Male,22,All ages,559,Schizophrenia,1,Number,2005,77636.0202987495,99059.62134978911,58922.21050846057
5,Prevalence,32,Central Asia,2,Female,22,All ages,559,Schizophrenia,1,Number,2005,81222.69453323889,103205.01053690462,62651.47457638978
5,Prevalence,32,Central Asia,3,Both,22,All ages,559,Schizophrenia,1,Number,2005,158858.71483198853,201538.96580292267,121888.45419457003
5,Prevalence,32,Central Asia,1,Male,22,All ages,559,Schizophrenia,2,Percent,2005,0.0021415846006797,0.002735454221288,0.0016236853938185
5,Prevalence,32,Central Asia,2,Female,22,All ages,559,Schizophrenia,2,Percent,2005,0.0021273698850341,0.0026996462141584,0.0016394283300277
5,Prevalence,32,Central Asia,3,Both,22,All ages,559,Schizophrenia,2,Percent,2005,0.0021342890472144,0.0027078192714239,0.0016370070801196
5,Prevalence,32,Central Asia,1,Male,22,All ages,559,Schizophrenia,3,Rate,2005,204.23142253251,260.58892902996,155.00236648653
5,Prevalence,32,Central Asia,2,Female,22,All ages,559,Schizophrenia,3,Rate,2005,206.83417146853,262.81229610113,159.54242727057002
5,Prevalence,32,Central Asia,3,Both,22,All ages,559,Schizophrenia,3,Rate,2005,205.55394221791002,260.77970588599,157.71657410826
5,Prevalence,32,Central Asia,1,Male,27,Age-standardized,559,Schizophrenia,2,Percent,2005,0.0022281615969195,0.0028254411428603,0.0017075708705724
5,Prevalence,32,Central Asia,2,Female,27,Age-standardized,559,Schizophrenia,2,Percent,2005,0.0021581659896786,0.0027348023789618,0.0016883644132503
5,Prevalence,32,Central Asia,3,Both,27,Age-standardized,559,Schizophrenia,2,Percent,2005,0.0021925543997925,0.0027685293977902,0.0017004336770543
5,Prevalence,32,Central Asia,1,Male,27,Age-standardized,559,Schizophrenia,3,Rate,2005,213.44808241468002,270.02215854565003,164.07688854450998
5,Prevalence,32,Central Asia,2,Female,27,Age-standardized,559,Schizophrenia,3,Rate,2005,209.71782622757001,266.29891494632,164.01630958652999
5,Prevalence,32,Central Asia,3,Both,27,Age-standardized,559,Schizophrenia,3,Rate,2005,211.53278608276,266.54485704207,164.38084511401
5,Prevalence,42,Central Europe,1,Male,22,All ages,559,Schizophrenia,1,Number,2005,155007.77604241873,189697.47592707933,124878.11025532307
5,Prevalence,42,Central Europe,2,Female,22,All ages,559,Schizophrenia,1,Number,2005,160260.33503650362,195363.76845257357,129365.46409201909
5,Prevalence,42,Central Europe,3,Both,22,All ages,559,Schizophrenia,1,Number,2005,315268.1110789221,385442.4574911242,254158.9844419079
5,Prevalence,42,Central Europe,1,Male,22,All ages,559,Schizophrenia,2,Percent,2005,0.00274366565621,0.0033629880365347,0.0022158408515478
5,Prevalence,42,Central Europe,2,Female,22,All ages,559,Schizophrenia,2,Percent,2005,0.0026444525609875,0.0032242780532607,0.0021343277369034
5,Prevalence,42,Central Europe,3,Both,22,All ages,559,Schizophrenia,2,Percent,2005,0.0026923183535928,0.0032928366860713,0.0021750543813366
5,Prevalence,42,Central Europe,1,Male,22,All ages,559,Schizophrenia,3,Rate,2005,264.75499367038,324.00538425,213.29319169878002
5,Prevalence,42,Central Europe,2,Female,22,All ages,559,Schizophrenia,3,Rate,2005,258.60763774675,315.25307025793,208.75344524413
5,Prevalence,42,Central Europe,3,Both,22,All ages,559,Schizophrenia,3,Rate,2005,261.59402038251,319.82125225465,210.88866339498
5,Prevalence,42,Central Europe,1,Male,27,Age-standardized,559,Schizophrenia,2,Percent,2005,0.0023553359954373,0.0029034778136924,0.001879361646928
5,Prevalence,42,Central Europe,2,Female,27,Age-standardized,559,Schizophrenia,2,Percent,2005,0.002291963993841,0.0028208551496821,0.0018124776272012
5,Prevalence,42,Central Europe,3,Both,27,Age-standardized,559,Schizophrenia,2,Percent,2005,0.002323673533047,0.0028619744830746,0.0018519132664275
5,Prevalence,42,Central Europe,1,Male,27,Age-standardized,559,Schizophrenia,3,Rate,2005,223.37468352480002,275.37272603573996,178.69838638049
5,Prevalence,42,Central Europe,2,Female,27,Age-standardized,559,Schizophrenia,3,Rate,2005,220.14995178069003,270.85116962405,174.20027417956
5,Prevalence,42,Central Europe,3,Both,27,Age-standardized,559,Schizophrenia,3,Rate,2005,221.75456449839,272.92985778094,177.23771328344
5,Prevalence,70,Australasia,1,Male,22,All ages,559,Schizophrenia,1,Number,2005,57693.88025109032,62154.29791423028,53579.28286670733
5,Prevalence,70,Australasia,2,Female,22,All ages,559,Schizophrenia,1,Number,2005,47379.56437537212,52722.38243178233,42071.09707034489
5,Prevalence,70,Australasia,3,Both,22,All ages,559,Schizophrenia,1,Number,2005,105073.44462646235,114665.3760633593,96092.1294890845
5,Prevalence,70,Australasia,1,Male,22,All ages,559,Schizophrenia,2,Percent,2005,0.0051912108608435,0.0055874625082203,0.0048269204412692
5,Prevalence,70,Australasia,2,Female,22,All ages,559,Schizophrenia,2,Percent,2005,0.0040732109199039,0.0045290860716182,0.0036134044867506
5,Prevalence,70,Australasia,3,Both,22,All ages,559,Schizophrenia,2,Percent,2005,0.0046194596282258,0.0050411793594936,0.0042334136539586
5,Prevalence,70,Australasia,1,Male,22,All ages,559,Schizophrenia,3,Rate,2005,482.62787048558005,519.9406993136699,448.20793955204005
5,Prevalence,70,Australasia,2,Female,22,All ages,559,Schizophrenia,3,Rate,2005,386.25220387108,429.80843484063,342.9760103734
5,Prevalence,70,Australasia,3,Both,22,All ages,559,Schizophrenia,3,Rate,2005,433.81856264362006,473.42093718956994,396.73725025876
5,Prevalence,70,Australasia,1,Male,27,Age-standardized,559,Schizophrenia,2,Percent,2005,0.0048468946173039,0.0052204420730026,0.0045034241056482
5,Prevalence,70,Australasia,2,Female,27,Age-standardized,559,Schizophrenia,2,Percent,2005,0.0036195273102659,0.004060275595398,0.00320799135944
5,Prevalence,70,Australasia,3,Both,27,Age-standardized,559,Schizophrenia,2,Percent,2005,0.0042250647787734,0.0046098026781813,0.0038685922034668
5,Prevalence,70,Australasia,1,Male,27,Age-standardized,559,Schizophrenia,3,Rate,2005,439.81018254811,473.32710368626,407.39931070339
5,Prevalence,70,Australasia,2,Female,27,Age-standardized,559,Schizophrenia,3,Rate,2005,334.19240184149,374.37817548794004,296.29435790331
5,Prevalence,70,Australasia,3,Both,27,Age-standardized,559,Schizophrenia,3,Rate,2005,386.7142428203,422.81264653214,353.11057553681
5,Prevalence,9,Southeast Asia,1,Male,22,All ages,559,Schizophrenia,1,Number,2005,870889.0714301866,1057766.3004934466,698118.2043117734
5,Prevalence,9,Southeast Asia,2,Female,22,All ages,559,Schizophrenia,1,Number,2005,753828.9507166714,923921.4875857324,605635.1745251939
5,Prevalence,9,Southeast Asia,3,Both,22,All ages,559,Schizophrenia,1,Number,2005,1624718.0221468592,1990592.715721144,1306430.1567645082
5,Prevalence,9,Southeast Asia,1,Male,22,All ages,559,Schizophrenia,2,Percent,2005,0.0031255072046228,0.0038070796975966,0.0024988332439804
5,Prevalence,9,Southeast Asia,2,Female,22,All ages,559,Schizophrenia,2,Percent,2005,0.0026465877578324,0.003245422640561,0.0021278157006711
5,Prevalence,9,Southeast Asia,3,Both,22,All ages,559,Schizophrenia,2,Percent,2005,0.0028834152656026,0.0035379967915402,0.0023156877797135
5,Prevalence,9,Southeast Asia,1,Male,22,All ages,559,Schizophrenia,3,Rate,2005,302.00918771809,366.81496150019,242.09525498944
5,Prevalence,9,Southeast Asia,2,Female,22,All ages,559,Schizophrenia,3,Rate,2005,259.63272490161,318.21576126651,208.59202941031998
5,Prevalence,9,Southeast Asia,3,Both,22,All ages,559,Schizophrenia,3,Rate,2005,280.74848988075,343.97100991584,225.74889220571
5,Prevalence,9,Southeast Asia,1,Male,27,Age-standardized,559,Schizophrenia,2,Percent,2005,0.0031503482434709,0.0038107367740213,0.0025429994858349
5,Prevalence,9,Southeast Asia,2,Female,27,Age-standardized,559,Schizophrenia,2,Percent,2005,0.0026228271372306,0.0031986480991488,0.0021211563134203
5,Prevalence,9,Southeast Asia,3,Both,27,Age-standardized,559,Schizophrenia,2,Percent,2005,0.0028812211280072,0.0034933096104652,0.0023328254440873
5,Prevalence,9,Southeast Asia,1,Male,27,Age-standardized,559,Schizophrenia,3,Rate,2005,305.29147746859,368.01866976587,246.71767819334002
5,Prevalence,9,Southeast Asia,2,Female,27,Age-standardized,559,Schizophrenia,3,Rate,2005,257.37979661043,313.48311860165,208.22237752242998
5,Prevalence,9,Southeast Asia,3,Both,27,Age-standardized,559,Schizophrenia,3,Rate,2005,280.95560484890996,340.35936568673003,227.45417076706
5,Prevalence,100,High-income North America,1,Male,22,All ages,559,Schizophrenia,1,Number,2005,671836.9963939174,781642.9713326322,572968.5126699926
5,Prevalence,100,High-income North America,2,Female,22,All ages,559,Schizophrenia,1,Number,2005,648728.4862276891,752794.349207164,555009.8483610966
5,Prevalence,100,High-income North America,3,Both,22,All ages,559,Schizophrenia,1,Number,2005,1320565.482621607,1534206.1821490307,1129628.1194169547
5,Prevalence,100,High-income North America,1,Male,22,All ages,559,Schizophrenia,2,Percent,2005,0.0045516745370499,0.0053088311346803,0.0038599919002334
5,Prevalence,100,High-income North America,2,Female,22,All ages,559,Schizophrenia,2,Percent,2005,0.0041136846769248,0.0047731120952976,0.0035216771566144
5,Prevalence,100,High-income North America,3,Both,22,All ages,559,Schizophrenia,2,Percent,2005,0.0043254306703409,0.0050247953653868,0.0036856667444704
5,Prevalence,100,High-income North America,1,Male,22,All ages,559,Schizophrenia,3,Rate,2005,417.75731753941,486.03615568976,356.27955913761
5,Prevalence,100,High-income North America,2,Female,22,All ages,559,Schizophrenia,3,Rate,2005,390.87773155348003,453.58043278695,334.40953360739
5,Prevalence,100,High-income North America,3,Both,22,All ages,559,Schizophrenia,3,Rate,2005,404.10583570990997,469.4819602265,345.67715213347003
5,Prevalence,100,High-income North America,1,Male,27,Age-standardized,559,Schizophrenia,2,Percent,2005,0.0041680139279758,0.0048601760426359,0.0035170990186785
5,Prevalence,100,High-income North America,2,Female,27,Age-standardized,559,Schizophrenia,2,Percent,2005,0.0037369917345146,0.0043557551821365,0.003166703336226
5,Prevalence,100,High-income North America,3,Both,27,Age-standardized,559,Schizophrenia,2,Percent,2005,0.0039515193572219,0.0045908384524455,0.003337003878017
5,Prevalence,100,High-income North America,1,Male,27,Age-standardized,559,Schizophrenia,3,Rate,2005,372.69410518752,434.99493491284005,315.61807396535
5,Prevalence,100,High-income North America,2,Female,27,Age-standardized,559,Schizophrenia,3,Rate,2005,346.46146027206,402.77077515168,293.38380773159
5,Prevalence,100,High-income North America,3,Both,27,Age-standardized,559,Schizophrenia,3,Rate,2005,359.71723827573,418.45810212631005,305.30013675344003
5,Prevalence,134,Tropical Latin America,1,Male,22,All ages,559,Schizophrenia,1,Number,2005,252702.22307135997,304614.79090451205,207909.7915571003
5,Prevalence,134,Tropical Latin America,2,Female,22,All ages,559,Schizophrenia,1,Number,2005,217448.0357485973,258974.949129442,179201.64787506315
5,Prevalence,134,Tropical Latin America,3,Both,22,All ages,559,Schizophrenia,1,Number,2005,470150.25881995686,561513.0285691808,387240.97709028574
5,Prevalence,134,Tropical Latin America,1,Male,22,All ages,559,Schizophrenia,2,Percent,2005,0.0027495777629325,0.0033140115628684,0.0022667500378063
5,Prevalence,134,Tropical Latin America,2,Female,22,All ages,559,Schizophrenia,2,Percent,2005,0.0022657024606823,0.0026997546330162,0.001867771130057
5,Prevalence,134,Tropical Latin America,3,Both,22,All ages,559,Schizophrenia,2,Percent,2005,0.0025024003298496,0.0029896131853614,0.0020642964915219
5,Prevalence,134,Tropical Latin America,1,Male,22,All ages,559,Schizophrenia,3,Rate,2005,266.28350073465,320.98606775889,219.08373602713
5,Prevalence,134,Tropical Latin America,2,Female,22,All ages,559,Schizophrenia,3,Rate,2005,222.61867273980002,265.13304316397,183.46283453604
5,Prevalence,134,Tropical Latin America,3,Both,22,All ages,559,Schizophrenia,3,Rate,2005,244.13618356332003,291.57837360345,201.08365887842
5,Prevalence,134,Tropical Latin America,1,Male,27,Age-standardized,559,Schizophrenia,2,Percent,2005,0.002746196986298,0.00327941968516,0.0022816741793733
5,Prevalence,134,Tropical Latin America,2,Female,27,Age-standardized,559,Schizophrenia,2,Percent,2005,0.0022159669862657,0.0026343536822044,0.0018360860325593
5,Prevalence,134,Tropical Latin America,3,Both,27,Age-standardized,559,Schizophrenia,2,Percent,2005,0.0024728045891159,0.0029445333680344,0.0020520393196959
5,Prevalence,134,Tropical Latin America,1,Male,27,Age-standardized,559,Schizophrenia,3,Rate,2005,266.01788605953,317.8084140106,220.6570401231
5,Prevalence,134,Tropical Latin America,2,Female,27,Age-standardized,559,Schizophrenia,3,Rate,2005,217.31896197997997,258.56165119130003,180.00120526856
5,Prevalence,134,Tropical Latin America,3,Both,27,Age-standardized,559,Schizophrenia,3,Rate,2005,241.00590009226002,286.88339854009996,199.89152021969
5,Prevalence,56,Eastern Europe,1,Male,22,All ages,559,Schizophrenia,1,Number,2005,226775.75401455743,271091.2096678916,187883.14667364012
5,Prevalence,56,Eastern Europe,2,Female,22,All ages,559,Schizophrenia,1,Number,2005,270718.599230052,321397.0959479974,225935.84911196356
5,Prevalence,56,Eastern Europe,3,Both,22,All ages,559,Schizophrenia,1,Number,2005,497494.35324460967,592191.9630045719,414729.2853751013
5,Prevalence,56,Eastern Europe,1,Male,22,All ages,559,Schizophrenia,2,Percent,2005,0.002372807527378,0.0028288912267571,0.0019688300582677
5,Prevalence,56,Eastern Europe,2,Female,22,All ages,559,Schizophrenia,2,Percent,2005,0.0024086200644851,0.0028624980603648,0.0020113049365269
5,Prevalence,56,Eastern Europe,3,Both,22,All ages,559,Schizophrenia,2,Percent,2005,0.0023921593869907,0.0028473813165805,0.0019891767050363
5,Prevalence,56,Eastern Europe,1,Male,22,All ages,559,Schizophrenia,3,Rate,2005,226.83198461263,271.15842858606,187.92973358391
5,Prevalence,56,Eastern Europe,2,Female,22,All ages,559,Schizophrenia,3,Rate,2005,235.34776170886,279.40484091679,196.41611817407997
5,Prevalence,56,Eastern Europe,3,Both,22,All ages,559,Schizophrenia,3,Rate,2005,231.38799787492002,275.43249844662,192.89340346715
5,Prevalence,56,Eastern Europe,1,Male,27,Age-standardized,559,Schizophrenia,2,Percent,2005,0.0020318781904839,0.0024357257792879,0.0016769574748366
5,Prevalence,56,Eastern Europe,2,Female,27,Age-standardized,559,Schizophrenia,2,Percent,2005,0.0020682928588223,0.0024889678049267,0.0017043963920145
5,Prevalence,56,Eastern Europe,3,Both,27,Age-standardized,559,Schizophrenia,2,Percent,2005,0.0020527078730627,0.0024686425398404,0.0016893884477404
5,Prevalence,56,Eastern Europe,1,Male,27,Age-standardized,559,Schizophrenia,3,Rate,2005,190.05708683691,227.68624442393,156.76757018482
5,Prevalence,56,Eastern Europe,2,Female,27,Age-standardized,559,Schizophrenia,3,Rate,2005,197.46460662144,237.01937673421,162.61649183947
5,Prevalence,56,Eastern Europe,3,Both,27,Age-standardized,559,Schizophrenia,3,Rate,2005,193.9558555806,232.64125323889,159.51698927356
5,Prevalence,96,Southern Latin America,1,Male,22,All ages,559,Schizophrenia,1,Number,2005,81458.28937948303,103182.78679784192,63869.10778170005
5,Prevalence,96,Southern Latin America,2,Female,22,All ages,559,Schizophrenia,1,Number,2005,84100.95164309842,106259.2844098708,66970.54544913305
5,Prevalence,96,Southern Latin America,3,Both,22,All ages,559,Schizophrenia,1,Number,2005,165559.24102258176,209138.23724618877,130669.80858080144
5,Prevalence,96,Southern Latin America,1,Male,22,All ages,559,Schizophrenia,2,Percent,2005,0.0030274689576143,0.0038264798026446,0.0023760550928686
5,Prevalence,96,Southern Latin America,2,Female,22,All ages,559,Schizophrenia,2,Percent,2005,0.0029376004056971,0.0037014238875049,0.0023358783327546
5,Prevalence,96,Southern Latin America,3,Both,22,All ages,559,Schizophrenia,2,Percent,2005,0.0029811347131926,0.0037488194488776,0.0023503129029465
5,Prevalence,96,Southern Latin America,1,Male,22,All ages,559,Schizophrenia,3,Rate,2005,286.85085613424,363.35247102221,224.91152695781003
5,Prevalence,96,Southern Latin America,2,Female,22,All ages,559,Schizophrenia,3,Rate,2005,283.16071834299,357.76593149384,225.48410436155
5,Prevalence,96,Southern Latin America,3,Both,22,All ages,559,Schizophrenia,3,Rate,2005,284.96439586616,359.97357236764,224.91189757927998
5,Prevalence,96,Southern Latin America,1,Male,27,Age-standardized,559,Schizophrenia,2,Percent,2005,0.0029843065721273,0.0037641613195107,0.0023442776623716
5,Prevalence,96,Southern Latin America,2,Female,27,Age-standardized,559,Schizophrenia,2,Percent,2005,0.0028599294961233,0.0036097948217063,0.0022694757619014
5,Prevalence,96,Southern Latin America,3,Both,27,Age-standardized,559,Schizophrenia,2,Percent,2005,0.0029241524256218,0.0036798581940271,0.0023037008178102
5,Prevalence,96,Southern Latin America,1,Male,27,Age-standardized,559,Schizophrenia,3,Rate,2005,282.06158744527,356.98905315001997,221.28634433218997
5,Prevalence,96,Southern Latin America,2,Female,27,Age-standardized,559,Schizophrenia,3,Rate,2005,274.01566232658,347.0755200327,217.81193515667
5,Prevalence,96,Southern Latin America,3,Both,27,Age-standardized,559,Schizophrenia,3,Rate,2005,278.25854847937,351.77026999427,219.46150837554998
5,Prevalence,73,Western Europe,1,Male,22,All ages,559,Schizophrenia,1,Number,2005,648043.7329642929,763397.1993125672,547297.6206935757
5,Prevalence,73,Western Europe,2,Female,22,All ages,559,Schizophrenia,1,Number,2005,641414.9212098847,755749.8524110855,544352.4795919867
5,Prevalence,73,Western Europe,3,Both,22,All ages,559,Schizophrenia,1,Number,2005,1289458.6541741777,1517599.122979397,1091892.509792821
5,Prevalence,73,Western Europe,1,Male,22,All ages,559,Schizophrenia,2,Percent,2005,0.0034556580414675,0.0040756058667934,0.0029168700210263
5,Prevalence,73,Western Europe,2,Female,22,All ages,559,Schizophrenia,2,Percent,2005,0.0031652517212981,0.0037288674146385,0.0026882633810791
5,Prevalence,73,Western Europe,3,Both,22,All ages,559,Schizophrenia,2,Percent,2005,0.0033048281032383,0.0038869798257247,0.0028011614046186
5,Prevalence,73,Western Europe,1,Male,22,All ages,559,Schizophrenia,3,Rate,2005,322.83880436437005,380.30494941112,272.64966931779
5,Prevalence,73,Western Europe,2,Female,22,All ages,559,Schizophrenia,3,Rate,2005,306.27672535257,360.87185116545,259.9292429501
5,Prevalence,73,Western Europe,3,Both,22,All ages,559,Schizophrenia,3,Rate,2005,314.38230561108,370.00512558596,266.21379723725
5,Prevalence,73,Western Europe,1,Male,27,Age-standardized,559,Schizophrenia,2,Percent,2005,0.0029917618057837,0.0035489848847769,0.0024997313969138
5,Prevalence,73,Western Europe,2,Female,27,Age-standardized,559,Schizophrenia,2,Percent,2005,0.00266988504826,0.0031584536668758,0.0022179737117175
5,Prevalence,73,Western Europe,3,Both,27,Age-standardized,559,Schizophrenia,2,Percent,2005,0.0028328479487835,0.0033459090883365,0.0023736981224694
5,Prevalence,73,Western Europe,1,Male,27,Age-standardized,559,Schizophrenia,3,Rate,2005,268.65252226663,318.23436618193,224.49395237179
5,Prevalence,73,Western Europe,2,Female,27,Age-standardized,559,Schizophrenia,3,Rate,2005,251.12768475414998,297.13675971162,208.56875261936997
5,Prevalence,73,Western Europe,3,Both,27,Age-standardized,559,Schizophrenia,3,Rate,2005,260.28927187935,306.94918048693,218.22634466374998
5,Prevalence,124,Central Latin America,1,Male,22,All ages,559,Schizophrenia,1,Number,2005,254823.62467744443,312784.6230930802,205687.63023439137
5,Prevalence,124,Central Latin America,2,Female,22,All ages,559,Schizophrenia,1,Number,2005,225116.8147350208,277781.88282520254,180370.83139103348
5,Prevalence,124,Central Latin America,3,Both,22,All ages,559,Schizophrenia,1,Number,2005,479940.4394124648,590670.8107137895,385903.9694142269
5,Prevalence,124,Central Latin America,1,Male,22,All ages,559,Schizophrenia,2,Percent,2005,0.0025666591269883,0.003145798154096,0.0020715639079663
5,Prevalence,124,Central Latin America,2,Female,22,All ages,559,Schizophrenia,2,Percent,2005,0.0021224245326753,0.0026200595510508,0.001701798561828
5,Prevalence,124,Central Latin America,3,Both,22,All ages,559,Schizophrenia,2,Percent,2005,0.0023372013728089,0.0028736150860001,0.0018822967080884
5,Prevalence,124,Central Latin America,1,Male,22,All ages,559,Schizophrenia,3,Rate,2005,242.83656236949,298.07103925355,196.01195576459
5,Prevalence,124,Central Latin America,2,Female,22,All ages,559,Schizophrenia,3,Rate,2005,206.42276781276001,254.71444755699002,165.39255982389
5,Prevalence,124,Central Latin America,3,Both,22,All ages,559,Schizophrenia,3,Rate,2005,224.27913365974,276.02412054954,180.33531002728
5,Prevalence,124,Central Latin America,1,Male,27,Age-standardized,559,Schizophrenia,2,Percent,2005,0.0028067993097822,0.0034258447146246,0.0022856587099095
5,Prevalence,124,Central Latin America,2,Female,27,Age-standardized,559,Schizophrenia,2,Percent,2005,0.0022452861794511,0.0027339776954579,0.0018214472821504
5,Prevalence,124,Central Latin America,3,Both,27,Age-standardized,559,Schizophrenia,2,Percent,2005,0.0025126419123201,0.0030647565742806,0.0020469122727694
5,Prevalence,124,Central Latin America,1,Male,27,Age-standardized,559,Schizophrenia,3,Rate,2005,267.63291370711,326.40033762894,218.01213681485
5,Prevalence,124,Central Latin America,2,Female,27,Age-standardized,559,Schizophrenia,3,Rate,2005,218.84310095236,266.20161014498996,177.29301949493998
5,Prevalence,124,Central Latin America,3,Both,27,Age-standardized,559,Schizophrenia,3,Rate,2005,242.24352060695998,295.55295071626,197.17283720353
5,Prevalence,104,Caribbean,1,Male,22,All ages,559,Schizophrenia,1,Number,2005,51168.4160686187,64201.11756399136,40363.0945230919
5,Prevalence,104,Caribbean,2,Female,22,All ages,559,Schizophrenia,1,Number,2005,42287.64850314579,53287.38494882544,33242.78706184354
5,Prevalence,104,Caribbean,3,Both,22,All ages,559,Schizophrenia,1,Number,2005,93456.06457176444,116671.2748101816,73855.57114413488
5,Prevalence,104,Caribbean,1,Male,22,All ages,559,Schizophrenia,2,Percent,2005,0.0025110523636301,0.0031492972830338,0.0019797605797035
5,Prevalence,104,Caribbean,2,Female,22,All ages,559,Schizophrenia,2,Percent,2005,0.0020169341078176,0.0025428346976311,0.0015842882642473
5,Prevalence,104,Caribbean,3,Both,22,All ages,559,Schizophrenia,2,Percent,2005,0.002260473134019,0.0028233616036948,0.001784968588115
5,Prevalence,104,Caribbean,1,Male,22,All ages,559,Schizophrenia,3,Rate,2005,245.22293035914998,307.68171835261995,193.43878661482
5,Prevalence,104,Caribbean,2,Female,22,All ages,559,Schizophrenia,3,Rate,2005,198.32381846973,249.91121600274002,155.90454187091
5,Prevalence,104,Caribbean,3,Both,22,All ages,559,Schizophrenia,3,Rate,2005,221.51967005165,276.54687171864003,175.06046104436
5,Prevalence,104,Caribbean,1,Male,27,Age-standardized,559,Schizophrenia,2,Percent,2005,0.0025255688649188,0.0031445526519823,0.002000510219991
5,Prevalence,104,Caribbean,2,Female,27,Age-standardized,559,Schizophrenia,2,Percent,2005,0.0019948382184154,0.002513806029349,0.0015732164498145
5,Prevalence,104,Caribbean,3,Both,27,Age-standardized,559,Schizophrenia,2,Percent,2005,0.0022542649111635,0.0028043820756457,0.0017852791432799
5,Prevalence,104,Caribbean,1,Male,27,Age-standardized,559,Schizophrenia,3,Rate,2005,246.73597793628002,307.05280659937,195.62890137480997
5,Prevalence,104,Caribbean,2,Female,27,Age-standardized,559,Schizophrenia,3,Rate,2005,195.95372896175002,246.81157393963002,154.65958260763
5,Prevalence,104,Caribbean,3,Both,27,Age-standardized,559,Schizophrenia,3,Rate,2005,220.83909478302,274.58752112489,175.05609916672
5,Prevalence,120,Andean Latin America,1,Male,22,All ages,559,Schizophrenia,1,Number,2005,59088.52031465614,75483.78547806104,45608.21721048975
5,Prevalence,120,Andean Latin America,2,Female,22,All ages,559,Schizophrenia,1,Number,2005,48903.93157167718,62775.53705793637,37820.63901732709
5,Prevalence,120,Andean Latin America,3,Both,22,All ages,559,Schizophrenia,1,Number,2005,107992.45188633338,137856.9830739246,83508.16360413667
5,Prevalence,120,Andean Latin America,1,Male,22,All ages,559,Schizophrenia,2,Percent,2005,0.0024507464574976,0.0031284996209252,0.0018929252755431
5,Prevalence,120,Andean Latin America,2,Female,22,All ages,559,Schizophrenia,2,Percent,2005,0.0019915687634946,0.0025582301886961,0.0015384508250169
5,Prevalence,120,Andean Latin America,3,Both,22,All ages,559,Schizophrenia,2,Percent,2005,0.0022190576909022,0.0028339589907114,0.0017146154124049
5,Prevalence,120,Andean Latin America,1,Male,22,All ages,559,Schizophrenia,3,Rate,2005,236.33765318704002,301.91415555103,182.42018862838998
5,Prevalence,120,Andean Latin America,2,Female,22,All ages,559,Schizophrenia,3,Rate,2005,194.86513247119998,250.13864839919,150.70207231611
5,Prevalence,120,Andean Latin America,3,Both,22,All ages,559,Schizophrenia,3,Rate,2005,215.56225364995,275.17443519179,166.68950125906
5,Prevalence,120,Andean Latin America,1,Male,27,Age-standardized,559,Schizophrenia,2,Percent,2005,0.0027082039127276,0.0034266767566599,0.0021038844151466
5,Prevalence,120,Andean Latin America,2,Female,27,Age-standardized,559,Schizophrenia,2,Percent,2005,0.0021563013483993,0.002733619397405,0.0016937653000735
5,Prevalence,120,Andean Latin America,3,Both,27,Age-standardized,559,Schizophrenia,2,Percent,2005,0.0024267741055032,0.0030730949918915,0.0019062812504516
5,Prevalence,120,Andean Latin America,1,Male,27,Age-standardized,559,Schizophrenia,3,Rate,2005,262.45876526404,331.57000887386,203.70070422659
5,Prevalence,120,Andean Latin America,2,Female,27,Age-standardized,559,Schizophrenia,3,Rate,2005,211.4414408289,268.46981765169,166.20533465055
5,Prevalence,120,Andean Latin America,3,Both,27,Age-standardized,559,Schizophrenia,3,Rate,2005,236.56636409031003,298.99478827424,185.88397475142
5,Prevalence,199,Western Sub-Saharan Africa,1,Male,22,All ages,559,Schizophrenia,1,Number,2005,224900.49751121923,278364.9603666025,179731.77768201113
5,Prevalence,199,Western Sub-Saharan Africa,2,Female,22,All ages,559,Schizophrenia,1,Number,2005,296667.100265775,370232.4961617201,236039.4032800214
5,Prevalence,199,Western Sub-Saharan Africa,3,Both,22,All ages,559,Schizophrenia,1,Number,2005,521567.5977769943,648574.6786733281,415215.8308061899
5,Prevalence,199,Western Sub-Saharan Africa,1,Male,22,All ages,559,Schizophrenia,2,Percent,2005,0.001498275596376,0.0018536971513476,0.001197445574293
5,Prevalence,199,Western Sub-Saharan Africa,2,Female,22,All ages,559,Schizophrenia,2,Percent,2005,0.0019736107824304,0.0024632783308476,0.0015696632801835
5,Prevalence,199,Western Sub-Saharan Africa,3,Both,22,All ages,559,Schizophrenia,2,Percent,2005,0.0017361097848072,0.0021592019007966,0.0013819363144166
5,Prevalence,199,Western Sub-Saharan Africa,1,Male,22,All ages,559,Schizophrenia,3,Rate,2005,148.52415773555,183.83205790585998,118.69476143422999
5,Prevalence,199,Western Sub-Saharan Africa,2,Female,22,All ages,559,Schizophrenia,3,Rate,2005,195.93423634629002,244.52061364755,155.89258191378
5,Prevalence,199,Western Sub-Saharan Africa,3,Both,22,All ages,559,Schizophrenia,3,Rate,2005,172.22826204073002,214.16761736662,137.10955438247998
5,Prevalence,199,Western Sub-Saharan Africa,1,Male,27,Age-standardized,559,Schizophrenia,2,Percent,2005,0.0020577525142919,0.0025092783494578,0.0016753940026001
5,Prevalence,199,Western Sub-Saharan Africa,2,Female,27,Age-standardized,559,Schizophrenia,2,Percent,2005,0.0026419726800827,0.0032081916608246,0.0021386902514071
5,Prevalence,199,Western Sub-Saharan Africa,3,Both,27,Age-standardized,559,Schizophrenia,2,Percent,2005,0.002350936032275,0.0028576743889899,0.0019166772359262
5,Prevalence,199,Western Sub-Saharan Africa,1,Male,27,Age-standardized,559,Schizophrenia,3,Rate,2005,204.58942989604003,249.46045780549,166.60099946060998
5,Prevalence,199,Western Sub-Saharan Africa,2,Female,27,Age-standardized,559,Schizophrenia,3,Rate,2005,263.01096872492,319.33625774243,212.91435107738
5,Prevalence,199,Western Sub-Saharan Africa,3,Both,27,Age-standardized,559,Schizophrenia,3,Rate,2005,233.8915931347,284.28791250898,190.65927294299001
5,Prevalence,44636,Low-middle SDI,1,Male,22,All ages,559,Schizophrenia,1,Number,2005,1954317.599816163,2349580.4575678203,1587383.8417238565
5,Prevalence,44636,Low-middle SDI,2,Female,22,All ages,559,Schizophrenia,1,Number,2005,1597319.2058124107,1940622.251132316,1290772.4353732648
5,Prevalence,44636,Low-middle SDI,3,Both,22,All ages,559,Schizophrenia,1,Number,2005,3551636.805628575,4286046.787700673,2878167.171988246
5,Prevalence,44636,Low-middle SDI,1,Male,22,All ages,559,Schizophrenia,2,Percent,2005,0.0026084914842911,0.0031370772247004,0.002119799090488
5,Prevalence,44636,Low-middle SDI,2,Female,22,All ages,559,Schizophrenia,2,Percent,2005,0.0021706320480238,0.0026383182618968,0.0017545832646789
5,Prevalence,44636,Low-middle SDI,3,Both,22,All ages,559,Schizophrenia,2,Percent,2005,0.0023915272338727,0.0028901770818014,0.001938892823658
5,Prevalence,44636,Low-middle SDI,1,Male,22,All ages,559,Schizophrenia,3,Rate,2005,254.72098222456998,306.23857761073,206.89573248961003
5,Prevalence,44636,Low-middle SDI,2,Female,22,All ages,559,Schizophrenia,3,Rate,2005,214.06339572592,260.07086585263,172.98178699660002
5,Prevalence,44636,Low-middle SDI,3,Both,22,All ages,559,Schizophrenia,3,Rate,2005,234.67492194801,283.20116904273,190.17531729856
5,Prevalence,44636,Low-middle SDI,1,Male,27,Age-standardized,559,Schizophrenia,2,Percent,2005,0.0030068572811076,0.0036023924316182,0.0024556551622712
5,Prevalence,44636,Low-middle SDI,2,Female,27,Age-standardized,559,Schizophrenia,2,Percent,2005,0.0024538783116921,0.002941735590379,0.0019949776801051
5,Prevalence,44636,Low-middle SDI,3,Both,27,Age-standardized,559,Schizophrenia,2,Percent,2005,0.002730093270447,0.0032691002953595,0.0022250345805086
5,Prevalence,44636,Low-middle SDI,1,Male,27,Age-standardized,559,Schizophrenia,3,Rate,2005,294.96575472132,353.40043779558005,240.61854896359
5,Prevalence,44636,Low-middle SDI,2,Female,27,Age-standardized,559,Schizophrenia,3,Rate,2005,242.62321731883,290.69945442712003,197.11262907684
5,Prevalence,44636,Low-middle SDI,3,Both,27,Age-standardized,559,Schizophrenia,3,Rate,2005,268.85545811779997,321.78581066774996,218.91527927048
5,Prevalence,44635,High SDI,1,Male,22,All ages,559,Schizophrenia,1,Number,2005,1753720.014098748,2058599.773243356,1463346.8582368998
5,Prevalence,44635,High SDI,2,Female,22,All ages,559,Schizophrenia,1,Number,2005,1688225.6490588004,1966955.949101015,1422290.706720762
5,Prevalence,44635,High SDI,3,Both,22,All ages,559,Schizophrenia,1,Number,2005,3441945.663157544,4031934.591045319,2885883.832425787
5,Prevalence,44635,High SDI,1,Male,22,All ages,559,Schizophrenia,2,Percent,2005,0.0038802742743373,0.0045462696077275,0.0032411719081607
5,Prevalence,44635,High SDI,2,Female,22,All ages,559,Schizophrenia,2,Percent,2005,0.0035480354457024,0.0041335990860177,0.0029911422245958
5,Prevalence,44635,High SDI,3,Both,22,All ages,559,Schizophrenia,2,Percent,2005,0.003709879856128,0.0043486053387921,0.0031129240706944
5,Prevalence,44635,High SDI,1,Male,22,All ages,559,Schizophrenia,3,Rate,2005,361.36240721526,424.18434161185,301.52962789509
5,Prevalence,44635,High SDI,2,Female,22,All ages,559,Schizophrenia,3,Rate,2005,341.09359679659,397.4090073761,287.36339429283004
5,Prevalence,44635,High SDI,3,Both,22,All ages,559,Schizophrenia,3,Rate,2005,351.12836755820996,411.31579333431,294.40199765173
5,Prevalence,44635,High SDI,1,Male,27,Age-standardized,559,Schizophrenia,2,Percent,2005,0.0034196721992219,0.0040241832310043,0.0028642365769875
5,Prevalence,44635,High SDI,2,Female,27,Age-standardized,559,Schizophrenia,2,Percent,2005,0.0031123368340286,0.0036593515843031,0.002605228873494
5,Prevalence,44635,High SDI,3,Both,27,Age-standardized,559,Schizophrenia,2,Percent,2005,0.0032690676206165,0.0038452754996979,0.0027352285709587
5,Prevalence,44635,High SDI,1,Male,27,Age-standardized,559,Schizophrenia,3,Rate,2005,308.66614442277,362.7593690777,258.19816670233
5,Prevalence,44635,High SDI,2,Female,27,Age-standardized,559,Schizophrenia,3,Rate,2005,291.43458840397,342.79500014291,243.47649587415998
5,Prevalence,44635,High SDI,3,Both,27,Age-standardized,559,Schizophrenia,3,Rate,2005,300.45290805037,353.47599863829,250.90165843284
5,Prevalence,44637,Low SDI,1,Male,22,All ages,559,Schizophrenia,1,Number,2005,664548.3110349769,817770.5743404473,531424.3636046903
5,Prevalence,44637,Low SDI,2,Female,22,All ages,559,Schizophrenia,1,Number,2005,644369.9862465576,799835.7188404619,514323.07292510587
5,Prevalence,44637,Low SDI,3,Both,22,All ages,559,Schizophrenia,1,Number,2005,1308918.297281533,1618320.7103000495,1046607.151095784
5,Prevalence,44637,Low SDI,1,Male,22,All ages,559,Schizophrenia,2,Percent,2005,0.0017890205311265,0.0022023633169385,0.001430480886259
5,Prevalence,44637,Low SDI,2,Female,22,All ages,559,Schizophrenia,2,Percent,2005,0.0017575725446938,0.0021826288668491,0.0014025703065219
5,Prevalence,44637,Low SDI,3,Both,22,All ages,559,Schizophrenia,2,Percent,2005,0.0017733995388864,0.0021921335021392,0.0014183572795989
5,Prevalence,44637,Low SDI,1,Male,22,All ages,559,Schizophrenia,3,Rate,2005,177.17210007119,218.02196714138,141.68055048128
5,Prevalence,44637,Low SDI,2,Female,22,All ages,559,Schizophrenia,3,Rate,2005,174.40934178611002,216.48870095977998,139.21000439017
5,Prevalence,44637,Low SDI,3,Both,22,All ages,559,Schizophrenia,3,Rate,2005,175.80116257663,217.35708247295997,140.57008317921
5,Prevalence,44637,Low SDI,1,Male,27,Age-standardized,559,Schizophrenia,2,Percent,2005,0.0024827043132961,0.0030156445382776,0.0020185829196258
5,Prevalence,44637,Low SDI,2,Female,27,Age-standardized,559,Schizophrenia,2,Percent,2005,0.00237457972577,0.0028939120940227,0.0019365700266717
5,Prevalence,44637,Low SDI,3,Both,27,Age-standardized,559,Schizophrenia,2,Percent,2005,0.0024286013723211,0.0029486326742999,0.0019776066722543
5,Prevalence,44637,Low SDI,1,Male,27,Age-standardized,559,Schizophrenia,3,Rate,2005,246.60544542601002,299.55154744819004,200.44314334568
5,Prevalence,44637,Low SDI,2,Female,27,Age-standardized,559,Schizophrenia,3,Rate,2005,236.29274245391,287.89410206446996,192.66293949009
5,Prevalence,44637,Low SDI,3,Both,27,Age-standardized,559,Schizophrenia,3,Rate,2005,241.45118467627,293.1494380637,196.56030660985002
5,Prevalence,44634,High-middle SDI,1,Male,22,All ages,559,Schizophrenia,1,Number,2005,1933763.2871327305,2215962.512425133,1667004.4019030556
5,Prevalence,44634,High-middle SDI,2,Female,22,All ages,559,Schizophrenia,1,Number,2005,1831665.0569416168,2097206.395096992,1581850.942335504
5,Prevalence,44634,High-middle SDI,3,Both,22,All ages,559,Schizophrenia,1,Number,2005,3765428.344074349,4316625.941298552,3248432.179643723
5,Prevalence,44634,High-middle SDI,1,Male,22,All ages,559,Schizophrenia,2,Percent,2005,0.0034432974322861,0.0039493698346801,0.0029768612929561
5,Prevalence,44634,High-middle SDI,2,Female,22,All ages,559,Schizophrenia,2,Percent,2005,0.0031479477580662,0.0036087681822892,0.0027198221600986
5,Prevalence,44634,High-middle SDI,3,Both,22,All ages,559,Schizophrenia,2,Percent,2005,0.0032930045359212,0.003775969618133,0.0028449271123064
5,Prevalence,44634,High-middle SDI,1,Male,22,All ages,559,Schizophrenia,3,Rate,2005,326.65745063409,374.327442157,281.59569050918
5,Prevalence,44634,High-middle SDI,2,Female,22,All ages,559,Schizophrenia,3,Rate,2005,306.52676428495,350.96476175627,264.72069721351
5,Prevalence,44634,High-middle SDI,3,Both,22,All ages,559,Schizophrenia,3,Rate,2005,316.54497973991,362.88202729536,273.08311419868
5,Prevalence,44634,High-middle SDI,1,Male,27,Age-standardized,559,Schizophrenia,2,Percent,2005,0.0030008619342338,0.0034408925148221,0.0025965307806856
5,Prevalence,44634,High-middle SDI,2,Female,27,Age-standardized,559,Schizophrenia,2,Percent,2005,0.0027373728833947,0.0031433275717319,0.0023594615771493
5,Prevalence,44634,High-middle SDI,3,Both,27,Age-standardized,559,Schizophrenia,2,Percent,2005,0.0028684025416944,0.0032915767500182,0.0024791702309936
5,Prevalence,44634,High-middle SDI,1,Male,27,Age-standardized,559,Schizophrenia,3,Rate,2005,280.19610994132,321.08445600019,241.98451916892
5,Prevalence,44634,High-middle SDI,2,Female,27,Age-standardized,559,Schizophrenia,3,Rate,2005,262.44687452452,301.03589629951,226.09205338273
5,Prevalence,44634,High-middle SDI,3,Both,27,Age-standardized,559,Schizophrenia,3,Rate,2005,271.31052005313,311.42170887871,233.97181001697
5,Prevalence,174,Eastern Sub-Saharan Africa,1,Male,22,All ages,559,Schizophrenia,1,Number,2005,201082.7839158527,253431.67587349025,158030.18613393867
5,Prevalence,174,Eastern Sub-Saharan Africa,2,Female,22,All ages,559,Schizophrenia,1,Number,2005,226240.83369739255,285487.97651403304,176615.99449466311
5,Prevalence,174,Eastern Sub-Saharan Africa,3,Both,22,All ages,559,Schizophrenia,1,Number,2005,427323.6176132448,538953.5859829994,334533.75765816297
5,Prevalence,174,Eastern Sub-Saharan Africa,1,Male,22,All ages,559,Schizophrenia,2,Percent,2005,0.0014304877984599,0.0018014643856327,0.0011240278300393
5,Prevalence,174,Eastern Sub-Saharan Africa,2,Female,22,All ages,559,Schizophrenia,2,Percent,2005,0.0015846682675937,0.0019992005373726,0.0012370255227462
5,Prevalence,174,Eastern Sub-Saharan Africa,3,Both,22,All ages,559,Schizophrenia,2,Percent,2005,0.0015081763539086,0.0019018267166658,0.0011803828953027
5,Prevalence,174,Eastern Sub-Saharan Africa,1,Male,22,All ages,559,Schizophrenia,3,Rate,2005,141.58303565315,178.44205904693,111.26956292308999
5,Prevalence,174,Eastern Sub-Saharan Africa,2,Female,22,All ages,559,Schizophrenia,3,Rate,2005,157.21070711266,198.38048652157,122.72729430908001
5,Prevalence,174,Eastern Sub-Saharan Africa,3,Both,22,All ages,559,Schizophrenia,3,Rate,2005,149.44837461502001,188.48885036585,116.99687139950001
5,Prevalence,174,Eastern Sub-Saharan Africa,1,Male,27,Age-standardized,559,Schizophrenia,2,Percent,2005,0.0020806627556844,0.0025566731251483,0.001676625685541
5,Prevalence,174,Eastern Sub-Saharan Africa,2,Female,27,Age-standardized,559,Schizophrenia,2,Percent,2005,0.0022352224107697,0.0027532624761102,0.001798113081991
5,Prevalence,174,Eastern Sub-Saharan Africa,3,Both,27,Age-standardized,559,Schizophrenia,2,Percent,2005,0.0021596122361311,0.0026644162093798,0.0017461546070245
5,Prevalence,174,Eastern Sub-Saharan Africa,1,Male,27,Age-standardized,559,Schizophrenia,3,Rate,2005,206.71181823915998,254.07527886709002,166.56312693836
5,Prevalence,174,Eastern Sub-Saharan Africa,2,Female,27,Age-standardized,559,Schizophrenia,3,Rate,2005,222.43774211017,273.93849462565,178.95099094354
5,Prevalence,174,Eastern Sub-Saharan Africa,3,Both,27,Age-standardized,559,Schizophrenia,3,Rate,2005,214.73715747466997,264.94147022884,173.60429999493
5,Prevalence,138,North Africa and Middle East,1,Male,22,All ages,559,Schizophrenia,1,Number,2005,556126.8290598291,695505.0179660533,438095.0070751384
5,Prevalence,138,North Africa and Middle East,2,Female,22,All ages,559,Schizophrenia,1,Number,2005,480528.0298770151,602691.3339533205,378060.5965810863
5,Prevalence,138,North Africa and Middle East,3,Both,22,All ages,559,Schizophrenia,1,Number,2005,1036654.858936844,1301113.829154274,818456.0216326065
5,Prevalence,138,North Africa and Middle East,1,Male,22,All ages,559,Schizophrenia,2,Percent,2005,0.0024443059510947,0.0030623995681901,0.0019233331756921
5,Prevalence,138,North Africa and Middle East,2,Female,22,All ages,559,Schizophrenia,2,Percent,2005,0.0021856890402353,0.0027417258656189,0.0017181755046466
5,Prevalence,138,North Africa and Middle East,3,Both,22,All ages,559,Schizophrenia,2,Percent,2005,0.0023172117583399,0.0029073055639977,0.0018286939940929
5,Prevalence,138,North Africa and Middle East,1,Male,22,All ages,559,Schizophrenia,3,Rate,2005,233.06826070755,291.48053354082,183.60207777834
5,Prevalence,138,North Africa and Middle East,2,Female,22,All ages,559,Schizophrenia,3,Rate,2005,212.59221198515,266.63893854893,167.25920964937
5,Prevalence,138,North Africa and Middle East,3,Both,22,All ages,559,Schizophrenia,3,Rate,2005,223.10739012303,280.02387503716,176.14694547826
5,Prevalence,138,North Africa and Middle East,1,Male,27,Age-standardized,559,Schizophrenia,2,Percent,2005,0.0026360074358612,0.0032331088837447,0.0021004493700927
5,Prevalence,138,North Africa and Middle East,2,Female,27,Age-standardized,559,Schizophrenia,2,Percent,2005,0.0023874132028048,0.0029521621338731,0.0018936643055946
5,Prevalence,138,North Africa and Middle East,3,Both,27,Age-standardized,559,Schizophrenia,2,Percent,2005,0.0025143944719595,0.0031037373353682,0.0020002651784385
5,Prevalence,138,North Africa and Middle East,1,Male,27,Age-standardized,559,Schizophrenia,3,Rate,2005,253.21375716355,310.64500998507,201.88723176461997
5,Prevalence,138,North Africa and Middle East,2,Female,27,Age-standardized,559,Schizophrenia,3,Rate,2005,233.19677868488,288.31125335298,184.9021296209
5,Prevalence,138,North Africa and Middle East,3,Both,27,Age-standardized,559,Schizophrenia,3,Rate,2005,243.51114712275,300.39148774968,193.71812537442
5,Prevalence,159,South Asia,1,Male,22,All ages,559,Schizophrenia,1,Number,2005,2157500.5644181645,2559349.2094386863,1769821.424609973
5,Prevalence,159,South Asia,2,Female,22,All ages,559,Schizophrenia,1,Number,2005,1576754.0442922658,1879058.237358324,1295926.8523082614
5,Prevalence,159,South Asia,3,Both,22,All ages,559,Schizophrenia,1,Number,2005,3734254.608710427,4427378.993081817,3065307.0100643323
5,Prevalence,159,South Asia,1,Male,22,All ages,559,Schizophrenia,2,Percent,2005,0.0029303338940603,0.003478487872466,0.0024076127402967
5,Prevalence,159,South Asia,2,Female,22,All ages,559,Schizophrenia,2,Percent,2005,0.0022620722363533,0.0026960926755533,0.0018603371760204
5,Prevalence,159,South Asia,3,Both,22,All ages,559,Schizophrenia,2,Percent,2005,0.0026053462816057,0.0030914671532339,0.0021412964693786
5,Prevalence,159,South Asia,1,Male,22,All ages,559,Schizophrenia,3,Rate,2005,287.4861491907,341.03233194482,235.82804774539002
5,Prevalence,159,South Asia,2,Female,22,All ages,559,Schizophrenia,3,Rate,2005,223.97997047662,266.92267576602,184.08810122961
5,Prevalence,159,South Asia,3,Both,22,All ages,559,Schizophrenia,3,Rate,2005,256.74824138554,304.4039278333,210.75482702894
5,Prevalence,159,South Asia,1,Male,27,Age-standardized,559,Schizophrenia,2,Percent,2005,0.0032833546091499,0.0038802149795761,0.002727872966139
5,Prevalence,159,South Asia,2,Female,27,Age-standardized,559,Schizophrenia,2,Percent,2005,0.0025098362350306,0.0029750083746261,0.0020825281628032
5,Prevalence,159,South Asia,3,Both,27,Age-standardized,559,Schizophrenia,2,Percent,2005,0.002904468405238,0.0034410082874728,0.0024118191926733
5,Prevalence,159,South Asia,1,Male,27,Age-standardized,559,Schizophrenia,3,Rate,2005,323.15128741384,381.80810808343,268.17201599284
5,Prevalence,159,South Asia,2,Female,27,Age-standardized,559,Schizophrenia,3,Rate,2005,248.89856219933998,294.99045149184,206.36756611518
5,Prevalence,159,South Asia,3,Both,27,Age-standardized,559,Schizophrenia,3,Rate,2005,286.90789575611,339.77179808775,238.00934846641
5,Prevalence,167,Central Sub-Saharan Africa,1,Male,22,All ages,559,Schizophrenia,1,Number,2005,62415.16900965041,81574.10367607398,47299.32124138088
5,Prevalence,167,Central Sub-Saharan Africa,2,Female,22,All ages,559,Schizophrenia,1,Number,2005,68710.12297405083,89322.54007555997,52831.23608020232
5,Prevalence,167,Central Sub-Saharan Africa,3,Both,22,All ages,559,Schizophrenia,1,Number,2005,131125.29198370135,169670.61405053816,100874.64519507116
5,Prevalence,167,Central Sub-Saharan Africa,1,Male,22,All ages,559,Schizophrenia,2,Percent,2005,0.0014691488932915,0.0019200300832883,0.0011132092583729
5,Prevalence,167,Central Sub-Saharan Africa,2,Female,22,All ages,559,Schizophrenia,2,Percent,2005,0.0016021030858174,0.0020821367004331,0.0012318795383364
5,Prevalence,167,Central Sub-Saharan Africa,3,Both,22,All ages,559,Schizophrenia,2,Percent,2005,0.0015359403736523,0.0019870246899407,0.0011815218462297
5,Prevalence,167,Central Sub-Saharan Africa,1,Male,22,All ages,559,Schizophrenia,3,Rate,2005,146.38734618734,191.32234590128,110.93492532107999
5,Prevalence,167,Central Sub-Saharan Africa,2,Female,22,All ages,559,Schizophrenia,3,Rate,2005,159.75556448765,207.68079277970003,122.83610590772
5,Prevalence,167,Central Sub-Saharan Africa,3,Both,22,All ages,559,Schizophrenia,3,Rate,2005,153.10052915532,198.10564689895003,117.7801881245
5,Prevalence,167,Central Sub-Saharan Africa,1,Male,27,Age-standardized,559,Schizophrenia,2,Percent,2005,0.0020279927526228,0.0025820978052491,0.0015914752665115
5,Prevalence,167,Central Sub-Saharan Africa,2,Female,27,Age-standardized,559,Schizophrenia,2,Percent,2005,0.0021798551928697,0.0027920639338848,0.0017116151011222
5,Prevalence,167,Central Sub-Saharan Africa,3,Both,27,Age-standardized,559,Schizophrenia,2,Percent,2005,0.0021053169286155,0.0026747837354384,0.0016554953014454
5,Prevalence,167,Central Sub-Saharan Africa,1,Male,27,Age-standardized,559,Schizophrenia,3,Rate,2005,202.34004037898,257.65061096798996,158.77642859824002
5,Prevalence,167,Central Sub-Saharan Africa,2,Female,27,Age-standardized,559,Schizophrenia,3,Rate,2005,217.61554369726,278.71173058171,170.86062521757
5,Prevalence,167,Central Sub-Saharan Africa,3,Both,27,Age-standardized,559,Schizophrenia,3,Rate,2005,210.11471549038,266.96298749181,165.17442953619
5,Prevalence,44639,Middle SDI,1,Male,22,All ages,559,Schizophrenia,1,Number,2005,3143779.9322208283,3742861.955065567,2601067.359201248
5,Prevalence,44639,Middle SDI,2,Female,22,All ages,559,Schizophrenia,1,Number,2005,2750406.414985276,3267249.4967345246,2283051.332365148
5,Prevalence,44639,Middle SDI,3,Both,22,All ages,559,Schizophrenia,1,Number,2005,5894186.347206106,7008419.508656163,4882338.027193523
5,Prevalence,44639,Middle SDI,1,Male,22,All ages,559,Schizophrenia,2,Percent,2005,0.003130559604522,0.0037265515667292,0.0025938249975039
5,Prevalence,44639,Middle SDI,2,Female,22,All ages,559,Schizophrenia,2,Percent,2005,0.0027567622329741,0.0032760552717977,0.0022893901001979
5,Prevalence,44639,Middle SDI,3,Both,22,All ages,559,Schizophrenia,2,Percent,2005,0.0029442692812842,0.0035026850489132,0.002441921064443
5,Prevalence,44639,Middle SDI,1,Male,22,All ages,559,Schizophrenia,3,Rate,2005,299.72219680095,356.83757504695,247.98097822843002
5,Prevalence,44639,Middle SDI,2,Female,22,All ages,559,Schizophrenia,3,Rate,2005,269.61773647479,320.28299854466997,223.80370011293
5,Prevalence,44639,Middle SDI,3,Both,22,All ages,559,Schizophrenia,3,Rate,2005,284.8793771972,338.7327897614,235.97445593357997
5,Prevalence,44639,Middle SDI,1,Male,27,Age-standardized,559,Schizophrenia,2,Percent,2005,0.0030371011628589,0.0035977553618993,0.0025377370286962
5,Prevalence,44639,Middle SDI,2,Female,27,Age-standardized,559,Schizophrenia,2,Percent,2005,0.0026386460636079,0.0031203535176086,0.0021944712314938
5,Prevalence,44639,Middle SDI,3,Both,27,Age-standardized,559,Schizophrenia,2,Percent,2005,0.0028378011074101,0.0033588404129908,0.002365992784083
5,Prevalence,44639,Middle SDI,1,Male,27,Age-standardized,559,Schizophrenia,3,Rate,2005,290.81718609123,343.74708803955997,242.96195131710002
5,Prevalence,44639,Middle SDI,2,Female,27,Age-standardized,559,Schizophrenia,3,Rate,2005,257.4868407037,304.66002859146,213.98978457202
5,Prevalence,44639,Middle SDI,3,Both,27,Age-standardized,559,Schizophrenia,3,Rate,2005,274.2575697533,324.62107440321,228.55899881036
5,Prevalence,192,Southern Sub-Saharan Africa,1,Male,22,All ages,559,Schizophrenia,1,Number,2005,61896.343566919015,75936.7637955356,49550.70853823217
5,Prevalence,192,Southern Sub-Saharan Africa,2,Female,22,All ages,559,Schizophrenia,1,Number,2005,73620.15419431867,89394.27153253459,59266.07501128348
5,Prevalence,192,Southern Sub-Saharan Africa,3,Both,22,All ages,559,Schizophrenia,1,Number,2005,135516.49776123764,164715.77022321976,108930.17149692948
5,Prevalence,192,Southern Sub-Saharan Africa,1,Male,22,All ages,559,Schizophrenia,2,Percent,2005,0.0019625426315097,0.0024113995034094,0.0015744722091394
5,Prevalence,192,Southern Sub-Saharan Africa,2,Female,22,All ages,559,Schizophrenia,2,Percent,2005,0.0021444816244296,0.0026050594881319,0.001728128301665
5,Prevalence,192,Southern Sub-Saharan Africa,3,Both,22,All ages,559,Schizophrenia,2,Percent,2005,0.0020573654060299,0.0025008982204717,0.0016543122132835
5,Prevalence,192,Southern Sub-Saharan Africa,1,Male,22,All ages,559,Schizophrenia,3,Rate,2005,190.35004782741,233.52860261787998,152.38347205336
5,Prevalence,192,Southern Sub-Saharan Africa,2,Female,22,All ages,559,Schizophrenia,3,Rate,2005,211.06325849454998,256.28642654838995,169.9112294311
5,Prevalence,192,Southern Sub-Saharan Africa,3,Both,22,All ages,559,Schizophrenia,3,Rate,2005,201.06983748604,244.39366200655002,161.62291855272
5,Prevalence,192,Southern Sub-Saharan Africa,1,Male,27,Age-standardized,559,Schizophrenia,2,Percent,2005,0.0022228025733658,0.0026889389464471,0.0018191970107898
5,Prevalence,192,Southern Sub-Saharan Africa,2,Female,27,Age-standardized,559,Schizophrenia,2,Percent,2005,0.0023402620489526,0.0028199323394324,0.0019069045029444
5,Prevalence,192,Southern Sub-Saharan Africa,3,Both,27,Age-standardized,559,Schizophrenia,2,Percent,2005,0.0022864187483993,0.0027557410348809,0.0018632246954495
5,Prevalence,192,Southern Sub-Saharan Africa,1,Male,27,Age-standardized,559,Schizophrenia,3,Rate,2005,216.82025489768,262.13430973887,177.43062570962002
5,Prevalence,192,Southern Sub-Saharan Africa,2,Female,27,Age-standardized,559,Schizophrenia,3,Rate,2005,230.72839856644,278.13488530405,187.94948334979
5,Prevalence,192,Southern Sub-Saharan Africa,3,Both,27,Age-standardized,559,Schizophrenia,3,Rate,2005,224.23132526909,270.097849943,182.59898325505
6,Incidence,42,Central Europe,1,Male,22,All ages,559,Schizophrenia,1,Number,2005,8024.868293531157,9979.051621303726,6382.171038652064
6,Incidence,42,Central Europe,2,Female,22,All ages,559,Schizophrenia,1,Number,2005,7473.723230082013,9319.572547192618,5923.920420841989
6,Incidence,42,Central Europe,3,Both,22,All ages,559,Schizophrenia,1,Number,2005,15498.591523613168,19247.305810402795,12316.810438388307
6,Incidence,42,Central Europe,1,Male,22,All ages,559,Schizophrenia,2,Percent,2005,4.11221707596e-05,5.10201864332e-05,3.20438020111e-05
6,Incidence,42,Central Europe,2,Female,22,All ages,559,Schizophrenia,2,Percent,2005,3.37722262605e-05,4.19646546612e-05,2.63750229101e-05
6,Incidence,42,Central Europe,3,Both,22,All ages,559,Schizophrenia,2,Percent,2005,3.72159536793e-05,4.62880370316e-05,2.9107617046e-05
6,Incidence,42,Central Europe,1,Male,22,All ages,559,Schizophrenia,3,Rate,2005,13.7065636867,17.04433039612,10.90081863041
6,Incidence,42,Central Europe,2,Female,22,All ages,559,Schizophrenia,3,Rate,2005,12.060138956180001,15.038734573280001,9.55926534089
6,Incidence,42,Central Europe,3,Both,22,All ages,559,Schizophrenia,3,Rate,2005,12.859971321080002,15.97047062972,10.2198853853
6,Incidence,42,Central Europe,1,Male,27,Age-standardized,559,Schizophrenia,2,Percent,2005,3.76948722116e-05,4.70681132835e-05,2.93650814571e-05
6,Incidence,42,Central Europe,2,Female,27,Age-standardized,559,Schizophrenia,2,Percent,2005,3.39815161416e-05,4.24393765609e-05,2.62954639667e-05
6,Incidence,42,Central Europe,3,Both,27,Age-standardized,559,Schizophrenia,2,Percent,2005,3.57597142634e-05,4.47371454483e-05,2.77585263799e-05
6,Incidence,42,Central Europe,1,Male,27,Age-standardized,559,Schizophrenia,3,Rate,2005,12.860725188390001,15.995547631940001,10.19772914819
6,Incidence,42,Central Europe,2,Female,27,Age-standardized,559,Schizophrenia,3,Rate,2005,12.27419621755,15.37332192069,9.67519422792
6,Incidence,42,Central Europe,3,Both,27,Age-standardized,559,Schizophrenia,3,Rate,2005,12.56656865431,15.70062291824,9.95497875298
6,Incidence,1,Global,1,Male,22,All ages,559,Schizophrenia,1,Number,2005,575876.6802696105,688422.0287523749,477393.48115899344
6,Incidence,1,Global,2,Female,22,All ages,559,Schizophrenia,1,Number,2005,496152.7965184487,596805.2468397289,409609.1650844068
6,Incidence,1,Global,3,Both,22,All ages,559,Schizophrenia,1,Number,2005,1072029.476788059,1285227.2755921036,887004.4799396566
6,Incidence,1,Global,1,Male,22,All ages,559,Schizophrenia,2,Percent,2005,3.97455605741e-05,4.76868244338e-05,3.23028191856e-05
6,Incidence,1,Global,2,Female,22,All ages,559,Schizophrenia,2,Percent,2005,3.26014411354e-05,3.91361503229e-05,2.6565934053e-05
6,Incidence,1,Global,3,Both,22,All ages,559,Schizophrenia,2,Percent,2005,3.60855620433e-05,4.33677551423e-05,2.9351804975e-05
6,Incidence,1,Global,1,Male,22,All ages,559,Schizophrenia,3,Rate,2005,17.60404321959,21.04445545842,14.59349850933
6,Incidence,1,Global,2,Female,22,All ages,559,Schizophrenia,3,Rate,2005,15.35566765167,18.47080795987,12.67718785473
6,Incidence,1,Global,3,Both,22,All ages,559,Schizophrenia,3,Rate,2005,16.486805994519997,19.76558780364,13.64129540621
6,Incidence,1,Global,1,Male,27,Age-standardized,559,Schizophrenia,2,Percent,2005,3.71866465886e-05,4.47536303706e-05,3.04053384492e-05
6,Incidence,1,Global,2,Female,27,Age-standardized,559,Schizophrenia,2,Percent,2005,3.05056647551e-05,3.67521884668e-05,2.49599570876e-05
6,Incidence,1,Global,3,Both,27,Age-standardized,559,Schizophrenia,2,Percent,2005,3.37591615986e-05,4.07124415012e-05,2.76188372632e-05
6,Incidence,1,Global,1,Male,27,Age-standardized,559,Schizophrenia,3,Rate,2005,16.52219943271,19.73327142581,13.76091250276
6,Incidence,1,Global,2,Female,27,Age-standardized,559,Schizophrenia,3,Rate,2005,14.45081059421,17.32832028136,11.99094174761
6,Incidence,1,Global,3,Both,27,Age-standardized,559,Schizophrenia,3,Rate,2005,15.493755919669999,18.53809971176,12.88273015492
6,Incidence,5,East Asia,1,Male,22,All ages,559,Schizophrenia,1,Number,2005,145753.6536570424,168984.84811242213,125542.85022896244
6,Incidence,5,East Asia,2,Female,22,All ages,559,Schizophrenia,1,Number,2005,128334.13612561836,148213.1460377046,110077.55169778694
6,Incidence,5,East Asia,3,Both,22,All ages,559,Schizophrenia,1,Number,2005,274087.78978266055,318128.95881617605,235426.6045066348
6,Incidence,5,East Asia,1,Male,22,All ages,559,Schizophrenia,2,Percent,2005,6.75024162878e-05,7.81226080999e-05,5.7091573636e-05
6,Incidence,5,East Asia,2,Female,22,All ages,559,Schizophrenia,2,Percent,2005,5.90376782281e-05,6.88245631869e-05,5.00743110652e-05
6,Incidence,5,East Asia,3,Both,22,All ages,559,Schizophrenia,2,Percent,2005,6.32549693585e-05,7.35104872842e-05,5.38040132059e-05
6,Incidence,5,East Asia,1,Male,22,All ages,559,Schizophrenia,3,Rate,2005,21.22953432093,24.613239824239997,18.285759435950002
6,Incidence,5,East Asia,2,Female,22,All ages,559,Schizophrenia,3,Rate,2005,19.63498896773,22.6764567494,16.84175059289
6,Incidence,5,East Asia,3,Both,22,All ages,559,Schizophrenia,3,Rate,2005,20.45187074718,23.73813277783,17.56705210996
6,Incidence,5,East Asia,1,Male,27,Age-standardized,559,Schizophrenia,2,Percent,2005,5.71516856023e-05,6.67849161372e-05,4.87005171116e-05
6,Incidence,5,East Asia,2,Female,27,Age-standardized,559,Schizophrenia,2,Percent,2005,5.0244891696e-05,5.8497814292e-05,4.2802968923e-05
6,Incidence,5,East Asia,3,Both,27,Age-standardized,559,Schizophrenia,2,Percent,2005,5.36976583763e-05,6.24789963599e-05,4.57904355522e-05
6,Incidence,5,East Asia,1,Male,27,Age-standardized,559,Schizophrenia,3,Rate,2005,18.81628693223,21.60838949711,16.304576857700003
6,Incidence,5,East Asia,2,Female,27,Age-standardized,559,Schizophrenia,3,Rate,2005,17.34313400445,19.977295805940003,14.99052623599
6,Incidence,5,East Asia,3,Both,27,Age-standardized,559,Schizophrenia,3,Rate,2005,18.09704923562,20.767001628070002,15.673374409680001
6,Incidence,21,Oceania,1,Male,22,All ages,559,Schizophrenia,1,Number,2005,924.0458794368632,1173.248943699641,704.7430355463471
6,Incidence,21,Oceania,2,Female,22,All ages,559,Schizophrenia,1,Number,2005,743.2696495258695,963.0939475432835,567.5754170414752
6,Incidence,21,Oceania,3,Both,22,All ages,559,Schizophrenia,1,Number,2005,1667.3155289627327,2126.49640733556,1271.8695263736051
6,Incidence,21,Oceania,1,Male,22,All ages,559,Schizophrenia,2,Percent,2005,3.48825482138e-05,4.47556527572e-05,2.61130945244e-05
6,Incidence,21,Oceania,2,Female,22,All ages,559,Schizophrenia,2,Percent,2005,2.89537013933e-05,3.74479827626e-05,2.15586185893e-05
6,Incidence,21,Oceania,3,Both,22,All ages,559,Schizophrenia,2,Percent,2005,3.19630970599e-05,4.10438834299e-05,2.39168633821e-05
6,Incidence,21,Oceania,1,Male,22,All ages,559,Schizophrenia,3,Rate,2005,18.9457094682,24.05511903235,14.44934401886
6,Incidence,21,Oceania,2,Female,22,All ages,559,Schizophrenia,3,Rate,2005,16.317817785520003,21.14386287181,12.46060866434
6,Incidence,21,Oceania,3,Both,22,All ages,559,Schizophrenia,3,Rate,2005,17.6766718801,22.54485044595,13.484202540830001
6,Incidence,21,Oceania,1,Male,27,Age-standardized,559,Schizophrenia,2,Percent,2005,3.59677750914e-05,4.54451463505e-05,2.77244197064e-05
6,Incidence,21,Oceania,2,Female,27,Age-standardized,559,Schizophrenia,2,Percent,2005,2.85491927887e-05,3.67238563014e-05,2.18155105037e-05
6,Incidence,21,Oceania,3,Both,27,Age-standardized,559,Schizophrenia,2,Percent,2005,3.22300373279e-05,4.07992435808e-05,2.46869113015e-05
6,Incidence,21,Oceania,1,Male,27,Age-standardized,559,Schizophrenia,3,Rate,2005,18.36879145579,22.87924098691,14.390306062509998
6,Incidence,21,Oceania,2,Female,27,Age-standardized,559,Schizophrenia,3,Rate,2005,15.34137153866,19.52155734938,12.06794317192
6,Incidence,21,Oceania,3,Both,27,Age-standardized,559,Schizophrenia,3,Rate,2005,16.8858260815,21.2672980532,13.29752518829
6,Incidence,9,Southeast Asia,1,Male,22,All ages,559,Schizophrenia,1,Number,2005,59378.226857296366,72232.85132813403,47987.31015783948
6,Incidence,9,Southeast Asia,2,Female,22,All ages,559,Schizophrenia,1,Number,2005,49827.02348960668,60971.20802166278,40035.7113647228
6,Incidence,9,Southeast Asia,3,Both,22,All ages,559,Schizophrenia,1,Number,2005,109205.25034690302,132965.5760792275,87950.86747605895
6,Incidence,9,Southeast Asia,1,Male,22,All ages,559,Schizophrenia,2,Percent,2005,4.2900239813e-05,5.27228808157e-05,3.3949037027e-05
6,Incidence,9,Southeast Asia,2,Female,22,All ages,559,Schizophrenia,2,Percent,2005,3.56074430413e-05,4.40814134244e-05,2.81079790606e-05
6,Incidence,9,Southeast Asia,3,Both,22,All ages,559,Schizophrenia,2,Percent,2005,3.92335426109e-05,4.83713401864e-05,3.10140608606e-05
6,Incidence,9,Southeast Asia,1,Male,22,All ages,559,Schizophrenia,3,Rate,2005,20.59133665767,25.049096919249997,16.64116480155
6,Incidence,9,Southeast Asia,2,Female,22,All ages,559,Schizophrenia,3,Rate,2005,17.16135453546,20.99961916315,13.78904435166
6,Incidence,9,Southeast Asia,3,Both,22,All ages,559,Schizophrenia,3,Rate,2005,18.8704801104,22.9762236779,15.197759174829999
6,Incidence,9,Southeast Asia,1,Male,27,Age-standardized,559,Schizophrenia,2,Percent,2005,3.91389660071e-05,4.7872507622e-05,3.11417485785e-05
6,Incidence,9,Southeast Asia,2,Female,27,Age-standardized,559,Schizophrenia,2,Percent,2005,3.2120649951e-05,3.94553813552e-05,2.55307389925e-05
6,Incidence,9,Southeast Asia,3,Both,27,Age-standardized,559,Schizophrenia,2,Percent,2005,3.5576576217e-05,4.35499178807e-05,2.82534691562e-05
6,Incidence,9,Southeast Asia,1,Male,27,Age-standardized,559,Schizophrenia,3,Rate,2005,18.67135609796,22.62574241886,15.2571784972
6,Incidence,9,Southeast Asia,2,Female,27,Age-standardized,559,Schizophrenia,3,Rate,2005,15.517195063349998,18.83940126264,12.613072806239998
6,Incidence,9,Southeast Asia,3,Both,27,Age-standardized,559,Schizophrenia,3,Rate,2005,17.085383929,20.7032212361,13.951535922829999
6,Incidence,32,Central Asia,1,Male,22,All ages,559,Schizophrenia,1,Number,2005,5440.283470043199,6910.203042578932,4121.195327199599
6,Incidence,32,Central Asia,2,Female,22,All ages,559,Schizophrenia,1,Number,2005,5217.805883873184,6687.111491096242,3945.585200759921
6,Incidence,32,Central Asia,3,Both,22,All ages,559,Schizophrenia,1,Number,2005,10658.089353916384,13588.544416331166,8077.874570089769
6,Incidence,32,Central Asia,1,Male,22,All ages,559,Schizophrenia,2,Percent,2005,4.52383251502e-05,5.83605012322e-05,3.37986301649e-05
6,Incidence,32,Central Asia,2,Female,22,All ages,559,Schizophrenia,2,Percent,2005,3.97076822224e-05,5.11456676609e-05,2.96764534451e-05
6,Incidence,32,Central Asia,3,Both,22,All ages,559,Schizophrenia,2,Percent,2005,4.23497518406e-05,5.43353935517e-05,3.15968804534e-05
6,Incidence,32,Central Asia,1,Male,22,All ages,559,Schizophrenia,3,Rate,2005,14.311357380130001,18.1781677106,10.84132830314
6,Incidence,32,Central Asia,2,Female,22,All ages,559,Schizophrenia,3,Rate,2005,13.2871799326,17.0287771506,10.04746088082
6,Incidence,32,Central Asia,3,Both,22,All ages,559,Schizophrenia,3,Rate,2005,13.790948047919999,17.58278654548,10.45230011069
6,Incidence,32,Central Asia,1,Male,27,Age-standardized,559,Schizophrenia,2,Percent,2005,4.00663024452e-05,5.13398825545e-05,3.01784457871e-05
6,Incidence,32,Central Asia,2,Female,27,Age-standardized,559,Schizophrenia,2,Percent,2005,3.58929460877e-05,4.60042019013e-05,2.6861141638e-05
6,Incidence,32,Central Asia,3,Both,27,Age-standardized,559,Schizophrenia,2,Percent,2005,3.78829227637e-05,4.86683231293e-05,2.83653291539e-05
6,Incidence,32,Central Asia,1,Male,27,Age-standardized,559,Schizophrenia,3,Rate,2005,12.781877116959999,16.19217274568,9.80192709842
6,Incidence,32,Central Asia,2,Female,27,Age-standardized,559,Schizophrenia,3,Rate,2005,12.06030210864,15.343251664270001,9.21870985441
6,Incidence,32,Central Asia,3,Both,27,Age-standardized,559,Schizophrenia,3,Rate,2005,12.41139438452,15.76349209267,9.49395853044
6,Incidence,56,Eastern Europe,1,Male,22,All ages,559,Schizophrenia,1,Number,2005,12621.820396021069,15182.519971917613,10480.031174687774
6,Incidence,56,Eastern Europe,2,Female,22,All ages,559,Schizophrenia,1,Number,2005,12837.430317004477,15442.18942437118,10607.86724200338
6,Incidence,56,Eastern Europe,3,Both,22,All ages,559,Schizophrenia,1,Number,2005,25459.250713025525,30656.1510084385,21112.268451871914
6,Incidence,56,Eastern Europe,1,Male,22,All ages,559,Schizophrenia,2,Percent,2005,3.162852039e-05,3.81426612358e-05,2.5592011386e-05
6,Incidence,56,Eastern Europe,2,Female,22,All ages,559,Schizophrenia,2,Percent,2005,2.61161950621e-05,3.15160053403e-05,2.10642579595e-05
6,Incidence,56,Eastern Europe,3,Both,22,All ages,559,Schizophrenia,2,Percent,2005,2.85855477439e-05,3.44048750419e-05,2.31023360801e-05
6,Incidence,56,Eastern Europe,1,Male,22,All ages,559,Schizophrenia,3,Rate,2005,12.624950062649999,15.186284581499999,10.48262977004
6,Incidence,56,Eastern Europe,2,Female,22,All ages,559,Schizophrenia,3,Rate,2005,11.16015116727,13.424584521509999,9.22189247067
6,Incidence,56,Eastern Europe,3,Both,22,All ages,559,Schizophrenia,3,Rate,2005,11.84127018017,14.25838375477,9.81945924776
6,Incidence,56,Eastern Europe,1,Male,27,Age-standardized,559,Schizophrenia,2,Percent,2005,2.71406310357e-05,3.27082959172e-05,2.19317447834e-05
6,Incidence,56,Eastern Europe,2,Female,27,Age-standardized,559,Schizophrenia,2,Percent,2005,2.53188276675e-05,3.04648555993e-05,2.0526214735e-05
6,Incidence,56,Eastern Europe,3,Both,27,Age-standardized,559,Schizophrenia,2,Percent,2005,2.61441088192e-05,3.13761117639e-05,2.10843698571e-05
6,Incidence,56,Eastern Europe,1,Male,27,Age-standardized,559,Schizophrenia,3,Rate,2005,11.17238433991,13.48129114517,9.252056029050001
6,Incidence,56,Eastern Europe,2,Female,27,Age-standardized,559,Schizophrenia,3,Rate,2005,11.189434425670001,13.509688069909998,9.17138896669
6,Incidence,56,Eastern Europe,3,Both,27,Age-standardized,559,Schizophrenia,3,Rate,2005,11.16972639045,13.509693023279999,9.21243736352
6,Incidence,73,Western Europe,1,Male,22,All ages,559,Schizophrenia,1,Number,2005,30279.11752103392,36550.063241477896,25252.636908395863
6,Incidence,73,Western Europe,2,Female,22,All ages,559,Schizophrenia,1,Number,2005,25608.14624390646,30984.01145471241,21447.40318694811
6,Incidence,73,Western Europe,3,Both,22,All ages,559,Schizophrenia,1,Number,2005,55887.26376494042,67650.39904263768,46877.07860790112
6,Incidence,73,Western Europe,1,Male,22,All ages,559,Schizophrenia,2,Percent,2005,3.87639295125e-05,4.71241885507e-05,3.18918838255e-05
6,Incidence,73,Western Europe,2,Female,22,All ages,559,Schizophrenia,2,Percent,2005,2.69350088875e-05,3.22709029147e-05,2.22217814517e-05
6,Incidence,73,Western Europe,3,Both,22,All ages,559,Schizophrenia,2,Percent,2005,3.22698179346e-05,3.89309408075e-05,2.66411232164e-05
6,Incidence,73,Western Europe,1,Male,22,All ages,559,Schizophrenia,3,Rate,2005,15.08428150826,18.20830619308,12.580217494369998
6,Incidence,73,Western Europe,2,Female,22,All ages,559,Schizophrenia,3,Rate,2005,12.22793376733,14.79491862885,10.241171819049999
6,Incidence,73,Western Europe,3,Both,22,All ages,559,Schizophrenia,3,Rate,2005,13.62584738939,16.49381184707,11.42907840073
6,Incidence,73,Western Europe,1,Male,27,Age-standardized,559,Schizophrenia,2,Percent,2005,3.73095329243e-05,4.53884197473e-05,3.04900385186e-05
6,Incidence,73,Western Europe,2,Female,27,Age-standardized,559,Schizophrenia,2,Percent,2005,2.73502418549e-05,3.2892443256e-05,2.23157691475e-05
6,Incidence,73,Western Europe,3,Both,27,Age-standardized,559,Schizophrenia,2,Percent,2005,3.20187525052e-05,3.86745096071e-05,2.61094536456e-05
6,Incidence,73,Western Europe,1,Male,27,Age-standardized,559,Schizophrenia,3,Rate,2005,15.34554031649,18.49754479554,12.79891535994
6,Incidence,73,Western Europe,2,Female,27,Age-standardized,559,Schizophrenia,3,Rate,2005,12.99520572384,15.607231676389999,10.79245558682
6,Incidence,73,Western Europe,3,Both,27,Age-standardized,559,Schizophrenia,3,Rate,2005,14.18621099118,17.00736237801,11.7977768925
6,Incidence,96,Southern Latin America,1,Male,22,All ages,559,Schizophrenia,1,Number,2005,4741.667577529211,6001.13824451901,3617.124948976608
6,Incidence,96,Southern Latin America,2,Female,22,All ages,559,Schizophrenia,1,Number,2005,4406.441154831674,5616.0972604316285,3443.4972141364715
6,Incidence,96,Southern Latin America,3,Both,22,All ages,559,Schizophrenia,1,Number,2005,9148.108732360895,11614.46532976214,7080.994998667996
6,Incidence,96,Southern Latin America,1,Male,22,All ages,559,Schizophrenia,2,Percent,2005,3.60219738433e-05,4.66348506958e-05,2.70141297104e-05
6,Incidence,96,Southern Latin America,2,Female,22,All ages,559,Schizophrenia,2,Percent,2005,2.88224601742e-05,3.68324880379e-05,2.21478232831e-05
6,Incidence,96,Southern Latin America,3,Both,22,All ages,559,Schizophrenia,2,Percent,2005,3.2151913994e-05,4.13297923291e-05,2.43172197553e-05
6,Incidence,96,Southern Latin America,1,Male,22,All ages,559,Schizophrenia,3,Rate,2005,16.697519853150002,21.13267607671,12.7375052467
6,Incidence,96,Southern Latin America,2,Female,22,All ages,559,Schizophrenia,3,Rate,2005,14.836110868670001,18.90891961956,11.59396089719
6,Incidence,96,Southern Latin America,3,Both,22,All ages,559,Schizophrenia,3,Rate,2005,15.74593639191,19.99108642659,12.187972410739999
6,Incidence,96,Southern Latin America,1,Male,27,Age-standardized,559,Schizophrenia,2,Percent,2005,3.38621386408e-05,4.37796680611e-05,2.52748680849e-05
6,Incidence,96,Southern Latin America,2,Female,27,Age-standardized,559,Schizophrenia,2,Percent,2005,2.78840692426e-05,3.56486027174e-05,2.13564942775e-05
6,Incidence,96,Southern Latin America,3,Both,27,Age-standardized,559,Schizophrenia,2,Percent,2005,3.06794611385e-05,3.9582439852e-05,2.3171890424e-05
6,Incidence,96,Southern Latin America,1,Male,27,Age-standardized,559,Schizophrenia,3,Rate,2005,15.90313320859,20.2528437144,12.17455237611
6,Incidence,96,Southern Latin America,2,Female,27,Age-standardized,559,Schizophrenia,3,Rate,2005,14.59720522101,18.69616921344,11.40038448844
6,Incidence,96,Southern Latin America,3,Both,27,Age-standardized,559,Schizophrenia,3,Rate,2005,15.25062351945,19.40710293429,11.80075809513
6,Incidence,100,High-income North America,1,Male,22,All ages,559,Schizophrenia,1,Number,2005,28058.62480004336,33303.35589228916,23399.80489302097
6,Incidence,100,High-income North America,2,Female,22,All ages,559,Schizophrenia,1,Number,2005,24698.895199153536,29356.78275760015,20621.51702129689
6,Incidence,100,High-income North America,3,Both,22,All ages,559,Schizophrenia,1,Number,2005,52757.51999919687,62762.11533436363,44053.73900269456
6,Incidence,100,High-income North America,1,Male,22,All ages,559,Schizophrenia,2,Percent,2005,3.73794672941e-05,4.48247767735e-05,3.07109108994e-05
6,Incidence,100,High-income North America,2,Female,22,All ages,559,Schizophrenia,2,Percent,2005,2.88695085936e-05,3.4392175743e-05,2.37948561092e-05
6,Incidence,100,High-income North America,3,Both,22,All ages,559,Schizophrenia,2,Percent,2005,3.28462951137e-05,3.92508494478e-05,2.70378388442e-05
6,Incidence,100,High-income North America,1,Male,22,All ages,559,Schizophrenia,3,Rate,2005,17.44723183335,20.70847645678,14.55031469764
6,Incidence,100,High-income North America,2,Female,22,All ages,559,Schizophrenia,3,Rate,2005,14.8818008339,17.68831320592,12.42506220336
6,Incidence,100,High-income North America,3,Both,22,All ages,559,Schizophrenia,3,Rate,2005,16.14431240996,19.20581554029,13.48087107387
6,Incidence,100,High-income North America,1,Male,27,Age-standardized,559,Schizophrenia,2,Percent,2005,3.78739142426e-05,4.56553249414e-05,3.09210917084e-05
6,Incidence,100,High-income North America,2,Female,27,Age-standardized,559,Schizophrenia,2,Percent,2005,3.07239685741e-05,3.6935474481e-05,2.5311083537e-05
6,Incidence,100,High-income North America,3,Both,27,Age-standardized,559,Schizophrenia,2,Percent,2005,3.41672922202e-05,4.10210619045e-05,2.80000391211e-05
6,Incidence,100,High-income North America,1,Male,27,Age-standardized,559,Schizophrenia,3,Rate,2005,18.21760904869,21.80886292449,15.10581727567
6,Incidence,100,High-income North America,2,Female,27,Age-standardized,559,Schizophrenia,3,Rate,2005,16.37235868284,19.489367515319998,13.58611243211
6,Incidence,100,High-income North America,3,Both,27,Age-standardized,559,Schizophrenia,3,Rate,2005,17.31183154681,20.65466730681,14.38124430981
6,Incidence,70,Australasia,1,Male,22,All ages,559,Schizophrenia,1,Number,2005,2605.780320936008,2898.2862933319398,2317.3448714712063
6,Incidence,70,Australasia,2,Female,22,All ages,559,Schizophrenia,1,Number,2005,2029.760077373086,2347.703731771162,1746.774805398547
6,Incidence,70,Australasia,3,Both,22,All ages,559,Schizophrenia,1,Number,2005,4635.540398309091,5239.075595823596,4077.0774584678784
6,Incidence,70,Australasia,1,Male,22,All ages,559,Schizophrenia,2,Percent,2005,5.06358098887e-05,5.78617724702e-05,4.43450196058e-05
6,Incidence,70,Australasia,2,Female,22,All ages,559,Schizophrenia,2,Percent,2005,3.38063679736e-05,3.96182652985e-05,2.88903455837e-05
6,Incidence,70,Australasia,3,Both,22,All ages,559,Schizophrenia,2,Percent,2005,4.15718822909e-05,4.70857352434e-05,3.61528591319e-05
6,Incidence,70,Australasia,1,Male,22,All ages,559,Schizophrenia,3,Rate,2005,21.798190757369998,24.245097326099998,19.3853354226
6,Incidence,70,Australasia,2,Female,22,All ages,559,Schizophrenia,3,Rate,2005,16.54720370587,19.13917429144,14.2402241799
6,Incidence,70,Australasia,3,Both,22,All ages,559,Schizophrenia,3,Rate,2005,19.13883645691,21.63066274872,16.83310078114
6,Incidence,70,Australasia,1,Male,27,Age-standardized,559,Schizophrenia,2,Percent,2005,5.23970134276e-05,5.98821682437e-05,4.55653901034e-05
6,Incidence,70,Australasia,2,Female,27,Age-standardized,559,Schizophrenia,2,Percent,2005,3.41921484734e-05,3.92596504528e-05,2.94967069588e-05
6,Incidence,70,Australasia,3,Both,27,Age-standardized,559,Schizophrenia,2,Percent,2005,4.28787825463e-05,4.84624563539e-05,3.74814535777e-05
6,Incidence,70,Australasia,1,Male,27,Age-standardized,559,Schizophrenia,3,Rate,2005,23.16372170109,25.779997783450003,20.619058827950003
6,Incidence,70,Australasia,2,Female,27,Age-standardized,559,Schizophrenia,3,Rate,2005,17.105528530930002,19.64069578441,14.750730262020001
6,Incidence,70,Australasia,3,Both,27,Age-standardized,559,Schizophrenia,3,Rate,2005,20.21651680486,22.48482453882,18.06256162115
6,Incidence,104,Caribbean,1,Male,22,All ages,559,Schizophrenia,1,Number,2005,3067.425541474486,3810.892258637315,2414.692834994442
6,Incidence,104,Caribbean,2,Female,22,All ages,559,Schizophrenia,1,Number,2005,2374.127843583732,2999.4580470313,1843.1822499092643
6,Incidence,104,Caribbean,3,Both,22,All ages,559,Schizophrenia,1,Number,2005,5441.553385058224,6794.366258704995,4252.810856524512
6,Incidence,104,Caribbean,1,Male,22,All ages,559,Schizophrenia,2,Percent,2005,3.36999013042e-05,4.20982098484e-05,2.62052983819e-05
6,Incidence,104,Caribbean,2,Female,22,All ages,559,Schizophrenia,2,Percent,2005,2.39254078648e-05,3.03388988523e-05,1.84458974237e-05
6,Incidence,104,Caribbean,3,Both,22,All ages,559,Schizophrenia,2,Percent,2005,2.86013977532e-05,3.5863421939e-05,2.21374338688e-05
6,Incidence,104,Caribbean,1,Male,22,All ages,559,Schizophrenia,3,Rate,2005,14.70053477774,18.26357426606,11.57233501464
6,Incidence,104,Caribbean,2,Female,22,All ages,559,Schizophrenia,3,Rate,2005,11.134364670090001,14.067085645179999,8.64429579031
6,Incidence,104,Caribbean,3,Both,22,All ages,559,Schizophrenia,3,Rate,2005,12.89815825168,16.10474161024,10.08047216674
6,Incidence,104,Caribbean,1,Male,27,Age-standardized,559,Schizophrenia,2,Percent,2005,3.20184471938e-05,4.00648581335e-05,2.49682362444e-05
6,Incidence,104,Caribbean,2,Female,27,Age-standardized,559,Schizophrenia,2,Percent,2005,2.25663564971e-05,2.86053909058e-05,1.74356973578e-05
6,Incidence,104,Caribbean,3,Both,27,Age-standardized,559,Schizophrenia,2,Percent,2005,2.70606011018e-05,3.41380284287e-05,2.10263184735e-05
6,Incidence,104,Caribbean,1,Male,27,Age-standardized,559,Schizophrenia,3,Rate,2005,14.00794823378,17.46836231216,11.040353304549999
6,Incidence,104,Caribbean,2,Female,27,Age-standardized,559,Schizophrenia,3,Rate,2005,10.560983641249999,13.362614266689999,8.20452929799
6,Incidence,104,Caribbean,3,Both,27,Age-standardized,559,Schizophrenia,3,Rate,2005,12.26049574946,15.360796659079998,9.5924302751
6,Incidence,138,North Africa and Middle East,1,Male,22,All ages,559,Schizophrenia,1,Number,2005,40219.72149590965,50918.232431568096,30765.296479818848
6,Incidence,138,North Africa and Middle East,2,Female,22,All ages,559,Schizophrenia,1,Number,2005,34230.87543800912,43275.673270544416,25933.52085758785
6,Incidence,138,North Africa and Middle East,3,Both,22,All ages,559,Schizophrenia,1,Number,2005,74450.59693391882,94059.03836961802,56668.56520045332
6,Incidence,138,North Africa and Middle East,1,Male,22,All ages,559,Schizophrenia,2,Percent,2005,4.19568138554e-05,5.23457949582e-05,3.19932569641e-05
6,Incidence,138,North Africa and Middle East,2,Female,22,All ages,559,Schizophrenia,2,Percent,2005,3.44310989172e-05,4.33723679426e-05,2.62864619637e-05
6,Incidence,138,North Africa and Middle East,3,Both,22,All ages,559,Schizophrenia,2,Percent,2005,3.81248648208e-05,4.76902686878e-05,2.90772168891e-05
6,Incidence,138,North Africa and Middle East,1,Male,22,All ages,559,Schizophrenia,3,Rate,2005,16.85576031467,21.339419806789998,12.893487179580001
6,Incidence,138,North Africa and Middle East,2,Female,22,All ages,559,Schizophrenia,3,Rate,2005,15.144210275130002,19.14575328329,11.47334644576
6,Incidence,138,North Africa and Middle East,3,Both,22,All ages,559,Schizophrenia,3,Rate,2005,16.023151998779998,20.24325298552,12.19612832071
6,Incidence,138,North Africa and Middle East,1,Male,27,Age-standardized,559,Schizophrenia,2,Percent,2005,3.76894348991e-05,4.69240238473e-05,2.9298477005e-05
6,Incidence,138,North Africa and Middle East,2,Female,27,Age-standardized,559,Schizophrenia,2,Percent,2005,3.07264975725e-05,3.85156194008e-05,2.39645339719e-05
6,Incidence,138,North Africa and Middle East,3,Both,27,Age-standardized,559,Schizophrenia,2,Percent,2005,3.41444404508e-05,4.26494962745e-05,2.66201123008e-05
6,Incidence,138,North Africa and Middle East,1,Male,27,Age-standardized,559,Schizophrenia,3,Rate,2005,14.87699269355,18.51615891217,11.83041991356
6,Incidence,138,North Africa and Middle East,2,Female,27,Age-standardized,559,Schizophrenia,3,Rate,2005,13.33048444499,16.6499998679,10.49065270089
6,Incidence,138,North Africa and Middle East,3,Both,27,Age-standardized,559,Schizophrenia,3,Rate,2005,14.12580617325,17.63662768542,11.18006374613
6,Incidence,65,High-income Asia Pacific,1,Male,22,All ages,559,Schizophrenia,1,Number,2005,13651.24876341068,16658.147790679155,11193.237405156771
6,Incidence,65,High-income Asia Pacific,2,Female,22,All ages,559,Schizophrenia,1,Number,2005,12500.801940460004,15266.800768163124,10298.590462924614
6,Incidence,65,High-income Asia Pacific,3,Both,22,All ages,559,Schizophrenia,1,Number,2005,26152.050703870693,31942.872961287685,21540.936862960712
6,Incidence,65,High-income Asia Pacific,1,Male,22,All ages,559,Schizophrenia,2,Percent,2005,3.66094415164e-05,4.52788497929e-05,2.95007425587e-05
6,Incidence,65,High-income Asia Pacific,2,Female,22,All ages,559,Schizophrenia,2,Percent,2005,3.04733552441e-05,3.75716645546e-05,2.46805482529e-05
6,Incidence,65,High-income Asia Pacific,3,Both,22,All ages,559,Schizophrenia,2,Percent,2005,3.33947009331e-05,4.11309535904e-05,2.69449377589e-05
6,Incidence,65,High-income Asia Pacific,1,Male,22,All ages,559,Schizophrenia,3,Rate,2005,15.22852644506,18.582845317129998,12.48651422185
6,Incidence,65,High-income Asia Pacific,2,Female,22,All ages,559,Schizophrenia,3,Rate,2005,13.50266361859,16.49034008269,11.12395856112
6,Incidence,65,High-income Asia Pacific,3,Both,22,All ages,559,Schizophrenia,3,Rate,2005,14.35168352483,17.529562358430002,11.82120332306
6,Incidence,65,High-income Asia Pacific,1,Male,27,Age-standardized,559,Schizophrenia,2,Percent,2005,3.48455839871e-05,4.28279985538e-05,2.7720586216e-05
6,Incidence,65,High-income Asia Pacific,2,Female,27,Age-standardized,559,Schizophrenia,2,Percent,2005,3.00149355634e-05,3.70406431544e-05,2.38571330442e-05
6,Incidence,65,High-income Asia Pacific,3,Both,27,Age-standardized,559,Schizophrenia,2,Percent,2005,3.2419871457e-05,3.98990475513e-05,2.58253922933e-05
6,Incidence,65,High-income Asia Pacific,1,Male,27,Age-standardized,559,Schizophrenia,3,Rate,2005,15.599385471939998,19.15968474319,12.76911432328
6,Incidence,65,High-income Asia Pacific,2,Female,27,Age-standardized,559,Schizophrenia,3,Rate,2005,14.445219445709998,17.72275612074,11.73937205018
6,Incidence,65,High-income Asia Pacific,3,Both,27,Age-standardized,559,Schizophrenia,3,Rate,2005,15.04204308146,18.45710293432,12.28639780593
6,Incidence,124,Central Latin America,1,Male,22,All ages,559,Schizophrenia,1,Number,2005,17024.83797446743,21058.94756419518,13405.850781823405
6,Incidence,124,Central Latin America,2,Female,22,All ages,559,Schizophrenia,1,Number,2005,14174.13857973414,17657.806912230873,11218.18941303644
6,Incidence,124,Central Latin America,3,Both,22,All ages,559,Schizophrenia,1,Number,2005,31198.97655420156,38649.86466935667,24540.48196230168
6,Incidence,124,Central Latin America,1,Male,22,All ages,559,Schizophrenia,2,Percent,2005,3.66091776477e-05,4.51692738789e-05,2.86312946675e-05
6,Incidence,124,Central Latin America,2,Female,22,All ages,559,Schizophrenia,2,Percent,2005,2.78311107779e-05,3.44691312772e-05,2.16055060398e-05
6,Incidence,124,Central Latin America,3,Both,22,All ages,559,Schizophrenia,2,Percent,2005,3.20204946348e-05,3.95799422511e-05,2.50502415265e-05
6,Incidence,124,Central Latin America,1,Male,22,All ages,559,Schizophrenia,3,Rate,2005,16.2239789731,20.068321530549998,12.775231196150001
6,Incidence,124,Central Latin America,2,Female,22,All ages,559,Schizophrenia,3,Rate,2005,12.99709628725,16.19147543739,10.28661369081
6,Incidence,124,Central Latin America,3,Both,22,All ages,559,Schizophrenia,3,Rate,2005,14.579474572330001,18.06132063953,11.46791889601
6,Incidence,124,Central Latin America,1,Male,27,Age-standardized,559,Schizophrenia,2,Percent,2005,3.50889941776e-05,4.33646069948e-05,2.75779982048e-05
6,Incidence,124,Central Latin America,2,Female,27,Age-standardized,559,Schizophrenia,2,Percent,2005,2.58083634462e-05,3.16731251644e-05,2.02844349576e-05
6,Incidence,124,Central Latin America,3,Both,27,Age-standardized,559,Schizophrenia,2,Percent,2005,3.01561553804e-05,3.70722729258e-05,2.36831889867e-05
6,Incidence,124,Central Latin America,1,Male,27,Age-standardized,559,Schizophrenia,3,Rate,2005,15.30557919361,18.913743248310002,12.28712215037
6,Incidence,124,Central Latin America,2,Female,27,Age-standardized,559,Schizophrenia,3,Rate,2005,11.98090759825,14.81369457647,9.59062596349
6,Incidence,124,Central Latin America,3,Both,27,Age-standardized,559,Schizophrenia,3,Rate,2005,13.590786785239999,16.77714570349,10.9063574313
6,Incidence,167,Central Sub-Saharan Africa,1,Male,22,All ages,559,Schizophrenia,1,Number,2005,5438.329728017897,7003.17179207584,4146.386362020057
6,Incidence,167,Central Sub-Saharan Africa,2,Female,22,All ages,559,Schizophrenia,1,Number,2005,5698.307589129135,7426.78050337976,4301.879214828114
6,Incidence,167,Central Sub-Saharan Africa,3,Both,22,All ages,559,Schizophrenia,1,Number,2005,11136.63731714703,14386.95626325178,8454.473579661393
6,Incidence,167,Central Sub-Saharan Africa,1,Male,22,All ages,559,Schizophrenia,2,Percent,2005,2.01705442636e-05,2.61705991589e-05,1.53216497172e-05
6,Incidence,167,Central Sub-Saharan Africa,2,Female,22,All ages,559,Schizophrenia,2,Percent,2005,2.14859752295e-05,2.80055929582e-05,1.61947085105e-05
6,Incidence,167,Central Sub-Saharan Africa,3,Both,22,All ages,559,Schizophrenia,2,Percent,2005,2.08219147602e-05,2.68145516352e-05,1.58707493372e-05
6,Incidence,167,Central Sub-Saharan Africa,1,Male,22,All ages,559,Schizophrenia,3,Rate,2005,12.754954752309999,16.42510546398,9.72485543874
6,Incidence,167,Central Sub-Saharan Africa,2,Female,22,All ages,559,Schizophrenia,3,Rate,2005,13.248940710950002,17.267754157429998,10.00215270437
6,Incidence,167,Central Sub-Saharan Africa,3,Both,22,All ages,559,Schizophrenia,3,Rate,2005,13.003022075079999,16.798060721280002,9.87135555005
6,Incidence,167,Central Sub-Saharan Africa,1,Male,27,Age-standardized,559,Schizophrenia,2,Percent,2005,2.39323810284e-05,3.05789650886e-05,1.87487339668e-05
6,Incidence,167,Central Sub-Saharan Africa,2,Female,27,Age-standardized,559,Schizophrenia,2,Percent,2005,2.48722765402e-05,3.18645051117e-05,1.91166804332e-05
6,Incidence,167,Central Sub-Saharan Africa,3,Both,27,Age-standardized,559,Schizophrenia,2,Percent,2005,2.43983722054e-05,3.13964463382e-05,1.89035096101e-05
6,Incidence,167,Central Sub-Saharan Africa,1,Male,27,Age-standardized,559,Schizophrenia,3,Rate,2005,13.60864319691,17.16255929743,10.74202014336
6,Incidence,167,Central Sub-Saharan Africa,2,Female,27,Age-standardized,559,Schizophrenia,3,Rate,2005,13.999489551359998,18.0507885859,10.84469264956
6,Incidence,167,Central Sub-Saharan Africa,3,Both,27,Age-standardized,559,Schizophrenia,3,Rate,2005,13.79851680588,17.557443093499998,10.828111294160001
6,Incidence,120,Andean Latin America,1,Male,22,All ages,559,Schizophrenia,1,Number,2005,3980.7892851507336,5052.013739422977,2998.8971808687097
6,Incidence,120,Andean Latin America,2,Female,22,All ages,559,Schizophrenia,1,Number,2005,3132.220047195806,4053.990854726032,2364.665266153728
6,Incidence,120,Andean Latin America,3,Both,22,All ages,559,Schizophrenia,1,Number,2005,7113.009332346538,9088.284198118172,5345.035871242449
6,Incidence,120,Andean Latin America,1,Male,22,All ages,559,Schizophrenia,2,Percent,2005,3.37615190149e-05,4.31339766423e-05,2.53799002886e-05
6,Incidence,120,Andean Latin America,2,Female,22,All ages,559,Schizophrenia,2,Percent,2005,2.4232676769e-05,3.13504080875e-05,1.8207543811e-05
6,Incidence,120,Andean Latin America,3,Both,22,All ages,559,Schizophrenia,2,Percent,2005,2.8777901246e-05,3.65282732563e-05,2.16365852679e-05
6,Incidence,120,Andean Latin America,1,Male,22,All ages,559,Schizophrenia,3,Rate,2005,15.92205038262,20.20665037279,11.99475495581
6,Incidence,120,Andean Latin America,2,Female,22,All ages,559,Schizophrenia,3,Rate,2005,12.48080583319,16.15374141822,9.42236739522
6,Incidence,120,Andean Latin America,3,Both,22,All ages,559,Schizophrenia,3,Rate,2005,14.19818047586,18.140999573,10.66915287243
6,Incidence,120,Andean Latin America,1,Male,27,Age-standardized,559,Schizophrenia,2,Percent,2005,3.23966660964e-05,4.10525184181e-05,2.45208931009e-05
6,Incidence,120,Andean Latin America,2,Female,27,Age-standardized,559,Schizophrenia,2,Percent,2005,2.265599952e-05,2.89184405667e-05,1.71140639364e-05
6,Incidence,120,Andean Latin America,3,Both,27,Age-standardized,559,Schizophrenia,2,Percent,2005,2.72317171328e-05,3.4496119142e-05,2.05823701021e-05
6,Incidence,120,Andean Latin America,1,Male,27,Age-standardized,559,Schizophrenia,3,Rate,2005,15.02019474142,19.08320055794,11.60050962383
6,Incidence,120,Andean Latin America,2,Female,27,Age-standardized,559,Schizophrenia,3,Rate,2005,11.59280315966,14.773611535029998,8.8721726593
6,Incidence,120,Andean Latin America,3,Both,27,Age-standardized,559,Schizophrenia,3,Rate,2005,13.28975922051,16.8392279348,10.26849046181
6,Incidence,44634,High-middle SDI,1,Male,22,All ages,559,Schizophrenia,1,Number,2005,111683.95507367776,129991.02793083398,95864.47540438962
6,Incidence,44634,High-middle SDI,2,Female,22,All ages,559,Schizophrenia,1,Number,2005,98527.8878327241,114812.0756602112,84335.40436467872
6,Incidence,44634,High-middle SDI,3,Both,22,All ages,559,Schizophrenia,1,Number,2005,210211.84290640175,244590.75902646943,179955.71504873032
6,Incidence,44634,High-middle SDI,1,Male,22,All ages,559,Schizophrenia,2,Percent,2005,5.24618626032e-05,6.10920644742e-05,4.41522018303e-05
6,Incidence,44634,High-middle SDI,2,Female,22,All ages,559,Schizophrenia,2,Percent,2005,4.2317418012e-05,4.913384588e-05,3.56801926088e-05
6,Incidence,44634,High-middle SDI,3,Both,22,All ages,559,Schizophrenia,2,Percent,2005,4.71621262097e-05,5.47259913981e-05,3.96903955592e-05
6,Incidence,44634,High-middle SDI,1,Male,22,All ages,559,Schizophrenia,3,Rate,2005,18.866009239,21.95849826694,16.19373237166
6,Incidence,44634,High-middle SDI,2,Female,22,All ages,559,Schizophrenia,3,Rate,2005,16.488513844129997,19.21365149135,14.11342020016
6,Incidence,44634,High-middle SDI,3,Both,22,All ages,559,Schizophrenia,3,Rate,2005,17.67169561428,20.56179796448,15.12818010833
6,Incidence,44634,High-middle SDI,1,Male,27,Age-standardized,559,Schizophrenia,2,Percent,2005,4.46134021671e-05,5.23047547108e-05,3.76434840906e-05
6,Incidence,44634,High-middle SDI,2,Female,27,Age-standardized,559,Schizophrenia,2,Percent,2005,3.75429731855e-05,4.394010203e-05,3.16547881536e-05
6,Incidence,44634,High-middle SDI,3,Both,27,Age-standardized,559,Schizophrenia,2,Percent,2005,4.09649245968e-05,4.79236673827e-05,3.460816536e-05
6,Incidence,44634,High-middle SDI,1,Male,27,Age-standardized,559,Schizophrenia,3,Rate,2005,16.79107487804,19.522102556310003,14.43550121959
6,Incidence,44634,High-middle SDI,2,Female,27,Age-standardized,559,Schizophrenia,3,Rate,2005,15.199384576429999,17.71547445205,13.03684942143
6,Incidence,44634,High-middle SDI,3,Both,27,Age-standardized,559,Schizophrenia,3,Rate,2005,16.000954958599998,18.61535707888,13.74663136629
6,Incidence,159,South Asia,1,Male,22,All ages,559,Schizophrenia,1,Number,2005,136427.7604949798,166721.05506448122,109696.65478754166
6,Incidence,159,South Asia,2,Female,22,All ages,559,Schizophrenia,1,Number,2005,99301.1993605266,121826.28967756734,79569.8518545061
6,Incidence,159,South Asia,3,Both,22,All ages,559,Schizophrenia,1,Number,2005,235728.95985550623,288820.0298029673,189058.79339394264
6,Incidence,159,South Asia,1,Male,22,All ages,559,Schizophrenia,2,Percent,2005,3.66917669672e-05,4.4746381025e-05,2.93625469758e-05
6,Incidence,159,South Asia,2,Female,22,All ages,559,Schizophrenia,2,Percent,2005,2.65582495813e-05,3.27991951556e-05,2.10148479581e-05
6,Incidence,159,South Asia,3,Both,22,All ages,559,Schizophrenia,2,Percent,2005,3.16104221264e-05,3.87873729443e-05,2.51557649579e-05
6,Incidence,159,South Asia,1,Male,22,All ages,559,Schizophrenia,3,Rate,2005,18.17894843424,22.2155186886,14.61703852322
6,Incidence,159,South Asia,2,Female,22,All ages,559,Schizophrenia,3,Rate,2005,14.10586500892,17.30558349543,11.303001336009999
6,Incidence,159,South Asia,3,Both,22,All ages,559,Schizophrenia,3,Rate,2005,16.20751722321,19.85778756377,12.99871535517
6,Incidence,159,South Asia,1,Male,27,Age-standardized,559,Schizophrenia,2,Percent,2005,3.47674490262e-05,4.23108130987e-05,2.80227852526e-05
6,Incidence,159,South Asia,2,Female,27,Age-standardized,559,Schizophrenia,2,Percent,2005,2.45845650343e-05,3.00448010666e-05,1.97073479663e-05
6,Incidence,159,South Asia,3,Both,27,Age-standardized,559,Schizophrenia,2,Percent,2005,2.95871135017e-05,3.59280815421e-05,2.3788124604e-05
6,Incidence,159,South Asia,1,Male,27,Age-standardized,559,Schizophrenia,3,Rate,2005,17.016658006129997,20.67186927401,13.90854801077
6,Incidence,159,South Asia,2,Female,27,Age-standardized,559,Schizophrenia,3,Rate,2005,12.99946292885,15.823748406150001,10.610696508450001
6,Incidence,159,South Asia,3,Both,27,Age-standardized,559,Schizophrenia,3,Rate,2005,15.050545928470001,18.34330847056,12.29916215841
6,Incidence,134,Tropical Latin America,1,Male,22,All ages,559,Schizophrenia,1,Number,2005,16426.71936610302,19938.63825086872,13398.603848168945
6,Incidence,134,Tropical Latin America,2,Female,22,All ages,559,Schizophrenia,1,Number,2005,13037.175788734388,15815.241816805716,10723.060976220951
6,Incidence,134,Tropical Latin America,3,Both,22,All ages,559,Schizophrenia,1,Number,2005,29463.89515483739,35747.92638096406,24138.180268949567
6,Incidence,134,Tropical Latin America,1,Male,22,All ages,559,Schizophrenia,2,Percent,2005,3.28941949316e-05,4.00313171327e-05,2.66037413031e-05
6,Incidence,134,Tropical Latin America,2,Female,22,All ages,559,Schizophrenia,2,Percent,2005,2.38197167541e-05,2.87206385208e-05,1.92864224702e-05
6,Incidence,134,Tropical Latin America,3,Both,22,All ages,559,Schizophrenia,2,Percent,2005,2.81487375921e-05,3.40501419305e-05,2.27321025181e-05
6,Incidence,134,Tropical Latin America,1,Male,22,All ages,559,Schizophrenia,3,Rate,2005,17.30956018205,21.0102243217,14.11870103192
6,Incidence,134,Tropical Latin America,2,Female,22,All ages,559,Schizophrenia,3,Rate,2005,13.34718320343,16.19130809894,10.978041691729999
6,Incidence,134,Tropical Latin America,3,Both,22,All ages,559,Schizophrenia,3,Rate,2005,15.299795716510001,18.56292143464,12.53429748994
6,Incidence,134,Tropical Latin America,1,Male,27,Age-standardized,559,Schizophrenia,2,Percent,2005,2.90697660426e-05,3.51250005675e-05,2.36316709715e-05
6,Incidence,134,Tropical Latin America,2,Female,27,Age-standardized,559,Schizophrenia,2,Percent,2005,2.13016514714e-05,2.55838257535e-05,1.7249975076e-05
6,Incidence,134,Tropical Latin America,3,Both,27,Age-standardized,559,Schizophrenia,2,Percent,2005,2.50139443772e-05,3.02039669261e-05,2.03419833459e-05
6,Incidence,134,Tropical Latin America,1,Male,27,Age-standardized,559,Schizophrenia,3,Rate,2005,15.43051793457,18.619186745940002,12.71793375935
6,Incidence,134,Tropical Latin America,2,Female,27,Age-standardized,559,Schizophrenia,3,Rate,2005,12.04036090205,14.58861382756,9.96071328895
6,Incidence,134,Tropical Latin America,3,Both,27,Age-standardized,559,Schizophrenia,3,Rate,2005,13.71820839599,16.545343198570002,11.325512147300001
6,Incidence,174,Eastern Sub-Saharan Africa,1,Male,22,All ages,559,Schizophrenia,1,Number,2005,18323.97403307348,22933.55533125584,14185.88259541058
6,Incidence,174,Eastern Sub-Saharan Africa,2,Female,22,All ages,559,Schizophrenia,1,Number,2005,20207.92928556977,25480.774783003893,15513.022320072325
6,Incidence,174,Eastern Sub-Saharan Africa,3,Both,22,All ages,559,Schizophrenia,1,Number,2005,38531.903318643206,48386.34623521052,29658.62990498729
6,Incidence,174,Eastern Sub-Saharan Africa,1,Male,22,All ages,559,Schizophrenia,2,Percent,2005,2.04758242725e-05,2.55559427111e-05,1.58042429489e-05
6,Incidence,174,Eastern Sub-Saharan Africa,2,Female,22,All ages,559,Schizophrenia,2,Percent,2005,2.22714270734e-05,2.79949445325e-05,1.70843482258e-05
6,Incidence,174,Eastern Sub-Saharan Africa,3,Both,22,All ages,559,Schizophrenia,2,Percent,2005,2.13795865226e-05,2.67638179667e-05,1.64258883504e-05
6,Incidence,174,Eastern Sub-Saharan Africa,1,Male,22,All ages,559,Schizophrenia,3,Rate,2005,12.90196912092,16.14759015609,9.988325614779999
6,Incidence,174,Eastern Sub-Saharan Africa,2,Female,22,All ages,559,Schizophrenia,3,Rate,2005,14.04212847145,17.706134458340003,10.77972162909
6,Incidence,174,Eastern Sub-Saharan Africa,3,Both,22,All ages,559,Schizophrenia,3,Rate,2005,13.47580635481,16.9222118796,10.37254635577
6,Incidence,174,Eastern Sub-Saharan Africa,1,Male,27,Age-standardized,559,Schizophrenia,2,Percent,2005,2.39971955869e-05,2.97359332128e-05,1.92125721145e-05
6,Incidence,174,Eastern Sub-Saharan Africa,2,Female,27,Age-standardized,559,Schizophrenia,2,Percent,2005,2.42651983092e-05,3.03471558835e-05,1.90702252888e-05
6,Incidence,174,Eastern Sub-Saharan Africa,3,Both,27,Age-standardized,559,Schizophrenia,2,Percent,2005,2.41412559964e-05,3.00696558202e-05,1.91668063477e-05
6,Incidence,174,Eastern Sub-Saharan Africa,1,Male,27,Age-standardized,559,Schizophrenia,3,Rate,2005,14.062789005499999,17.37685475704,11.46160309551
6,Incidence,174,Eastern Sub-Saharan Africa,2,Female,27,Age-standardized,559,Schizophrenia,3,Rate,2005,14.45579659645,17.94126497268,11.57319876381
6,Incidence,174,Eastern Sub-Saharan Africa,3,Both,27,Age-standardized,559,Schizophrenia,3,Rate,2005,14.27066330925,17.72335495195,11.53794985878
6,Incidence,44635,High SDI,1,Male,22,All ages,559,Schizophrenia,1,Number,2005,80926.97504688197,96177.45835634088,67396.65206154571
6,Incidence,44635,High SDI,2,Female,22,All ages,559,Schizophrenia,1,Number,2005,70177.1426387935,84182.45622176083,58757.4865211436
6,Incidence,44635,High SDI,3,Both,22,All ages,559,Schizophrenia,1,Number,2005,151104.1176856755,180026.5528543269,126112.21904536996
6,Incidence,44635,High SDI,1,Male,22,All ages,559,Schizophrenia,2,Percent,2005,4.04673163039e-05,4.86230107762e-05,3.33065543046e-05
6,Incidence,44635,High SDI,2,Female,22,All ages,559,Schizophrenia,2,Percent,2005,3.07806868826e-05,3.69043202039e-05,2.54911270825e-05
6,Incidence,44635,High SDI,3,Both,22,All ages,559,Schizophrenia,2,Percent,2005,3.53068145727e-05,4.22795989053e-05,2.91915142282e-05
6,Incidence,44635,High SDI,1,Male,22,All ages,559,Schizophrenia,3,Rate,2005,16.67539075592,19.81782587419,13.88740291005
6,Incidence,44635,High SDI,2,Female,22,All ages,559,Schizophrenia,3,Rate,2005,14.17877640285,17.008447179940003,11.871518731750001
6,Incidence,44635,High SDI,3,Both,22,All ages,559,Schizophrenia,3,Rate,2005,15.41481108845,18.36531886528,12.865275032229999
6,Incidence,44635,High SDI,1,Male,27,Age-standardized,559,Schizophrenia,2,Percent,2005,3.87173672319e-05,4.67328073817e-05,3.15271158721e-05
6,Incidence,44635,High SDI,2,Female,27,Age-standardized,559,Schizophrenia,2,Percent,2005,3.11538642254e-05,3.7184466553e-05,2.55404849105e-05
6,Incidence,44635,High SDI,3,Both,27,Age-standardized,559,Schizophrenia,2,Percent,2005,3.48114491474e-05,4.17607813088e-05,2.84492653309e-05
6,Incidence,44635,High SDI,1,Male,27,Age-standardized,559,Schizophrenia,3,Rate,2005,16.7102707878,20.104463316999997,13.818961714479999
6,Incidence,44635,High SDI,2,Female,27,Age-standardized,559,Schizophrenia,3,Rate,2005,14.955831690700002,17.8788137342,12.42549945418
6,Incidence,44635,High SDI,3,Both,27,Age-standardized,559,Schizophrenia,3,Rate,2005,15.853901225020001,18.99127531801,13.144306975969998
6,Incidence,44636,Low-middle SDI,1,Male,22,All ages,559,Schizophrenia,1,Number,2005,131673.9625637829,161666.2733169863,105153.24493645225
6,Incidence,44636,Low-middle SDI,2,Female,22,All ages,559,Schizophrenia,1,Number,2005,107508.6180625297,132646.6192758141,84781.29863686585
6,Incidence,44636,Low-middle SDI,3,Both,22,All ages,559,Schizophrenia,1,Number,2005,239182.5806263128,294254.19137562,189744.0030801544
6,Incidence,44636,Low-middle SDI,1,Male,22,All ages,559,Schizophrenia,2,Percent,2005,3.44021934955e-05,4.21230046537e-05,2.72375872668e-05
6,Incidence,44636,Low-middle SDI,2,Female,22,All ages,559,Schizophrenia,2,Percent,2005,2.73488665762e-05,3.36660170185e-05,2.14313841987e-05
6,Incidence,44636,Low-middle SDI,3,Both,22,All ages,559,Schizophrenia,2,Percent,2005,3.08281868047e-05,3.78614845225e-05,2.43445174545e-05
6,Incidence,44636,Low-middle SDI,1,Male,22,All ages,559,Schizophrenia,3,Rate,2005,17.1620626457,21.07118716822,13.705417091280001
6,Incidence,44636,Low-middle SDI,2,Female,22,All ages,559,Schizophrenia,3,Rate,2005,14.40767741884,17.776525600150002,11.36189473852
6,Incidence,44636,Low-middle SDI,3,Both,22,All ages,559,Schizophrenia,3,Rate,2005,15.80402403501,19.44288877863,12.537362785060001
6,Incidence,44636,Low-middle SDI,1,Male,27,Age-standardized,559,Schizophrenia,2,Percent,2005,3.36961115814e-05,4.11876448827e-05,2.69131403564e-05
6,Incidence,44636,Low-middle SDI,2,Female,27,Age-standardized,559,Schizophrenia,2,Percent,2005,2.59671125597e-05,3.18922325997e-05,2.05445723867e-05
6,Incidence,44636,Low-middle SDI,3,Both,27,Age-standardized,559,Schizophrenia,2,Percent,2005,2.97141615798e-05,3.63591616783e-05,2.36255581664e-05
6,Incidence,44636,Low-middle SDI,1,Male,27,Age-standardized,559,Schizophrenia,3,Rate,2005,16.39199366241,19.943733803639997,13.37302220965
6,Incidence,44636,Low-middle SDI,2,Female,27,Age-standardized,559,Schizophrenia,3,Rate,2005,13.467562241920001,16.473738262170002,10.96712893723
6,Incidence,44636,Low-middle SDI,3,Both,27,Age-standardized,559,Schizophrenia,3,Rate,2005,14.932692074430001,18.218300268449998,12.17128227587
6,Incidence,199,Western Sub-Saharan Africa,1,Male,22,All ages,559,Schizophrenia,1,Number,2005,18568.109972262075,23033.377147594947,14599.949894166895
6,Incidence,199,Western Sub-Saharan Africa,2,Female,22,All ages,559,Schizophrenia,1,Number,2005,24911.09356726288,31028.0845817366,19486.62526685161
6,Incidence,199,Western Sub-Saharan Africa,3,Both,22,All ages,559,Schizophrenia,1,Number,2005,43479.20353952496,54096.789279478784,34077.48939748445
6,Incidence,199,Western Sub-Saharan Africa,1,Male,22,All ages,559,Schizophrenia,2,Percent,2005,2.06944514316e-05,2.57485475829e-05,1.62593536092e-05
6,Incidence,199,Western Sub-Saharan Africa,2,Female,22,All ages,559,Schizophrenia,2,Percent,2005,2.6825741775e-05,3.34247470077e-05,2.07565318469e-05
6,Incidence,199,Western Sub-Saharan Africa,3,Both,22,All ages,559,Schizophrenia,2,Percent,2005,2.38126383828e-05,2.96694604819e-05,1.84742197453e-05
6,Incidence,199,Western Sub-Saharan Africa,1,Male,22,All ages,559,Schizophrenia,3,Rate,2005,12.262369024920002,15.211228870140001,9.64179841756
6,Incidence,199,Western Sub-Saharan Africa,2,Female,22,All ages,559,Schizophrenia,3,Rate,2005,16.45256953089,20.49254552447,12.86997121422
6,Incidence,199,Western Sub-Saharan Africa,3,Both,22,All ages,559,Schizophrenia,3,Rate,2005,14.35738664066,17.86344864845,11.25282091651
6,Incidence,199,Western Sub-Saharan Africa,1,Male,27,Age-standardized,559,Schizophrenia,2,Percent,2005,2.40762634261e-05,2.9704787511e-05,1.92125954844e-05
6,Incidence,199,Western Sub-Saharan Africa,2,Female,27,Age-standardized,559,Schizophrenia,2,Percent,2005,2.85201354262e-05,3.5265481701e-05,2.27128352671e-05
6,Incidence,199,Western Sub-Saharan Africa,3,Both,27,Age-standardized,559,Schizophrenia,2,Percent,2005,2.64525298888e-05,3.26835793608e-05,2.10895154844e-05
6,Incidence,199,Western Sub-Saharan Africa,1,Male,27,Age-standardized,559,Schizophrenia,3,Rate,2005,13.29501313595,16.29394727416,10.82881667815
6,Incidence,199,Western Sub-Saharan Africa,2,Female,27,Age-standardized,559,Schizophrenia,3,Rate,2005,16.586319739670003,20.33396054056,13.487566175669999
6,Incidence,199,Western Sub-Saharan Africa,3,Both,27,Age-standardized,559,Schizophrenia,3,Rate,2005,15.00064376292,18.419547955469998,12.220843622270001
6,Incidence,192,Southern Sub-Saharan Africa,1,Male,22,All ages,559,Schizophrenia,1,Number,2005,4919.674841847629,6020.118976426007,3915.677340952596
6,Incidence,192,Southern Sub-Saharan Africa,2,Female,22,All ages,559,Schizophrenia,1,Number,2005,5408.295707267636,6646.0746218626855,4314.447103898049
6,Incidence,192,Southern Sub-Saharan Africa,3,Both,22,All ages,559,Schizophrenia,1,Number,2005,10327.970549115258,12615.551048113655,8237.653553714354
6,Incidence,192,Southern Sub-Saharan Africa,1,Male,22,All ages,559,Schizophrenia,2,Percent,2005,2.42667461572e-05,2.98799255295e-05,1.90842880514e-05
6,Incidence,192,Southern Sub-Saharan Africa,2,Female,22,All ages,559,Schizophrenia,2,Percent,2005,2.40847898439e-05,2.97312310726e-05,1.91180952458e-05
6,Incidence,192,Southern Sub-Saharan Africa,3,Both,22,All ages,559,Schizophrenia,2,Percent,2005,2.41706384802e-05,2.98155924112e-05,1.91098444158e-05
6,Incidence,192,Southern Sub-Saharan Africa,1,Male,22,All ages,559,Schizophrenia,3,Rate,2005,15.129493722489999,18.51369352456,12.04189659961
6,Incidence,192,Southern Sub-Saharan Africa,2,Female,22,All ages,559,Schizophrenia,3,Rate,2005,15.505163326129999,19.05377924346,12.36918442126
6,Incidence,192,Southern Sub-Saharan Africa,3,Both,22,All ages,559,Schizophrenia,3,Rate,2005,15.32391549499,18.7180663679,12.22245031914
6,Incidence,192,Southern Sub-Saharan Africa,1,Male,27,Age-standardized,559,Schizophrenia,2,Percent,2005,2.24638678682e-05,2.74638186155e-05,1.79293312e-05
6,Incidence,192,Southern Sub-Saharan Africa,2,Female,27,Age-standardized,559,Schizophrenia,2,Percent,2005,2.21912823891e-05,2.73089768274e-05,1.78622071125e-05
6,Incidence,192,Southern Sub-Saharan Africa,3,Both,27,Age-standardized,559,Schizophrenia,2,Percent,2005,2.22983407631e-05,2.73555336569e-05,1.79166026199e-05
6,Incidence,192,Southern Sub-Saharan Africa,1,Male,27,Age-standardized,559,Schizophrenia,3,Rate,2005,13.69216537634,16.560254395719998,11.21378480401
6,Incidence,192,Southern Sub-Saharan Africa,2,Female,27,Age-standardized,559,Schizophrenia,3,Rate,2005,14.060803279830001,17.21177673947,11.48565603497
6,Incidence,192,Southern Sub-Saharan Africa,3,Both,27,Age-standardized,559,Schizophrenia,3,Rate,2005,13.87289752697,16.84715510974,11.37162694475
6,Incidence,44639,Middle SDI,1,Male,22,All ages,559,Schizophrenia,1,Number,2005,199011.05907687123,236965.87667996876,164887.50313910985
6,Incidence,44639,Middle SDI,2,Female,22,All ages,559,Schizophrenia,1,Number,2005,168058.7921906617,201547.83146935032,139119.33963831473
6,Incidence,44639,Middle SDI,3,Both,22,All ages,559,Schizophrenia,1,Number,2005,367069.8512675329,438387.83791473234,304425.27584398794
6,Incidence,44639,Middle SDI,1,Male,22,All ages,559,Schizophrenia,2,Percent,2005,4.58940887982e-05,5.48364720444e-05,3.73385059449e-05
6,Incidence,44639,Middle SDI,2,Female,22,All ages,559,Schizophrenia,2,Percent,2005,3.75254230618e-05,4.50488644503e-05,3.04840108688e-05
6,Incidence,44639,Middle SDI,3,Both,22,All ages,559,Schizophrenia,2,Percent,2005,4.16419490843e-05,4.98530434961e-05,3.38426732803e-05
6,Incidence,44639,Middle SDI,1,Male,22,All ages,559,Schizophrenia,3,Rate,2005,18.97334835777,22.59189086279,15.720071293590001
6,Incidence,44639,Middle SDI,2,Female,22,All ages,559,Schizophrenia,3,Rate,2005,16.474522055450002,19.75739651278,13.63763596855
6,Incidence,44639,Middle SDI,3,Both,22,All ages,559,Schizophrenia,3,Rate,2005,17.741317368849998,21.18827720728,14.71356314118
6,Incidence,44639,Middle SDI,1,Male,27,Age-standardized,559,Schizophrenia,2,Percent,2005,4.07259024456e-05,4.90547631776e-05,3.32423404732e-05
6,Incidence,44639,Middle SDI,2,Female,27,Age-standardized,559,Schizophrenia,2,Percent,2005,3.30044787112e-05,3.95713499612e-05,2.68694356307e-05
6,Incidence,44639,Middle SDI,3,Both,27,Age-standardized,559,Schizophrenia,2,Percent,2005,3.67794577119e-05,4.41677412859e-05,2.99872215204e-05
6,Incidence,44639,Middle SDI,1,Male,27,Age-standardized,559,Schizophrenia,3,Rate,2005,17.05645147484,20.32169965085,14.2270931664
6,Incidence,44639,Middle SDI,2,Female,27,Age-standardized,559,Schizophrenia,3,Rate,2005,14.69560903566,17.61777734047,12.23291167108
6,Incidence,44639,Middle SDI,3,Both,27,Age-standardized,559,Schizophrenia,3,Rate,2005,15.887497257360002,18.99237808911,13.248280935690001
6,Incidence,44637,Low SDI,1,Male,22,All ages,559,Schizophrenia,1,Number,2005,52145.527324203846,64814.47455555772,41183.13685759771
6,Incidence,44637,Low SDI,2,Female,22,All ages,559,Schizophrenia,1,Number,2005,51507.56843024621,64876.24866821792,39853.53967379371
6,Incidence,44637,Low SDI,3,Both,22,All ages,559,Schizophrenia,1,Number,2005,103653.09575444995,129587.42478576656,80884.72819097417
6,Incidence,44637,Low SDI,1,Male,22,All ages,559,Schizophrenia,2,Percent,2005,2.38790780564e-05,2.95338083962e-05,1.86662725998e-05
6,Incidence,44637,Low SDI,2,Female,22,All ages,559,Schizophrenia,2,Percent,2005,2.35482004975e-05,2.94576317554e-05,1.81669132388e-05
6,Incidence,44637,Low SDI,3,Both,22,All ages,559,Schizophrenia,2,Percent,2005,2.37133438362e-05,2.9434292956e-05,1.84444393841e-05
6,Incidence,44637,Low SDI,1,Male,22,All ages,559,Schizophrenia,3,Rate,2005,13.90227381807,17.27988226188,10.97964244799
6,Incidence,44637,Low SDI,2,Female,22,All ages,559,Schizophrenia,3,Rate,2005,13.94137110458,17.55982443205,10.78701642024
6,Incidence,44637,Low SDI,3,Both,22,All ages,559,Schizophrenia,3,Rate,2005,13.92167469592,17.40492128497,10.86364922868
6,Incidence,44637,Low SDI,1,Male,27,Age-standardized,559,Schizophrenia,2,Percent,2005,2.7310652929e-05,3.37268628779e-05,2.18778559557e-05
6,Incidence,44637,Low SDI,2,Female,27,Age-standardized,559,Schizophrenia,2,Percent,2005,2.54188014952e-05,3.16060314166e-05,2.01391479217e-05
6,Incidence,44637,Low SDI,3,Both,27,Age-standardized,559,Schizophrenia,2,Percent,2005,2.63442431025e-05,3.25902819873e-05,2.1062899478e-05
6,Incidence,44637,Low SDI,1,Male,27,Age-standardized,559,Schizophrenia,3,Rate,2005,14.834878276380001,18.1477291783,12.09818076286
6,Incidence,44637,Low SDI,2,Female,27,Age-standardized,559,Schizophrenia,3,Rate,2005,14.27828541209,17.62351076161,11.47917373443
6,Incidence,44637,Low SDI,3,Both,27,Age-standardized,559,Schizophrenia,3,Rate,2005,14.557392946999999,17.81340533369,11.77585437855
