measure_id,measure_name,location_id,location_name,sex_id,sex_name,age_id,age_name,cause_id,cause_name,metric_id,metric_name,year,val,upper,lower
2,DALYs (Disability-Adjusted Life Years),5,East Asia,1,Male,22,All ages,559,Schizophrenia,1,Number,1997,1471175.1508837875,1841423.998743975,1095566.4355751446
2,DALYs (Disability-Adjusted Life Years),5,East Asia,2,Female,22,All ages,559,Schizophrenia,1,Number,1997,1299763.27076219,1630750.807036679,977615.3052774395
2,DALYs (Disability-Adjusted Life Years),5,East Asia,3,Both,22,All ages,559,Schizophrenia,1,Number,1997,2770938.4216459757,3475397.8217331017,2083408.9570340822
2,DALYs (Disability-Adjusted Life Years),5,East Asia,1,Male,22,All ages,559,Schizophrenia,2,Percent,1997,0.006586218383658317,0.008164035413060157,0.004885395996871475
2,DALYs (Disability-Adjusted Life Years),5,East Asia,2,Female,22,All ages,559,Schizophrenia,2,Percent,1997,0.007293831077701007,0.009046037759878466,0.005468473704152765
2,DALYs (Disability-Adjusted Life Years),5,East Asia,3,Both,22,All ages,559,Schizophrenia,2,Percent,1997,0.006897481319474119,0.008539232861868945,0.005186260891053948
2,DALYs (Disability-Adjusted Life Years),5,East Asia,1,Male,22,All ages,559,Schizophrenia,3,Rate,1997,221.22797595749336,276.9041496364038,164.74581216495832
2,DALYs (Disability-Adjusted Life Years),5,East Asia,2,Female,22,All ages,559,Schizophrenia,3,Rate,1997,208.15118946068395,261.1573413669426,156.5606547022519
2,DALYs (Disability-Adjusted Life Years),5,East Asia,3,Both,22,All ages,559,Schizophrenia,3,Rate,1997,214.89531171089564,269.52843570484845,161.5751594281773
2,DALYs (Disability-Adjusted Life Years),5,East Asia,1,Male,27,Age-standardized,559,Schizophrenia,3,Rate,1997,202.01776560947303,252.5444449592896,150.81098853390174
2,DALYs (Disability-Adjusted Life Years),5,East Asia,2,Female,27,Age-standardized,559,Schizophrenia,3,Rate,1997,188.68886856566104,236.3002677429455,142.73110562546378
2,DALYs (Disability-Adjusted Life Years),5,East Asia,3,Both,27,Age-standardized,559,Schizophrenia,3,Rate,1997,195.57337171589765,243.71926765585556,147.48450951746096
2,DALYs (Disability-Adjusted Life Years),65,High-income Asia Pacific,1,Male,22,All ages,559,Schizophrenia,1,Number,1997,192168.04003219516,249705.1947321873,139932.69794907662
2,DALYs (Disability-Adjusted Life Years),65,High-income Asia Pacific,2,Female,22,All ages,559,Schizophrenia,1,Number,1997,182820.885862714,233086.3625931029,134213.38214895976
2,DALYs (Disability-Adjusted Life Years),65,High-income Asia Pacific,3,Both,22,All ages,559,Schizophrenia,1,Number,1997,374988.9258949085,484527.1046269642,275313.307032546
2,DALYs (Disability-Adjusted Life Years),65,High-income Asia Pacific,1,Male,22,All ages,559,Schizophrenia,2,Percent,1997,0.007782012463639332,0.009844074260688892,0.00576436774995287
2,DALYs (Disability-Adjusted Life Years),65,High-income Asia Pacific,2,Female,22,All ages,559,Schizophrenia,2,Percent,1997,0.00868267562467286,0.010964818190893415,0.006441424207931295
2,DALYs (Disability-Adjusted Life Years),65,High-income Asia Pacific,3,Both,22,All ages,559,Schizophrenia,2,Percent,1997,0.008195076350926216,0.010337564535928042,0.006003185714539925
2,DALYs (Disability-Adjusted Life Years),65,High-income Asia Pacific,1,Male,22,All ages,559,Schizophrenia,3,Rate,1997,218.04233990021666,283.32653512792035,158.77381527258726
2,DALYs (Disability-Adjusted Life Years),65,High-income Asia Pacific,2,Female,22,All ages,559,Schizophrenia,3,Rate,1997,202.69988883357647,258.43097501301696,148.8070551304603
2,DALYs (Disability-Adjusted Life Years),65,High-income Asia Pacific,3,Both,22,All ages,559,Schizophrenia,3,Rate,1997,210.28251768957313,271.7082356676081,154.3874268235615
2,DALYs (Disability-Adjusted Life Years),65,High-income Asia Pacific,1,Male,27,Age-standardized,559,Schizophrenia,3,Rate,1997,184.92014939546792,240.82429392147856,134.43413409553983
2,DALYs (Disability-Adjusted Life Years),65,High-income Asia Pacific,2,Female,27,Age-standardized,559,Schizophrenia,3,Rate,1997,171.74740333894624,222.12111549342418,126.15364206309123
2,DALYs (Disability-Adjusted Life Years),65,High-income Asia Pacific,3,Both,27,Age-standardized,559,Schizophrenia,3,Rate,1997,178.67036165221992,231.99158845065267,130.49008926003543
2,DALYs (Disability-Adjusted Life Years),42,Central Europe,1,Male,22,All ages,559,Schizophrenia,1,Number,1997,96686.0079851435,129771.89594029462,68823.22707637277
2,DALYs (Disability-Adjusted Life Years),42,Central Europe,2,Female,22,All ages,559,Schizophrenia,1,Number,1997,98187.81459419813,130923.81046285735,70655.12635740584
2,DALYs (Disability-Adjusted Life Years),42,Central Europe,3,Both,22,All ages,559,Schizophrenia,1,Number,1997,194873.8225793415,261065.5311447006,138967.13335844746
2,DALYs (Disability-Adjusted Life Years),42,Central Europe,1,Male,22,All ages,559,Schizophrenia,2,Percent,1997,0.0036007779215359225,0.004675403790441011,0.0025732908159021278
2,DALYs (Disability-Adjusted Life Years),42,Central Europe,2,Female,22,All ages,559,Schizophrenia,2,Percent,1997,0.0044953625733214824,0.005856695768873743,0.0032666273036982265
2,DALYs (Disability-Adjusted Life Years),42,Central Europe,3,Both,22,All ages,559,Schizophrenia,2,Percent,1997,0.004001616269528783,0.005206712211607661,0.0028882166529596042
2,DALYs (Disability-Adjusted Life Years),42,Central Europe,1,Male,22,All ages,559,Schizophrenia,3,Rate,1997,160.2590038399778,215.09952891024852,114.07588380323722
2,DALYs (Disability-Adjusted Life Years),42,Central Europe,2,Female,22,All ages,559,Schizophrenia,3,Rate,1997,154.64753688531843,206.2073067966781,111.2830681144358
2,DALYs (Disability-Adjusted Life Years),42,Central Europe,3,Both,22,All ages,559,Schizophrenia,3,Rate,1997,157.3816609687009,210.83861531222755,112.23097067902404
2,DALYs (Disability-Adjusted Life Years),42,Central Europe,1,Male,27,Age-standardized,559,Schizophrenia,3,Rate,1997,142.88888058413093,192.2378247442725,101.85360305801726
2,DALYs (Disability-Adjusted Life Years),42,Central Europe,2,Female,27,Age-standardized,559,Schizophrenia,3,Rate,1997,138.65882177420437,185.39422448369504,99.04110436794001
2,DALYs (Disability-Adjusted Life Years),42,Central Europe,3,Both,27,Age-standardized,559,Schizophrenia,3,Rate,1997,140.7687494319207,188.29832347809892,100.17846666340266
2,DALYs (Disability-Adjusted Life Years),100,High-income North America,1,Male,22,All ages,559,Schizophrenia,1,Number,1997,393160.9254981347,494771.16924561455,293059.65936534223
2,DALYs (Disability-Adjusted Life Years),100,High-income North America,2,Female,22,All ages,559,Schizophrenia,1,Number,1997,378786.01640630106,473300.25896123354,282542.3111435167
2,DALYs (Disability-Adjusted Life Years),100,High-income North America,3,Both,22,All ages,559,Schizophrenia,1,Number,1997,771946.9419044369,967135.4882118474,577467.1465506945
2,DALYs (Disability-Adjusted Life Years),100,High-income North America,1,Male,22,All ages,559,Schizophrenia,2,Percent,1997,0.008145089826125843,0.009995008413415881,0.006169435081171376
2,DALYs (Disability-Adjusted Life Years),100,High-income North America,2,Female,22,All ages,559,Schizophrenia,2,Percent,1997,0.008184927172699358,0.010122888771057059,0.006215899104218777
2,DALYs (Disability-Adjusted Life Years),100,High-income North America,3,Both,22,All ages,559,Schizophrenia,2,Percent,1997,0.008163623989864388,0.01007841618371067,0.006146711384504807
2,DALYs (Disability-Adjusted Life Years),100,High-income North America,1,Male,22,All ages,559,Schizophrenia,3,Rate,1997,264.90951824546204,333.3739026087966,197.46187412009283
2,DALYs (Disability-Adjusted Life Years),100,High-income North America,2,Female,22,All ages,559,Schizophrenia,3,Rate,1997,245.74359194259344,307.0612447840042,183.30392202676506
2,DALYs (Disability-Adjusted Life Years),100,High-income North America,3,Both,22,All ages,559,Schizophrenia,3,Rate,1997,255.14520919549395,319.6592577352886,190.86541821995033
2,DALYs (Disability-Adjusted Life Years),100,High-income North America,1,Male,27,Age-standardized,559,Schizophrenia,3,Rate,1997,236.70262613070412,299.36681959764445,176.59218866006978
2,DALYs (Disability-Adjusted Life Years),100,High-income North America,2,Female,27,Age-standardized,559,Schizophrenia,3,Rate,1997,219.53363194168656,274.75116464497904,164.29605324906848
2,DALYs (Disability-Adjusted Life Years),100,High-income North America,3,Both,27,Age-standardized,559,Schizophrenia,3,Rate,1997,228.2272332023902,287.6663797221925,169.76887901249123
2,DALYs (Disability-Adjusted Life Years),32,Central Asia,1,Male,22,All ages,559,Schizophrenia,1,Number,1997,44495.955639487336,61723.079947589285,31098.318414518697
2,DALYs (Disability-Adjusted Life Years),32,Central Asia,2,Female,22,All ages,559,Schizophrenia,1,Number,1997,45779.97631693041,61904.061464319355,32551.0108079647
2,DALYs (Disability-Adjusted Life Years),32,Central Asia,3,Both,22,All ages,559,Schizophrenia,1,Number,1997,90275.93195641774,124083.86102466629,63559.88483535799
2,DALYs (Disability-Adjusted Life Years),32,Central Asia,1,Male,22,All ages,559,Schizophrenia,2,Percent,1997,0.0027591602984576914,0.003727330512051954,0.0019532647770090124
2,DALYs (Disability-Adjusted Life Years),32,Central Asia,2,Female,22,All ages,559,Schizophrenia,2,Percent,1997,0.0034888407203818852,0.0046779567430331685,0.0024752681098816707
2,DALYs (Disability-Adjusted Life Years),32,Central Asia,3,Both,22,All ages,559,Schizophrenia,2,Percent,1997,0.003086236481190564,0.004146327416329962,0.002190489472857383
2,DALYs (Disability-Adjusted Life Years),32,Central Asia,1,Male,22,All ages,559,Schizophrenia,3,Rate,1997,124.16805316973786,172.2411523156702,86.78131751274562
2,DALYs (Disability-Adjusted Life Years),32,Central Asia,2,Female,22,All ages,559,Schizophrenia,3,Rate,1997,122.69801796490653,165.9132716248423,87.24217070891031
2,DALYs (Disability-Adjusted Life Years),32,Central Asia,3,Both,22,All ages,559,Schizophrenia,3,Rate,1997,123.41820558127534,169.6377665384152,86.89411190038373
2,DALYs (Disability-Adjusted Life Years),32,Central Asia,1,Male,27,Age-standardized,559,Schizophrenia,3,Rate,1997,138.70762724719987,189.69757624650347,98.5654068861835
2,DALYs (Disability-Adjusted Life Years),32,Central Asia,2,Female,27,Age-standardized,559,Schizophrenia,3,Rate,1997,133.3306269205962,178.48736330612712,95.15281725624122
2,DALYs (Disability-Adjusted Life Years),32,Central Asia,3,Both,27,Age-standardized,559,Schizophrenia,3,Rate,1997,135.94054692703602,184.06420955544195,96.13090468520177
2,DALYs (Disability-Adjusted Life Years),56,Eastern Europe,1,Male,22,All ages,559,Schizophrenia,1,Number,1997,144540.60291763736,187841.46646542524,106875.8552449529
2,DALYs (Disability-Adjusted Life Years),56,Eastern Europe,2,Female,22,All ages,559,Schizophrenia,1,Number,1997,168160.49066921248,217088.22450121172,124555.11331954758
2,DALYs (Disability-Adjusted Life Years),56,Eastern Europe,3,Both,22,All ages,559,Schizophrenia,1,Number,1997,312701.09358684963,404631.9097849854,231305.22831798025
2,DALYs (Disability-Adjusted Life Years),56,Eastern Europe,1,Male,22,All ages,559,Schizophrenia,2,Percent,1997,0.002351362248392758,0.002997585525627511,0.0017332979922407956
2,DALYs (Disability-Adjusted Life Years),56,Eastern Europe,2,Female,22,All ages,559,Schizophrenia,2,Percent,1997,0.003470666041164225,0.004409912382386273,0.0025390071970407737
2,DALYs (Disability-Adjusted Life Years),56,Eastern Europe,3,Both,22,All ages,559,Schizophrenia,2,Percent,1997,0.0028443959830932643,0.0036009244762738334,0.0020930795600878505
2,DALYs (Disability-Adjusted Life Years),56,Eastern Europe,1,Male,22,All ages,559,Schizophrenia,3,Rate,1997,138.49021875717256,179.9785337638887,102.40209514808471
2,DALYs (Disability-Adjusted Life Years),56,Eastern Europe,2,Female,22,All ages,559,Schizophrenia,3,Rate,1997,141.42163424879456,182.56946898140458,104.74985895672822
2,DALYs (Disability-Adjusted Life Years),56,Eastern Europe,3,Both,22,All ages,559,Schizophrenia,3,Rate,1997,140.05136445721828,181.22498523523052,103.5960970281169
2,DALYs (Disability-Adjusted Life Years),56,Eastern Europe,1,Male,27,Age-standardized,559,Schizophrenia,3,Rate,1997,121.47755374138404,157.56705792323032,89.9446251579718
2,DALYs (Disability-Adjusted Life Years),56,Eastern Europe,2,Female,27,Age-standardized,559,Schizophrenia,3,Rate,1997,124.75228285790548,162.37544133316513,92.01532621900085
2,DALYs (Disability-Adjusted Life Years),56,Eastern Europe,3,Both,27,Age-standardized,559,Schizophrenia,3,Rate,1997,123.20640828471178,159.40993379357516,91.05592905051397
2,DALYs (Disability-Adjusted Life Years),96,Southern Latin America,1,Male,22,All ages,559,Schizophrenia,1,Number,1997,47055.1591710817,64893.64454345565,33469.20364391907
2,DALYs (Disability-Adjusted Life Years),96,Southern Latin America,2,Female,22,All ages,559,Schizophrenia,1,Number,1997,46993.266515966876,63698.54516028896,33372.22753959506
2,DALYs (Disability-Adjusted Life Years),96,Southern Latin America,3,Both,22,All ages,559,Schizophrenia,1,Number,1997,94048.42568704854,127816.62472669364,67042.89675150898
2,DALYs (Disability-Adjusted Life Years),96,Southern Latin America,1,Male,22,All ages,559,Schizophrenia,2,Percent,1997,0.005407594356745159,0.007319511785944116,0.0037985317394551607
2,DALYs (Disability-Adjusted Life Years),96,Southern Latin America,2,Female,22,All ages,559,Schizophrenia,2,Percent,1997,0.006325873892434831,0.008259319229707808,0.00453318732120379
2,DALYs (Disability-Adjusted Life Years),96,Southern Latin America,3,Both,22,All ages,559,Schizophrenia,2,Percent,1997,0.005829576835430763,0.0077491125547812754,0.004155633167354874
2,DALYs (Disability-Adjusted Life Years),96,Southern Latin America,1,Male,22,All ages,559,Schizophrenia,3,Rate,1997,179.43162376810733,247.45367389636965,127.62540095166779
2,DALYs (Disability-Adjusted Life Years),96,Southern Latin America,2,Female,22,All ages,559,Schizophrenia,3,Rate,1997,171.67154149132872,232.6977511705081,121.91239659356516
2,DALYs (Disability-Adjusted Life Years),96,Southern Latin America,3,Both,22,All ages,559,Schizophrenia,3,Rate,1997,175.46837817869613,238.47050794553073,125.08352240296
2,DALYs (Disability-Adjusted Life Years),96,Southern Latin America,1,Male,27,Age-standardized,559,Schizophrenia,3,Rate,1997,183.32013839302914,252.48343798412705,130.45174874506074
2,DALYs (Disability-Adjusted Life Years),96,Southern Latin America,2,Female,27,Age-standardized,559,Schizophrenia,3,Rate,1997,172.6874860093478,234.5861350092161,122.29133633791722
2,DALYs (Disability-Adjusted Life Years),96,Southern Latin America,3,Both,27,Age-standardized,559,Schizophrenia,3,Rate,1997,178.05199927629172,241.67281618405414,126.91164039635332
2,DALYs (Disability-Adjusted Life Years),1,Global,1,Male,22,All ages,559,Schizophrenia,1,Number,1997,5363432.201099934,6887104.745846219,3951990.291090288
2,DALYs (Disability-Adjusted Life Years),1,Global,2,Female,22,All ages,559,Schizophrenia,1,Number,1997,4681898.419384949,6014281.541814828,3448170.861366648
2,DALYs (Disability-Adjusted Life Years),1,Global,3,Both,22,All ages,559,Schizophrenia,1,Number,1997,10045330.620484876,12914161.009622706,7400161.1524569355
2,DALYs (Disability-Adjusted Life Years),1,Global,1,Male,22,All ages,559,Schizophrenia,2,Percent,1997,0.0038208304318983464,0.0048843790882230065,0.0028285976882140088
2,DALYs (Disability-Adjusted Life Years),1,Global,2,Female,22,All ages,559,Schizophrenia,2,Percent,1997,0.0038134374003579857,0.004839453379180564,0.002842373435619216
2,DALYs (Disability-Adjusted Life Years),1,Global,3,Both,22,All ages,559,Schizophrenia,2,Percent,1997,0.0038171400513727764,0.00486722159631325,0.0028249753223980297
2,DALYs (Disability-Adjusted Life Years),1,Global,1,Male,22,All ages,559,Schizophrenia,3,Rate,1997,181.1911169387277,232.6648598481352,133.5088257155199
2,DALYs (Disability-Adjusted Life Years),1,Global,2,Female,22,All ages,559,Schizophrenia,3,Rate,1997,160.72540455482329,206.46493095887809,118.37263584631827
2,DALYs (Disability-Adjusted Life Years),1,Global,3,Both,22,All ages,559,Schizophrenia,3,Rate,1997,171.0403541798759,219.88750360465437,126.00144607717237
2,DALYs (Disability-Adjusted Life Years),1,Global,1,Male,27,Age-standardized,559,Schizophrenia,3,Rate,1997,187.36899440244312,239.5971618891643,138.30238832003224
2,DALYs (Disability-Adjusted Life Years),1,Global,2,Female,27,Age-standardized,559,Schizophrenia,3,Rate,1997,165.47247090490828,211.6152894202663,121.99498937796197
2,DALYs (Disability-Adjusted Life Years),1,Global,3,Both,27,Age-standardized,559,Schizophrenia,3,Rate,1997,176.54364621876118,226.21716727259914,130.19373106924758
2,DALYs (Disability-Adjusted Life Years),21,Oceania,1,Male,22,All ages,559,Schizophrenia,1,Number,1997,6353.607670537366,8815.094750883603,4402.595435073803
2,DALYs (Disability-Adjusted Life Years),21,Oceania,2,Female,22,All ages,559,Schizophrenia,1,Number,1997,4983.175394807314,6922.662277744024,3552.6656998857798
2,DALYs (Disability-Adjusted Life Years),21,Oceania,3,Both,22,All ages,559,Schizophrenia,1,Number,1997,11336.783065344682,15689.22154845622,8014.989524275634
2,DALYs (Disability-Adjusted Life Years),21,Oceania,1,Male,22,All ages,559,Schizophrenia,2,Percent,1997,0.0033388084481661947,0.0046267574744871705,0.002262151235677752
2,DALYs (Disability-Adjusted Life Years),21,Oceania,2,Female,22,All ages,559,Schizophrenia,2,Percent,1997,0.0031265848521457567,0.004316901350196111,0.00215657257650622
2,DALYs (Disability-Adjusted Life Years),21,Oceania,3,Both,22,All ages,559,Schizophrenia,2,Percent,1997,0.0032418812257740673,0.004480345550676293,0.0022043816689283928
2,DALYs (Disability-Adjusted Life Years),21,Oceania,1,Male,22,All ages,559,Schizophrenia,3,Rate,1997,159.05983926867975,220.68211115955492,110.21708587943624
2,DALYs (Disability-Adjusted Life Years),21,Oceania,2,Female,22,All ages,559,Schizophrenia,3,Rate,1997,133.1886654021842,185.02662996039743,94.95447494803653
2,DALYs (Disability-Adjusted Life Years),21,Oceania,3,Both,22,All ages,559,Schizophrenia,3,Rate,1997,146.54736443499527,202.81009654241726,103.60748582613722
2,DALYs (Disability-Adjusted Life Years),21,Oceania,1,Male,27,Age-standardized,559,Schizophrenia,3,Rate,1997,193.66948212476333,262.956284870157,136.53370407769506
2,DALYs (Disability-Adjusted Life Years),21,Oceania,2,Female,27,Age-standardized,559,Schizophrenia,3,Rate,1997,158.21549866121666,216.8820707669449,113.20816238457486
2,DALYs (Disability-Adjusted Life Years),21,Oceania,3,Both,27,Age-standardized,559,Schizophrenia,3,Rate,1997,176.40485596204485,240.5540933354996,124.61540385347342
2,DALYs (Disability-Adjusted Life Years),120,Andean Latin America,1,Male,22,All ages,559,Schizophrenia,1,Number,1997,31520.202292136724,42810.083444626,22037.560678950234
2,DALYs (Disability-Adjusted Life Years),120,Andean Latin America,2,Female,22,All ages,559,Schizophrenia,1,Number,1997,25536.53495234409,35160.82092773269,18019.726560773808
2,DALYs (Disability-Adjusted Life Years),120,Andean Latin America,3,Both,22,All ages,559,Schizophrenia,1,Number,1997,57056.73724448079,78229.60701662955,40392.31676004759
2,DALYs (Disability-Adjusted Life Years),120,Andean Latin America,1,Male,22,All ages,559,Schizophrenia,2,Percent,1997,0.003940073778322007,0.005272261966746131,0.0027432059512574555
2,DALYs (Disability-Adjusted Life Years),120,Andean Latin America,2,Female,22,All ages,559,Schizophrenia,2,Percent,1997,0.0035196909069558423,0.004803860777696876,0.002478677714390057
2,DALYs (Disability-Adjusted Life Years),120,Andean Latin America,3,Both,22,All ages,559,Schizophrenia,2,Percent,1997,0.00373976753289467,0.005049606246799957,0.0026138076997673752
2,DALYs (Disability-Adjusted Life Years),120,Andean Latin America,1,Male,22,All ages,559,Schizophrenia,3,Rate,1997,144.4967573139587,196.2524916799672,101.02587628418571
2,DALYs (Disability-Adjusted Life Years),120,Andean Latin America,2,Female,22,All ages,559,Schizophrenia,3,Rate,1997,115.9679121779667,159.67424715459413,81.8321699154008
2,DALYs (Disability-Adjusted Life Years),120,Andean Latin America,3,Both,22,All ages,559,Schizophrenia,3,Rate,1997,130.16511400949094,178.46736788690555,92.14811028626863
2,DALYs (Disability-Adjusted Life Years),120,Andean Latin America,1,Male,27,Age-standardized,559,Schizophrenia,3,Rate,1997,170.83706946624883,232.16628599536133,119.58411310296641
2,DALYs (Disability-Adjusted Life Years),120,Andean Latin America,2,Female,27,Age-standardized,559,Schizophrenia,3,Rate,1997,134.2468612495404,183.92054772880104,95.00595004101348
2,DALYs (Disability-Adjusted Life Years),120,Andean Latin America,3,Both,27,Age-standardized,559,Schizophrenia,3,Rate,1997,152.22097478235295,206.64012180382818,108.09071486374656
2,DALYs (Disability-Adjusted Life Years),70,Australasia,1,Male,22,All ages,559,Schizophrenia,1,Number,1997,33909.92354643282,41065.75347352522,25686.711934900173
2,DALYs (Disability-Adjusted Life Years),70,Australasia,2,Female,22,All ages,559,Schizophrenia,1,Number,1997,26218.555979712037,32507.12403994988,19297.635046452975
2,DALYs (Disability-Adjusted Life Years),70,Australasia,3,Both,22,All ages,559,Schizophrenia,1,Number,1997,60128.47952614485,72835.0426199981,45512.70196828291
2,DALYs (Disability-Adjusted Life Years),70,Australasia,1,Male,22,All ages,559,Schizophrenia,2,Percent,1997,0.010655629015919217,0.01262928438984634,0.008228533331085867
2,DALYs (Disability-Adjusted Life Years),70,Australasia,2,Female,22,All ages,559,Schizophrenia,2,Percent,1997,0.008941113820280209,0.010980841606102833,0.006802072098255068
2,DALYs (Disability-Adjusted Life Years),70,Australasia,3,Both,22,All ages,559,Schizophrenia,2,Percent,1997,0.009832024225320488,0.011766831431437755,0.007581785674758339
2,DALYs (Disability-Adjusted Life Years),70,Australasia,1,Male,22,All ages,559,Schizophrenia,3,Rate,1997,310.84322334931625,376.4388074039697,235.46323612781077
2,DALYs (Disability-Adjusted Life Years),70,Australasia,2,Female,22,All ages,559,Schizophrenia,3,Rate,1997,235.40425864981046,291.8663957459447,173.26451827934576
2,DALYs (Disability-Adjusted Life Years),70,Australasia,3,Both,22,All ages,559,Schizophrenia,3,Rate,1997,272.73252674016226,330.36732951715635,206.43785281788917
2,DALYs (Disability-Adjusted Life Years),70,Australasia,1,Male,27,Age-standardized,559,Schizophrenia,3,Rate,1997,282.57688652830643,341.81356421620353,215.06723239819945
2,DALYs (Disability-Adjusted Life Years),70,Australasia,2,Female,27,Age-standardized,559,Schizophrenia,3,Rate,1997,209.42039284588503,259.7427417453603,154.84782191170305
2,DALYs (Disability-Adjusted Life Years),70,Australasia,3,Both,27,Age-standardized,559,Schizophrenia,3,Rate,1997,245.91915132675504,296.93800150455854,186.61159131160167
2,DALYs (Disability-Adjusted Life Years),104,Caribbean,1,Male,22,All ages,559,Schizophrenia,1,Number,1997,29165.71904168501,39750.22186873928,20636.860112420345
2,DALYs (Disability-Adjusted Life Years),104,Caribbean,2,Female,22,All ages,559,Schizophrenia,1,Number,1997,23624.04222220635,32249.205641704553,16768.288305034643
2,DALYs (Disability-Adjusted Life Years),104,Caribbean,3,Both,22,All ages,559,Schizophrenia,1,Number,1997,52789.76126389135,71724.61474268173,37579.495841320226
2,DALYs (Disability-Adjusted Life Years),104,Caribbean,1,Male,22,All ages,559,Schizophrenia,2,Percent,1997,0.0036189288934574755,0.0048615675285435395,0.0025824131053781138
2,DALYs (Disability-Adjusted Life Years),104,Caribbean,2,Female,22,All ages,559,Schizophrenia,2,Percent,1997,0.0031827165310254926,0.00435015883140712,0.0022268296620875337
2,DALYs (Disability-Adjusted Life Years),104,Caribbean,3,Both,22,All ages,559,Schizophrenia,2,Percent,1997,0.0034094557053084215,0.004617959951458337,0.0024122260524161183
2,DALYs (Disability-Adjusted Life Years),104,Caribbean,1,Male,22,All ages,559,Schizophrenia,3,Rate,1997,152.750931442913,208.18562391121432,108.08235516922772
2,DALYs (Disability-Adjusted Life Years),104,Caribbean,2,Female,22,All ages,559,Schizophrenia,3,Rate,1997,120.44861697685951,164.42453757953336,85.49413840414489
2,DALYs (Disability-Adjusted Life Years),104,Caribbean,3,Both,22,All ages,559,Schizophrenia,3,Rate,1997,136.3829065453763,185.30130076843636,97.0870249579025
2,DALYs (Disability-Adjusted Life Years),104,Caribbean,1,Male,27,Age-standardized,559,Schizophrenia,3,Rate,1997,160.39509470208395,217.94605893572873,112.7267652963826
2,DALYs (Disability-Adjusted Life Years),104,Caribbean,2,Female,27,Age-standardized,559,Schizophrenia,3,Rate,1997,124.0368665134824,168.65858997609516,87.38886534127224
2,DALYs (Disability-Adjusted Life Years),104,Caribbean,3,Both,27,Age-standardized,559,Schizophrenia,3,Rate,1997,141.78068183143628,192.77168884511835,99.75480684560871
2,DALYs (Disability-Adjusted Life Years),174,Eastern Sub-Saharan Africa,1,Male,22,All ages,559,Schizophrenia,1,Number,1997,102636.71769056408,137259.2333667971,74718.35423617286
2,DALYs (Disability-Adjusted Life Years),174,Eastern Sub-Saharan Africa,2,Female,22,All ages,559,Schizophrenia,1,Number,1997,112874.03838506706,150620.37278444297,81242.64806526602
2,DALYs (Disability-Adjusted Life Years),174,Eastern Sub-Saharan Africa,3,Both,22,All ages,559,Schizophrenia,1,Number,1997,215510.7560756312,287486.0745593697,155787.92586576234
2,DALYs (Disability-Adjusted Life Years),174,Eastern Sub-Saharan Africa,1,Male,22,All ages,559,Schizophrenia,2,Percent,1997,0.0008483819863415198,0.0011543361419977928,0.0006106955412710873
2,DALYs (Disability-Adjusted Life Years),174,Eastern Sub-Saharan Africa,2,Female,22,All ages,559,Schizophrenia,2,Percent,1997,0.001034865569471211,0.0013915369781937652,0.0007479198960981764
2,DALYs (Disability-Adjusted Life Years),174,Eastern Sub-Saharan Africa,3,Both,22,All ages,559,Schizophrenia,2,Percent,1997,0.0009367361875070056,0.0012658879787649175,0.000679414255288074
2,DALYs (Disability-Adjusted Life Years),174,Eastern Sub-Saharan Africa,1,Male,22,All ages,559,Schizophrenia,3,Rate,1997,89.95952994246257,120.30564101988075,65.48950683930994
2,DALYs (Disability-Adjusted Life Years),174,Eastern Sub-Saharan Africa,2,Female,22,All ages,559,Schizophrenia,3,Rate,1997,97.42718547703889,130.00792038492403,70.12456234353735
2,DALYs (Disability-Adjusted Life Years),174,Eastern Sub-Saharan Africa,3,Both,22,All ages,559,Schizophrenia,3,Rate,1997,93.72197949659706,125.02282705534563,67.74953166924244
2,DALYs (Disability-Adjusted Life Years),174,Eastern Sub-Saharan Africa,1,Male,27,Age-standardized,559,Schizophrenia,3,Rate,1997,132.08213984932377,174.8513468644461,95.6111229023343
2,DALYs (Disability-Adjusted Life Years),174,Eastern Sub-Saharan Africa,2,Female,27,Age-standardized,559,Schizophrenia,3,Rate,1997,137.87817858763762,183.19021489374754,97.95934402146322
2,DALYs (Disability-Adjusted Life Years),174,Eastern Sub-Saharan Africa,3,Both,27,Age-standardized,559,Schizophrenia,3,Rate,1997,135.0472493211868,179.0012037883429,96.85505550804449
2,DALYs (Disability-Adjusted Life Years),138,North Africa and Middle East,1,Male,22,All ages,559,Schizophrenia,1,Number,1997,283759.71295912896,382253.9698784793,201089.73981604353
2,DALYs (Disability-Adjusted Life Years),138,North Africa and Middle East,2,Female,22,All ages,559,Schizophrenia,1,Number,1997,237830.14494369362,321663.789838428,170809.0035331468
2,DALYs (Disability-Adjusted Life Years),138,North Africa and Middle East,3,Both,22,All ages,559,Schizophrenia,1,Number,1997,521589.85790282255,701712.5413835275,372932.55324031046
2,DALYs (Disability-Adjusted Life Years),138,North Africa and Middle East,1,Male,22,All ages,559,Schizophrenia,2,Percent,1997,0.0033995208847989885,0.004528028378436452,0.002430714281870435
2,DALYs (Disability-Adjusted Life Years),138,North Africa and Middle East,2,Female,22,All ages,559,Schizophrenia,2,Percent,1997,0.00333365273466045,0.004409860485072273,0.002392675657706642
2,DALYs (Disability-Adjusted Life Years),138,North Africa and Middle East,3,Both,22,All ages,559,Schizophrenia,2,Percent,1997,0.003368891393021614,0.004483934517609436,0.0024094754656077003
2,DALYs (Disability-Adjusted Life Years),138,North Africa and Middle East,1,Male,22,All ages,559,Schizophrenia,3,Rate,1997,139.92733014504614,188.49672804026463,99.16118859365271
2,DALYs (Disability-Adjusted Life Years),138,North Africa and Middle East,2,Female,22,All ages,559,Schizophrenia,3,Rate,1997,123.2834253101088,166.7400649270129,88.54184163390339
2,DALYs (Disability-Adjusted Life Years),138,North Africa and Middle East,3,Both,22,All ages,559,Schizophrenia,3,Rate,1997,131.81310798170668,177.33264860901005,94.24531203081239
2,DALYs (Disability-Adjusted Life Years),138,North Africa and Middle East,1,Male,27,Age-standardized,559,Schizophrenia,3,Rate,1997,164.3246715489975,220.41503830452336,117.98327699180213
2,DALYs (Disability-Adjusted Life Years),138,North Africa and Middle East,2,Female,27,Age-standardized,559,Schizophrenia,3,Rate,1997,145.97774662846132,194.97829891385885,105.35366175606904
2,DALYs (Disability-Adjusted Life Years),138,North Africa and Middle East,3,Both,27,Age-standardized,559,Schizophrenia,3,Rate,1997,155.41536247377726,208.6382544163103,112.06372672322425
2,DALYs (Disability-Adjusted Life Years),124,Central Latin America,1,Male,22,All ages,559,Schizophrenia,1,Number,1997,137539.9189418862,183084.66413674207,99846.52955215506
2,DALYs (Disability-Adjusted Life Years),124,Central Latin America,2,Female,22,All ages,559,Schizophrenia,1,Number,1997,117778.2873871343,156168.5613604411,86008.54671496162
2,DALYs (Disability-Adjusted Life Years),124,Central Latin America,3,Both,22,All ages,559,Schizophrenia,1,Number,1997,255318.2063290205,338817.24505998124,186714.99616618286
2,DALYs (Disability-Adjusted Life Years),124,Central Latin America,1,Male,22,All ages,559,Schizophrenia,2,Percent,1997,0.004387579461331347,0.005745323365141353,0.0032096521087159576
2,DALYs (Disability-Adjusted Life Years),124,Central Latin America,2,Female,22,All ages,559,Schizophrenia,2,Percent,1997,0.0047079432278357555,0.006147740867111029,0.0034665973524113593
2,DALYs (Disability-Adjusted Life Years),124,Central Latin America,3,Both,22,All ages,559,Schizophrenia,2,Percent,1997,0.00452912020643476,0.005929479116545941,0.003311028681938412
2,DALYs (Disability-Adjusted Life Years),124,Central Latin America,1,Male,22,All ages,559,Schizophrenia,3,Rate,1997,147.5639447003611,196.42802949137672,107.12342917391514
2,DALYs (Disability-Adjusted Life Years),124,Central Latin America,2,Female,22,All ages,559,Schizophrenia,3,Rate,1997,122.37611141622195,162.26506335533696,89.36614489002352
2,DALYs (Disability-Adjusted Life Years),124,Central Latin America,3,Both,22,All ages,559,Schizophrenia,3,Rate,1997,134.76821419200542,178.84269089430242,98.55641302663908
2,DALYs (Disability-Adjusted Life Years),124,Central Latin America,1,Male,27,Age-standardized,559,Schizophrenia,3,Rate,1997,173.30559642303913,227.57758303563537,124.82089158279983
2,DALYs (Disability-Adjusted Life Years),124,Central Latin America,2,Female,27,Age-standardized,559,Schizophrenia,3,Rate,1997,139.0109790632371,182.44844919812422,101.07232671240853
2,DALYs (Disability-Adjusted Life Years),124,Central Latin America,3,Both,27,Age-standardized,559,Schizophrenia,3,Rate,1997,155.56121672550026,203.53812234617106,112.66755752137838
2,DALYs (Disability-Adjusted Life Years),9,Southeast Asia,1,Male,22,All ages,559,Schizophrenia,1,Number,1997,482917.58453261526,642548.4796633295,351718.4781101452
2,DALYs (Disability-Adjusted Life Years),9,Southeast Asia,2,Female,22,All ages,559,Schizophrenia,1,Number,1997,405159.74973091384,543423.9264738294,293623.68146445573
2,DALYs (Disability-Adjusted Life Years),9,Southeast Asia,3,Both,22,All ages,559,Schizophrenia,1,Number,1997,888077.3342635276,1189847.7465153649,646356.5889123695
2,DALYs (Disability-Adjusted Life Years),9,Southeast Asia,1,Male,22,All ages,559,Schizophrenia,2,Percent,1997,0.0045118131286111165,0.005943544632587374,0.0032898478070227423
2,DALYs (Disability-Adjusted Life Years),9,Southeast Asia,2,Female,22,All ages,559,Schizophrenia,2,Percent,1997,0.004517554932323479,0.0059312270504962745,0.00327120669726401
2,DALYs (Disability-Adjusted Life Years),9,Southeast Asia,3,Both,22,All ages,559,Schizophrenia,2,Percent,1997,0.00451388495803952,0.005927222818517918,0.003295700218840055
2,DALYs (Disability-Adjusted Life Years),9,Southeast Asia,1,Male,22,All ages,559,Schizophrenia,3,Rate,1997,186.66082113750113,248.36251707564296,135.94878719691317
2,DALYs (Disability-Adjusted Life Years),9,Southeast Asia,2,Female,22,All ages,559,Schizophrenia,3,Rate,1997,154.6748876786334,207.45899572957538,112.09457499286297
2,DALYs (Disability-Adjusted Life Years),9,Southeast Asia,3,Both,22,All ages,559,Schizophrenia,3,Rate,1997,170.56867377341527,228.52824217579783,124.14255144448532
2,DALYs (Disability-Adjusted Life Years),9,Southeast Asia,1,Male,27,Age-standardized,559,Schizophrenia,3,Rate,1997,200.83739345394687,265.9538145187912,146.6653289486088
2,DALYs (Disability-Adjusted Life Years),9,Southeast Asia,2,Female,27,Age-standardized,559,Schizophrenia,3,Rate,1997,162.07346772704452,214.4975948697653,118.94899577470605
2,DALYs (Disability-Adjusted Life Years),9,Southeast Asia,3,Both,27,Age-standardized,559,Schizophrenia,3,Rate,1997,181.0438891743706,238.59747520812445,132.610001932412
2,DALYs (Disability-Adjusted Life Years),159,South Asia,1,Male,22,All ages,559,Schizophrenia,1,Number,1997,1157923.985837381,1493608.1631493422,856833.6199049958
2,DALYs (Disability-Adjusted Life Years),159,South Asia,2,Female,22,All ages,559,Schizophrenia,1,Number,1997,799357.7957283509,1037518.6658602755,592229.4136533746
2,DALYs (Disability-Adjusted Life Years),159,South Asia,3,Both,22,All ages,559,Schizophrenia,1,Number,1997,1957281.7815657326,2537922.2533619637,1451289.7036804967
2,DALYs (Disability-Adjusted Life Years),159,South Asia,1,Male,22,All ages,559,Schizophrenia,2,Percent,1997,0.003305936117707925,0.004285344764858442,0.002395033660340121
2,DALYs (Disability-Adjusted Life Years),159,South Asia,2,Female,22,All ages,559,Schizophrenia,2,Percent,1997,0.0024687522292416177,0.003202976734244624,0.0017872967549816651
2,DALYs (Disability-Adjusted Life Years),159,South Asia,3,Both,22,All ages,559,Schizophrenia,2,Percent,1997,0.002903571584276649,0.003780402339612336,0.002105131126707486
2,DALYs (Disability-Adjusted Life Years),159,South Asia,1,Male,22,All ages,559,Schizophrenia,3,Rate,1997,178.1941641575417,229.8529622553799,131.85904479786336
2,DALYs (Disability-Adjusted Life Years),159,South Asia,2,Female,22,All ages,559,Schizophrenia,3,Rate,1997,132.90249707022363,172.49950170831505,98.46500319828722
2,DALYs (Disability-Adjusted Life Years),159,South Asia,3,Both,22,All ages,559,Schizophrenia,3,Rate,1997,156.423352698368,202.8273657363234,115.98513986306189
2,DALYs (Disability-Adjusted Life Years),159,South Asia,1,Male,27,Age-standardized,559,Schizophrenia,3,Rate,1997,207.3596258465774,266.36670710130755,152.42763678904436
2,DALYs (Disability-Adjusted Life Years),159,South Asia,2,Female,27,Age-standardized,559,Schizophrenia,3,Rate,1997,154.68232600537772,200.262972972668,114.15756095985714
2,DALYs (Disability-Adjusted Life Years),159,South Asia,3,Both,27,Age-standardized,559,Schizophrenia,3,Rate,1997,182.0016540390459,235.2649583459915,134.0188899667061
2,DALYs (Disability-Adjusted Life Years),134,Tropical Latin America,1,Male,22,All ages,559,Schizophrenia,1,Number,1997,134759.09025628617,173581.4461630266,99020.51296304789
2,DALYs (Disability-Adjusted Life Years),134,Tropical Latin America,2,Female,22,All ages,559,Schizophrenia,1,Number,1997,113340.61324450916,147643.13231505186,84128.58514317975
2,DALYs (Disability-Adjusted Life Years),134,Tropical Latin America,3,Both,22,All ages,559,Schizophrenia,1,Number,1997,248099.7035007954,319794.02006619493,182792.1770912446
2,DALYs (Disability-Adjusted Life Years),134,Tropical Latin America,1,Male,22,All ages,559,Schizophrenia,2,Percent,1997,0.00419722346227438,0.005373809590115476,0.00306212299402552
2,DALYs (Disability-Adjusted Life Years),134,Tropical Latin America,2,Female,22,All ages,559,Schizophrenia,2,Percent,1997,0.004427284054590211,0.005686001199787195,0.0032323499683384917
2,DALYs (Disability-Adjusted Life Years),134,Tropical Latin America,3,Both,22,All ages,559,Schizophrenia,2,Percent,1997,0.004298523572082033,0.005501355502989309,0.003173740250956655
2,DALYs (Disability-Adjusted Life Years),134,Tropical Latin America,1,Male,22,All ages,559,Schizophrenia,3,Rate,1997,159.482506468918,205.42735972713075,117.1871935997147
2,DALYs (Disability-Adjusted Life Years),134,Tropical Latin America,2,Female,22,All ages,559,Schizophrenia,3,Rate,1997,130.59132297347668,170.11476667570216,96.93315502037706
2,DALYs (Disability-Adjusted Life Years),134,Tropical Latin America,3,Both,22,All ages,559,Schizophrenia,3,Rate,1997,144.84356943873425,186.69956754463186,106.7162556898752
2,DALYs (Disability-Adjusted Life Years),134,Tropical Latin America,1,Male,27,Age-standardized,559,Schizophrenia,3,Rate,1997,170.0463696123975,218.02692638846636,125.43668233242948
2,DALYs (Disability-Adjusted Life Years),134,Tropical Latin America,2,Female,27,Age-standardized,559,Schizophrenia,3,Rate,1997,136.09369794598805,176.08437643736966,101.2130606529977
2,DALYs (Disability-Adjusted Life Years),134,Tropical Latin America,3,Both,27,Age-standardized,559,Schizophrenia,3,Rate,1997,152.60288429190308,197.6378950204169,113.32174954406331
2,DALYs (Disability-Adjusted Life Years),192,Southern Sub-Saharan Africa,1,Male,22,All ages,559,Schizophrenia,1,Number,1997,33886.66846655407,44560.96462614546,24639.962039715225
2,DALYs (Disability-Adjusted Life Years),192,Southern Sub-Saharan Africa,2,Female,22,All ages,559,Schizophrenia,1,Number,1997,39226.98513762457,51253.90484326463,28710.527170969624
2,DALYs (Disability-Adjusted Life Years),192,Southern Sub-Saharan Africa,3,Both,22,All ages,559,Schizophrenia,1,Number,1997,73113.6536041786,95252.83544456755,53257.37732086711
2,DALYs (Disability-Adjusted Life Years),192,Southern Sub-Saharan Africa,1,Male,22,All ages,559,Schizophrenia,2,Percent,1997,0.001714496854234395,0.002243835903129569,0.0012465689293871688
2,DALYs (Disability-Adjusted Life Years),192,Southern Sub-Saharan Africa,2,Female,22,All ages,559,Schizophrenia,2,Percent,1997,0.002198104409790326,0.0028765380063757286,0.0016002016887400254
2,DALYs (Disability-Adjusted Life Years),192,Southern Sub-Saharan Africa,3,Both,22,All ages,559,Schizophrenia,2,Percent,1997,0.0019437001050311789,0.0025562348429049413,0.0014096792178296953
2,DALYs (Disability-Adjusted Life Years),192,Southern Sub-Saharan Africa,1,Male,22,All ages,559,Schizophrenia,3,Rate,1997,115.94309290228071,152.46515208669064,84.30552595334213
2,DALYs (Disability-Adjusted Life Years),192,Southern Sub-Saharan Africa,2,Female,22,All ages,559,Schizophrenia,3,Rate,1997,124.91105468799454,163.20854861490852,91.42334586744404
2,DALYs (Disability-Adjusted Life Years),192,Southern Sub-Saharan Africa,3,Both,22,All ages,559,Schizophrenia,3,Rate,1997,120.58807094625476,157.1027450030887,87.83864679432641
2,DALYs (Disability-Adjusted Life Years),192,Southern Sub-Saharan Africa,1,Male,27,Age-standardized,559,Schizophrenia,3,Rate,1997,138.0044966580027,179.676822852695,100.98575992389208
2,DALYs (Disability-Adjusted Life Years),192,Southern Sub-Saharan Africa,2,Female,27,Age-standardized,559,Schizophrenia,3,Rate,1997,143.34211161409777,186.89674444286064,105.34396002998145
2,DALYs (Disability-Adjusted Life Years),192,Southern Sub-Saharan Africa,3,Both,27,Age-standardized,559,Schizophrenia,3,Rate,1997,140.85645610969917,183.1270988021455,103.18886762814674
2,DALYs (Disability-Adjusted Life Years),73,Western Europe,1,Male,22,All ages,559,Schizophrenia,1,Number,1997,393903.5856666648,510457.4994867607,285699.765551444
2,DALYs (Disability-Adjusted Life Years),73,Western Europe,2,Female,22,All ages,559,Schizophrenia,1,Number,1997,379703.1311902337,486066.94096750155,274781.3134967807
2,DALYs (Disability-Adjusted Life Years),73,Western Europe,3,Both,22,All ages,559,Schizophrenia,1,Number,1997,773606.7168568979,994483.8741804584,561649.4974416839
2,DALYs (Disability-Adjusted Life Years),73,Western Europe,1,Male,22,All ages,559,Schizophrenia,2,Percent,1997,0.006155557639126423,0.007727928708022704,0.004491557159596812
2,DALYs (Disability-Adjusted Life Years),73,Western Europe,2,Female,22,All ages,559,Schizophrenia,2,Percent,1997,0.006126554329846353,0.007749070326008096,0.004526839295125096
2,DALYs (Disability-Adjusted Life Years),73,Western Europe,3,Both,22,All ages,559,Schizophrenia,2,Percent,1997,0.006140362316591985,0.007703877754944856,0.004517555768829359
2,DALYs (Disability-Adjusted Life Years),73,Western Europe,1,Male,22,All ages,559,Schizophrenia,3,Rate,1997,205.12309732972105,265.8178984908131,148.7765609371218
2,DALYs (Disability-Adjusted Life Years),73,Western Europe,2,Female,22,All ages,559,Schizophrenia,3,Rate,1997,188.35003767986944,241.11132915651498,136.30403991826202
2,DALYs (Disability-Adjusted Life Years),73,Western Europe,3,Both,22,All ages,559,Schizophrenia,3,Rate,1997,196.53284979929052,252.6461386817027,142.68564881265382
2,DALYs (Disability-Adjusted Life Years),73,Western Europe,1,Male,27,Age-standardized,559,Schizophrenia,3,Rate,1997,173.9662190605001,226.61045919924274,126.72020516731604
2,DALYs (Disability-Adjusted Life Years),73,Western Europe,2,Female,27,Age-standardized,559,Schizophrenia,3,Rate,1997,158.98397225709266,205.5567150622767,115.09525086989335
2,DALYs (Disability-Adjusted Life Years),73,Western Europe,3,Both,27,Age-standardized,559,Schizophrenia,3,Rate,1997,166.75424097552428,215.86478719942264,122.22310534847911
2,DALYs (Disability-Adjusted Life Years),44634,High-middle SDI,1,Male,22,All ages,559,Schizophrenia,1,Number,1997,1121876.2692033646,1410872.6493235044,838372.5703375371
2,DALYs (Disability-Adjusted Life Years),44634,High-middle SDI,2,Female,22,All ages,559,Schizophrenia,1,Number,1997,1038868.0625359536,1308693.6208399527,773603.0911270338
2,DALYs (Disability-Adjusted Life Years),44634,High-middle SDI,3,Both,22,All ages,559,Schizophrenia,1,Number,1997,2160744.3317393153,2723178.0578217544,1615872.9565646278
2,DALYs (Disability-Adjusted Life Years),44634,High-middle SDI,1,Male,22,All ages,559,Schizophrenia,2,Percent,1997,0.005255344330712423,0.00654090354538395,0.0039399332425771256
2,DALYs (Disability-Adjusted Life Years),44634,High-middle SDI,2,Female,22,All ages,559,Schizophrenia,2,Percent,1997,0.006002198035274322,0.0074932753250120205,0.0044863261081353155
2,DALYs (Disability-Adjusted Life Years),44634,High-middle SDI,3,Both,22,All ages,559,Schizophrenia,2,Percent,1997,0.005588782733926148,0.006934347245134062,0.004217659873527137
2,DALYs (Disability-Adjusted Life Years),44634,High-middle SDI,1,Male,22,All ages,559,Schizophrenia,3,Rate,1997,199.42124500568238,250.79234492797397,149.0265070621785
2,DALYs (Disability-Adjusted Life Years),44634,High-middle SDI,2,Female,22,All ages,559,Schizophrenia,3,Rate,1997,183.10184363085446,230.65894829685448,136.3485483210585
2,DALYs (Disability-Adjusted Life Years),44634,High-middle SDI,3,Both,22,All ages,559,Schizophrenia,3,Rate,1997,191.22684103126167,241.00247767107197,143.00548031194728
2,DALYs (Disability-Adjusted Life Years),44634,High-middle SDI,1,Male,27,Age-standardized,559,Schizophrenia,3,Rate,1997,180.90524835302384,227.42812926668643,135.4302754124502
2,DALYs (Disability-Adjusted Life Years),44634,High-middle SDI,2,Female,27,Age-standardized,559,Schizophrenia,3,Rate,1997,166.29508656355762,209.2740145436047,124.29216491105346
2,DALYs (Disability-Adjusted Life Years),44634,High-middle SDI,3,Both,27,Age-standardized,559,Schizophrenia,3,Rate,1997,173.59495444630082,218.52043094629892,130.11814097543697
2,DALYs (Disability-Adjusted Life Years),44635,High SDI,1,Male,22,All ages,559,Schizophrenia,1,Number,1997,1043624.9186559285,1336128.0619866683,770841.3469397763
2,DALYs (Disability-Adjusted Life Years),44635,High SDI,2,Female,22,All ages,559,Schizophrenia,1,Number,1997,987666.6755235658,1257334.15186069,735780.8747526932
2,DALYs (Disability-Adjusted Life Years),44635,High SDI,3,Both,22,All ages,559,Schizophrenia,1,Number,1997,2031291.5941794913,2585576.930185863,1506081.553840215
2,DALYs (Disability-Adjusted Life Years),44635,High SDI,1,Male,22,All ages,559,Schizophrenia,2,Percent,1997,0.007188557939643092,0.009006528396996007,0.005373763467341272
2,DALYs (Disability-Adjusted Life Years),44635,High SDI,2,Female,22,All ages,559,Schizophrenia,2,Percent,1997,0.007382838963092629,0.009246233938942425,0.005528995832459823
2,DALYs (Disability-Adjusted Life Years),44635,High SDI,3,Both,22,All ages,559,Schizophrenia,2,Percent,1997,0.007280751529844842,0.00908646446938929,0.005422400147888714
2,DALYs (Disability-Adjusted Life Years),44635,High SDI,1,Male,22,All ages,559,Schizophrenia,3,Rate,1997,228.50671214200082,292.55168690150464,168.77943274789902
2,DALYs (Disability-Adjusted Life Years),44635,High SDI,2,Female,22,All ages,559,Schizophrenia,3,Rate,1997,211.07280296758995,268.7030455486712,157.24265630575152
2,DALYs (Disability-Adjusted Life Years),44635,High SDI,3,Both,22,All ages,559,Schizophrenia,3,Rate,1997,219.68405959180535,279.6299842118859,162.88262639003287
2,DALYs (Disability-Adjusted Life Years),44635,High SDI,1,Male,27,Age-standardized,559,Schizophrenia,3,Rate,1997,198.62403838119448,254.65095523812138,147.96300862361522
2,DALYs (Disability-Adjusted Life Years),44635,High SDI,2,Female,27,Age-standardized,559,Schizophrenia,3,Rate,1997,184.671511733079,236.14540959561526,137.4961013423822
2,DALYs (Disability-Adjusted Life Years),44635,High SDI,3,Both,27,Age-standardized,559,Schizophrenia,3,Rate,1997,191.9330257778146,245.57932692403986,142.53319476431903
2,DALYs (Disability-Adjusted Life Years),199,Western Sub-Saharan Africa,1,Male,22,All ages,559,Schizophrenia,1,Number,1997,114627.72760637676,152123.65285010374,82827.01256823659
2,DALYs (Disability-Adjusted Life Years),199,Western Sub-Saharan Africa,2,Female,22,All ages,559,Schizophrenia,1,Number,1997,142044.91680267593,188705.00844965916,102401.08489906762
2,DALYs (Disability-Adjusted Life Years),199,Western Sub-Saharan Africa,3,Both,22,All ages,559,Schizophrenia,1,Number,1997,256672.64440905253,339879.2488410239,184295.27766904404
2,DALYs (Disability-Adjusted Life Years),199,Western Sub-Saharan Africa,1,Male,22,All ages,559,Schizophrenia,2,Percent,1997,0.0009069569923597906,0.001212200343015315,0.0006534251124278543
2,DALYs (Disability-Adjusted Life Years),199,Western Sub-Saharan Africa,2,Female,22,All ages,559,Schizophrenia,2,Percent,1997,0.0012433163192834531,0.001660399125259153,0.0008988254585913757
2,DALYs (Disability-Adjusted Life Years),199,Western Sub-Saharan Africa,3,Both,22,All ages,559,Schizophrenia,2,Percent,1997,0.0010665354258298436,0.0014204610707068157,0.0007705108354501669
2,DALYs (Disability-Adjusted Life Years),199,Western Sub-Saharan Africa,1,Male,22,All ages,559,Schizophrenia,3,Rate,1997,97.00585105555882,128.73747668695643,70.09390321477764
2,DALYs (Disability-Adjusted Life Years),199,Western Sub-Saharan Africa,2,Female,22,All ages,559,Schizophrenia,3,Rate,1997,119.84402529082415,159.21138407622428,86.3963208588434
2,DALYs (Disability-Adjusted Life Years),199,Western Sub-Saharan Africa,3,Both,22,All ages,559,Schizophrenia,3,Rate,1997,108.44225969125192,143.5964235742531,77.86336719626284
2,DALYs (Disability-Adjusted Life Years),199,Western Sub-Saharan Africa,1,Male,27,Age-standardized,559,Schizophrenia,3,Rate,1997,131.7679299303921,172.92632188893222,94.4726793832289
2,DALYs (Disability-Adjusted Life Years),199,Western Sub-Saharan Africa,2,Female,27,Age-standardized,559,Schizophrenia,3,Rate,1997,163.21994023250534,214.94703173492178,117.57151065886255
2,DALYs (Disability-Adjusted Life Years),199,Western Sub-Saharan Africa,3,Both,27,Age-standardized,559,Schizophrenia,3,Rate,1997,147.32066788338898,193.8956327884909,106.09648355080166
2,DALYs (Disability-Adjusted Life Years),44636,Low-middle SDI,1,Male,22,All ages,559,Schizophrenia,1,Number,1997,1065344.9767862123,1391202.2006516848,782499.8696932121
2,DALYs (Disability-Adjusted Life Years),44636,Low-middle SDI,2,Female,22,All ages,559,Schizophrenia,1,Number,1997,828683.2198195438,1087066.0137923579,604650.4769833935
2,DALYs (Disability-Adjusted Life Years),44636,Low-middle SDI,3,Both,22,All ages,559,Schizophrenia,1,Number,1997,1894028.1966057564,2471339.1359573384,1385233.69110448
2,DALYs (Disability-Adjusted Life Years),44636,Low-middle SDI,1,Male,22,All ages,559,Schizophrenia,2,Percent,1997,0.0027430693330949994,0.003566697079293373,0.001992120342044747
2,DALYs (Disability-Adjusted Life Years),44636,Low-middle SDI,2,Female,22,All ages,559,Schizophrenia,2,Percent,1997,0.0023273474059641074,0.0030264748104911624,0.0016857730633093066
2,DALYs (Disability-Adjusted Life Years),44636,Low-middle SDI,3,Both,22,All ages,559,Schizophrenia,2,Percent,1997,0.002544111442855129,0.0033071369699999194,0.0018495512153414813
2,DALYs (Disability-Adjusted Life Years),44636,Low-middle SDI,1,Male,22,All ages,559,Schizophrenia,3,Rate,1997,158.68800776391438,207.22593190815007,116.55693517392618
2,DALYs (Disability-Adjusted Life Years),44636,Low-middle SDI,2,Female,22,All ages,559,Schizophrenia,3,Rate,1997,127.79434261095896,167.6405208706433,93.2454143723609
2,DALYs (Disability-Adjusted Life Years),44636,Low-middle SDI,3,Both,22,All ages,559,Schizophrenia,3,Rate,1997,143.50913696884507,187.25156636746294,104.95814786011381
2,DALYs (Disability-Adjusted Life Years),44636,Low-middle SDI,1,Male,27,Age-standardized,559,Schizophrenia,3,Rate,1997,190.52211096228805,246.01412175888245,139.63825237136504
2,DALYs (Disability-Adjusted Life Years),44636,Low-middle SDI,2,Female,27,Age-standardized,559,Schizophrenia,3,Rate,1997,151.31794131144676,198.29895726490514,110.93687615102664
2,DALYs (Disability-Adjusted Life Years),44636,Low-middle SDI,3,Both,27,Age-standardized,559,Schizophrenia,3,Rate,1997,171.129714260115,223.13238437068773,125.95481791674891
2,DALYs (Disability-Adjusted Life Years),44637,Low SDI,1,Male,22,All ages,559,Schizophrenia,1,Number,1997,345815.09941837715,453847.4901742734,249604.6900733182
2,DALYs (Disability-Adjusted Life Years),44637,Low SDI,2,Female,22,All ages,559,Schizophrenia,1,Number,1997,321592.66679597757,424929.19735358283,231843.92381661182
2,DALYs (Disability-Adjusted Life Years),44637,Low SDI,3,Both,22,All ages,559,Schizophrenia,1,Number,1997,667407.7662143558,878376.7309776007,479677.9535366822
2,DALYs (Disability-Adjusted Life Years),44637,Low SDI,1,Male,22,All ages,559,Schizophrenia,2,Percent,1997,0.001169138491927424,0.0015471509826986347,0.0008509042498052899
2,DALYs (Disability-Adjusted Life Years),44637,Low SDI,2,Female,22,All ages,559,Schizophrenia,2,Percent,1997,0.0011919950992594407,0.0015734964211931368,0.000869216767013789
2,DALYs (Disability-Adjusted Life Years),44637,Low SDI,3,Both,22,All ages,559,Schizophrenia,2,Percent,1997,0.001179994695533204,0.0015625813640422035,0.0008610166914779197
2,DALYs (Disability-Adjusted Life Years),44637,Low SDI,1,Male,22,All ages,559,Schizophrenia,3,Rate,1997,114.33405618831318,150.05193390856522,82.52478479889261
2,DALYs (Disability-Adjusted Life Years),44637,Low SDI,2,Female,22,All ages,559,Schizophrenia,3,Rate,1997,108.08693734327056,142.8182302391273,77.92248472780632
2,DALYs (Disability-Adjusted Life Years),44637,Low SDI,3,Both,22,All ages,559,Schizophrenia,3,Rate,1997,111.23615607393927,146.3981333225298,79.94742405753941
2,DALYs (Disability-Adjusted Life Years),44637,Low SDI,1,Male,27,Age-standardized,559,Schizophrenia,3,Rate,1997,158.78142662439262,206.740431544842,114.82494218322796
2,DALYs (Disability-Adjusted Life Years),44637,Low SDI,2,Female,27,Age-standardized,559,Schizophrenia,3,Rate,1997,146.58013645073484,192.60054364487948,106.17627172396703
2,DALYs (Disability-Adjusted Life Years),44637,Low SDI,3,Both,27,Age-standardized,559,Schizophrenia,3,Rate,1997,152.68381467867536,200.30638602073523,110.4126890937624
2,DALYs (Disability-Adjusted Life Years),167,Central Sub-Saharan Africa,1,Male,22,All ages,559,Schizophrenia,1,Number,1997,31245.914464210095,43263.688202734134,21629.846788052608
2,DALYs (Disability-Adjusted Life Years),167,Central Sub-Saharan Africa,2,Female,22,All ages,559,Schizophrenia,1,Number,1997,33728.7271581636,45950.83784451184,23846.761450970538
2,DALYs (Disability-Adjusted Life Years),167,Central Sub-Saharan Africa,3,Both,22,All ages,559,Schizophrenia,1,Number,1997,64974.64162237364,89278.73644901521,46138.39872868353
2,DALYs (Disability-Adjusted Life Years),167,Central Sub-Saharan Africa,1,Male,22,All ages,559,Schizophrenia,2,Percent,1997,0.0008426687897165586,0.0011642607157453992,0.0005843669999221894
2,DALYs (Disability-Adjusted Life Years),167,Central Sub-Saharan Africa,2,Female,22,All ages,559,Schizophrenia,2,Percent,1997,0.001028009797785293,0.0014044038191066398,0.0007276633320057367
2,DALYs (Disability-Adjusted Life Years),167,Central Sub-Saharan Africa,3,Both,22,All ages,559,Schizophrenia,2,Percent,1997,0.0009296140275313374,0.0012811418454155362,0.0006563621512730714
2,DALYs (Disability-Adjusted Life Years),167,Central Sub-Saharan Africa,1,Male,22,All ages,559,Schizophrenia,3,Rate,1997,93.44467855330468,129.3852814506542,64.68666751878663
2,DALYs (Disability-Adjusted Life Years),167,Central Sub-Saharan Africa,2,Female,22,All ages,559,Schizophrenia,3,Rate,1997,99.52321851215902,135.58695097420113,70.36454235474584
2,DALYs (Disability-Adjusted Life Years),167,Central Sub-Saharan Africa,3,Both,22,All ages,559,Schizophrenia,3,Rate,1997,96.50437196884243,132.602322630083,68.52761449362775
2,DALYs (Disability-Adjusted Life Years),167,Central Sub-Saharan Africa,1,Male,27,Age-standardized,559,Schizophrenia,3,Rate,1997,129.938457668248,175.0465676945977,90.62451864048958
2,DALYs (Disability-Adjusted Life Years),167,Central Sub-Saharan Africa,2,Female,27,Age-standardized,559,Schizophrenia,3,Rate,1997,135.3225679208446,183.46132032204946,93.85694650960393
2,DALYs (Disability-Adjusted Life Years),167,Central Sub-Saharan Africa,3,Both,27,Age-standardized,559,Schizophrenia,3,Rate,1997,132.73027995717908,180.8960415815899,93.1395284934912
2,DALYs (Disability-Adjusted Life Years),44639,Middle SDI,1,Male,22,All ages,559,Schizophrenia,1,Number,1997,1782329.4618008533,2292623.9079077244,1313754.9192462272
2,DALYs (Disability-Adjusted Life Years),44639,Middle SDI,2,Female,22,All ages,559,Schizophrenia,1,Number,1997,1501038.1593073716,1935556.4088533353,1111176.4645283974
2,DALYs (Disability-Adjusted Life Years),44639,Middle SDI,3,Both,22,All ages,559,Schizophrenia,1,Number,1997,3283367.621108226,4221006.325128889,2425742.686568384
2,DALYs (Disability-Adjusted Life Years),44639,Middle SDI,1,Male,22,All ages,559,Schizophrenia,2,Percent,1997,0.004959575766274715,0.006305830747080866,0.003643164113697075
2,DALYs (Disability-Adjusted Life Years),44639,Middle SDI,2,Female,22,All ages,559,Schizophrenia,2,Percent,1997,0.005114059540398303,0.006494401432164553,0.003787932693390489
2,DALYs (Disability-Adjusted Life Years),44639,Middle SDI,3,Both,22,All ages,559,Schizophrenia,2,Percent,1997,0.0050283702543519335,0.006407157877301531,0.003721746106442849
2,DALYs (Disability-Adjusted Life Years),44639,Middle SDI,1,Male,22,All ages,559,Schizophrenia,3,Rate,1997,184.83990309517517,237.7609695926661,136.24547939578144
2,DALYs (Disability-Adjusted Life Years),44639,Middle SDI,2,Female,22,All ages,559,Schizophrenia,3,Rate,1997,161.59708104726914,208.37595895454183,119.62578838040318
2,DALYs (Disability-Adjusted Life Years),44639,Middle SDI,3,Both,22,All ages,559,Schizophrenia,3,Rate,1997,173.43567235900153,222.96408885924035,128.13378286069508
2,DALYs (Disability-Adjusted Life Years),44639,Middle SDI,1,Male,27,Age-standardized,559,Schizophrenia,3,Rate,1997,190.25525232147885,243.3961833307925,140.43347047010454
2,DALYs (Disability-Adjusted Life Years),44639,Middle SDI,2,Female,27,Age-standardized,559,Schizophrenia,3,Rate,1997,164.66492459699896,210.17396175793704,121.95802140494996
2,DALYs (Disability-Adjusted Life Years),44639,Middle SDI,3,Both,27,Age-standardized,559,Schizophrenia,3,Rate,1997,177.65315094030856,227.21830763549735,131.2444472624617
5,Prevalence,21,Oceania,1,Male,22,All ages,559,Schizophrenia,1,Number,1997,9697.70935525074,12504.49478573261,7346.24129773801
5,Prevalence,21,Oceania,2,Female,22,All ages,559,Schizophrenia,1,Number,1997,7766.370661350616,10009.650018602506,5824.820399735992
5,Prevalence,21,Oceania,3,Both,22,All ages,559,Schizophrenia,1,Number,1997,17464.08001660139,22386.901047079627,13159.627134741932
5,Prevalence,21,Oceania,1,Male,22,All ages,559,Schizophrenia,2,Percent,1997,0.0024747244717088,0.0031957936068208,0.0018730829258703
5,Prevalence,21,Oceania,2,Female,22,All ages,559,Schizophrenia,2,Percent,1997,0.0021013290569113,0.0027068207872854,0.001575227769044
5,Prevalence,21,Oceania,3,Both,22,All ages,559,Schizophrenia,2,Percent,1997,0.0022934887854717,0.0029395111000745,0.0017272874301485
5,Prevalence,21,Oceania,1,Male,22,All ages,559,Schizophrenia,3,Rate,1997,242.77798871237002,313.04465649929,183.90999580688
5,Prevalence,21,Oceania,2,Female,22,All ages,559,Schizophrenia,3,Rate,1997,207.57698885770998,267.53461828973997,155.68387499598
5,Prevalence,21,Oceania,3,Both,22,All ages,559,Schizophrenia,3,Rate,1997,225.75318624013,289.38909101519,170.1107503273
5,Prevalence,21,Oceania,1,Male,27,Age-standardized,559,Schizophrenia,2,Percent,1997,0.0030281056306833,0.0038013860686518,0.00234515139507
5,Prevalence,21,Oceania,2,Female,27,Age-standardized,559,Schizophrenia,2,Percent,1997,0.0025118142645772,0.0031452506621272,0.0019289093529538
5,Prevalence,21,Oceania,3,Both,27,Age-standardized,559,Schizophrenia,2,Percent,1997,0.0027762735398913,0.0034693381602416,0.0021428830171989
5,Prevalence,21,Oceania,1,Male,27,Age-standardized,559,Schizophrenia,3,Rate,1997,298.60116067214,374.88552298477,231.55873093418
5,Prevalence,21,Oceania,2,Female,27,Age-standardized,559,Schizophrenia,3,Rate,1997,249.01722368148998,312.04771785209,191.2280741982
5,Prevalence,21,Oceania,3,Both,27,Age-standardized,559,Schizophrenia,3,Rate,1997,274.47796851907,343.12535104989996,212.00704744501
5,Prevalence,5,East Asia,1,Male,22,All ages,559,Schizophrenia,1,Number,1997,2226795.9842058923,2555909.4723052965,1915458.734117496
5,Prevalence,5,East Asia,2,Female,22,All ages,559,Schizophrenia,1,Number,1997,2004380.9983826864,2294641.4285199763,1725277.56151952
5,Prevalence,5,East Asia,3,Both,22,All ages,559,Schizophrenia,1,Number,1997,4231176.982588582,4843831.235212681,3636943.179355913
5,Prevalence,5,East Asia,1,Male,22,All ages,559,Schizophrenia,2,Percent,1997,0.0035085840589804,0.0040329593397019,0.0030199424128968
5,Prevalence,5,East Asia,2,Female,22,All ages,559,Schizophrenia,2,Percent,1997,0.0032980689758507,0.0037843777728705,0.0028414126601092
5,Prevalence,5,East Asia,3,Both,22,All ages,559,Schizophrenia,2,Percent,1997,0.0034056057736527,0.0039019077157468,0.0029262248860701
5,Prevalence,5,East Asia,1,Male,22,All ages,559,Schizophrenia,3,Rate,1997,334.85446526213997,384.3449088635,288.03712360445
5,Prevalence,5,East Asia,2,Female,22,All ages,559,Schizophrenia,3,Rate,1997,320.99252096967,367.47641164849,276.29537213305
5,Prevalence,5,East Asia,3,Both,22,All ages,559,Schizophrenia,3,Rate,1997,328.14157452015996,375.65490991592003,282.05680505099
5,Prevalence,5,East Asia,1,Male,27,Age-standardized,559,Schizophrenia,2,Percent,1997,0.0032282679517131,0.0036892755990069,0.0027979513025925
5,Prevalence,5,East Asia,2,Female,27,Age-standardized,559,Schizophrenia,2,Percent,1997,0.0030183640900963,0.0034376279877224,0.0026151216346958
5,Prevalence,5,East Asia,3,Both,27,Age-standardized,559,Schizophrenia,2,Percent,1997,0.0031261214195216,0.0035600992018342,0.0027087178815809
5,Prevalence,5,East Asia,1,Male,27,Age-standardized,559,Schizophrenia,3,Rate,1997,307.25653322553,350.66887039618,266.37261301935
5,Prevalence,5,East Asia,2,Female,27,Age-standardized,559,Schizophrenia,3,Rate,1997,292.21066327611,332.6519006309,253.42673783773003
5,Prevalence,5,East Asia,3,Both,27,Age-standardized,559,Schizophrenia,3,Rate,1997,300.00103532253996,341.47591369299,259.85316205359
5,Prevalence,1,Global,1,Male,22,All ages,559,Schizophrenia,1,Number,1997,8237980.440516913,9758672.409498677,6829587.4616883565
5,Prevalence,1,Global,2,Female,22,All ages,559,Schizophrenia,1,Number,1997,7369424.768345051,8712292.846359547,6126651.950166412
5,Prevalence,1,Global,3,Both,22,All ages,559,Schizophrenia,1,Number,1997,15607405.208861977,18464635.809968237,12953926.256888753
5,Prevalence,1,Global,1,Male,22,All ages,559,Schizophrenia,2,Percent,1997,0.0028851619031242,0.0034148392160885,0.0023922042866494
5,Prevalence,1,Global,2,Female,22,All ages,559,Schizophrenia,2,Percent,1997,0.0025842391091026,0.0030543691431513,0.002149180348193
5,Prevalence,1,Global,3,Both,22,All ages,559,Schizophrenia,2,Percent,1997,0.0027347952442498,0.0032354269351987,0.0022707625798408
5,Prevalence,1,Global,1,Male,22,All ages,559,Schizophrenia,3,Rate,1997,278.30106196374,329.67411303411,230.72177180878
5,Prevalence,1,Global,2,Female,22,All ages,559,Schizophrenia,3,Rate,1997,252.98579147390998,299.08525706868,210.32250703688
5,Prevalence,1,Global,3,Both,22,All ages,559,Schizophrenia,3,Rate,1997,265.74497302347,314.39461457834,220.5645805704
5,Prevalence,1,Global,1,Male,27,Age-standardized,559,Schizophrenia,2,Percent,1997,0.0029874894730592,0.0035147077327236,0.0024926404083958
5,Prevalence,1,Global,2,Female,27,Age-standardized,559,Schizophrenia,2,Percent,1997,0.002666130926401,0.0031427263910009,0.0022175057715128
5,Prevalence,1,Global,3,Both,27,Age-standardized,559,Schizophrenia,2,Percent,1997,0.0028279153638146,0.0033317894987541,0.0023558154440034
5,Prevalence,1,Global,1,Male,27,Age-standardized,559,Schizophrenia,3,Rate,1997,289.08766005997,339.7958592691,241.04245193967
5,Prevalence,1,Global,2,Female,27,Age-standardized,559,Schizophrenia,3,Rate,1997,261.25241281734003,307.64529796125,217.19717223902998
5,Prevalence,1,Global,3,Both,27,Age-standardized,559,Schizophrenia,3,Rate,1997,275.34267307947,324.00597208884,229.23926901061998
5,Prevalence,65,High-income Asia Pacific,1,Male,22,All ages,559,Schizophrenia,1,Number,1997,295121.7759101144,354231.51087763347,243786.11179151823
5,Prevalence,65,High-income Asia Pacific,2,Female,22,All ages,559,Schizophrenia,1,Number,1997,286018.8498350074,338120.93545218045,237143.02458539483
5,Prevalence,65,High-income Asia Pacific,3,Both,22,All ages,559,Schizophrenia,1,Number,1997,581140.6257451223,690953.3359538298,480696.2301451387
5,Prevalence,65,High-income Asia Pacific,1,Male,22,All ages,559,Schizophrenia,2,Percent,1997,0.0035815956095597,0.0042916343687985,0.00295922134995
5,Prevalence,65,High-income Asia Pacific,2,Female,22,All ages,559,Schizophrenia,2,Percent,1997,0.0032909528496186,0.0038974322333112,0.0027258657707378
5,Prevalence,65,High-income Asia Pacific,3,Both,22,All ages,559,Schizophrenia,2,Percent,1997,0.0034324015541411,0.0040815330744909,0.0028386198275554
5,Prevalence,65,High-income Asia Pacific,1,Male,22,All ages,559,Schizophrenia,3,Rate,1997,334.85819267432004,401.9267068822,276.61048237413
5,Prevalence,65,High-income Asia Pacific,2,Female,22,All ages,559,Schizophrenia,3,Rate,1997,317.11906871187,374.88646718367,262.92873756893
5,Prevalence,65,High-income Asia Pacific,3,Both,22,All ages,559,Schizophrenia,3,Rate,1997,325.88619416357,387.46586114145003,269.55999641209
5,Prevalence,65,High-income Asia Pacific,1,Male,27,Age-standardized,559,Schizophrenia,2,Percent,1997,0.0031076981377062,0.0037474240836761,0.0025561619136982
5,Prevalence,65,High-income Asia Pacific,2,Female,27,Age-standardized,559,Schizophrenia,2,Percent,1997,0.0028456162922359,0.0033951337839108,0.0023498079917185
5,Prevalence,65,High-income Asia Pacific,3,Both,27,Age-standardized,559,Schizophrenia,2,Percent,1997,0.002981451504869,0.0035714478819725,0.0024572772650722
5,Prevalence,65,High-income Asia Pacific,1,Male,27,Age-standardized,559,Schizophrenia,3,Rate,1997,283.21116512301,341.40387100966,232.33494367652
5,Prevalence,65,High-income Asia Pacific,2,Female,27,Age-standardized,559,Schizophrenia,3,Rate,1997,267.34104173953,318.68793398614,220.59259826931998
5,Prevalence,65,High-income Asia Pacific,3,Both,27,Age-standardized,559,Schizophrenia,3,Rate,1997,275.79794828521,330.27090140152,227.42873234717
5,Prevalence,32,Central Asia,1,Male,22,All ages,559,Schizophrenia,1,Number,1997,68150.24319738644,87323.31824086639,52379.64773223619
5,Prevalence,32,Central Asia,2,Female,22,All ages,559,Schizophrenia,1,Number,1997,71752.0486098953,91537.92967880248,55373.83519929332
5,Prevalence,32,Central Asia,3,Both,22,All ages,559,Schizophrenia,1,Number,1997,139902.29180728167,178684.52457950084,107598.505987409
5,Prevalence,32,Central Asia,1,Male,22,All ages,559,Schizophrenia,2,Percent,1997,0.0019907915561928,0.0025544124643997,0.0015250974323166
5,Prevalence,32,Central Asia,2,Female,22,All ages,559,Schizophrenia,2,Percent,1997,0.0019796407108082,0.0025257491976237,0.0015281651480478
5,Prevalence,32,Central Asia,3,Both,22,All ages,559,Schizophrenia,2,Percent,1997,0.0019850546074518,0.002539570174276,0.0015245010945264
5,Prevalence,32,Central Asia,1,Male,22,All ages,559,Schizophrenia,3,Rate,1997,190.17645310114,243.67981913096,146.16786607133
5,Prevalence,32,Central Asia,2,Female,22,All ages,559,Schizophrenia,3,Rate,1997,192.30752957161002,245.33701071501,148.41116952599998
5,Prevalence,32,Central Asia,3,Both,22,All ages,559,Schizophrenia,3,Rate,1997,191.26349002853,244.28353062464998,147.10027627965
5,Prevalence,32,Central Asia,1,Male,27,Age-standardized,559,Schizophrenia,2,Percent,1997,0.0022206624817885,0.002806183146656,0.0017303251608821
5,Prevalence,32,Central Asia,2,Female,27,Age-standardized,559,Schizophrenia,2,Percent,1997,0.0021519340959995,0.0027118445458058,0.0016671998383051
5,Prevalence,32,Central Asia,3,Both,27,Age-standardized,559,Schizophrenia,2,Percent,1997,0.0021856320365411,0.002756411507717,0.0016934044916603
5,Prevalence,32,Central Asia,1,Male,27,Age-standardized,559,Schizophrenia,3,Rate,1997,213.87144937952,269.94946240670004,166.47148378912001
5,Prevalence,32,Central Asia,2,Female,27,Age-standardized,559,Schizophrenia,3,Rate,1997,209.77596029961,264.54250419175,162.63188979999
5,Prevalence,32,Central Asia,3,Both,27,Age-standardized,559,Schizophrenia,3,Rate,1997,211.77384594004002,266.92174290123,164.14839832242
5,Prevalence,42,Central Europe,1,Male,22,All ages,559,Schizophrenia,1,Number,1997,150519.80821103769,184782.9657750249,120924.55809247305
5,Prevalence,42,Central Europe,2,Female,22,All ages,559,Schizophrenia,1,Number,1997,155382.19853688998,189814.42504094093,125236.38868851136
5,Prevalence,42,Central Europe,3,Both,22,All ages,559,Schizophrenia,1,Number,1997,305902.0067479274,374308.2764370559,246160.94678098435
5,Prevalence,42,Central Europe,1,Male,22,All ages,559,Schizophrenia,2,Percent,1997,0.0025821239445472,0.0031655417105031,0.0020694430467526
5,Prevalence,42,Central Europe,2,Female,22,All ages,559,Schizophrenia,2,Percent,1997,0.0025042460471653,0.0030601178195259,0.0020172854892728
5,Prevalence,42,Central Europe,3,Both,22,All ages,559,Schizophrenia,2,Percent,1997,0.002541969107643,0.0031126007681171,0.0020425751908812
5,Prevalence,42,Central Europe,1,Male,22,All ages,559,Schizophrenia,3,Rate,1997,249.48961100754002,306.28148414455,200.43488839323
5,Prevalence,42,Central Europe,2,Female,22,All ages,559,Schizophrenia,3,Rate,1997,244.72969867867,298.96106170814,197.24951735747
5,Prevalence,42,Central Europe,3,Both,22,All ages,559,Schizophrenia,3,Rate,1997,247.04891235992,302.29436401603,198.80155352444
5,Prevalence,42,Central Europe,1,Male,27,Age-standardized,559,Schizophrenia,2,Percent,1997,0.002319249191,0.0028575240442239,0.001848062817219
5,Prevalence,42,Central Europe,2,Female,27,Age-standardized,559,Schizophrenia,2,Percent,1997,0.0022568269000029,0.002790902521898,0.0017928973691964
5,Prevalence,42,Central Europe,3,Both,27,Age-standardized,559,Schizophrenia,2,Percent,1997,0.0022879656891916,0.0028170280066867,0.0018222309002521
5,Prevalence,42,Central Europe,1,Male,27,Age-standardized,559,Schizophrenia,3,Rate,1997,221.89468315553,273.23364307498,177.4019841125
5,Prevalence,42,Central Europe,2,Female,27,Age-standardized,559,Schizophrenia,3,Rate,1997,218.00593054076,269.33952313104,173.29058237052
5,Prevalence,42,Central Europe,3,Both,27,Age-standardized,559,Schizophrenia,3,Rate,1997,219.93885849070998,271.19671499494,175.48808601364
5,Prevalence,70,Australasia,1,Male,22,All ages,559,Schizophrenia,1,Number,1997,52734.89834461082,56866.11170588274,48884.07152813908
5,Prevalence,70,Australasia,2,Female,22,All ages,559,Schizophrenia,1,Number,1997,41930.75498111886,46510.39708535569,37278.6028790212
5,Prevalence,70,Australasia,3,Both,22,All ages,559,Schizophrenia,1,Number,1997,94665.65332572964,103525.4157102494,86295.9800484344
5,Prevalence,70,Australasia,1,Male,22,All ages,559,Schizophrenia,2,Percent,1997,0.0052017462671505,0.0056207968124931,0.0048075583869415
5,Prevalence,70,Australasia,2,Female,22,All ages,559,Schizophrenia,2,Percent,1997,0.0039833996147035,0.0044213038282793,0.0035371606519007
5,Prevalence,70,Australasia,3,Both,22,All ages,559,Schizophrenia,2,Percent,1997,0.0045811005743324,0.0050059262805477,0.004171905132555
5,Prevalence,70,Australasia,1,Male,22,All ages,559,Schizophrenia,3,Rate,1997,483.40674557969004,521.27647642126,448.10724339848
5,Prevalence,70,Australasia,2,Female,22,All ages,559,Schizophrenia,3,Rate,1997,376.47680896671,417.5952921991,334.70729208073004
5,Prevalence,70,Australasia,3,Both,22,All ages,559,Schizophrenia,3,Rate,1997,429.38725593099,469.57362685687997,391.42384559872994
5,Prevalence,70,Australasia,1,Male,27,Age-standardized,559,Schizophrenia,2,Percent,1997,0.0048058638884629,0.0051967766054946,0.0044406635529961
5,Prevalence,70,Australasia,2,Female,27,Age-standardized,559,Schizophrenia,2,Percent,1997,0.003610666596375,0.0040071314358058,0.0032122663897329
5,Prevalence,70,Australasia,3,Both,27,Age-standardized,559,Schizophrenia,2,Percent,1997,0.0042036260216996,0.0045890680463423,0.0038301440895262
5,Prevalence,70,Australasia,1,Male,27,Age-standardized,559,Schizophrenia,3,Rate,1997,438.88768832484,474.20373686019997,407.10466656038005
5,Prevalence,70,Australasia,2,Female,27,Age-standardized,559,Schizophrenia,3,Rate,1997,334.00739208973,369.8445558449,297.37553253898
5,Prevalence,70,Australasia,3,Both,27,Age-standardized,559,Schizophrenia,3,Rate,1997,386.36007669963,422.31413360869004,352.54545610492
5,Prevalence,9,Southeast Asia,1,Male,22,All ages,559,Schizophrenia,1,Number,1997,735221.6614642276,902793.298103866,585586.3228735953
5,Prevalence,9,Southeast Asia,2,Female,22,All ages,559,Schizophrenia,1,Number,1997,627731.5897417498,773345.4468641588,500895.11963532056
5,Prevalence,9,Southeast Asia,3,Both,22,All ages,559,Schizophrenia,1,Number,1997,1362953.2512059794,1675718.0109618343,1088403.2490608117
5,Prevalence,9,Southeast Asia,1,Male,22,All ages,559,Schizophrenia,2,Percent,1997,0.0029065729084012,0.0035720725148672,0.0023135349317201
5,Prevalence,9,Southeast Asia,2,Female,22,All ages,559,Schizophrenia,2,Percent,1997,0.0024274118599275,0.0029891036120771,0.0019380967361769
5,Prevalence,9,Southeast Asia,3,Both,22,All ages,559,Schizophrenia,2,Percent,1997,0.0026643457293641,0.003274651601501,0.0021236731461428
5,Prevalence,9,Southeast Asia,1,Male,22,All ages,559,Schizophrenia,3,Rate,1997,284.18323010501,348.95423927168,226.34508946338
5,Prevalence,9,Southeast Asia,2,Female,22,All ages,559,Schizophrenia,3,Rate,1997,239.64451848960002,295.23446050586,191.22308279592
5,Prevalence,9,Southeast Asia,3,Both,22,All ages,559,Schizophrenia,3,Rate,1997,261.77577053709,321.84696953786,209.04429328436
5,Prevalence,9,Southeast Asia,1,Male,27,Age-standardized,559,Schizophrenia,2,Percent,1997,0.0031403253373814,0.0038092749198809,0.0025316822483848
5,Prevalence,9,Southeast Asia,2,Female,27,Age-standardized,559,Schizophrenia,2,Percent,1997,0.0025577425053609,0.003104760801652,0.0020639282502259
5,Prevalence,9,Southeast Asia,3,Both,27,Age-standardized,559,Schizophrenia,2,Percent,1997,0.0028417946595162,0.0034511043959907,0.0022903071309069
5,Prevalence,9,Southeast Asia,1,Male,27,Age-standardized,559,Schizophrenia,3,Rate,1997,308.07210241698,373.11189327492,248.67893385417
5,Prevalence,9,Southeast Asia,2,Female,27,Age-standardized,559,Schizophrenia,3,Rate,1997,252.84542423174,306.6814420991,203.97276729345998
5,Prevalence,9,Southeast Asia,3,Both,27,Age-standardized,559,Schizophrenia,3,Rate,1997,279.85251280026,339.49693426286,225.60334206042
5,Prevalence,100,High-income North America,1,Male,22,All ages,559,Schizophrenia,1,Number,1997,613004.0180055852,711272.3955754349,518754.56944721134
5,Prevalence,100,High-income North America,2,Female,22,All ages,559,Schizophrenia,1,Number,1997,606493.6152922257,704438.4736427099,520440.1535446984
5,Prevalence,100,High-income North America,3,Both,22,All ages,559,Schizophrenia,1,Number,1997,1219497.6332978108,1415793.034337052,1038116.711569386
5,Prevalence,100,High-income North America,1,Male,22,All ages,559,Schizophrenia,2,Percent,1997,0.0044911852903421,0.0052125490401137,0.0038001275285304
5,Prevalence,100,High-income North America,2,Female,22,All ages,559,Schizophrenia,2,Percent,1997,0.0041483071315562,0.0048240179958778,0.0035626202622022
5,Prevalence,100,High-income North America,3,Both,22,All ages,559,Schizophrenia,2,Percent,1997,0.0043138506622566,0.0050110368893794,0.0036789523984097
5,Prevalence,100,High-income North America,1,Male,22,All ages,559,Schizophrenia,3,Rate,1997,413.03850042229,479.25115501864997,349.53377654652996
5,Prevalence,100,High-income North America,2,Female,22,All ages,559,Schizophrenia,3,Rate,1997,393.47260209386997,457.01592275737,337.6440184794
5,Prevalence,100,High-income North America,3,Both,22,All ages,559,Schizophrenia,3,Rate,1997,403.07042086799004,467.95030890629,343.12009176337
5,Prevalence,100,High-income North America,1,Male,27,Age-standardized,559,Schizophrenia,2,Percent,1997,0.0040887642852586,0.0047650449268598,0.0034397120451053
5,Prevalence,100,High-income North America,2,Female,27,Age-standardized,559,Schizophrenia,2,Percent,1997,0.0037695371970635,0.0043828681477726,0.0031983803084195
5,Prevalence,100,High-income North America,3,Both,27,Age-standardized,559,Schizophrenia,2,Percent,1997,0.0039301731319436,0.0045733996019746,0.003317269664706
5,Prevalence,100,High-income North America,1,Male,27,Age-standardized,559,Schizophrenia,3,Rate,1997,368.73375723965,428.31400897262,310.41649231493
5,Prevalence,100,High-income North America,2,Female,27,Age-standardized,559,Schizophrenia,3,Rate,1997,350.13389232634,407.35480926125996,296.90285753060004
5,Prevalence,100,High-income North America,3,Both,27,Age-standardized,559,Schizophrenia,3,Rate,1997,359.63854581136,418.05746921361,303.6423045522
5,Prevalence,134,Tropical Latin America,1,Male,22,All ages,559,Schizophrenia,1,Number,1997,209599.7797407058,252749.04222256225,172123.876203734
5,Prevalence,134,Tropical Latin America,2,Female,22,All ages,559,Schizophrenia,1,Number,1997,180971.63000370763,217781.58107562756,148205.9701244545
5,Prevalence,134,Tropical Latin America,3,Both,22,All ages,559,Schizophrenia,1,Number,1997,390571.40974441305,469450.62067623215,320831.2480615326
5,Prevalence,134,Tropical Latin America,1,Male,22,All ages,559,Schizophrenia,2,Percent,1997,0.0025652011370474,0.0030909655946171,0.0021018735783535
5,Prevalence,134,Tropical Latin America,2,Female,22,All ages,559,Schizophrenia,2,Percent,1997,0.0021266751696186,0.0025642522711223,0.001741680154131
5,Prevalence,134,Tropical Latin America,3,Both,22,All ages,559,Schizophrenia,2,Percent,1997,0.0023414840629357,0.0028183631136926,0.0019220373086889
5,Prevalence,134,Tropical Latin America,1,Male,22,All ages,559,Schizophrenia,3,Rate,1997,248.05375403476,299.1193446365,203.70237842887002
5,Prevalence,134,Tropical Latin America,2,Female,22,All ages,559,Schizophrenia,3,Rate,1997,208.51594063521,250.92845342708,170.7632697325
5,Prevalence,134,Tropical Latin America,3,Both,22,All ages,559,Schizophrenia,3,Rate,1997,228.02025278485,274.07087801601,187.30511363375
5,Prevalence,134,Tropical Latin America,1,Male,27,Age-standardized,559,Schizophrenia,2,Percent,1997,0.0027449112955842,0.0032766732275338,0.0022731341109412
5,Prevalence,134,Tropical Latin America,2,Female,27,Age-standardized,559,Schizophrenia,2,Percent,1997,0.0022262663777729,0.0026530035207861,0.0018436872025291
5,Prevalence,134,Tropical Latin America,3,Both,27,Age-standardized,559,Schizophrenia,2,Percent,1997,0.0024772690715518,0.00296100354395,0.0020501990807395
5,Prevalence,134,Tropical Latin America,1,Male,27,Age-standardized,559,Schizophrenia,3,Rate,1997,266.40406682312,318.36684633881003,220.89792042264
5,Prevalence,134,Tropical Latin America,2,Female,27,Age-standardized,559,Schizophrenia,3,Rate,1997,218.40088890679,260.29891800702,180.802747592
5,Prevalence,134,Tropical Latin America,3,Both,27,Age-standardized,559,Schizophrenia,3,Rate,1997,241.72077367637002,288.40153802965,200.11663003202997
5,Prevalence,56,Eastern Europe,1,Male,22,All ages,559,Schizophrenia,1,Number,1997,227241.37370303617,273083.5740347676,187570.59050642815
5,Prevalence,56,Eastern Europe,2,Female,22,All ages,559,Schizophrenia,1,Number,1997,268652.55428310385,316963.3382848506,224034.2962904097
5,Prevalence,56,Eastern Europe,3,Both,22,All ages,559,Schizophrenia,1,Number,1997,495893.9279861404,589928.8944224787,412157.0038696887
5,Prevalence,56,Eastern Europe,1,Male,22,All ages,559,Schizophrenia,2,Percent,1997,0.0022852256019946,0.0027528653772295,0.0018881254610441
5,Prevalence,56,Eastern Europe,2,Female,22,All ages,559,Schizophrenia,2,Percent,1997,0.002320927550112,0.0027341093641366,0.0019363579300807
5,Prevalence,56,Eastern Europe,3,Both,22,All ages,559,Schizophrenia,2,Percent,1997,0.0023044274792583,0.0027356166232116,0.0019119295697589
5,Prevalence,56,Eastern Europe,1,Male,22,All ages,559,Schizophrenia,3,Rate,1997,217.72918418464,261.65245712041,179.71899651234
5,Prevalence,56,Eastern Europe,2,Female,22,All ages,559,Schizophrenia,3,Rate,1997,225.93465992296998,266.5636447587,188.41106007172
5,Prevalence,56,Eastern Europe,3,Both,22,All ages,559,Schizophrenia,3,Rate,1997,222.09906733575,264.2150868387,184.59529546388998
5,Prevalence,56,Eastern Europe,1,Male,27,Age-standardized,559,Schizophrenia,2,Percent,1997,0.002030419935488,0.0024416157951036,0.0016717380081592
5,Prevalence,56,Eastern Europe,2,Female,27,Age-standardized,559,Schizophrenia,2,Percent,1997,0.0020662813659477,0.0024677517867653,0.0016976235512461
5,Prevalence,56,Eastern Europe,3,Both,27,Age-standardized,559,Schizophrenia,2,Percent,1997,0.0020505121158374,0.0024536217910402,0.0016844192437536
5,Prevalence,56,Eastern Europe,1,Male,27,Age-standardized,559,Schizophrenia,3,Rate,1997,190.82038076816,228.66520213048,157.14347820045
5,Prevalence,56,Eastern Europe,2,Female,27,Age-standardized,559,Schizophrenia,3,Rate,1997,197.72401048007,236.0841468858,162.55704498665
5,Prevalence,56,Eastern Europe,3,Both,27,Age-standardized,559,Schizophrenia,3,Rate,1997,194.43426696762,232.60459454024002,159.97300134605
5,Prevalence,96,Southern Latin America,1,Male,22,All ages,559,Schizophrenia,1,Number,1997,72600.20494049505,91583.75953344336,56598.429564013495
5,Prevalence,96,Southern Latin America,2,Female,22,All ages,559,Schizophrenia,1,Number,1997,74552.62188616642,93984.16789751734,58722.89251472263
5,Prevalence,96,Southern Latin America,3,Both,22,All ages,559,Schizophrenia,1,Number,1997,147152.8268266616,185010.42693641855,116178.37844522724
5,Prevalence,96,Southern Latin America,1,Male,22,All ages,559,Schizophrenia,2,Percent,1997,0.0029272885615843,0.0037009878471505,0.0022774703924553
5,Prevalence,96,Southern Latin America,2,Female,22,All ages,559,Schizophrenia,2,Percent,1997,0.0028307602427804,0.0035680878126396,0.0022272751102894
5,Prevalence,96,Southern Latin America,3,Both,22,All ages,559,Schizophrenia,2,Percent,1997,0.0028775646838666,0.0036215026768873,0.0022664772548577
5,Prevalence,96,Southern Latin America,1,Male,22,All ages,559,Schizophrenia,3,Rate,1997,276.84047589783,349.22892565566997,215.82220309727
5,Prevalence,96,Southern Latin America,2,Female,22,All ages,559,Schizophrenia,3,Rate,1997,272.34888038842,343.33444288799,214.52114794801
5,Prevalence,96,Southern Latin America,3,Both,22,All ages,559,Schizophrenia,3,Rate,1997,274.54651876475,345.17834108893,216.75675585521
5,Prevalence,96,Southern Latin America,1,Male,27,Age-standardized,559,Schizophrenia,2,Percent,1997,0.0029884583900146,0.00377390451738,0.0023305842557524
5,Prevalence,96,Southern Latin America,2,Female,27,Age-standardized,559,Schizophrenia,2,Percent,1997,0.0028507827869003,0.0035983553280718,0.0022416179384459
5,Prevalence,96,Southern Latin America,3,Both,27,Age-standardized,559,Schizophrenia,2,Percent,1997,0.0029211288056322,0.0036793132844098,0.0023035874123902
5,Prevalence,96,Southern Latin America,1,Male,27,Age-standardized,559,Schizophrenia,3,Rate,1997,283.18760325264003,356.87689934427,221.37540936857
5,Prevalence,96,Southern Latin America,2,Female,27,Age-standardized,559,Schizophrenia,3,Rate,1997,273.77779164632,346.0607637439,215.51772142635
5,Prevalence,96,Southern Latin America,3,Both,27,Age-standardized,559,Schizophrenia,3,Rate,1997,278.66365365292,350.50091721594,220.24376011624
5,Prevalence,73,Western Europe,1,Male,22,All ages,559,Schizophrenia,1,Number,1997,610594.1131149601,725598.1913937888,513871.59163949103
5,Prevalence,73,Western Europe,2,Female,22,All ages,559,Schizophrenia,1,Number,1997,607692.0236902314,712772.7657240219,512825.8201423355
5,Prevalence,73,Western Europe,3,Both,22,All ages,559,Schizophrenia,1,Number,1997,1218286.136805192,1438249.236239032,1028640.9658249872
5,Prevalence,73,Western Europe,1,Male,22,All ages,559,Schizophrenia,2,Percent,1997,0.0034001571817755,0.0040426681391128,0.002856326383398
5,Prevalence,73,Western Europe,2,Female,22,All ages,559,Schizophrenia,2,Percent,1997,0.003112688346361,0.0036517332881419,0.0026272485824422
5,Prevalence,73,Western Europe,3,Both,22,All ages,559,Schizophrenia,2,Percent,1997,0.0032504179487756,0.0038374399024758,0.002747838443795
5,Prevalence,73,Western Europe,1,Male,22,All ages,559,Schizophrenia,3,Rate,1997,317.96348205731,377.85121499627,267.59576795537
5,Prevalence,73,Western Europe,2,Female,22,All ages,559,Schizophrenia,3,Rate,1997,301.44290672827003,353.56773819714,254.38495132826
5,Prevalence,73,Western Europe,3,Both,22,All ages,559,Schizophrenia,3,Rate,1997,309.50254324327,365.38361800702,261.32366230639997
5,Prevalence,73,Western Europe,1,Male,27,Age-standardized,559,Schizophrenia,2,Percent,1997,0.00296963803619,0.0035256690500321,0.0024721721319311
5,Prevalence,73,Western Europe,2,Female,27,Age-standardized,559,Schizophrenia,2,Percent,1997,0.0026724684176095,0.003174583533841,0.0022305531150248
5,Prevalence,73,Western Europe,3,Both,27,Age-standardized,559,Schizophrenia,2,Percent,1997,0.0028241713464332,0.0033541638912846,0.0023637751864245
5,Prevalence,73,Western Europe,1,Male,27,Age-standardized,559,Schizophrenia,3,Rate,1997,268.65492255982997,319.36196373913,223.84584817405
5,Prevalence,73,Western Europe,2,Female,27,Age-standardized,559,Schizophrenia,3,Rate,1997,252.59450818949998,299.41635457315,210.94200725336
5,Prevalence,73,Western Europe,3,Both,27,Age-standardized,559,Schizophrenia,3,Rate,1997,261.09088442645003,309.80236450826,218.48823502756002
5,Prevalence,124,Central Latin America,1,Male,22,All ages,559,Schizophrenia,1,Number,1997,211182.87251372804,261291.37556598,169540.2096965674
5,Prevalence,124,Central Latin America,2,Female,22,All ages,559,Schizophrenia,1,Number,1997,184422.2261444695,228090.62699097305,146685.63553404395
5,Prevalence,124,Central Latin America,3,Both,22,All ages,559,Schizophrenia,1,Number,1997,395605.0986581968,487681.5756208717,316066.8696233567
5,Prevalence,124,Central Latin America,1,Male,22,All ages,559,Schizophrenia,2,Percent,1997,0.0023886218801662,0.0029590237649079,0.0019182466687124
5,Prevalence,124,Central Latin America,2,Female,22,All ages,559,Schizophrenia,2,Percent,1997,0.0019713099028562,0.0024338464831732,0.0015683333489046
5,Prevalence,124,Central Latin America,3,Both,22,All ages,559,Schizophrenia,2,Percent,1997,0.0021740687237895,0.0026829034834865,0.0017376376291679
5,Prevalence,124,Central Latin America,1,Male,22,All ages,559,Schizophrenia,3,Rate,1997,226.57405908786,280.33451227342,181.89644374243
5,Prevalence,124,Central Latin America,2,Female,22,All ages,559,Schizophrenia,3,Rate,1997,191.62169356479,236.99481968093,152.41194345329
5,Prevalence,124,Central Latin America,3,Both,22,All ages,559,Schizophrenia,3,Rate,1997,208.81782555965,257.4198526057,166.8340389698
5,Prevalence,124,Central Latin America,1,Male,27,Age-standardized,559,Schizophrenia,2,Percent,1997,0.0027963654994122,0.0034045328892896,0.0022699108668707
5,Prevalence,124,Central Latin America,2,Female,27,Age-standardized,559,Schizophrenia,2,Percent,1997,0.0022450180068145,0.0027356003586323,0.0018328273917832
5,Prevalence,124,Central Latin America,3,Both,27,Age-standardized,559,Schizophrenia,2,Percent,1997,0.002509241339404,0.0030497533032381,0.0020424466704508
5,Prevalence,124,Central Latin America,1,Male,27,Age-standardized,559,Schizophrenia,3,Rate,1997,268.31639303254,326.41513114299,217.70465629383
5,Prevalence,124,Central Latin America,2,Female,27,Age-standardized,559,Schizophrenia,3,Rate,1997,219.40307591303,267.37347321705,178.92519446747
5,Prevalence,124,Central Latin America,3,Both,27,Age-standardized,559,Schizophrenia,3,Rate,1997,243.00614289815,295.46598384368997,197.63318356903
5,Prevalence,104,Caribbean,1,Male,22,All ages,559,Schizophrenia,1,Number,1997,44847.09819971278,56693.96694961071,34954.460713041204
5,Prevalence,104,Caribbean,2,Female,22,All ages,559,Schizophrenia,1,Number,1997,37222.92750725148,46664.94040081764,28952.895227953748
5,Prevalence,104,Caribbean,3,Both,22,All ages,559,Schizophrenia,1,Number,1997,82070.02570696422,103345.03627781368,64245.43584861677
5,Prevalence,104,Caribbean,1,Male,22,All ages,559,Schizophrenia,2,Percent,1997,0.0024047689879887,0.0030357996664267,0.0018716248637309
5,Prevalence,104,Caribbean,2,Female,22,All ages,559,Schizophrenia,2,Percent,1997,0.0019316956533845,0.0024221817745421,0.0015025293516873
5,Prevalence,104,Caribbean,3,Both,22,All ages,559,Schizophrenia,2,Percent,1997,0.0021643621232992,0.002722625619353,0.0016941233355448
5,Prevalence,104,Caribbean,1,Male,22,All ages,559,Schizophrenia,3,Rate,1997,234.87972344268002,296.92586170666,183.06856842343998
5,Prevalence,104,Caribbean,2,Female,22,All ages,559,Schizophrenia,3,Rate,1997,189.78336120072998,237.92403855858998,147.61809832886
5,Prevalence,104,Caribbean,3,Both,22,All ages,559,Schizophrenia,3,Rate,1997,212.02877941078,266.99299423137,165.97876299361002
5,Prevalence,104,Caribbean,1,Male,27,Age-standardized,559,Schizophrenia,2,Percent,1997,0.0025302294069108,0.0031547750826765,0.0019952905318041
5,Prevalence,104,Caribbean,2,Female,27,Age-standardized,559,Schizophrenia,2,Percent,1997,0.0019945267676658,0.0024814055430403,0.0015796858661715
5,Prevalence,104,Caribbean,3,Both,27,Age-standardized,559,Schizophrenia,2,Percent,1997,0.0022553403484457,0.0028080844406485,0.0017811564876635
5,Prevalence,104,Caribbean,1,Male,27,Age-standardized,559,Schizophrenia,3,Rate,1997,247.66485992859,308.92650706073,195.61118475897
5,Prevalence,104,Caribbean,2,Female,27,Age-standardized,559,Schizophrenia,3,Rate,1997,196.10878155377,244.14960448719,155.27744217507998
5,Prevalence,104,Caribbean,3,Both,27,Age-standardized,559,Schizophrenia,3,Rate,1997,221.26387379441002,275.27831015446,174.9657654365
5,Prevalence,120,Andean Latin America,1,Male,22,All ages,559,Schizophrenia,1,Number,1997,48114.19008463146,61600.63602699128,37352.28249585738
5,Prevalence,120,Andean Latin America,2,Female,22,All ages,559,Schizophrenia,1,Number,1997,39973.99305959474,51497.00780530893,30778.410907602178
5,Prevalence,120,Andean Latin America,3,Both,22,All ages,559,Schizophrenia,1,Number,1997,88088.18314422612,112571.05143388666,68245.13370110244
5,Prevalence,120,Andean Latin America,1,Male,22,All ages,559,Schizophrenia,2,Percent,1997,0.0022834343780382,0.002921279389055,0.0017729048547324
5,Prevalence,120,Andean Latin America,2,Female,22,All ages,559,Schizophrenia,2,Percent,1997,0.0018551651059573,0.0023866650122859,0.0014269238648157
5,Prevalence,120,Andean Latin America,3,Both,22,All ages,559,Schizophrenia,2,Percent,1997,0.002066904960256,0.0026382655610563,0.0015994266928143
5,Prevalence,120,Andean Latin America,1,Male,22,All ages,559,Schizophrenia,3,Rate,1997,220.56788797167002,282.39324328823,171.23252093698
5,Prevalence,120,Andean Latin America,2,Female,22,All ages,559,Schizophrenia,3,Rate,1997,181.5320882488,233.86103438617997,139.77260657215
5,Prevalence,120,Andean Latin America,3,Both,22,All ages,559,Schizophrenia,3,Rate,1997,200.95801049272,256.81145560908,155.68951254141
5,Prevalence,120,Andean Latin America,1,Male,27,Age-standardized,559,Schizophrenia,2,Percent,1997,0.0026990454498187,0.0034060824396101,0.002133509851426
5,Prevalence,120,Andean Latin America,2,Female,27,Age-standardized,559,Schizophrenia,2,Percent,1997,0.0021514659578209,0.0027177032203363,0.0016852162984286
5,Prevalence,120,Andean Latin America,3,Both,27,Age-standardized,559,Schizophrenia,2,Percent,1997,0.0024192336047601,0.0030509367980174,0.0019099829797102
5,Prevalence,120,Andean Latin America,1,Male,27,Age-standardized,559,Schizophrenia,3,Rate,1997,262.59900511524,330.85900963541,207.919878008
5,Prevalence,120,Andean Latin America,2,Female,27,Age-standardized,559,Schizophrenia,3,Rate,1997,211.46379786587,267.10462018454,165.84189483836
5,Prevalence,120,Andean Latin America,3,Both,27,Age-standardized,559,Schizophrenia,3,Rate,1997,236.58289412766,298.37059394946,186.97619014977
5,Prevalence,199,Western Sub-Saharan Africa,1,Male,22,All ages,559,Schizophrenia,1,Number,1997,176742.34395479833,218052.49156083228,141744.45925081702
5,Prevalence,199,Western Sub-Saharan Africa,2,Female,22,All ages,559,Schizophrenia,1,Number,1997,225607.8248118332,280578.1330540112,179029.75103780575
5,Prevalence,199,Western Sub-Saharan Africa,3,Both,22,All ages,559,Schizophrenia,1,Number,1997,402350.168766632,499755.32477563503,321141.7969750162
5,Prevalence,199,Western Sub-Saharan Africa,1,Male,22,All ages,559,Schizophrenia,2,Percent,1997,0.0015038806006825,0.0018547214234157,0.0012059624680405
5,Prevalence,199,Western Sub-Saharan Africa,2,Female,22,All ages,559,Schizophrenia,2,Percent,1997,0.0019133807695321,0.0023792344904089,0.0015178787506717
5,Prevalence,199,Western Sub-Saharan Africa,3,Both,22,All ages,559,Schizophrenia,2,Percent,1997,0.0017089667252869,0.0021224118065276,0.0013634396114789
5,Prevalence,199,Western Sub-Saharan Africa,1,Male,22,All ages,559,Schizophrenia,3,Rate,1997,149.57150290689998,184.53098530644,119.95389064373
5,Prevalence,199,Western Sub-Saharan Africa,2,Female,22,All ages,559,Schizophrenia,3,Rate,1997,190.34647962881002,236.72521080419,151.04831974374
5,Prevalence,199,Western Sub-Saharan Africa,3,Both,22,All ages,559,Schizophrenia,3,Rate,1997,169.989916879,211.14286189780003,135.67999124121
5,Prevalence,199,Western Sub-Saharan Africa,1,Male,27,Age-standardized,559,Schizophrenia,2,Percent,1997,0.0020544583884463,0.0024988791091559,0.0016767061615732
5,Prevalence,199,Western Sub-Saharan Africa,2,Female,27,Age-standardized,559,Schizophrenia,2,Percent,1997,0.0026257601196543,0.0032002821308757,0.0021201050934598
5,Prevalence,199,Western Sub-Saharan Africa,3,Both,27,Age-standardized,559,Schizophrenia,2,Percent,1997,0.0023364362601026,0.0028523437761587,0.0018972600511747
5,Prevalence,199,Western Sub-Saharan Africa,1,Male,27,Age-standardized,559,Schizophrenia,3,Rate,1997,204.73036524864,249.02545992753,167.08217346485
5,Prevalence,199,Western Sub-Saharan Africa,2,Female,27,Age-standardized,559,Schizophrenia,3,Rate,1997,261.75712363306,319.00043109003997,211.32769787287
5,Prevalence,199,Western Sub-Saharan Africa,3,Both,27,Age-standardized,559,Schizophrenia,3,Rate,1997,232.87471269216,284.23507879097997,189.12949278773
5,Prevalence,44636,Low-middle SDI,1,Male,22,All ages,559,Schizophrenia,1,Number,1997,1644921.2841327684,1991427.609761186,1327455.838856947
5,Prevalence,44636,Low-middle SDI,2,Female,22,All ages,559,Schizophrenia,1,Number,1997,1316364.0689326494,1602959.2848355472,1059049.1289315168
5,Prevalence,44636,Low-middle SDI,3,Both,22,All ages,559,Schizophrenia,1,Number,1997,2961285.353065416,3591413.9172453554,2383700.969340997
5,Prevalence,44636,Low-middle SDI,1,Male,22,All ages,559,Schizophrenia,2,Percent,1997,0.0024919454966556,0.0030184679070647,0.002011479559252
5,Prevalence,44636,Low-middle SDI,2,Female,22,All ages,559,Schizophrenia,2,Percent,1997,0.0020517931268034,0.0024996213046999,0.0016506784594862
5,Prevalence,44636,Low-middle SDI,3,Both,22,All ages,559,Schizophrenia,2,Percent,1997,0.0022750016236392,0.0027621384335037,0.0018316508526544
5,Prevalence,44636,Low-middle SDI,1,Male,22,All ages,559,Schizophrenia,3,Rate,1997,245.01855004274998,296.63225235488,197.73061970803
5,Prevalence,44636,Low-middle SDI,2,Female,22,All ages,559,Schizophrenia,3,Rate,1997,203.00143263738997,247.19835413380002,163.31993213761
5,Prevalence,44636,Low-middle SDI,3,Both,22,All ages,559,Schizophrenia,3,Rate,1997,224.37443439251,272.11881675543003,180.61128631293
5,Prevalence,44636,Low-middle SDI,1,Male,27,Age-standardized,559,Schizophrenia,2,Percent,1997,0.0030034101808219,0.0036011365611295,0.0024551806212791
5,Prevalence,44636,Low-middle SDI,2,Female,27,Age-standardized,559,Schizophrenia,2,Percent,1997,0.0024429118494688,0.0029322392631998,0.0019863648400639
5,Prevalence,44636,Low-middle SDI,3,Both,27,Age-standardized,559,Schizophrenia,2,Percent,1997,0.0027254654838846,0.0032710496630222,0.0022214151983046
5,Prevalence,44636,Low-middle SDI,1,Male,27,Age-standardized,559,Schizophrenia,3,Rate,1997,296.42084289586,355.67190688261996,242.2363612796
5,Prevalence,44636,Low-middle SDI,2,Female,27,Age-standardized,559,Schizophrenia,3,Rate,1997,242.33082634445998,290.94965587844,196.96181861598998
5,Prevalence,44636,Low-middle SDI,3,Both,27,Age-standardized,559,Schizophrenia,3,Rate,1997,269.66463933742,323.758581874,219.62982245305
5,Prevalence,44635,High SDI,1,Male,22,All ages,559,Schizophrenia,1,Number,1997,1615062.2247056926,1904978.7691242667,1345604.6043584794
5,Prevalence,44635,High SDI,2,Female,22,All ages,559,Schizophrenia,1,Number,1997,1569704.7603703567,1843408.9603399348,1315301.2174271476
5,Prevalence,44635,High SDI,3,Both,22,All ages,559,Schizophrenia,1,Number,1997,3184766.9850760507,3738014.5285122665,2656106.8481974998
5,Prevalence,44635,High SDI,1,Male,22,All ages,559,Schizophrenia,2,Percent,1997,0.0037940883498739,0.0044672534907431,0.0031680997052708
5,Prevalence,44635,High SDI,2,Female,22,All ages,559,Schizophrenia,2,Percent,1997,0.0034923705637524,0.0041016772839548,0.0029288541681543
5,Prevalence,44635,High SDI,3,Both,22,All ages,559,Schizophrenia,2,Percent,1997,0.0036391267254914,0.0042759928190999,0.0030404865478264
5,Prevalence,44635,High SDI,1,Male,22,All ages,559,Schizophrenia,3,Rate,1997,353.62566787648,417.10429432206,294.62662158459
5,Prevalence,44635,High SDI,2,Female,22,All ages,559,Schizophrenia,3,Rate,1997,335.4593121483,393.95223704217,281.09110248339
5,Prevalence,44635,High SDI,3,Both,22,All ages,559,Schizophrenia,3,Rate,1997,344.43235138678,404.26603880493997,287.25779045884
5,Prevalence,44635,High SDI,1,Male,27,Age-standardized,559,Schizophrenia,2,Percent,1997,0.0033681303607736,0.003957475316244,0.0028245191344868
5,Prevalence,44635,High SDI,2,Female,27,Age-standardized,559,Schizophrenia,2,Percent,1997,0.0031049998144682,0.0036505952877478,0.002594947734067
5,Prevalence,44635,High SDI,3,Both,27,Age-standardized,559,Schizophrenia,2,Percent,1997,0.0032404563739712,0.0038153386024996,0.0027112997289617
5,Prevalence,44635,High SDI,1,Male,27,Age-standardized,559,Schizophrenia,3,Rate,1997,306.92134439464,360.86873343516,255.99563417987
5,Prevalence,44635,High SDI,2,Female,27,Age-standardized,559,Schizophrenia,3,Rate,1997,292.12090599885,344.40721125658,243.62971309058003
5,Prevalence,44635,High SDI,3,Both,27,Age-standardized,559,Schizophrenia,3,Rate,1997,299.95921080896,353.30496790298,250.01423285024998
5,Prevalence,44637,Low SDI,1,Male,22,All ages,559,Schizophrenia,1,Number,1997,535759.969244027,658700.2856608822,428572.6464779802
5,Prevalence,44637,Low SDI,2,Female,22,All ages,559,Schizophrenia,1,Number,1997,512676.1276674637,633348.5806062643,406178.3045002554
5,Prevalence,44637,Low SDI,3,Both,22,All ages,559,Schizophrenia,1,Number,1997,1048436.0969114912,1292661.213725689,834750.9509782356
5,Prevalence,44637,Low SDI,1,Male,22,All ages,559,Schizophrenia,2,Percent,1997,0.0017810754351511,0.0021888685339489,0.0014251545145549
5,Prevalence,44637,Low SDI,2,Female,22,All ages,559,Schizophrenia,2,Percent,1997,0.0017312946333626,0.0021380197547916,0.0013717848842967
5,Prevalence,44637,Low SDI,3,Both,22,All ages,559,Schizophrenia,2,Percent,1997,0.0017563803450288,0.0021653535178963,0.0013986764831154
5,Prevalence,44637,Low SDI,1,Male,22,All ages,559,Schizophrenia,3,Rate,1997,177.13399597073,217.78076087098,141.69551626172
5,Prevalence,44637,Low SDI,2,Female,22,All ages,559,Schizophrenia,3,Rate,1997,172.30987584595,212.8677529574,136.51607602286
5,Prevalence,44637,Low SDI,3,Both,22,All ages,559,Schizophrenia,3,Rate,1997,174.74175041610002,215.44649583016,139.12707008575
5,Prevalence,44637,Low SDI,1,Male,27,Age-standardized,559,Schizophrenia,2,Percent,1997,0.0024913536735874,0.0030047472478237,0.002030430228679
5,Prevalence,44637,Low SDI,2,Female,27,Age-standardized,559,Schizophrenia,2,Percent,1997,0.0023660254149023,0.0028843509314701,0.0019056886256364
5,Prevalence,44637,Low SDI,3,Both,27,Age-standardized,559,Schizophrenia,2,Percent,1997,0.0024287622361024,0.0029411475885202,0.001968507796669
5,Prevalence,44637,Low SDI,1,Male,27,Age-standardized,559,Schizophrenia,3,Rate,1997,248.19466274948002,299.42031282794,202.24357713529
5,Prevalence,44637,Low SDI,2,Female,27,Age-standardized,559,Schizophrenia,3,Rate,1997,235.90748482029,287.59784163016,189.99745213697
5,Prevalence,44637,Low SDI,3,Both,27,Age-standardized,559,Schizophrenia,3,Rate,1997,242.06258704307,293.11352345178,196.16741483014
5,Prevalence,44634,High-middle SDI,1,Male,22,All ages,559,Schizophrenia,1,Number,1997,1715796.5797609594,1977132.8439555813,1462563.183070715
5,Prevalence,44634,High-middle SDI,2,Female,22,All ages,559,Schizophrenia,1,Number,1997,1624401.7499138184,1868801.2803468504,1390838.958451828
5,Prevalence,44634,High-middle SDI,3,Both,22,All ages,559,Schizophrenia,1,Number,1997,3340198.329674785,3852155.440898553,2849889.899971921
5,Prevalence,44634,High-middle SDI,1,Male,22,All ages,559,Schizophrenia,2,Percent,1997,0.0032004857973967,0.0036954170281995,0.0027310551822236
5,Prevalence,44634,High-middle SDI,2,Female,22,All ages,559,Schizophrenia,2,Percent,1997,0.0029417728673981,0.0033843209345254,0.0025206170184998
5,Prevalence,44634,High-middle SDI,3,Both,22,All ages,559,Schizophrenia,2,Percent,1997,0.0030692164006613,0.0035499756303126,0.002620563578755
5,Prevalence,44634,High-middle SDI,1,Male,22,All ages,559,Schizophrenia,3,Rate,1997,304.99467677963,351.44900031018,259.9806938376
5,Prevalence,44634,High-middle SDI,2,Female,22,All ages,559,Schizophrenia,3,Rate,1997,286.30291557943,329.3786498508,245.13717060902002
5,Prevalence,44634,High-middle SDI,3,Both,22,All ages,559,Schizophrenia,3,Rate,1997,295.60904805773,340.91748167699,252.21653244825998
5,Prevalence,44634,High-middle SDI,1,Male,27,Age-standardized,559,Schizophrenia,2,Percent,1997,0.0029300676513959,0.0033723024361119,0.0025111248383546
5,Prevalence,44634,High-middle SDI,2,Female,27,Age-standardized,559,Schizophrenia,2,Percent,1997,0.0026938599237053,0.0030959743474654,0.0023092290528408
5,Prevalence,44634,High-middle SDI,3,Both,27,Age-standardized,559,Schizophrenia,2,Percent,1997,0.0028113008349278,0.0032448044260188,0.0024082826628132
5,Prevalence,44634,High-middle SDI,1,Male,27,Age-standardized,559,Schizophrenia,3,Rate,1997,277.43315631879,319.06608634839,237.69277156527
5,Prevalence,44634,High-middle SDI,2,Female,27,Age-standardized,559,Schizophrenia,3,Rate,1997,259.94675188079003,298.89098777858,222.63108946702
5,Prevalence,44634,High-middle SDI,3,Both,27,Age-standardized,559,Schizophrenia,3,Rate,1997,268.67477028855,309.53782307218,229.95585700483
5,Prevalence,174,Eastern Sub-Saharan Africa,1,Male,22,All ages,559,Schizophrenia,1,Number,1997,158766.3893658783,198586.22109385312,124978.70556619237
5,Prevalence,174,Eastern Sub-Saharan Africa,2,Female,22,All ages,559,Schizophrenia,1,Number,1997,179137.17337946795,224359.2200745581,140128.55352452843
5,Prevalence,174,Eastern Sub-Saharan Africa,3,Both,22,All ages,559,Schizophrenia,1,Number,1997,337903.5627453459,423395.6130960451,265124.9262475355
5,Prevalence,174,Eastern Sub-Saharan Africa,1,Male,22,All ages,559,Schizophrenia,2,Percent,1997,0.0013996787818512,0.0017501864252947,0.0011019500196008
5,Prevalence,174,Eastern Sub-Saharan Africa,2,Female,22,All ages,559,Schizophrenia,2,Percent,1997,0.001553595151686,0.0019457286855903,0.001215075160345
5,Prevalence,174,Eastern Sub-Saharan Africa,3,Both,22,All ages,559,Schizophrenia,2,Percent,1997,0.0014772675702781,0.0018508887792544,0.0011590481354341
5,Prevalence,174,Eastern Sub-Saharan Africa,1,Male,22,All ages,559,Schizophrenia,3,Rate,1997,139.15633780375,174.057817754,109.54194423333
5,Prevalence,174,Eastern Sub-Saharan Africa,2,Female,22,All ages,559,Schizophrenia,3,Rate,1997,154.62218652205001,193.65557979876,120.95191037897
5,Prevalence,174,Eastern Sub-Saharan Africa,3,Both,22,All ages,559,Schizophrenia,3,Rate,1997,146.94853916401001,184.12758459077,115.29834220008999
5,Prevalence,174,Eastern Sub-Saharan Africa,1,Male,27,Age-standardized,559,Schizophrenia,2,Percent,1997,0.0020697146082892,0.0025454739832194,0.0016793302004099
5,Prevalence,174,Eastern Sub-Saharan Africa,2,Female,27,Age-standardized,559,Schizophrenia,2,Percent,1997,0.0022162298099328,0.0027342624291727,0.0017881896582109
5,Prevalence,174,Eastern Sub-Saharan Africa,3,Both,27,Age-standardized,559,Schizophrenia,2,Percent,1997,0.0021446817980093,0.0026438589601006,0.0017361023919533
5,Prevalence,174,Eastern Sub-Saharan Africa,1,Male,27,Age-standardized,559,Schizophrenia,3,Rate,1997,206.21848488566,253.56099398423999,167.32827556309
5,Prevalence,174,Eastern Sub-Saharan Africa,2,Female,27,Age-standardized,559,Schizophrenia,3,Rate,1997,220.99610448477,272.6120494974,178.28440112525
5,Prevalence,174,Eastern Sub-Saharan Africa,3,Both,27,Age-standardized,559,Schizophrenia,3,Rate,1997,213.7771272997,263.52972171913996,173.0523235964
5,Prevalence,138,North Africa and Middle East,1,Male,22,All ages,559,Schizophrenia,1,Number,1997,434443.25012224953,545139.0744227476,341690.4139236326
5,Prevalence,138,North Africa and Middle East,2,Female,22,All ages,559,Schizophrenia,1,Number,1997,376989.0405616418,475551.4413755653,295631.4144247239
5,Prevalence,138,North Africa and Middle East,3,Both,22,All ages,559,Schizophrenia,1,Number,1997,811432.2906838912,1018639.4030323664,637790.9615892925
5,Prevalence,138,North Africa and Middle East,1,Male,22,All ages,559,Schizophrenia,2,Percent,1997,0.0022435762254136,0.0028183219158629,0.001762156449371
5,Prevalence,138,North Africa and Middle East,2,Female,22,All ages,559,Schizophrenia,2,Percent,1997,0.0020113319337108,0.0025312863284354,0.0015788457422358
5,Prevalence,138,North Africa and Middle East,3,Both,22,All ages,559,Schizophrenia,2,Percent,1997,0.0021293438771096,0.0026686406029079,0.0016737429312274
5,Prevalence,138,North Africa and Middle East,1,Male,22,All ages,559,Schizophrenia,3,Rate,1997,214.23225818493,268.81848182833,168.49406442475998
5,Prevalence,138,North Africa and Middle East,2,Female,22,All ages,559,Schizophrenia,3,Rate,1997,195.41887861108998,246.51042708576,153.24572672728
5,Prevalence,138,North Africa and Middle East,3,Both,22,All ages,559,Schizophrenia,3,Rate,1997,205.06037556368,257.42453307315003,161.17876453301
5,Prevalence,138,North Africa and Middle East,1,Male,27,Age-standardized,559,Schizophrenia,2,Percent,1997,0.0026270572364672,0.003229634159347,0.0020793470685674
5,Prevalence,138,North Africa and Middle East,2,Female,27,Age-standardized,559,Schizophrenia,2,Percent,1997,0.002383667252383,0.0029431868762714,0.0018974341883974
5,Prevalence,138,North Africa and Middle East,3,Both,27,Age-standardized,559,Schizophrenia,2,Percent,1997,0.0025079249866924,0.0030879275646085,0.0019876441894887
5,Prevalence,138,North Africa and Middle East,1,Male,27,Age-standardized,559,Schizophrenia,3,Rate,1997,253.46320278766999,311.44556871329,200.83838194674001
5,Prevalence,138,North Africa and Middle East,2,Female,27,Age-standardized,559,Schizophrenia,3,Rate,1997,233.18600923314003,288.26675180478003,185.60463824575
5,Prevalence,138,North Africa and Middle East,3,Both,27,Age-standardized,559,Schizophrenia,3,Rate,1997,243.61394125516,299.91412056012,193.19708547952
5,Prevalence,159,South Asia,1,Male,22,All ages,559,Schizophrenia,1,Number,1997,1791125.9895124608,2132938.138589616,1472148.145681485
5,Prevalence,159,South Asia,2,Female,22,All ages,559,Schizophrenia,1,Number,1997,1275897.2536584137,1524700.733547476,1043888.8426771602
5,Prevalence,159,South Asia,3,Both,22,All ages,559,Schizophrenia,1,Number,1997,3067023.243170874,3648419.265087644,2513955.966158605
5,Prevalence,159,South Asia,1,Male,22,All ages,559,Schizophrenia,2,Percent,1997,0.0027896657520731,0.0033238490545614,0.0022952701862327
5,Prevalence,159,South Asia,2,Female,22,All ages,559,Schizophrenia,2,Percent,1997,0.0021355285837345,0.0025518052796177,0.0017483734820105
5,Prevalence,159,South Asia,3,Both,22,All ages,559,Schizophrenia,2,Percent,1997,0.002474364193347,0.0029442191195755,0.0020297919865779
5,Prevalence,159,South Asia,1,Male,22,All ages,559,Schizophrenia,3,Rate,1997,275.63829966887,328.24013791445,226.55045714946002
5,Prevalence,159,South Asia,2,Female,22,All ages,559,Schizophrenia,3,Rate,1997,212.13270443148002,253.49916627586998,173.55861742629
5,Prevalence,159,South Asia,3,Both,22,All ages,559,Schizophrenia,3,Rate,1997,245.11241202931,291.57680762643,200.91201198839002
5,Prevalence,159,South Asia,1,Male,27,Age-standardized,559,Schizophrenia,2,Percent,1997,0.003264664317652,0.0038835036029315,0.0027080994145805
5,Prevalence,159,South Asia,2,Female,27,Age-standardized,559,Schizophrenia,2,Percent,1997,0.0025038330495548,0.0029615226281782,0.0020671679170095
5,Prevalence,159,South Asia,3,Both,27,Age-standardized,559,Schizophrenia,2,Percent,1997,0.0028975261715392,0.0034392229602424,0.0023969013022345
5,Prevalence,159,South Asia,1,Male,27,Age-standardized,559,Schizophrenia,3,Rate,1997,323.29451041232,384.71478076839,268.00374923403
5,Prevalence,159,South Asia,2,Female,27,Age-standardized,559,Schizophrenia,3,Rate,1997,249.09115670663,294.69242168581997,205.50212390851
5,Prevalence,159,South Asia,3,Both,27,Age-standardized,559,Schizophrenia,3,Rate,1997,287.57452027731,341.16932473109,237.76769071209998
5,Prevalence,167,Central Sub-Saharan Africa,1,Male,22,All ages,559,Schizophrenia,1,Number,1997,48919.882909044034,63892.29836064528,36937.6765321338
5,Prevalence,167,Central Sub-Saharan Africa,2,Female,22,All ages,559,Schizophrenia,1,Number,1997,54270.82510480517,69509.59948368433,41634.27755567859
5,Prevalence,167,Central Sub-Saharan Africa,3,Both,22,All ages,559,Schizophrenia,1,Number,1997,103190.70801384916,132477.51445920847,78488.10926953674
5,Prevalence,167,Central Sub-Saharan Africa,1,Male,22,All ages,559,Schizophrenia,2,Percent,1997,0.0014675215615209,0.0019162321553509,0.0011083184453873
5,Prevalence,167,Central Sub-Saharan Africa,2,Female,22,All ages,559,Schizophrenia,2,Percent,1997,0.0016054676705906,0.0020563426696899,0.0012316903210783
5,Prevalence,167,Central Sub-Saharan Africa,3,Both,22,All ages,559,Schizophrenia,2,Percent,1997,0.0015369761249963,0.0019728049810955,0.00116937344713
5,Prevalence,167,Central Sub-Saharan Africa,1,Male,22,All ages,559,Schizophrenia,3,Rate,1997,146.30081441645,191.07762997882,110.46658000695
5,Prevalence,167,Central Sub-Saharan Africa,2,Female,22,All ages,559,Schizophrenia,3,Rate,1997,160.13670365955002,205.10169345162998,122.85009402635
5,Prevalence,167,Central Sub-Saharan Africa,3,Both,22,All ages,559,Schizophrenia,3,Rate,1997,153.26524658302,196.76382991355,116.57541316042
5,Prevalence,167,Central Sub-Saharan Africa,1,Male,27,Age-standardized,559,Schizophrenia,2,Percent,1997,0.0020599249925358,0.0026065862853037,0.0016000945311946
5,Prevalence,167,Central Sub-Saharan Africa,2,Female,27,Age-standardized,559,Schizophrenia,2,Percent,1997,0.0021968844750432,0.0027823250273357,0.0017114378224461
5,Prevalence,167,Central Sub-Saharan Africa,3,Both,27,Age-standardized,559,Schizophrenia,2,Percent,1997,0.0021304628331992,0.00268202263083,0.0016602127129324
5,Prevalence,167,Central Sub-Saharan Africa,1,Male,27,Age-standardized,559,Schizophrenia,3,Rate,1997,205.60228357016,260.19619992126997,159.73039008683
5,Prevalence,167,Central Sub-Saharan Africa,2,Female,27,Age-standardized,559,Schizophrenia,3,Rate,1997,219.36058493692,277.78936924968,170.85121652636
5,Prevalence,167,Central Sub-Saharan Africa,3,Both,27,Age-standardized,559,Schizophrenia,3,Rate,1997,212.68569215552998,267.75196205741,165.71358897368
5,Prevalence,44639,Middle SDI,1,Male,22,All ages,559,Schizophrenia,1,Number,1997,2719588.588239231,3236735.394358973,2250406.3249015547
5,Prevalence,44639,Middle SDI,2,Female,22,All ages,559,Schizophrenia,1,Number,1997,2339895.335173067,2789931.60970862,1936560.2590261616
5,Prevalence,44639,Middle SDI,3,Both,22,All ages,559,Schizophrenia,1,Number,1997,5059483.9234122895,6022117.688361393,4186084.125641443
5,Prevalence,44639,Middle SDI,1,Male,22,All ages,559,Schizophrenia,2,Percent,1997,0.0029244992751758,0.0034867418404057,0.002418833766781
5,Prevalence,44639,Middle SDI,2,Female,22,All ages,559,Schizophrenia,2,Percent,1997,0.0025725232649115,0.0030652198454763,0.0021315512615158
5,Prevalence,44639,Middle SDI,3,Both,22,All ages,559,Schizophrenia,2,Percent,1997,0.0027504585396567,0.0032771740940986,0.0022770734061752
5,Prevalence,44639,Middle SDI,1,Male,22,All ages,559,Schizophrenia,3,Rate,1997,282.04016254153,335.67186620679,233.38271399008
5,Prevalence,44639,Middle SDI,2,Female,22,All ages,559,Schizophrenia,3,Rate,1997,251.90582516207002,300.35532518271,208.48403032949003
5,Prevalence,44639,Middle SDI,3,Both,22,All ages,559,Schizophrenia,3,Rate,1997,267.25456826865,318.10328626968004,221.11941112366
5,Prevalence,44639,Middle SDI,1,Male,27,Age-standardized,559,Schizophrenia,2,Percent,1997,0.0030197268942837,0.0035532642372617,0.0025277239760333
5,Prevalence,44639,Middle SDI,2,Female,27,Age-standardized,559,Schizophrenia,2,Percent,1997,0.0026350403430621,0.0031029119703264,0.0021964697091068
5,Prevalence,44639,Middle SDI,3,Both,27,Age-standardized,559,Schizophrenia,2,Percent,1997,0.0028292228263342,0.0033276864523032,0.0023636037088862
5,Prevalence,44639,Middle SDI,1,Male,27,Age-standardized,559,Schizophrenia,3,Rate,1997,292.20816299516,343.40773914942,244.59641875411
5,Prevalence,44639,Middle SDI,2,Female,27,Age-standardized,559,Schizophrenia,3,Rate,1997,258.26242417694,304.14313575724,215.1691880036
5,Prevalence,44639,Middle SDI,3,Both,27,Age-standardized,559,Schizophrenia,3,Rate,1997,275.49180017557995,323.97035121285,230.03342895554
5,Prevalence,192,Southern Sub-Saharan Africa,1,Male,22,All ages,559,Schizophrenia,1,Number,1997,52556.85366111161,64138.55392811738,42377.043056323295
5,Prevalence,192,Southern Sub-Saharan Africa,2,Female,22,All ages,559,Schizophrenia,1,Number,1997,62578.24821343461,76362.96540479458,50435.99694973226
5,Prevalence,192,Southern Sub-Saharan Africa,3,Both,22,All ages,559,Schizophrenia,1,Number,1997,115135.10187454624,140352.8545063265,93038.50161470428
5,Prevalence,192,Southern Sub-Saharan Africa,1,Male,22,All ages,559,Schizophrenia,2,Percent,1997,0.0018414829717769,0.0022485922333291,0.0014842027458157
5,Prevalence,192,Southern Sub-Saharan Africa,2,Female,22,All ages,559,Schizophrenia,2,Percent,1997,0.0020182691751764,0.0024644264304894,0.001626583056685
5,Prevalence,192,Southern Sub-Saharan Africa,3,Both,22,All ages,559,Schizophrenia,2,Percent,1997,0.0019335352242199,0.0023585259789697,0.0015625534737453
5,Prevalence,192,Southern Sub-Saharan Africa,1,Male,22,All ages,559,Schizophrenia,3,Rate,1997,179.82305261717,219.44979111904001,144.99287366808
5,Prevalence,192,Southern Sub-Saharan Africa,2,Female,22,All ages,559,Schizophrenia,3,Rate,1997,199.26881858095,243.16369240079,160.60407270985002
5,Prevalence,192,Southern Sub-Saharan Africa,3,Both,22,All ages,559,Schizophrenia,3,Rate,1997,189.89503531606002,231.48726868917998,153.45059206295
5,Prevalence,192,Southern Sub-Saharan Africa,1,Male,27,Age-standardized,559,Schizophrenia,2,Percent,1997,0.0021998094365836,0.0026550072010455,0.0018040755914076
5,Prevalence,192,Southern Sub-Saharan Africa,2,Female,27,Age-standardized,559,Schizophrenia,2,Percent,1997,0.0023251155355008,0.0028062425460381,0.001898832801046
5,Prevalence,192,Southern Sub-Saharan Africa,3,Both,27,Age-standardized,559,Schizophrenia,2,Percent,1997,0.0022671135241606,0.0027379127190155,0.00185852826806
5,Prevalence,192,Southern Sub-Saharan Africa,1,Male,27,Age-standardized,559,Schizophrenia,3,Rate,1997,215.98076924956,260.62484594641,177.23255755301
5,Prevalence,192,Southern Sub-Saharan Africa,2,Female,27,Age-standardized,559,Schizophrenia,3,Rate,1997,230.09573818733998,277.52397979349,187.78307488155002
5,Prevalence,192,Southern Sub-Saharan Africa,3,Both,27,Age-standardized,559,Schizophrenia,3,Rate,1997,223.48718598429,269.83210797594,183.1543971421
6,Incidence,42,Central Europe,1,Male,22,All ages,559,Schizophrenia,1,Number,1997,8121.62125656129,10031.936191442892,6456.503832965911
6,Incidence,42,Central Europe,2,Female,22,All ages,559,Schizophrenia,1,Number,1997,7528.49615196875,9357.822709159662,5956.337800380661
6,Incidence,42,Central Europe,3,Both,22,All ages,559,Schizophrenia,1,Number,1997,15650.117408530052,19370.546927160176,12412.994865850267
6,Incidence,42,Central Europe,1,Male,22,All ages,559,Schizophrenia,2,Percent,1997,3.93615911728e-05,4.89497450732e-05,3.06736253171e-05
6,Incidence,42,Central Europe,2,Female,22,All ages,559,Schizophrenia,2,Percent,1997,3.2821179525e-05,4.08413288331e-05,2.54409325441e-05
6,Incidence,42,Central Europe,3,Both,22,All ages,559,Schizophrenia,2,Percent,1997,3.59180960575e-05,4.46808688206e-05,2.787043256e-05
6,Incidence,42,Central Europe,1,Male,22,All ages,559,Schizophrenia,3,Rate,1997,13.461750663460002,16.62813610914,10.70178502683
6,Incidence,42,Central Europe,2,Female,22,All ages,559,Schizophrenia,3,Rate,1997,11.857514001750001,14.73873554027,9.381336915310001
6,Incidence,42,Central Europe,3,Both,22,All ages,559,Schizophrenia,3,Rate,1997,12.639160249989999,15.643808947330001,10.02483413998
6,Incidence,42,Central Europe,1,Male,27,Age-standardized,559,Schizophrenia,2,Percent,1997,3.68652441282e-05,4.61491693666e-05,2.84985023035e-05
6,Incidence,42,Central Europe,2,Female,27,Age-standardized,559,Schizophrenia,2,Percent,1997,3.33199044725e-05,4.13885482992e-05,2.56353284845e-05
6,Incidence,42,Central Europe,3,Both,27,Age-standardized,559,Schizophrenia,2,Percent,1997,3.50187014345e-05,4.3611735887e-05,2.70491641558e-05
6,Incidence,42,Central Europe,1,Male,27,Age-standardized,559,Schizophrenia,3,Rate,1997,12.85066073637,16.11684841011,10.20040391355
6,Incidence,42,Central Europe,2,Female,27,Age-standardized,559,Schizophrenia,3,Rate,1997,12.17777091098,15.287456954460001,9.50645741
6,Incidence,42,Central Europe,3,Both,27,Age-standardized,559,Schizophrenia,3,Rate,1997,12.51276495402,15.67588053559,9.87134485176
6,Incidence,1,Global,1,Male,22,All ages,559,Schizophrenia,1,Number,1997,520128.492118114,625645.6349830823,428098.53003108274
6,Incidence,1,Global,2,Female,22,All ages,559,Schizophrenia,1,Number,1997,444733.1627424233,537596.4227296287,363860.3005548165
6,Incidence,1,Global,3,Both,22,All ages,559,Schizophrenia,1,Number,1997,964861.6548605371,1163208.297387283,792659.3637142369
6,Incidence,1,Global,1,Male,22,All ages,559,Schizophrenia,2,Percent,1997,3.86035745494e-05,4.67468891069e-05,3.15279520767e-05
6,Incidence,1,Global,2,Female,22,All ages,559,Schizophrenia,2,Percent,1997,3.16809940035e-05,3.81769371272e-05,2.57658216057e-05
6,Incidence,1,Global,3,Both,22,All ages,559,Schizophrenia,2,Percent,1997,3.50711218857e-05,4.23874379071e-05,2.85638117376e-05
6,Incidence,1,Global,1,Male,22,All ages,559,Schizophrenia,3,Rate,1997,17.5713347172,21.135986651819998,14.46231590291
6,Incidence,1,Global,2,Female,22,All ages,559,Schizophrenia,3,Rate,1997,15.267293541599999,18.45520658301,12.491000181879999
6,Incidence,1,Global,3,Both,22,All ages,559,Schizophrenia,3,Rate,1997,16.42855625332,19.80577510951,13.496493389389999
6,Incidence,1,Global,1,Male,27,Age-standardized,559,Schizophrenia,2,Percent,1997,3.6889538953e-05,4.45344178759e-05,3.01925253141e-05
6,Incidence,1,Global,2,Female,27,Age-standardized,559,Schizophrenia,2,Percent,1997,3.01726181258e-05,3.6356816756e-05,2.46735957481e-05
6,Incidence,1,Global,3,Both,27,Age-standardized,559,Schizophrenia,2,Percent,1997,3.34566166646e-05,4.03499212919e-05,2.74094425734e-05
6,Incidence,1,Global,1,Male,27,Age-standardized,559,Schizophrenia,3,Rate,1997,16.61017284543,19.838463842350002,13.80612381471
6,Incidence,1,Global,2,Female,27,Age-standardized,559,Schizophrenia,3,Rate,1997,14.45840022062,17.34442995249,11.99257668539
6,Incidence,1,Global,3,Both,27,Age-standardized,559,Schizophrenia,3,Rate,1997,15.5442263735,18.601544310370002,12.91747600833
6,Incidence,5,East Asia,1,Male,22,All ages,559,Schizophrenia,1,Number,1997,142399.97226455633,166294.87698581532,122159.67288894532
6,Incidence,5,East Asia,2,Female,22,All ages,559,Schizophrenia,1,Number,1997,122704.2692083672,142803.30974996317,105290.74510669617
6,Incidence,5,East Asia,3,Both,22,All ages,559,Schizophrenia,1,Number,1997,265104.2414729236,309248.389049081,227501.5819655709
6,Incidence,5,East Asia,1,Male,22,All ages,559,Schizophrenia,2,Percent,1997,6.57040682004e-05,7.79951905358e-05,5.49742500867e-05
6,Incidence,5,East Asia,2,Female,22,All ages,559,Schizophrenia,2,Percent,1997,5.7797216889e-05,6.7849995898e-05,4.86340193156e-05
6,Incidence,5,East Asia,3,Both,22,All ages,559,Schizophrenia,2,Percent,1997,6.17907722149e-05,7.30793613413e-05,5.16191391783e-05
6,Incidence,5,East Asia,1,Male,22,All ages,559,Schizophrenia,3,Rate,1997,21.41339705307,25.006593555880002,18.36976186052
6,Incidence,5,East Asia,2,Female,22,All ages,559,Schizophrenia,3,Rate,1997,19.65053187927,22.86930201216,16.86183501731
6,Incidence,5,East Asia,3,Both,22,All ages,559,Schizophrenia,3,Rate,1997,20.55969853468,23.983221150509998,17.64348965292
6,Incidence,5,East Asia,1,Male,27,Age-standardized,559,Schizophrenia,2,Percent,1997,5.67175167463e-05,6.66859305529e-05,4.82617885021e-05
6,Incidence,5,East Asia,2,Female,27,Age-standardized,559,Schizophrenia,2,Percent,1997,4.98532581525e-05,5.79685096281e-05,4.23833156886e-05
6,Incidence,5,East Asia,3,Both,27,Age-standardized,559,Schizophrenia,2,Percent,1997,5.33273447671e-05,6.2271678254e-05,4.54330006239e-05
6,Incidence,5,East Asia,1,Male,27,Age-standardized,559,Schizophrenia,3,Rate,1997,18.92140666458,21.89536047559,16.25131016457
6,Incidence,5,East Asia,2,Female,27,Age-standardized,559,Schizophrenia,3,Rate,1997,17.309327405159998,19.96756518281,14.98655598811
6,Incidence,5,East Asia,3,Both,27,Age-standardized,559,Schizophrenia,3,Rate,1997,18.14324627109,20.89776199046,15.64915806607
6,Incidence,21,Oceania,1,Male,22,All ages,559,Schizophrenia,1,Number,1997,753.916815873609,955.8757568489308,579.308478286179
6,Incidence,21,Oceania,2,Female,22,All ages,559,Schizophrenia,1,Number,1997,606.2582706478048,776.477172380022,460.4749151001757
6,Incidence,21,Oceania,3,Both,22,All ages,559,Schizophrenia,1,Number,1997,1360.1750865214124,1735.575679837155,1043.226729584554
6,Incidence,21,Oceania,1,Male,22,All ages,559,Schizophrenia,2,Percent,1997,3.36855646524e-05,4.34119909206e-05,2.50987476826e-05
6,Incidence,21,Oceania,2,Female,22,All ages,559,Schizophrenia,2,Percent,1997,2.80342271962e-05,3.59538114007e-05,2.11686459113e-05
6,Incidence,21,Oceania,3,Both,22,All ages,559,Schizophrenia,2,Percent,1997,3.0907591414e-05,3.9670085301e-05,2.30889023407e-05
6,Incidence,21,Oceania,1,Male,22,All ages,559,Schizophrenia,3,Rate,1997,18.87398369132,23.92993904081,14.50273895104
6,Incidence,21,Oceania,2,Female,22,All ages,559,Schizophrenia,3,Rate,1997,16.20387073687,20.753425298310002,12.307421379800001
6,Incidence,21,Oceania,3,Both,22,All ages,559,Schizophrenia,3,Rate,1997,17.582595781440002,22.43529228631,13.48549468112
6,Incidence,21,Oceania,1,Male,27,Age-standardized,559,Schizophrenia,2,Percent,1997,3.56428146153e-05,4.50960410757e-05,2.7358252272e-05
6,Incidence,21,Oceania,2,Female,27,Age-standardized,559,Schizophrenia,2,Percent,1997,2.82486308885e-05,3.56750419224e-05,2.16582895751e-05
6,Incidence,21,Oceania,3,Both,27,Age-standardized,559,Schizophrenia,2,Percent,1997,3.19237427582e-05,4.03240777891e-05,2.45519647141e-05
6,Incidence,21,Oceania,1,Male,27,Age-standardized,559,Schizophrenia,3,Rate,1997,18.52158330772,23.13831846893,14.607857706199999
6,Incidence,21,Oceania,2,Female,27,Age-standardized,559,Schizophrenia,3,Rate,1997,15.384698917500002,19.31907185828,12.03782871294
6,Incidence,21,Oceania,3,Both,27,Age-standardized,559,Schizophrenia,3,Rate,1997,16.98425762069,21.280511634459998,13.34414316867
6,Incidence,9,Southeast Asia,1,Male,22,All ages,559,Schizophrenia,1,Number,1997,53419.40970180256,65105.34828416657,42825.31603487438
6,Incidence,9,Southeast Asia,2,Female,22,All ages,559,Schizophrenia,1,Number,1997,44468.27574931789,54983.35768143635,35443.40574389574
6,Incidence,9,Southeast Asia,3,Both,22,All ages,559,Schizophrenia,1,Number,1997,97887.68545112056,120056.3654350081,78103.21226027771
6,Incidence,9,Southeast Asia,1,Male,22,All ages,559,Schizophrenia,2,Percent,1997,4.03885830154e-05,4.9537327536e-05,3.18362492634e-05
6,Incidence,9,Southeast Asia,2,Female,22,All ages,559,Schizophrenia,2,Percent,1997,3.34338395296e-05,4.12283999852e-05,2.61160603929e-05
6,Incidence,9,Southeast Asia,3,Both,22,All ages,559,Schizophrenia,2,Percent,1997,3.69012758324e-05,4.54091686728e-05,2.90551587525e-05
6,Incidence,9,Southeast Asia,1,Male,22,All ages,559,Schizophrenia,3,Rate,1997,20.64805921132,25.16499328333,16.553152986289998
6,Incidence,9,Southeast Asia,2,Female,22,All ages,559,Schizophrenia,3,Rate,1997,16.97632985842,20.99059612712,13.53097094671
6,Incidence,9,Southeast Asia,3,Both,22,All ages,559,Schizophrenia,3,Rate,1997,18.80080939121,23.05863942275,15.000902307370001
6,Incidence,9,Southeast Asia,1,Male,27,Age-standardized,559,Schizophrenia,2,Percent,1997,3.79128744741e-05,4.62492908547e-05,3.03844171195e-05
6,Incidence,9,Southeast Asia,2,Female,27,Age-standardized,559,Schizophrenia,2,Percent,1997,3.05520196435e-05,3.75444695763e-05,2.44556294014e-05
6,Incidence,9,Southeast Asia,3,Both,27,Age-standardized,559,Schizophrenia,2,Percent,1997,3.41657180672e-05,4.17504424897e-05,2.73072349106e-05
6,Incidence,9,Southeast Asia,1,Male,27,Age-standardized,559,Schizophrenia,3,Rate,1997,18.90940346231,22.94568427118,15.44993057159
6,Incidence,9,Southeast Asia,2,Female,27,Age-standardized,559,Schizophrenia,3,Rate,1997,15.305169541729999,18.618509297219997,12.376766117690002
6,Incidence,9,Southeast Asia,3,Both,27,Age-standardized,559,Schizophrenia,3,Rate,1997,17.08362532181,20.71495179996,13.92523149987
6,Incidence,32,Central Asia,1,Male,22,All ages,559,Schizophrenia,1,Number,1997,4787.4488391736295,6094.854051102349,3664.157404470852
6,Incidence,32,Central Asia,2,Female,22,All ages,559,Schizophrenia,1,Number,1997,4643.753965408197,5898.889930075098,3538.099292324521
6,Incidence,32,Central Asia,3,Both,22,All ages,559,Schizophrenia,1,Number,1997,9431.20280458182,12009.806793651294,7222.127063639652
6,Incidence,32,Central Asia,1,Male,22,All ages,559,Schizophrenia,2,Percent,1997,4.03450439348e-05,5.1717124459e-05,3.02999847887e-05
6,Incidence,32,Central Asia,2,Female,22,All ages,559,Schizophrenia,2,Percent,1997,3.60595403579e-05,4.59997607479e-05,2.69154073579e-05
6,Incidence,32,Central Asia,3,Both,22,All ages,559,Schizophrenia,2,Percent,1997,3.81141958442e-05,4.86046948268e-05,2.86026908277e-05
6,Incidence,32,Central Asia,1,Male,22,All ages,559,Schizophrenia,3,Rate,1997,13.35960074273,17.00797636555,10.22500325887
6,Incidence,32,Central Asia,2,Female,22,All ages,559,Schizophrenia,3,Rate,1997,12.44603980412,15.81001478905,9.482699762140001
6,Incidence,32,Central Asia,3,Both,22,All ages,559,Schizophrenia,3,Rate,1997,12.89360410232,16.41887014321,9.87352823015
6,Incidence,32,Central Asia,1,Male,27,Age-standardized,559,Schizophrenia,2,Percent,1997,3.90578579832e-05,5.01266038736e-05,2.94600957953e-05
6,Incidence,32,Central Asia,2,Female,27,Age-standardized,559,Schizophrenia,2,Percent,1997,3.51364765932e-05,4.47585936843e-05,2.64434953813e-05
6,Incidence,32,Central Asia,3,Both,27,Age-standardized,559,Schizophrenia,2,Percent,1997,3.70103944698e-05,4.73057675535e-05,2.77682983028e-05
6,Incidence,32,Central Asia,1,Male,27,Age-standardized,559,Schizophrenia,3,Rate,1997,12.809805900039999,16.19271229488,9.90397136424
6,Incidence,32,Central Asia,2,Female,27,Age-standardized,559,Schizophrenia,3,Rate,1997,12.06925562201,15.26399489206,9.22512845148
6,Incidence,32,Central Asia,3,Both,27,Age-standardized,559,Schizophrenia,3,Rate,1997,12.43009345411,15.740052596349999,9.56301596096
6,Incidence,56,Eastern Europe,1,Male,22,All ages,559,Schizophrenia,1,Number,1997,12479.114441254773,15021.13239936927,10397.244717068244
6,Incidence,56,Eastern Europe,2,Female,22,All ages,559,Schizophrenia,1,Number,1997,12555.01308351169,15095.294165976477,10406.967001582443
6,Incidence,56,Eastern Europe,3,Both,22,All ages,559,Schizophrenia,1,Number,1997,25034.12752476646,30113.144647535137,20828.669482842943
6,Incidence,56,Eastern Europe,1,Male,22,All ages,559,Schizophrenia,2,Percent,1997,2.93133342913e-05,3.52609510461e-05,2.37509482646e-05
6,Incidence,56,Eastern Europe,2,Female,22,All ages,559,Schizophrenia,2,Percent,1997,2.44112476318e-05,2.95155759316e-05,1.99194816622e-05
6,Incidence,56,Eastern Europe,3,Both,22,All ages,559,Schizophrenia,2,Percent,1997,2.66308108694e-05,3.20955111213e-05,2.1714438504e-05
6,Incidence,56,Eastern Europe,1,Male,22,All ages,559,Schizophrenia,3,Rate,1997,11.95674609057,14.39235668025,9.96202220188
6,Incidence,56,Eastern Europe,2,Female,22,All ages,559,Schizophrenia,3,Rate,1997,10.55866607678,12.69502224882,8.752176418369999
6,Incidence,56,Eastern Europe,3,Both,22,All ages,559,Schizophrenia,3,Rate,1997,11.2121888594,13.48695953573,9.32866446817
6,Incidence,56,Eastern Europe,1,Male,27,Age-standardized,559,Schizophrenia,2,Percent,1997,2.68251507936e-05,3.24311229756e-05,2.16366829328e-05
6,Incidence,56,Eastern Europe,2,Female,27,Age-standardized,559,Schizophrenia,2,Percent,1997,2.51160160468e-05,3.02814014847e-05,2.0295612483e-05
6,Incidence,56,Eastern Europe,3,Both,27,Age-standardized,559,Schizophrenia,2,Percent,1997,2.5893645585e-05,3.12046645245e-05,2.09128055204e-05
6,Incidence,56,Eastern Europe,1,Male,27,Age-standardized,559,Schizophrenia,3,Rate,1997,11.2238981607,13.563760165680002,9.227749332510001
6,Incidence,56,Eastern Europe,2,Female,27,Age-standardized,559,Schizophrenia,3,Rate,1997,11.19533049677,13.53615168954,9.1893576336
6,Incidence,56,Eastern Europe,3,Both,27,Age-standardized,559,Schizophrenia,3,Rate,1997,11.19880764277,13.52159181507,9.206865307400001
6,Incidence,73,Western Europe,1,Male,22,All ages,559,Schizophrenia,1,Number,1997,30272.94565342791,36666.1110964206,25501.720642450076
6,Incidence,73,Western Europe,2,Female,22,All ages,559,Schizophrenia,1,Number,1997,25486.297932392437,30941.884800742075,21198.72944839199
6,Incidence,73,Western Europe,3,Both,22,All ages,559,Schizophrenia,1,Number,1997,55759.24358582028,67132.9990962644,46740.28904453233
6,Incidence,73,Western Europe,1,Male,22,All ages,559,Schizophrenia,2,Percent,1997,4.11103721387e-05,5.0004952191e-05,3.39746082759e-05
6,Incidence,73,Western Europe,2,Female,22,All ages,559,Schizophrenia,2,Percent,1997,2.82200012741e-05,3.43930209433e-05,2.31426289017e-05
6,Incidence,73,Western Europe,3,Both,22,All ages,559,Schizophrenia,2,Percent,1997,3.40093472146e-05,4.14402802069e-05,2.79816309672e-05
6,Incidence,73,Western Europe,1,Male,22,All ages,559,Schizophrenia,3,Rate,1997,15.764467762369998,19.09367304287,13.279878924079998
6,Incidence,73,Western Europe,2,Female,22,All ages,559,Schizophrenia,3,Rate,1997,12.64236394585,15.34858337838,10.51553480176
6,Incidence,73,Western Europe,3,Both,22,All ages,559,Schizophrenia,3,Rate,1997,14.165496247359998,17.054970362149998,11.874253423859999
6,Incidence,73,Western Europe,1,Male,27,Age-standardized,559,Schizophrenia,2,Percent,1997,3.80681735532e-05,4.61554258859e-05,3.10028026782e-05
6,Incidence,73,Western Europe,2,Female,27,Age-standardized,559,Schizophrenia,2,Percent,1997,2.78509151497e-05,3.35186364776e-05,2.26209729624e-05
6,Incidence,73,Western Europe,3,Both,27,Age-standardized,559,Schizophrenia,2,Percent,1997,3.2627258725e-05,3.95961220595e-05,2.66398235373e-05
6,Incidence,73,Western Europe,1,Male,27,Age-standardized,559,Schizophrenia,3,Rate,1997,15.40468843413,18.453203689000002,12.806506115709999
6,Incidence,73,Western Europe,2,Female,27,Age-standardized,559,Schizophrenia,3,Rate,1997,13.05859210527,15.67238605299,10.8127806031
6,Incidence,73,Western Europe,3,Both,27,Age-standardized,559,Schizophrenia,3,Rate,1997,14.24684755101,17.15674559756,11.81711336775
6,Incidence,96,Southern Latin America,1,Male,22,All ages,559,Schizophrenia,1,Number,1997,4309.26308925168,5474.457200596972,3248.387166187733
6,Incidence,96,Southern Latin America,2,Female,22,All ages,559,Schizophrenia,1,Number,1997,4001.5773370861657,5062.232318707451,3064.473585055235
6,Incidence,96,Southern Latin America,3,Both,22,All ages,559,Schizophrenia,1,Number,1997,8310.840426337849,10527.30847448908,6305.188460684043
6,Incidence,96,Southern Latin America,1,Male,22,All ages,559,Schizophrenia,2,Percent,1997,3.539525364e-05,4.53533486845e-05,2.62080816021e-05
6,Incidence,96,Southern Latin America,2,Female,22,All ages,559,Schizophrenia,2,Percent,1997,2.84572096321e-05,3.60283173115e-05,2.15899371471e-05
6,Incidence,96,Southern Latin America,3,Both,22,All ages,559,Schizophrenia,2,Percent,1997,3.16757876338e-05,4.03621854574e-05,2.37245039252e-05
6,Incidence,96,Southern Latin America,1,Male,22,All ages,559,Schizophrenia,3,Rate,1997,16.43216359203,20.87530383609,12.3868114384
6,Incidence,96,Southern Latin America,2,Female,22,All ages,559,Schizophrenia,3,Rate,1997,14.61819960144,18.49288823632,11.19485711909
6,Incidence,96,Southern Latin America,3,Both,22,All ages,559,Schizophrenia,3,Rate,1997,15.5057320764,19.64104907776,11.76373963971
6,Incidence,96,Southern Latin America,1,Male,27,Age-standardized,559,Schizophrenia,2,Percent,1997,3.44553947424e-05,4.41551836146e-05,2.58190610188e-05
6,Incidence,96,Southern Latin America,2,Female,27,Age-standardized,559,Schizophrenia,2,Percent,1997,2.81744204097e-05,3.56094861027e-05,2.13792159512e-05
6,Incidence,96,Southern Latin America,3,Both,27,Age-standardized,559,Schizophrenia,2,Percent,1997,3.11074963743e-05,3.96434437747e-05,2.35182891798e-05
6,Incidence,96,Southern Latin America,1,Male,27,Age-standardized,559,Schizophrenia,3,Rate,1997,15.96366544168,20.2461115352,12.089473190920001
6,Incidence,96,Southern Latin America,2,Female,27,Age-standardized,559,Schizophrenia,3,Rate,1997,14.5677978687,18.43645914044,11.17847747869
6,Incidence,96,Southern Latin America,3,Both,27,Age-standardized,559,Schizophrenia,3,Rate,1997,15.26215988176,19.29854000662,11.66602687928
6,Incidence,100,High-income North America,1,Male,22,All ages,559,Schizophrenia,1,Number,1997,26377.185363555567,31501.163516246288,22042.119679672254
6,Incidence,100,High-income North America,2,Female,22,All ages,559,Schizophrenia,1,Number,1997,23438.47860473637,28125.119639734283,19489.40982763878
6,Incidence,100,High-income North America,3,Both,22,All ages,559,Schizophrenia,1,Number,1997,49815.663968291934,59608.44237431985,41677.35094790279
6,Incidence,100,High-income North America,1,Male,22,All ages,559,Schizophrenia,2,Percent,1997,3.6487118151e-05,4.37364921426e-05,2.96324772245e-05
6,Incidence,100,High-income North America,2,Female,22,All ages,559,Schizophrenia,2,Percent,1997,2.85312627834e-05,3.4572052309e-05,2.35380336478e-05
6,Incidence,100,High-income North America,3,Both,22,All ages,559,Schizophrenia,2,Percent,1997,3.22549575869e-05,3.88143632246e-05,2.64414911084e-05
6,Incidence,100,High-income North America,1,Male,22,All ages,559,Schizophrenia,3,Rate,1997,17.77279229485,21.22529862469,14.85185054453
6,Incidence,100,High-income North America,2,Female,22,All ages,559,Schizophrenia,3,Rate,1997,15.20609439768,18.24662903255,12.64407176728
6,Incidence,100,High-income North America,3,Both,22,All ages,559,Schizophrenia,3,Rate,1997,16.465157531480003,19.70188321737,13.775268543820001
6,Incidence,100,High-income North America,1,Male,27,Age-standardized,559,Schizophrenia,2,Percent,1997,3.618928371e-05,4.35974445065e-05,2.94755151754e-05
6,Incidence,100,High-income North America,2,Female,27,Age-standardized,559,Schizophrenia,2,Percent,1997,2.98563819335e-05,3.59097709636e-05,2.44847283777e-05
6,Incidence,100,High-income North America,3,Both,27,Age-standardized,559,Schizophrenia,2,Percent,1997,3.29182262789e-05,3.961014189e-05,2.68961783225e-05
6,Incidence,100,High-income North America,1,Male,27,Age-standardized,559,Schizophrenia,3,Rate,1997,18.07258464504,21.5837092521,14.89746682259
6,Incidence,100,High-income North America,2,Female,27,Age-standardized,559,Schizophrenia,3,Rate,1997,16.37207118766,19.57851235477,13.550168449390002
6,Incidence,100,High-income North America,3,Both,27,Age-standardized,559,Schizophrenia,3,Rate,1997,17.23543675879,20.59651695271,14.22859325108
6,Incidence,70,Australasia,1,Male,22,All ages,559,Schizophrenia,1,Number,1997,2481.295000388316,2770.87964154639,2204.795841560288
6,Incidence,70,Australasia,2,Female,22,All ages,559,Schizophrenia,1,Number,1997,1908.9041057614625,2239.668516405788,1641.862885917271
6,Incidence,70,Australasia,3,Both,22,All ages,559,Schizophrenia,1,Number,1997,4390.1991061497765,5032.658876441274,3863.9831507917634
6,Incidence,70,Australasia,1,Male,22,All ages,559,Schizophrenia,2,Percent,1997,5.27511898826e-05,6.00187605494e-05,4.62716155134e-05
6,Incidence,70,Australasia,2,Female,22,All ages,559,Schizophrenia,2,Percent,1997,3.52696216546e-05,4.16130393095e-05,3.00017158883e-05
6,Incidence,70,Australasia,3,Both,22,All ages,559,Schizophrenia,2,Percent,1997,4.33973714962e-05,4.97245482383e-05,3.77995328037e-05
6,Incidence,70,Australasia,1,Male,22,All ages,559,Schizophrenia,3,Rate,1997,22.74536935906,25.39991451505,20.21077532891
6,Incidence,70,Australasia,2,Female,22,All ages,559,Schizophrenia,3,Rate,1997,17.13916495622,20.10894524983,14.741525649349999
6,Incidence,70,Australasia,3,Both,22,All ages,559,Schizophrenia,3,Rate,1997,19.913194289099998,22.82728221983,17.52636847466
6,Incidence,70,Australasia,1,Male,27,Age-standardized,559,Schizophrenia,2,Percent,1997,5.26024194903e-05,5.95698538202e-05,4.62403219987e-05
6,Incidence,70,Australasia,2,Female,27,Age-standardized,559,Schizophrenia,2,Percent,1997,3.44395916217e-05,4.02207565285e-05,2.9579723942e-05
6,Incidence,70,Australasia,3,Both,27,Age-standardized,559,Schizophrenia,2,Percent,1997,4.31228689981e-05,4.91295694126e-05,3.78625973549e-05
6,Incidence,70,Australasia,1,Male,27,Age-standardized,559,Schizophrenia,3,Rate,1997,23.20381921881,25.87513365642,20.68476038132
6,Incidence,70,Australasia,2,Female,27,Age-standardized,559,Schizophrenia,3,Rate,1997,17.04735722205,19.78945458126,14.794090027000001
6,Incidence,70,Australasia,3,Both,27,Age-standardized,559,Schizophrenia,3,Rate,1997,20.189193684059997,22.63968117497,17.90114670467
6,Incidence,104,Caribbean,1,Male,22,All ages,559,Schizophrenia,1,Number,1997,2843.9845934979926,3591.7570033378934,2203.020322950707
6,Incidence,104,Caribbean,2,Female,22,All ages,559,Schizophrenia,1,Number,1997,2222.9965209511274,2805.050608086255,1706.90015576292
6,Incidence,104,Caribbean,3,Both,22,All ages,559,Schizophrenia,1,Number,1997,5066.981114449122,6376.780194952318,3916.3025492781258
6,Incidence,104,Caribbean,1,Male,22,All ages,559,Schizophrenia,2,Percent,1997,3.4006663695e-05,4.30823168287e-05,2.58995905068e-05
6,Incidence,104,Caribbean,2,Female,22,All ages,559,Schizophrenia,2,Percent,1997,2.41079228182e-05,3.05920290339e-05,1.84132919055e-05
6,Incidence,104,Caribbean,3,Both,22,All ages,559,Schizophrenia,2,Percent,1997,2.88155011068e-05,3.6572156787e-05,2.2042952667e-05
6,Incidence,104,Caribbean,1,Male,22,All ages,559,Schizophrenia,3,Rate,1997,14.894928359049999,18.81127041621,11.53797737122
6,Incidence,104,Caribbean,2,Female,22,All ages,559,Schizophrenia,3,Rate,1997,11.33408304871,14.3017212345,8.70273432232
6,Incidence,104,Caribbean,3,Both,22,All ages,559,Schizophrenia,3,Rate,1997,13.090599299059999,16.47447907637,10.11780905603
6,Incidence,104,Caribbean,1,Male,27,Age-standardized,559,Schizophrenia,2,Percent,1997,3.25786251531e-05,4.11433894227e-05,2.51404515367e-05
6,Incidence,104,Caribbean,2,Female,27,Age-standardized,559,Schizophrenia,2,Percent,1997,2.26523363781e-05,2.86259356289e-05,1.74154926496e-05
6,Incidence,104,Caribbean,3,Both,27,Age-standardized,559,Schizophrenia,2,Percent,1997,2.73259897989e-05,3.44620709646e-05,2.10784078388e-05
6,Incidence,104,Caribbean,1,Male,27,Age-standardized,559,Schizophrenia,3,Rate,1997,14.13064649752,17.681599917099998,11.055002211269999
6,Incidence,104,Caribbean,2,Female,27,Age-standardized,559,Schizophrenia,3,Rate,1997,10.60838999938,13.342318566829999,8.25960620993
6,Incidence,104,Caribbean,3,Both,27,Age-standardized,559,Schizophrenia,3,Rate,1997,12.33498009899,15.44191124699,9.62549561783
6,Incidence,138,North Africa and Middle East,1,Male,22,All ages,559,Schizophrenia,1,Number,1997,32501.7411405207,41054.19881983257,24858.60045415126
6,Incidence,138,North Africa and Middle East,2,Female,22,All ages,559,Schizophrenia,1,Number,1997,27740.092352720305,35205.78225802561,21124.65265266839
6,Incidence,138,North Africa and Middle East,3,Both,22,All ages,559,Schizophrenia,1,Number,1997,60241.83349324103,76268.10555479227,46014.26538210393
6,Incidence,138,North Africa and Middle East,1,Male,22,All ages,559,Schizophrenia,2,Percent,1997,3.85451796738e-05,4.86280045029e-05,2.9225846793e-05
6,Incidence,138,North Africa and Middle East,2,Female,22,All ages,559,Schizophrenia,2,Percent,1997,3.16893183336e-05,4.00813037597e-05,2.3958095519e-05
6,Incidence,138,North Africa and Middle East,3,Both,22,All ages,559,Schizophrenia,2,Percent,1997,3.50527898746e-05,4.43960470297e-05,2.65487133506e-05
6,Incidence,138,North Africa and Middle East,1,Male,22,All ages,559,Schizophrenia,3,Rate,1997,16.02722886709,20.24460897636,12.258250321779999
6,Incidence,138,North Africa and Middle East,2,Female,22,All ages,559,Schizophrenia,3,Rate,1997,14.379563215040001,18.2495344672,10.95033406351
6,Incidence,138,North Africa and Middle East,3,Both,22,All ages,559,Schizophrenia,3,Rate,1997,15.22396032619,19.2740251382,11.62845335202
6,Incidence,138,North Africa and Middle East,1,Male,27,Age-standardized,559,Schizophrenia,2,Percent,1997,3.73502015679e-05,4.69168904278e-05,2.9007783511e-05
6,Incidence,138,North Africa and Middle East,2,Female,27,Age-standardized,559,Schizophrenia,2,Percent,1997,3.02644424323e-05,3.80292120825e-05,2.3685367413e-05
6,Incidence,138,North Africa and Middle East,3,Both,27,Age-standardized,559,Schizophrenia,2,Percent,1997,3.37307760018e-05,4.24346257316e-05,2.63013197998e-05
6,Incidence,138,North Africa and Middle East,1,Male,27,Age-standardized,559,Schizophrenia,3,Rate,1997,14.95479051964,18.5556520035,11.85302231343
6,Incidence,138,North Africa and Middle East,2,Female,27,Age-standardized,559,Schizophrenia,3,Rate,1997,13.35726482173,16.72050717268,10.54323671857
6,Incidence,138,North Africa and Middle East,3,Both,27,Age-standardized,559,Schizophrenia,3,Rate,1997,14.177369619020002,17.6420933455,11.21533415916
6,Incidence,65,High-income Asia Pacific,1,Male,22,All ages,559,Schizophrenia,1,Number,1997,14732.996881502611,17988.162044859186,11954.314076556955
6,Incidence,65,High-income Asia Pacific,2,Female,22,All ages,559,Schizophrenia,1,Number,1997,13200.950123814157,16071.887316481629,10829.751838069744
6,Incidence,65,High-income Asia Pacific,3,Both,22,All ages,559,Schizophrenia,1,Number,1997,27933.94700531678,33980.55449385303,22781.92976382773
6,Incidence,65,High-income Asia Pacific,1,Male,22,All ages,559,Schizophrenia,2,Percent,1997,4.04910114015e-05,4.97240486638e-05,3.22629446124e-05
6,Incidence,65,High-income Asia Pacific,2,Female,22,All ages,559,Schizophrenia,2,Percent,1997,3.30112108239e-05,4.04476311496e-05,2.65540735826e-05
6,Incidence,65,High-income Asia Pacific,3,Both,22,All ages,559,Schizophrenia,2,Percent,1997,3.65744261469e-05,4.49939682369e-05,2.94857505856e-05
6,Incidence,65,High-income Asia Pacific,1,Male,22,All ages,559,Schizophrenia,3,Rate,1997,16.716708528879998,20.41016259575,13.563892376259998
6,Incidence,65,High-income Asia Pacific,2,Female,22,All ages,559,Schizophrenia,3,Rate,1997,14.63635355428,17.819461693460003,12.00732336085
6,Incidence,65,High-income Asia Pacific,3,Both,22,All ages,559,Schizophrenia,3,Rate,1997,15.66451780213,19.05527352415,12.77542139979
6,Incidence,65,High-income Asia Pacific,1,Male,27,Age-standardized,559,Schizophrenia,2,Percent,1997,3.58588229273e-05,4.39064366395e-05,2.84389202402e-05
6,Incidence,65,High-income Asia Pacific,2,Female,27,Age-standardized,559,Schizophrenia,2,Percent,1997,3.04576099205e-05,3.72187367397e-05,2.42693309324e-05
6,Incidence,65,High-income Asia Pacific,3,Both,27,Age-standardized,559,Schizophrenia,2,Percent,1997,3.31294636694e-05,4.0724955212e-05,2.6371786448e-05
6,Incidence,65,High-income Asia Pacific,1,Male,27,Age-standardized,559,Schizophrenia,3,Rate,1997,15.7028305719,19.21627093098,12.66576124714
6,Incidence,65,High-income Asia Pacific,2,Female,27,Age-standardized,559,Schizophrenia,3,Rate,1997,14.40248668984,17.488826129790002,11.73642458532
6,Incidence,65,High-income Asia Pacific,3,Both,27,Age-standardized,559,Schizophrenia,3,Rate,1997,15.07053623445,18.42694178287,12.30350232752
6,Incidence,124,Central Latin America,1,Male,22,All ages,559,Schizophrenia,1,Number,1997,15080.439898465596,18803.758577568053,11805.93565047237
6,Incidence,124,Central Latin America,2,Female,22,All ages,559,Schizophrenia,1,Number,1997,12579.684686414488,15726.444268071336,9794.145574098708
6,Incidence,124,Central Latin America,3,Both,22,All ages,559,Schizophrenia,1,Number,1997,27660.124584880043,34617.93707153112,21571.90292961503
6,Incidence,124,Central Latin America,1,Male,22,All ages,559,Schizophrenia,2,Percent,1997,3.54749819315e-05,4.38680092908e-05,2.74922002179e-05
6,Incidence,124,Central Latin America,2,Female,22,All ages,559,Schizophrenia,2,Percent,1997,2.7216224265e-05,3.36465049439e-05,2.11666539956e-05
6,Incidence,124,Central Latin America,3,Both,22,All ages,559,Schizophrenia,2,Percent,1997,3.1172647929e-05,3.84857925015e-05,2.41693154585e-05
6,Incidence,124,Central Latin America,1,Male,22,All ages,559,Schizophrenia,3,Rate,1997,16.17951512807,20.17419242533,12.666362237700001
6,Incidence,124,Central Latin America,2,Female,22,All ages,559,Schizophrenia,3,Rate,1997,13.07076990944,16.34037256463,10.17648903369
6,Incidence,124,Central Latin America,3,Both,22,All ages,559,Schizophrenia,3,Rate,1997,14.60023414792,18.27287456394,11.386602139919999
6,Incidence,124,Central Latin America,1,Male,27,Age-standardized,559,Schizophrenia,2,Percent,1997,3.49133990113e-05,4.30971827847e-05,2.76353160097e-05
6,Incidence,124,Central Latin America,2,Female,27,Age-standardized,559,Schizophrenia,2,Percent,1997,2.5570589092e-05,3.14735733752e-05,2.02259838481e-05
6,Incidence,124,Central Latin America,3,Both,27,Age-standardized,559,Schizophrenia,2,Percent,1997,2.99482923977e-05,3.68198207235e-05,2.3685238904e-05
6,Incidence,124,Central Latin America,1,Male,27,Age-standardized,559,Schizophrenia,3,Rate,1997,15.40878169702,19.073161454050002,12.38429186539
6,Incidence,124,Central Latin America,2,Female,27,Age-standardized,559,Schizophrenia,3,Rate,1997,12.02839853017,14.85864849411,9.654941896990001
6,Incidence,124,Central Latin America,3,Both,27,Age-standardized,559,Schizophrenia,3,Rate,1997,13.6653824072,16.916580737889998,10.96622548144
6,Incidence,167,Central Sub-Saharan Africa,1,Male,22,All ages,559,Schizophrenia,1,Number,1997,4256.290514239173,5440.188080409694,3222.029513651186
6,Incidence,167,Central Sub-Saharan Africa,2,Female,22,All ages,559,Schizophrenia,1,Number,1997,4447.461292106326,5690.90686936873,3353.7407333071924
6,Incidence,167,Central Sub-Saharan Africa,3,Both,22,All ages,559,Schizophrenia,1,Number,1997,8703.751806345483,11132.446536920956,6588.040594274004
6,Incidence,167,Central Sub-Saharan Africa,1,Male,22,All ages,559,Schizophrenia,2,Percent,1997,1.96235563458e-05,2.52564725714e-05,1.46513637418e-05
6,Incidence,167,Central Sub-Saharan Africa,2,Female,22,All ages,559,Schizophrenia,2,Percent,1997,2.06615027013e-05,2.66226958905e-05,1.5516677075e-05
6,Incidence,167,Central Sub-Saharan Africa,3,Both,22,All ages,559,Schizophrenia,2,Percent,1997,2.01402264129e-05,2.58852831054e-05,1.51194510951e-05
6,Incidence,167,Central Sub-Saharan Africa,1,Male,22,All ages,559,Schizophrenia,3,Rate,1997,12.728950512489998,16.26953907928,9.63586815605
6,Incidence,167,Central Sub-Saharan Africa,2,Female,22,All ages,559,Schizophrenia,3,Rate,1997,13.123106007610001,16.79213583236,9.89586918797
6,Incidence,167,Central Sub-Saharan Africa,3,Both,22,All ages,559,Schizophrenia,3,Rate,1997,12.92735259281,16.534600802659998,9.78496693757
6,Incidence,167,Central Sub-Saharan Africa,1,Male,27,Age-standardized,559,Schizophrenia,2,Percent,1997,2.37580943014e-05,2.99865547392e-05,1.82960967365e-05
6,Incidence,167,Central Sub-Saharan Africa,2,Female,27,Age-standardized,559,Schizophrenia,2,Percent,1997,2.45142198721e-05,3.12773932458e-05,1.86972574714e-05
6,Incidence,167,Central Sub-Saharan Africa,3,Both,27,Age-standardized,559,Schizophrenia,2,Percent,1997,2.41282317692e-05,3.06241033443e-05,1.84328039997e-05
6,Incidence,167,Central Sub-Saharan Africa,1,Male,27,Age-standardized,559,Schizophrenia,3,Rate,1997,13.695988616509998,17.1004842288,10.78243484589
6,Incidence,167,Central Sub-Saharan Africa,2,Female,27,Age-standardized,559,Schizophrenia,3,Rate,1997,14.044949352869999,17.76364690679,10.89907766878
6,Incidence,167,Central Sub-Saharan Africa,3,Both,27,Age-standardized,559,Schizophrenia,3,Rate,1997,13.862877459249999,17.426553212680002,10.84831201672
6,Incidence,120,Andean Latin America,1,Male,22,All ages,559,Schizophrenia,1,Number,1997,3414.2533420697887,4391.869476404011,2584.8506530690006
6,Incidence,120,Andean Latin America,2,Female,22,All ages,559,Schizophrenia,1,Number,1997,2716.7291357873723,3493.128481801277,2024.293065133656
6,Incidence,120,Andean Latin America,3,Both,22,All ages,559,Schizophrenia,1,Number,1997,6130.98247785716,7869.595315530815,4603.2845754588425
6,Incidence,120,Andean Latin America,1,Male,22,All ages,559,Schizophrenia,2,Percent,1997,3.08884155089e-05,3.93396994791e-05,2.33717111027e-05
6,Incidence,120,Andean Latin America,2,Female,22,All ages,559,Schizophrenia,2,Percent,1997,2.24166894977e-05,2.90739979468e-05,1.66432706869e-05
6,Incidence,120,Andean Latin America,3,Both,22,All ages,559,Schizophrenia,2,Percent,1997,2.6457255754e-05,3.39197510061e-05,1.99420719001e-05
6,Incidence,120,Andean Latin America,1,Male,22,All ages,559,Schizophrenia,3,Rate,1997,15.651820124910001,20.13346526157,11.849623744399999
6,Incidence,120,Andean Latin America,2,Female,22,All ages,559,Schizophrenia,3,Rate,1997,12.33735925481,15.86318651923,9.19283061848
6,Incidence,120,Andean Latin America,3,Both,22,All ages,559,Schizophrenia,3,Rate,1997,13.98678003267,17.95312562415,10.50160052116
6,Incidence,120,Andean Latin America,1,Male,27,Age-standardized,559,Schizophrenia,2,Percent,1997,3.1208614975e-05,3.96875819741e-05,2.38495467707e-05
6,Incidence,120,Andean Latin America,2,Female,27,Age-standardized,559,Schizophrenia,2,Percent,1997,2.16972663305e-05,2.81009963232e-05,1.64199207409e-05
6,Incidence,120,Andean Latin America,3,Both,27,Age-standardized,559,Schizophrenia,2,Percent,1997,2.61330812476e-05,3.33433279824e-05,1.98756687162e-05
6,Incidence,120,Andean Latin America,1,Male,27,Age-standardized,559,Schizophrenia,3,Rate,1997,15.102821519219999,19.094361682869998,11.67313648549
6,Incidence,120,Andean Latin America,2,Female,27,Age-standardized,559,Schizophrenia,3,Rate,1997,11.628096860800001,14.80947695681,8.91537928917
6,Incidence,120,Andean Latin America,3,Both,27,Age-standardized,559,Schizophrenia,3,Rate,1997,13.338573596820002,16.90095949224,10.2730287074
6,Incidence,44634,High-middle SDI,1,Male,22,All ages,559,Schizophrenia,1,Number,1997,104322.47530852596,122016.74247262276,88728.6227278171
6,Incidence,44634,High-middle SDI,2,Female,22,All ages,559,Schizophrenia,1,Number,1997,91791.08895947416,107633.25126759676,78444.72795877999
6,Incidence,44634,High-middle SDI,3,Both,22,All ages,559,Schizophrenia,1,Number,1997,196113.56426800005,229150.30497167652,167173.35068659708
6,Incidence,44634,High-middle SDI,1,Male,22,All ages,559,Schizophrenia,2,Percent,1997,5.04787230978e-05,5.94582026869e-05,4.21552254921e-05
6,Incidence,44634,High-middle SDI,2,Female,22,All ages,559,Schizophrenia,2,Percent,1997,4.10023004658e-05,4.80639523311e-05,3.43985975575e-05
6,Incidence,44634,High-middle SDI,3,Both,22,All ages,559,Schizophrenia,2,Percent,1997,4.55508357249e-05,5.34453241605e-05,3.80737268114e-05
6,Incidence,44634,High-middle SDI,1,Male,22,All ages,559,Schizophrenia,3,Rate,1997,18.54403955159,21.68931758642,15.77212469659
6,Incidence,44634,High-middle SDI,2,Female,22,All ages,559,Schizophrenia,3,Rate,1997,16.17829849955,18.97050015665,13.82598506042
6,Incidence,44634,High-middle SDI,3,Both,22,All ages,559,Schizophrenia,3,Rate,1997,17.35613826563,20.27990461315,14.794916403030001
6,Incidence,44634,High-middle SDI,1,Male,27,Age-standardized,559,Schizophrenia,2,Percent,1997,4.4192331854e-05,5.19377721164e-05,3.71175491126e-05
6,Incidence,44634,High-middle SDI,2,Female,27,Age-standardized,559,Schizophrenia,2,Percent,1997,3.7167757e-05,4.36710812275e-05,3.13529531554e-05
6,Incidence,44634,High-middle SDI,3,Both,27,Age-standardized,559,Schizophrenia,2,Percent,1997,4.05692113565e-05,4.76536838107e-05,3.41816482559e-05
6,Incidence,44634,High-middle SDI,1,Male,27,Age-standardized,559,Schizophrenia,3,Rate,1997,16.69065142713,19.45363405297,14.21427213772
6,Incidence,44634,High-middle SDI,2,Female,27,Age-standardized,559,Schizophrenia,3,Rate,1997,15.04124977613,17.6147941486,12.91128690235
6,Incidence,44634,High-middle SDI,3,Both,27,Age-standardized,559,Schizophrenia,3,Rate,1997,15.872092369729998,18.54437801956,13.580429759460001
6,Incidence,159,South Asia,1,Male,22,All ages,559,Schizophrenia,1,Number,1997,114564.91786951137,139798.8391531472,93144.59070782475
6,Incidence,159,South Asia,2,Female,22,All ages,559,Schizophrenia,1,Number,1997,83066.70183638945,102304.80124446264,66650.56848848565
6,Incidence,159,South Asia,3,Both,22,All ages,559,Schizophrenia,1,Number,1997,197631.6197059009,242435.8999349012,159444.8102286696
6,Incidence,159,South Asia,1,Male,22,All ages,559,Schizophrenia,2,Percent,1997,3.39986241994e-05,4.16209343713e-05,2.73279002841e-05
6,Incidence,159,South Asia,2,Female,22,All ages,559,Schizophrenia,2,Percent,1997,2.47933931443e-05,3.06140123974e-05,1.95830467012e-05
6,Incidence,159,South Asia,3,Both,22,All ages,559,Schizophrenia,2,Percent,1997,2.94088413043e-05,3.60391041036e-05,2.32898983027e-05
6,Incidence,159,South Asia,1,Male,22,All ages,559,Schizophrenia,3,Rate,1997,17.63051809205,21.51379330403,14.33412096993
6,Incidence,159,South Asia,2,Female,22,All ages,559,Schizophrenia,3,Rate,1997,13.810801816700002,17.00935878816,11.08142940571
6,Incidence,159,South Asia,3,Both,22,All ages,559,Schizophrenia,3,Rate,1997,15.79445578289,19.37515417525,12.74261683791
6,Incidence,159,South Asia,1,Male,27,Age-standardized,559,Schizophrenia,2,Percent,1997,3.39547989432e-05,4.10553795011e-05,2.7308291417e-05
6,Incidence,159,South Asia,2,Female,27,Age-standardized,559,Schizophrenia,2,Percent,1997,2.39745870322e-05,2.91655310176e-05,1.90984703921e-05
6,Incidence,159,South Asia,3,Both,27,Age-standardized,559,Schizophrenia,2,Percent,1997,2.88964681349e-05,3.49717768857e-05,2.3170983539e-05
6,Incidence,159,South Asia,1,Male,27,Age-standardized,559,Schizophrenia,3,Rate,1997,17.11086190304,20.754200912829997,13.99754791614
6,Incidence,159,South Asia,2,Female,27,Age-standardized,559,Schizophrenia,3,Rate,1997,13.10604804731,15.85959350804,10.72230589389
6,Incidence,159,South Asia,3,Both,27,Age-standardized,559,Schizophrenia,3,Rate,1997,15.15770597476,18.40949654803,12.40591973465
6,Incidence,134,Tropical Latin America,1,Male,22,All ages,559,Schizophrenia,1,Number,1997,14361.909505156911,17475.23509355467,11680.874381118632
6,Incidence,134,Tropical Latin America,2,Female,22,All ages,559,Schizophrenia,1,Number,1997,11583.122704361298,14085.866227666733,9418.685472955622
6,Incidence,134,Tropical Latin America,3,Both,22,All ages,559,Schizophrenia,1,Number,1997,25945.032209518205,31533.37867603588,20999.9765313744
6,Incidence,134,Tropical Latin America,1,Male,22,All ages,559,Schizophrenia,2,Percent,1997,3.08419435361e-05,3.74464622477e-05,2.48014550267e-05
6,Incidence,134,Tropical Latin America,2,Female,22,All ages,559,Schizophrenia,2,Percent,1997,2.31965647854e-05,2.7960516529e-05,1.86073490586e-05
6,Incidence,134,Tropical Latin America,3,Both,22,All ages,559,Schizophrenia,2,Percent,1997,2.6885501298e-05,3.24489799216e-05,2.16219224221e-05
6,Incidence,134,Tropical Latin America,1,Male,22,All ages,559,Schizophrenia,3,Rate,1997,16.99680015059,20.6813083151,13.823892106319999
6,Incidence,134,Tropical Latin America,2,Female,22,All ages,559,Schizophrenia,3,Rate,1997,13.34610140906,16.22976842316,10.8522317056
6,Incidence,134,Tropical Latin America,3,Both,22,All ages,559,Schizophrenia,3,Rate,1997,15.147019611070002,18.40956300814,12.260037057729999
6,Incidence,134,Tropical Latin America,1,Male,27,Age-standardized,559,Schizophrenia,2,Percent,1997,2.8322593494e-05,3.42735744931e-05,2.30018474399e-05
6,Incidence,134,Tropical Latin America,2,Female,27,Age-standardized,559,Schizophrenia,2,Percent,1997,2.10849686654e-05,2.55805039929e-05,1.70556219256e-05
6,Incidence,134,Tropical Latin America,3,Both,27,Age-standardized,559,Schizophrenia,2,Percent,1997,2.4546081789e-05,2.96366291059e-05,1.98922086497e-05
6,Incidence,134,Tropical Latin America,1,Male,27,Age-standardized,559,Schizophrenia,3,Rate,1997,15.483615316359998,18.64541811533,12.76485822688
6,Incidence,134,Tropical Latin America,2,Female,27,Age-standardized,559,Schizophrenia,3,Rate,1997,12.11562399763,14.72909108541,9.96195378789
6,Incidence,134,Tropical Latin America,3,Both,27,Age-standardized,559,Schizophrenia,3,Rate,1997,13.772566605600002,16.64800497006,11.30239201704
6,Incidence,174,Eastern Sub-Saharan Africa,1,Male,22,All ages,559,Schizophrenia,1,Number,1997,14398.66626146226,17982.54247872015,11246.43552808333
6,Incidence,174,Eastern Sub-Saharan Africa,2,Female,22,All ages,559,Schizophrenia,1,Number,1997,15945.697387981349,20017.20664147647,12313.499538507182
6,Incidence,174,Eastern Sub-Saharan Africa,3,Both,22,All ages,559,Schizophrenia,1,Number,1997,30344.36364944357,38067.2860682326,23554.124206908054
6,Incidence,174,Eastern Sub-Saharan Africa,1,Male,22,All ages,559,Schizophrenia,2,Percent,1997,1.87960874966e-05,2.34330350223e-05,1.45651113922e-05
6,Incidence,174,Eastern Sub-Saharan Africa,2,Female,22,All ages,559,Schizophrenia,2,Percent,1997,2.0632834375e-05,2.57988692805e-05,1.577785227e-05
6,Incidence,174,Eastern Sub-Saharan Africa,3,Both,22,All ages,559,Schizophrenia,2,Percent,1997,1.97183335893e-05,2.46190942138e-05,1.52017166923e-05
6,Incidence,174,Eastern Sub-Saharan Africa,1,Male,22,All ages,559,Schizophrenia,3,Rate,1997,12.62021309551,15.76142636822,9.85733055771
6,Incidence,174,Eastern Sub-Saharan Africa,2,Female,22,All ages,559,Schizophrenia,3,Rate,1997,13.76352294297,17.27784468504,10.62839268067
6,Incidence,174,Eastern Sub-Saharan Africa,3,Both,22,All ages,559,Schizophrenia,3,Rate,1997,13.19625005998,16.55481828074,10.24328987647
6,Incidence,174,Eastern Sub-Saharan Africa,1,Male,27,Age-standardized,559,Schizophrenia,2,Percent,1997,2.29180925232e-05,2.839207499e-05,1.83143675387e-05
6,Incidence,174,Eastern Sub-Saharan Africa,2,Female,27,Age-standardized,559,Schizophrenia,2,Percent,1997,2.31791458212e-05,2.89471514248e-05,1.842299437e-05
6,Incidence,174,Eastern Sub-Saharan Africa,3,Both,27,Age-standardized,559,Schizophrenia,2,Percent,1997,2.30594609194e-05,2.86769755079e-05,1.84090755089e-05
6,Incidence,174,Eastern Sub-Saharan Africa,1,Male,27,Age-standardized,559,Schizophrenia,3,Rate,1997,14.101420979959999,17.41388341584,11.4821023437
6,Incidence,174,Eastern Sub-Saharan Africa,2,Female,27,Age-standardized,559,Schizophrenia,3,Rate,1997,14.42906418208,18.0264618201,11.634892207530001
6,Incidence,174,Eastern Sub-Saharan Africa,3,Both,27,Age-standardized,559,Schizophrenia,3,Rate,1997,14.278724833730001,17.75920288312,11.57105969022
6,Incidence,44635,High SDI,1,Male,22,All ages,559,Schizophrenia,1,Number,1997,77842.13498942714,92947.21680902058,64710.6582612788
6,Incidence,44635,High SDI,2,Female,22,All ages,559,Schizophrenia,1,Number,1997,67445.59922513006,81000.53078253623,56048.97457710844
6,Incidence,44635,High SDI,3,Both,22,All ages,559,Schizophrenia,1,Number,1997,145287.73421455728,173877.1613720947,120659.80661399636
6,Incidence,44635,High SDI,1,Male,22,All ages,559,Schizophrenia,2,Percent,1997,4.09037614519e-05,4.92337028321e-05,3.35918467093e-05
6,Incidence,44635,High SDI,2,Female,22,All ages,559,Schizophrenia,2,Percent,1997,3.10594590336e-05,3.7669461058e-05,2.55283591939e-05
6,Incidence,44635,High SDI,3,Both,22,All ages,559,Schizophrenia,2,Percent,1997,3.56571528282e-05,4.31100629774e-05,2.94263855383e-05
6,Incidence,44635,High SDI,1,Male,22,All ages,559,Schizophrenia,3,Rate,1997,17.04391109734,20.35124165407,14.16871089938
6,Incidence,44635,High SDI,2,Female,22,All ages,559,Schizophrenia,3,Rate,1997,14.41370052171,17.310505151010002,11.97814451032
6,Incidence,44635,High SDI,3,Both,22,All ages,559,Schizophrenia,3,Rate,1997,15.71285942038,18.80480418959,13.049350581899999
6,Incidence,44635,High SDI,1,Male,27,Age-standardized,559,Schizophrenia,2,Percent,1997,3.83061547984e-05,4.60386247696e-05,3.10741090798e-05
6,Incidence,44635,High SDI,2,Female,27,Age-standardized,559,Schizophrenia,2,Percent,1997,3.07902639741e-05,3.70204561868e-05,2.50715067549e-05
6,Incidence,44635,High SDI,3,Both,27,Age-standardized,559,Schizophrenia,2,Percent,1997,3.44218260586e-05,4.14422353644e-05,2.80046675431e-05
6,Incidence,44635,High SDI,1,Male,27,Age-standardized,559,Schizophrenia,3,Rate,1997,16.5782271325,19.92716063193,13.66941965187
6,Incidence,44635,High SDI,2,Female,27,Age-standardized,559,Schizophrenia,3,Rate,1997,14.79767864604,17.815283703160002,12.20790895579
6,Incidence,44635,High SDI,3,Both,27,Age-standardized,559,Schizophrenia,3,Rate,1997,15.70728028349,18.85954199685,12.95477092935
6,Incidence,44636,Low-middle SDI,1,Male,22,All ages,559,Schizophrenia,1,Number,1997,112396.28317149864,138563.51814933642,89781.15494868599
6,Incidence,44636,Low-middle SDI,2,Female,22,All ages,559,Schizophrenia,1,Number,1997,91401.19187005678,112985.85159776051,71805.98101467206
6,Incidence,44636,Low-middle SDI,3,Both,22,All ages,559,Schizophrenia,1,Number,1997,203797.47504155544,251922.93758763204,161540.45905486867
6,Incidence,44636,Low-middle SDI,1,Male,22,All ages,559,Schizophrenia,2,Percent,1997,3.19278871536e-05,3.90422571183e-05,2.52816944825e-05
6,Incidence,44636,Low-middle SDI,2,Female,22,All ages,559,Schizophrenia,2,Percent,1997,2.553026879e-05,3.12980237814e-05,2.00173683226e-05
6,Incidence,44636,Low-middle SDI,3,Both,22,All ages,559,Schizophrenia,2,Percent,1997,2.8701907344e-05,3.51261615923e-05,2.26272829477e-05
6,Incidence,44636,Low-middle SDI,1,Male,22,All ages,559,Schizophrenia,3,Rate,1997,16.741940540570003,20.63966989379,13.37331373779
6,Incidence,44636,Low-middle SDI,2,Female,22,All ages,559,Schizophrenia,3,Rate,1997,14.09532008073,17.42397128835,11.073469233880001
6,Incidence,44636,Low-middle SDI,3,Both,22,All ages,559,Schizophrenia,3,Rate,1997,15.441586250959999,19.08801749659,12.23980292693
6,Incidence,44636,Low-middle SDI,1,Male,27,Age-standardized,559,Schizophrenia,2,Percent,1997,3.28881644448e-05,4.0344856039e-05,2.64852909309e-05
6,Incidence,44636,Low-middle SDI,2,Female,27,Age-standardized,559,Schizophrenia,2,Percent,1997,2.52293444241e-05,3.10148344759e-05,1.99473944521e-05
6,Incidence,44636,Low-middle SDI,3,Both,27,Age-standardized,559,Schizophrenia,2,Percent,1997,2.89522551682e-05,3.55629754701e-05,2.30473543857e-05
6,Incidence,44636,Low-middle SDI,1,Male,27,Age-standardized,559,Schizophrenia,3,Rate,1997,16.53164059478,20.10630988553,13.52359323274
6,Incidence,44636,Low-middle SDI,2,Female,27,Age-standardized,559,Schizophrenia,3,Rate,1997,13.5093278533,16.548544851790002,10.98794357411
6,Incidence,44636,Low-middle SDI,3,Both,27,Age-standardized,559,Schizophrenia,3,Rate,1997,15.02405552133,18.29540024051,12.26853239398
6,Incidence,199,Western Sub-Saharan Africa,1,Male,22,All ages,559,Schizophrenia,1,Number,1997,14360.22324846897,17791.817305143642,11376.75770901558
6,Incidence,199,Western Sub-Saharan Africa,2,Female,22,All ages,559,Schizophrenia,1,Number,1997,19164.968233825726,23800.408526389176,14971.452481896717
6,Incidence,199,Western Sub-Saharan Africa,3,Both,22,All ages,559,Schizophrenia,1,Number,1997,33525.19148229469,41648.08131022664,26333.295880787256
6,Incidence,199,Western Sub-Saharan Africa,1,Male,22,All ages,559,Schizophrenia,2,Percent,1997,1.92947512973e-05,2.3908844658e-05,1.51852370372e-05
6,Incidence,199,Western Sub-Saharan Africa,2,Female,22,All ages,559,Schizophrenia,2,Percent,1997,2.48657728796e-05,3.08846462172e-05,1.9344358822e-05
6,Incidence,199,Western Sub-Saharan Africa,3,Both,22,All ages,559,Schizophrenia,2,Percent,1997,2.21288857441e-05,2.74625924255e-05,1.72288509496e-05
6,Incidence,199,Western Sub-Saharan Africa,1,Male,22,All ages,559,Schizophrenia,3,Rate,1997,12.15260658703,15.056657019640001,9.62779326487
6,Incidence,199,Western Sub-Saharan Africa,2,Female,22,All ages,559,Schizophrenia,3,Rate,1997,16.16958205483,20.080526819059997,12.63149129351
6,Incidence,199,Western Sub-Saharan Africa,3,Both,22,All ages,559,Schizophrenia,3,Rate,1997,14.16414097923,17.596000771659998,11.1256192377
6,Incidence,199,Western Sub-Saharan Africa,1,Male,27,Age-standardized,559,Schizophrenia,2,Percent,1997,2.31491695795e-05,2.85204514704e-05,1.85632186755e-05
6,Incidence,199,Western Sub-Saharan Africa,2,Female,27,Age-standardized,559,Schizophrenia,2,Percent,1997,2.72723342597e-05,3.38706585993e-05,2.1680997277e-05
6,Incidence,199,Western Sub-Saharan Africa,3,Both,27,Age-standardized,559,Schizophrenia,2,Percent,1997,2.53653221117e-05,3.14265008509e-05,2.02689466587e-05
6,Incidence,199,Western Sub-Saharan Africa,1,Male,27,Age-standardized,559,Schizophrenia,3,Rate,1997,13.36832898817,16.42878941966,10.87072650753
6,Incidence,199,Western Sub-Saharan Africa,2,Female,27,Age-standardized,559,Schizophrenia,3,Rate,1997,16.57892019581,20.33004247437,13.469885892639999
6,Incidence,199,Western Sub-Saharan Africa,3,Both,27,Age-standardized,559,Schizophrenia,3,Rate,1997,15.03545685453,18.4822171094,12.226095378080002
6,Incidence,192,Southern Sub-Saharan Africa,1,Male,22,All ages,559,Schizophrenia,1,Number,1997,4210.896437372892,5157.840614510893,3371.7000741090287
6,Incidence,192,Southern Sub-Saharan Africa,2,Female,22,All ages,559,Schizophrenia,1,Number,1997,4723.434058873109,5789.525271541795,3752.246158661157
6,Incidence,192,Southern Sub-Saharan Africa,3,Both,22,All ages,559,Schizophrenia,1,Number,1997,8934.330496246,10914.1151053473,7127.641247670964
6,Incidence,192,Southern Sub-Saharan Africa,1,Male,22,All ages,559,Schizophrenia,2,Percent,1997,2.19975280764e-05,2.69475826065e-05,1.74398673382e-05
6,Incidence,192,Southern Sub-Saharan Africa,2,Female,22,All ages,559,Schizophrenia,2,Percent,1997,2.25051536138e-05,2.76802774586e-05,1.76857966379e-05
6,Incidence,192,Southern Sub-Saharan Africa,3,Both,22,All ages,559,Schizophrenia,2,Percent,1997,2.22627207872e-05,2.73406604598e-05,1.75661857256e-05
6,Incidence,192,Southern Sub-Saharan Africa,1,Male,22,All ages,559,Schizophrenia,3,Rate,1997,14.40756435888,17.64752985775,11.53625754968
6,Incidence,192,Southern Sub-Saharan Africa,2,Female,22,All ages,559,Schizophrenia,3,Rate,1997,15.04089921703,18.43566884566,11.94833157539
6,Incidence,192,Southern Sub-Saharan Africa,3,Both,22,All ages,559,Schizophrenia,3,Rate,1997,14.735601719079998,18.00090710504,11.755786588189999
6,Incidence,192,Southern Sub-Saharan Africa,1,Male,27,Age-standardized,559,Schizophrenia,2,Percent,1997,2.17097300072e-05,2.6572863797e-05,1.74697317264e-05
6,Incidence,192,Southern Sub-Saharan Africa,2,Female,27,Age-standardized,559,Schizophrenia,2,Percent,1997,2.15926648768e-05,2.64908163418e-05,1.72444499236e-05
6,Incidence,192,Southern Sub-Saharan Africa,3,Both,27,Age-standardized,559,Schizophrenia,2,Percent,1997,2.16352927211e-05,2.64756492503e-05,1.73613848366e-05
6,Incidence,192,Southern Sub-Saharan Africa,1,Male,27,Age-standardized,559,Schizophrenia,3,Rate,1997,13.707970559440001,16.59828644025,11.27604129225
6,Incidence,192,Southern Sub-Saharan Africa,2,Female,27,Age-standardized,559,Schizophrenia,3,Rate,1997,14.07928160855,17.1520109226,11.49119067013
6,Incidence,192,Southern Sub-Saharan Africa,3,Both,27,Age-standardized,559,Schizophrenia,3,Rate,1997,13.895958266470002,16.87408590993,11.38783419392
6,Incidence,44639,Middle SDI,1,Male,22,All ages,559,Schizophrenia,1,Number,1997,183399.2439951349,220723.5965107108,151315.86794520123
6,Incidence,44639,Middle SDI,2,Female,22,All ages,559,Schizophrenia,1,Number,1997,152936.70832651827,184487.311839218,124807.24870640611
6,Incidence,44639,Middle SDI,3,Both,22,All ages,559,Schizophrenia,1,Number,1997,336335.95232165296,404444.0564998982,276134.0145750311
6,Incidence,44639,Middle SDI,1,Male,22,All ages,559,Schizophrenia,2,Percent,1997,4.45221122026e-05,5.37752849291e-05,3.63406473666e-05
6,Incidence,44639,Middle SDI,2,Female,22,All ages,559,Schizophrenia,2,Percent,1997,3.65449596995e-05,4.40419971696e-05,2.9699073294e-05
6,Incidence,44639,Middle SDI,3,Both,22,All ages,559,Schizophrenia,2,Percent,1997,4.05017860893e-05,4.89803512314e-05,3.30341653565e-05
6,Incidence,44639,Middle SDI,1,Male,22,All ages,559,Schizophrenia,3,Rate,1997,19.019771155849998,22.89056488391,15.692502967149998
6,Incidence,44639,Middle SDI,2,Female,22,All ages,559,Schizophrenia,3,Rate,1997,16.46468845398,19.86132790736,13.436358669119999
6,Incidence,44639,Middle SDI,3,Both,22,All ages,559,Schizophrenia,3,Rate,1997,17.766104427170003,21.36374447372,14.58608782371
6,Incidence,44639,Middle SDI,1,Male,27,Age-standardized,559,Schizophrenia,2,Percent,1997,4.07146238989e-05,4.896502872e-05,3.32637836538e-05
6,Incidence,44639,Middle SDI,2,Female,27,Age-standardized,559,Schizophrenia,2,Percent,1997,3.29123791595e-05,3.95115733557e-05,2.68860121062e-05
6,Incidence,44639,Middle SDI,3,Both,27,Age-standardized,559,Schizophrenia,2,Percent,1997,3.67593205661e-05,4.41131276236e-05,3.00218240287e-05
6,Incidence,44639,Middle SDI,1,Male,27,Age-standardized,559,Schizophrenia,3,Rate,1997,17.27349188966,20.66598306426,14.384067332809998
6,Incidence,44639,Middle SDI,2,Female,27,Age-standardized,559,Schizophrenia,3,Rate,1997,14.785041190900001,17.67613566872,12.3480043479
6,Incidence,44639,Middle SDI,3,Both,27,Age-standardized,559,Schizophrenia,3,Rate,1997,16.04929123963,19.17697294832,13.38359478431
6,Incidence,44637,Low SDI,1,Male,22,All ages,559,Schizophrenia,1,Number,1997,41741.93234617692,51790.63905908983,33032.97173685704
6,Incidence,44637,Low SDI,2,Female,22,All ages,559,Schizophrenia,1,Number,1997,40791.890907913046,51059.04778562,31729.3088413822
6,Incidence,44637,Low SDI,3,Both,22,All ages,559,Schizophrenia,1,Number,1997,82533.82325409004,102841.267085547,64683.78141644161
6,Incidence,44637,Low SDI,1,Male,22,All ages,559,Schizophrenia,2,Percent,1997,2.25457131225e-05,2.78062798294e-05,1.75476501105e-05
6,Incidence,44637,Low SDI,2,Female,22,All ages,559,Schizophrenia,2,Percent,1997,2.20611700291e-05,2.74436282039e-05,1.69735239758e-05
6,Incidence,44637,Low SDI,3,Both,22,All ages,559,Schizophrenia,2,Percent,1997,2.23034918551e-05,2.76140847887e-05,1.72603825466e-05
6,Incidence,44637,Low SDI,1,Male,22,All ages,559,Schizophrenia,3,Rate,1997,13.800798306090002,17.12312113082,10.921424926150001
6,Incidence,44637,Low SDI,2,Female,22,All ages,559,Schizophrenia,3,Rate,1997,13.710109128430002,17.16088912659,10.66418538349
6,Incidence,44637,Low SDI,3,Both,22,All ages,559,Schizophrenia,3,Rate,1997,13.75582621243,17.14044668862,10.78077836268
6,Incidence,44637,Low SDI,1,Male,27,Age-standardized,559,Schizophrenia,2,Percent,1997,2.65480614059e-05,3.27033251588e-05,2.11948866199e-05
6,Incidence,44637,Low SDI,2,Female,27,Age-standardized,559,Schizophrenia,2,Percent,1997,2.4546666769e-05,3.04581132169e-05,1.94625234642e-05
6,Incidence,44637,Low SDI,3,Both,27,Age-standardized,559,Schizophrenia,2,Percent,1997,2.5526431771e-05,3.15507199798e-05,2.02676262338e-05
6,Incidence,44637,Low SDI,1,Male,27,Age-standardized,559,Schizophrenia,3,Rate,1997,14.956344513689999,18.2924006086,12.152701676460001
6,Incidence,44637,Low SDI,2,Female,27,Age-standardized,559,Schizophrenia,3,Rate,1997,14.281955999600001,17.60018136191,11.54420534334
6,Incidence,44637,Low SDI,3,Both,27,Age-standardized,559,Schizophrenia,3,Rate,1997,14.619356557460002,17.93717815098,11.84855664338
