measure_id,measure_name,location_id,location_name,sex_id,sex_name,age_id,age_name,cause_id,cause_name,metric_id,metric_name,year,val,upper,lower
2,DALYs (Disability-Adjusted Life Years),70,Australasia,1,Male,22,All ages,559,Schizophrenia,1,Number,1999,34572.19258687734,41843.117927349595,25920.54477402354
2,DALYs (Disability-Adjusted Life Years),70,Australasia,2,Female,22,All ages,559,Schizophrenia,1,Number,1999,27006.399223154833,33573.32437036806,20234.77819404972
2,DALYs (Disability-Adjusted Life Years),70,Australasia,3,Both,22,All ages,559,Schizophrenia,1,Number,1999,61578.591810032245,74654.06209784451,46601.31312371112
2,DALYs (Disability-Adjusted Life Years),70,Australasia,1,Male,22,All ages,559,Schizophrenia,2,Percent,1999,0.010849970004436703,0.012953427933872115,0.008364588614848692
2,DALYs (Disability-Adjusted Life Years),70,Australasia,2,Female,22,All ages,559,Schizophrenia,2,Percent,1999,0.00907723616914457,0.011132580659893684,0.006814959939032592
2,DALYs (Disability-Adjusted Life Years),70,Australasia,3,Both,22,All ages,559,Schizophrenia,2,Percent,1999,0.0099925523215338,0.012042753593184526,0.00784080177765808
2,DALYs (Disability-Adjusted Life Years),70,Australasia,1,Male,22,All ages,559,Schizophrenia,3,Rate,1999,310.6133767382512,375.93890292061525,232.88276897458076
2,DALYs (Disability-Adjusted Life Years),70,Australasia,2,Female,22,All ages,559,Schizophrenia,3,Rate,1999,237.15836119840594,294.82621958844237,177.69295329084886
2,DALYs (Disability-Adjusted Life Years),70,Australasia,3,Both,22,All ages,559,Schizophrenia,3,Rate,1999,273.46636655381946,331.5336468453429,206.95328363293137
2,DALYs (Disability-Adjusted Life Years),70,Australasia,1,Male,27,Age-standardized,559,Schizophrenia,3,Rate,1999,282.9516964039904,343.10467578073656,212.28947516332835
2,DALYs (Disability-Adjusted Life Years),70,Australasia,2,Female,27,Age-standardized,559,Schizophrenia,3,Rate,1999,209.51080894561136,260.56114488636126,158.24290908497684
2,DALYs (Disability-Adjusted Life Years),70,Australasia,3,Both,27,Age-standardized,559,Schizophrenia,3,Rate,1999,246.07143970206224,298.27329025448205,186.64073788530402
2,DALYs (Disability-Adjusted Life Years),96,Southern Latin America,1,Male,22,All ages,559,Schizophrenia,1,Number,1999,48489.126920871,66768.24576248988,34362.3840093592
2,DALYs (Disability-Adjusted Life Years),96,Southern Latin America,2,Female,22,All ages,559,Schizophrenia,1,Number,1999,47883.99316215652,65096.98697541642,33158.276821595
2,DALYs (Disability-Adjusted Life Years),96,Southern Latin America,3,Both,22,All ages,559,Schizophrenia,1,Number,1999,96373.1200830275,131150.09339460492,67623.00198507168
2,DALYs (Disability-Adjusted Life Years),96,Southern Latin America,1,Male,22,All ages,559,Schizophrenia,2,Percent,1999,0.00553183479806502,0.007448883152087171,0.0039003911950359947
2,DALYs (Disability-Adjusted Life Years),96,Southern Latin America,2,Female,22,All ages,559,Schizophrenia,2,Percent,1999,0.006325129617208656,0.008378960640744778,0.004566976199381227
2,DALYs (Disability-Adjusted Life Years),96,Southern Latin America,3,Both,22,All ages,559,Schizophrenia,2,Percent,1999,0.005898536510689294,0.007857817854568438,0.0041304265612605515
2,DALYs (Disability-Adjusted Life Years),96,Southern Latin America,1,Male,22,All ages,559,Schizophrenia,3,Rate,1999,181.2154024865024,249.52881805672178,128.42040358477806
2,DALYs (Disability-Adjusted Life Years),96,Southern Latin America,2,Female,22,All ages,559,Schizophrenia,3,Rate,1999,171.4037118928626,233.01868670063112,118.692100467598
2,DALYs (Disability-Adjusted Life Years),96,Southern Latin America,3,Both,22,All ages,559,Schizophrenia,3,Rate,1999,176.20383684227684,239.78833141900265,123.63854566809849
2,DALYs (Disability-Adjusted Life Years),96,Southern Latin America,1,Male,27,Age-standardized,559,Schizophrenia,3,Rate,1999,183.7451856572502,252.04251411214125,129.95530959973408
2,DALYs (Disability-Adjusted Life Years),96,Southern Latin America,2,Female,27,Age-standardized,559,Schizophrenia,3,Rate,1999,171.08022195526888,232.8845059108282,118.35418887931097
2,DALYs (Disability-Adjusted Life Years),96,Southern Latin America,3,Both,27,Age-standardized,559,Schizophrenia,3,Rate,1999,177.44038390594483,241.76193083157023,124.22608328675781
2,DALYs (Disability-Adjusted Life Years),32,Central Asia,1,Male,22,All ages,559,Schizophrenia,1,Number,1999,45565.9153842572,62537.21857531197,32370.158334962558
2,DALYs (Disability-Adjusted Life Years),32,Central Asia,2,Female,22,All ages,559,Schizophrenia,1,Number,1999,46922.35116502417,63984.90307552802,32575.6065775914
2,DALYs (Disability-Adjusted Life Years),32,Central Asia,3,Both,22,All ages,559,Schizophrenia,1,Number,1999,92488.26654928143,126070.39885343469,65379.34045724273
2,DALYs (Disability-Adjusted Life Years),32,Central Asia,1,Male,22,All ages,559,Schizophrenia,2,Percent,1999,0.0029629437110419692,0.0040093464717219415,0.0021145124644714247
2,DALYs (Disability-Adjusted Life Years),32,Central Asia,2,Female,22,All ages,559,Schizophrenia,2,Percent,1999,0.0037028195374262315,0.004992408055510891,0.002629289418162665
2,DALYs (Disability-Adjusted Life Years),32,Central Asia,3,Both,22,All ages,559,Schizophrenia,2,Percent,1999,0.003296867814026607,0.004427032437806908,0.0023537926860707622
2,DALYs (Disability-Adjusted Life Years),32,Central Asia,1,Male,22,All ages,559,Schizophrenia,3,Rate,1999,125.67454578459119,172.48279712601524,89.27956151907394
2,DALYs (Disability-Adjusted Life Years),32,Central Asia,2,Female,22,All ages,559,Schizophrenia,3,Rate,1999,124.46821014902457,169.72905586850058,86.41142961851205
2,DALYs (Disability-Adjusted Life Years),32,Central Asia,3,Both,22,All ages,559,Schizophrenia,3,Rate,1999,125.05962388994227,170.46829022214013,88.40381631975556
2,DALYs (Disability-Adjusted Life Years),32,Central Asia,1,Male,27,Age-standardized,559,Schizophrenia,3,Rate,1999,138.18485658191702,187.76812418720377,98.6414842726726
2,DALYs (Disability-Adjusted Life Years),32,Central Asia,2,Female,27,Age-standardized,559,Schizophrenia,3,Rate,1999,133.06549950356344,180.41298527342016,92.32292350238909
2,DALYs (Disability-Adjusted Life Years),32,Central Asia,3,Both,27,Age-standardized,559,Schizophrenia,3,Rate,1999,135.55090133082572,183.72124188240105,95.60651001562123
2,DALYs (Disability-Adjusted Life Years),120,Andean Latin America,1,Male,22,All ages,559,Schizophrenia,1,Number,1999,33122.146067479174,45880.80888748496,23213.872837651164
2,DALYs (Disability-Adjusted Life Years),120,Andean Latin America,2,Female,22,All ages,559,Schizophrenia,1,Number,1999,26944.14654248143,37571.617051811256,19112.6993594134
2,DALYs (Disability-Adjusted Life Years),120,Andean Latin America,3,Both,22,All ages,559,Schizophrenia,1,Number,1999,60066.292609960554,83273.98434749639,42680.11410198568
2,DALYs (Disability-Adjusted Life Years),120,Andean Latin America,1,Male,22,All ages,559,Schizophrenia,2,Percent,1999,0.004216872182800784,0.005612621824884121,0.0029723256857193884
2,DALYs (Disability-Adjusted Life Years),120,Andean Latin America,2,Female,22,All ages,559,Schizophrenia,2,Percent,1999,0.003850353495142558,0.0052529870501104,0.002736558156728525
2,DALYs (Disability-Adjusted Life Years),120,Andean Latin America,3,Both,22,All ages,559,Schizophrenia,2,Percent,1999,0.004043799999860997,0.005434692731838577,0.0028809124136027087
2,DALYs (Disability-Adjusted Life Years),120,Andean Latin America,1,Male,22,All ages,559,Schizophrenia,3,Rate,1999,146.23336323083618,202.56250841051826,102.48860963739602
2,DALYs (Disability-Adjusted Life Years),120,Andean Latin America,2,Female,22,All ages,559,Schizophrenia,3,Rate,1999,118.02893350374812,164.58260734459762,83.72325017653277
2,DALYs (Disability-Adjusted Life Years),120,Andean Latin America,3,Both,22,All ages,559,Schizophrenia,3,Rate,1999,132.0758828948296,183.10577408671261,93.84654033295647
2,DALYs (Disability-Adjusted Life Years),120,Andean Latin America,1,Male,27,Age-standardized,559,Schizophrenia,3,Rate,1999,170.2524132329815,232.96423055441375,119.178191598118
2,DALYs (Disability-Adjusted Life Years),120,Andean Latin America,2,Female,27,Age-standardized,559,Schizophrenia,3,Rate,1999,134.53119052158712,183.47485415727093,95.52077652918051
2,DALYs (Disability-Adjusted Life Years),120,Andean Latin America,3,Both,27,Age-standardized,559,Schizophrenia,3,Rate,1999,152.09252284323674,207.42597609479654,107.43973403535868
2,DALYs (Disability-Adjusted Life Years),1,Global,1,Male,22,All ages,559,Schizophrenia,1,Number,1999,5543754.604866821,7114640.864402965,4102373.8118360806
2,DALYs (Disability-Adjusted Life Years),1,Global,2,Female,22,All ages,559,Schizophrenia,1,Number,1999,4854012.043017401,6233673.292345024,3583727.0886224145
2,DALYs (Disability-Adjusted Life Years),1,Global,3,Both,22,All ages,559,Schizophrenia,1,Number,1999,10397766.64788423,13360112.116735987,7678125.088365617
2,DALYs (Disability-Adjusted Life Years),1,Global,1,Male,22,All ages,559,Schizophrenia,2,Percent,1999,0.003931439579348163,0.0050001486511725545,0.0029081725464867414
2,DALYs (Disability-Adjusted Life Years),1,Global,2,Female,22,All ages,559,Schizophrenia,2,Percent,1999,0.003923065351226192,0.004990001996990659,0.0029191731039372934
2,DALYs (Disability-Adjusted Life Years),1,Global,3,Both,22,All ages,559,Schizophrenia,2,Percent,1999,0.003927243470744325,0.004999086580998057,0.002905663226734791
2,DALYs (Disability-Adjusted Life Years),1,Global,1,Male,22,All ages,559,Schizophrenia,3,Rate,1999,182.68524314760714,234.45119577990073,135.18692848339995
2,DALYs (Disability-Adjusted Life Years),1,Global,2,Female,22,All ages,559,Schizophrenia,3,Rate,1999,162.4344158196344,208.60333074556667,119.92566374753328
2,DALYs (Disability-Adjusted Life Years),1,Global,3,Both,22,All ages,559,Schizophrenia,3,Rate,1999,172.6376723607772,221.8225063534815,127.482534301734
2,DALYs (Disability-Adjusted Life Years),1,Global,1,Male,27,Age-standardized,559,Schizophrenia,3,Rate,1999,187.06569264748097,239.5418295075694,138.7648666526851
2,DALYs (Disability-Adjusted Life Years),1,Global,2,Female,27,Age-standardized,559,Schizophrenia,3,Rate,1999,165.32429911761025,211.88277421852163,122.01760492225102
2,DALYs (Disability-Adjusted Life Years),1,Global,3,Both,27,Age-standardized,559,Schizophrenia,3,Rate,1999,176.301788186953,225.83542841274496,130.47804577926473
2,DALYs (Disability-Adjusted Life Years),56,Eastern Europe,1,Male,22,All ages,559,Schizophrenia,1,Number,1999,143925.36715077827,186180.03107341978,105232.1098642699
2,DALYs (Disability-Adjusted Life Years),56,Eastern Europe,2,Female,22,All ages,559,Schizophrenia,1,Number,1999,167735.03721565596,217170.0312762207,122750.28847105519
2,DALYs (Disability-Adjusted Life Years),56,Eastern Europe,3,Both,22,All ages,559,Schizophrenia,1,Number,1999,311660.40436643414,403638.3507278118,228277.77068363875
2,DALYs (Disability-Adjusted Life Years),56,Eastern Europe,1,Male,22,All ages,559,Schizophrenia,2,Percent,1999,0.0022223545251547436,0.0028462622590082493,0.0016217839200333114
2,DALYs (Disability-Adjusted Life Years),56,Eastern Europe,2,Female,22,All ages,559,Schizophrenia,2,Percent,1999,0.0033846782423221852,0.00427015034666502,0.002473405237568899
2,DALYs (Disability-Adjusted Life Years),56,Eastern Europe,3,Both,22,All ages,559,Schizophrenia,2,Percent,1999,0.002725892593877232,0.0034738021093010264,0.0019875702898578774
2,DALYs (Disability-Adjusted Life Years),56,Eastern Europe,1,Male,22,All ages,559,Schizophrenia,3,Rate,1999,138.9934920446747,179.8002199346184,101.62613245197217
2,DALYs (Disability-Adjusted Life Years),56,Eastern Europe,2,Female,22,All ages,559,Schizophrenia,3,Rate,1999,142.11223136543327,183.99565316031672,103.99924598308112
2,DALYs (Disability-Adjusted Life Years),56,Eastern Europe,3,Both,22,All ages,559,Schizophrenia,3,Rate,1999,140.6547775082311,182.16514391946356,103.02354291959028
2,DALYs (Disability-Adjusted Life Years),56,Eastern Europe,1,Male,27,Age-standardized,559,Schizophrenia,3,Rate,1999,120.5478026340689,154.97397602485577,88.3465374849083
2,DALYs (Disability-Adjusted Life Years),56,Eastern Europe,2,Female,27,Age-standardized,559,Schizophrenia,3,Rate,1999,124.1940886749979,161.454024628433,91.7489013281404
2,DALYs (Disability-Adjusted Life Years),56,Eastern Europe,3,Both,27,Age-standardized,559,Schizophrenia,3,Rate,1999,122.47443134577146,157.88145321347204,90.09043872080605
2,DALYs (Disability-Adjusted Life Years),44634,High-middle SDI,1,Male,22,All ages,559,Schizophrenia,1,Number,1999,1156711.824871404,1455688.803811172,864873.8447652431
2,DALYs (Disability-Adjusted Life Years),44634,High-middle SDI,2,Female,22,All ages,559,Schizophrenia,1,Number,1999,1072631.9838375195,1342227.5399833438,798487.0625794766
2,DALYs (Disability-Adjusted Life Years),44634,High-middle SDI,3,Both,22,All ages,559,Schizophrenia,1,Number,1999,2229343.808708924,2802145.527542161,1665200.2719243187
2,DALYs (Disability-Adjusted Life Years),44634,High-middle SDI,1,Male,22,All ages,559,Schizophrenia,2,Percent,1999,0.00532893680601309,0.006623164127672587,0.003971022957543563
2,DALYs (Disability-Adjusted Life Years),44634,High-middle SDI,2,Female,22,All ages,559,Schizophrenia,2,Percent,1999,0.006098807675840086,0.007587675650734439,0.00450587184654712
2,DALYs (Disability-Adjusted Life Years),44634,High-middle SDI,3,Both,22,All ages,559,Schizophrenia,2,Percent,1999,0.005672384490344067,0.007029088603106772,0.004229660982552505
2,DALYs (Disability-Adjusted Life Years),44634,High-middle SDI,1,Male,22,All ages,559,Schizophrenia,3,Rate,1999,202.87861389637973,255.3169427610221,151.69241210161596
2,DALYs (Disability-Adjusted Life Years),44634,High-middle SDI,2,Female,22,All ages,559,Schizophrenia,3,Rate,1999,186.44335320999397,233.30406616255019,138.7918761377034
2,DALYs (Disability-Adjusted Life Years),44634,High-middle SDI,3,Both,22,All ages,559,Schizophrenia,3,Rate,1999,194.62394504502953,244.6301082094544,145.3736498362967
2,DALYs (Disability-Adjusted Life Years),44634,High-middle SDI,1,Male,27,Age-standardized,559,Schizophrenia,3,Rate,1999,181.18003740592383,228.33804647886112,135.57172729841287
2,DALYs (Disability-Adjusted Life Years),44634,High-middle SDI,2,Female,27,Age-standardized,559,Schizophrenia,3,Rate,1999,166.69721358181752,208.48908385367864,124.24742162474678
2,DALYs (Disability-Adjusted Life Years),44634,High-middle SDI,3,Both,27,Age-standardized,559,Schizophrenia,3,Rate,1999,173.93092879918868,218.4504372804045,130.19467661618532
2,DALYs (Disability-Adjusted Life Years),65,High-income Asia Pacific,1,Male,22,All ages,559,Schizophrenia,1,Number,1999,194887.88646475042,251671.08889127657,144077.65664046752
2,DALYs (Disability-Adjusted Life Years),65,High-income Asia Pacific,2,Female,22,All ages,559,Schizophrenia,1,Number,1999,185167.24546831127,239674.34709303244,136839.979191052
2,DALYs (Disability-Adjusted Life Years),65,High-income Asia Pacific,3,Both,22,All ages,559,Schizophrenia,1,Number,1999,380055.13193306176,491297.10003804765,281728.2599003858
2,DALYs (Disability-Adjusted Life Years),65,High-income Asia Pacific,1,Male,22,All ages,559,Schizophrenia,2,Percent,1999,0.007692078906081486,0.009742370298565069,0.00567579394914014
2,DALYs (Disability-Adjusted Life Years),65,High-income Asia Pacific,2,Female,22,All ages,559,Schizophrenia,2,Percent,1999,0.008606921805295265,0.010916169732574236,0.006370187114869616
2,DALYs (Disability-Adjusted Life Years),65,High-income Asia Pacific,3,Both,22,All ages,559,Schizophrenia,2,Percent,1999,0.008110679006416684,0.010282496971174601,0.006018181086412218
2,DALYs (Disability-Adjusted Life Years),65,High-income Asia Pacific,1,Male,22,All ages,559,Schizophrenia,3,Rate,1999,219.76296233980284,283.7938521131966,162.46742270465867
2,DALYs (Disability-Adjusted Life Years),65,High-income Asia Pacific,2,Female,22,All ages,559,Schizophrenia,3,Rate,1999,203.7381578610942,263.71192075464324,150.5640223335641
2,DALYs (Disability-Adjusted Life Years),65,High-income Asia Pacific,3,Both,22,All ages,559,Schizophrenia,3,Rate,1999,211.65221726341605,273.6027271339507,156.89410789007005
2,DALYs (Disability-Adjusted Life Years),65,High-income Asia Pacific,1,Male,27,Age-standardized,559,Schizophrenia,3,Rate,1999,185.1455457149943,239.35871065088963,136.64958024134668
2,DALYs (Disability-Adjusted Life Years),65,High-income Asia Pacific,2,Female,27,Age-standardized,559,Schizophrenia,3,Rate,1999,171.42198150760632,223.54088541446936,127.45068915173013
2,DALYs (Disability-Adjusted Life Years),65,High-income Asia Pacific,3,Both,27,Age-standardized,559,Schizophrenia,3,Rate,1999,178.61190207984086,231.93348837921477,133.06193627511541
2,DALYs (Disability-Adjusted Life Years),9,Southeast Asia,1,Male,22,All ages,559,Schizophrenia,1,Number,1999,506664.81492197764,672013.2683871911,365730.67716065305
2,DALYs (Disability-Adjusted Life Years),9,Southeast Asia,2,Female,22,All ages,559,Schizophrenia,1,Number,1999,426511.4066733967,571962.7311318164,311236.0311406803
2,DALYs (Disability-Adjusted Life Years),9,Southeast Asia,3,Both,22,All ages,559,Schizophrenia,1,Number,1999,933176.2215953753,1242022.6159235076,678012.918129706
2,DALYs (Disability-Adjusted Life Years),9,Southeast Asia,1,Male,22,All ages,559,Schizophrenia,2,Percent,1999,0.004733638073932903,0.006224455147642578,0.0034836925598729185
2,DALYs (Disability-Adjusted Life Years),9,Southeast Asia,2,Female,22,All ages,559,Schizophrenia,2,Percent,1999,0.004736601171117619,0.00622680678785242,0.003415712210198348
2,DALYs (Disability-Adjusted Life Years),9,Southeast Asia,3,Both,22,All ages,559,Schizophrenia,2,Percent,1999,0.004734331228603228,0.006215066812825205,0.0034654689282371566
2,DALYs (Disability-Adjusted Life Years),9,Southeast Asia,1,Male,22,All ages,559,Schizophrenia,3,Rate,1999,190.2908453870784,252.3916585216683,137.35944887273521
2,DALYs (Disability-Adjusted Life Years),9,Southeast Asia,2,Female,22,All ages,559,Schizophrenia,3,Rate,1999,158.39009717187247,212.40518106947147,115.581211767003
2,DALYs (Disability-Adjusted Life Years),9,Southeast Asia,3,Both,22,All ages,559,Schizophrenia,3,Rate,1999,174.2504949903095,231.92088547201683,126.60426172448358
2,DALYs (Disability-Adjusted Life Years),9,Southeast Asia,1,Male,27,Age-standardized,559,Schizophrenia,3,Rate,1999,200.83690707100624,265.061998572974,145.81783969256543
2,DALYs (Disability-Adjusted Life Years),9,Southeast Asia,2,Female,27,Age-standardized,559,Schizophrenia,3,Rate,1999,163.19835596311222,216.62024388166608,119.57724866317508
2,DALYs (Disability-Adjusted Life Years),9,Southeast Asia,3,Both,27,Age-standardized,559,Schizophrenia,3,Rate,1999,181.64735727782391,240.33039489015493,132.20480854624986
2,DALYs (Disability-Adjusted Life Years),5,East Asia,1,Male,22,All ages,559,Schizophrenia,1,Number,1999,1509394.1780534494,1886058.1600154582,1129115.3000397377
2,DALYs (Disability-Adjusted Life Years),5,East Asia,2,Female,22,All ages,559,Schizophrenia,1,Number,1999,1341074.0326009314,1679607.1528886228,1007560.7041650027
2,DALYs (Disability-Adjusted Life Years),5,East Asia,3,Both,22,All ages,559,Schizophrenia,1,Number,1999,2850468.2106543817,3569205.5137229236,2148749.7273797113
2,DALYs (Disability-Adjusted Life Years),5,East Asia,1,Male,22,All ages,559,Schizophrenia,2,Percent,1999,0.006871223314729654,0.008545424396684315,0.005084462133357894
2,DALYs (Disability-Adjusted Life Years),5,East Asia,2,Female,22,All ages,559,Schizophrenia,2,Percent,1999,0.007643406196377191,0.009539220013590548,0.0056859191214992735
2,DALYs (Disability-Adjusted Life Years),5,East Asia,3,Both,22,All ages,559,Schizophrenia,2,Percent,1999,0.00721074963205766,0.008900567648256152,0.005339946554006924
2,DALYs (Disability-Adjusted Life Years),5,East Asia,1,Male,22,All ages,559,Schizophrenia,3,Rate,1999,225.57599592554482,281.86768837790066,168.7440643568023
2,DALYs (Disability-Adjusted Life Years),5,East Asia,2,Female,22,All ages,559,Schizophrenia,3,Rate,1999,212.76376971994083,266.4726486457149,159.85128965927527
2,DALYs (Disability-Adjusted Life Years),5,East Asia,3,Both,22,All ages,559,Schizophrenia,3,Rate,1999,219.36124990980144,274.67255370494877,165.359650102237
2,DALYs (Disability-Adjusted Life Years),5,East Asia,1,Male,27,Age-standardized,559,Schizophrenia,3,Rate,1999,201.99944114893762,252.129021637008,151.5268510960146
2,DALYs (Disability-Adjusted Life Years),5,East Asia,2,Female,27,Age-standardized,559,Schizophrenia,3,Rate,1999,188.88639904372857,235.31708569649,143.4104358743176
2,DALYs (Disability-Adjusted Life Years),5,East Asia,3,Both,27,Age-standardized,559,Schizophrenia,3,Rate,1999,195.64440978865656,243.7197413293825,148.24975750906884
2,DALYs (Disability-Adjusted Life Years),21,Oceania,1,Male,22,All ages,559,Schizophrenia,1,Number,1999,6729.914658028194,9161.504666731873,4822.6452312265
2,DALYs (Disability-Adjusted Life Years),21,Oceania,2,Female,22,All ages,559,Schizophrenia,1,Number,1999,5312.357652096145,7385.287976083216,3738.223199710907
2,DALYs (Disability-Adjusted Life Years),21,Oceania,3,Both,22,All ages,559,Schizophrenia,1,Number,1999,12042.272310124343,16532.284784111587,8679.55998561713
2,DALYs (Disability-Adjusted Life Years),21,Oceania,1,Male,22,All ages,559,Schizophrenia,2,Percent,1999,0.0034154233813801695,0.004699251979266602,0.0023952172811313403
2,DALYs (Disability-Adjusted Life Years),21,Oceania,2,Female,22,All ages,559,Schizophrenia,2,Percent,1999,0.0032004836995942524,0.004438328618001887,0.002216936320638265
2,DALYs (Disability-Adjusted Life Years),21,Oceania,3,Both,22,All ages,559,Schizophrenia,2,Percent,1999,0.00331700176137709,0.004527786701795537,0.0022909299578292627
2,DALYs (Disability-Adjusted Life Years),21,Oceania,1,Male,22,All ages,559,Schizophrenia,3,Rate,1999,160.23625351037586,218.13132244756454,114.82502277195692
2,DALYs (Disability-Adjusted Life Years),21,Oceania,2,Female,22,All ages,559,Schizophrenia,3,Rate,1999,134.94288554072136,187.59882811139974,94.95720326081856
2,DALYs (Disability-Adjusted Life Years),21,Oceania,3,Both,22,All ages,559,Schizophrenia,3,Rate,1999,147.99873048160208,203.1806869166835,106.67121834890509
2,DALYs (Disability-Adjusted Life Years),21,Oceania,1,Male,27,Age-standardized,559,Schizophrenia,3,Rate,1999,193.90250074490842,260.3870833803585,138.3500570406477
2,DALYs (Disability-Adjusted Life Years),21,Oceania,2,Female,27,Age-standardized,559,Schizophrenia,3,Rate,1999,158.7095943528898,217.09565473677284,114.8359261976784
2,DALYs (Disability-Adjusted Life Years),21,Oceania,3,Both,27,Age-standardized,559,Schizophrenia,3,Rate,1999,176.75952488441024,239.8410201177599,126.95116586699655
2,DALYs (Disability-Adjusted Life Years),44636,Low-middle SDI,1,Male,22,All ages,559,Schizophrenia,1,Number,1999,1111614.7688433828,1456590.0839688177,810667.4279442511
2,DALYs (Disability-Adjusted Life Years),44636,Low-middle SDI,2,Female,22,All ages,559,Schizophrenia,1,Number,1999,869939.244304567,1133410.8159741787,636268.0477405369
2,DALYs (Disability-Adjusted Life Years),44636,Low-middle SDI,3,Both,22,All ages,559,Schizophrenia,1,Number,1999,1981554.01314795,2590568.908462784,1451204.940882313
2,DALYs (Disability-Adjusted Life Years),44636,Low-middle SDI,1,Male,22,All ages,559,Schizophrenia,2,Percent,1999,0.002869072966920684,0.0037386448872788586,0.0020816995113612543
2,DALYs (Disability-Adjusted Life Years),44636,Low-middle SDI,2,Female,22,All ages,559,Schizophrenia,2,Percent,1999,0.0024397508173285643,0.0031918500314426306,0.0017781696827442101
2,DALYs (Disability-Adjusted Life Years),44636,Low-middle SDI,3,Both,22,All ages,559,Schizophrenia,2,Percent,1999,0.002663201797968143,0.0034706509047746697,0.001935358269177789
2,DALYs (Disability-Adjusted Life Years),44636,Low-middle SDI,1,Male,22,All ages,559,Schizophrenia,3,Rate,1999,159.96234475344446,209.60459658043322,116.65575721356466
2,DALYs (Disability-Adjusted Life Years),44636,Low-middle SDI,2,Female,22,All ages,559,Schizophrenia,3,Rate,1999,129.44832209136158,168.6533046170892,94.6776820560623
2,DALYs (Disability-Adjusted Life Years),44636,Low-middle SDI,3,Both,22,All ages,559,Schizophrenia,3,Rate,1999,144.96077989529667,189.51332482060073,106.16304103869064
2,DALYs (Disability-Adjusted Life Years),44636,Low-middle SDI,1,Male,27,Age-standardized,559,Schizophrenia,3,Rate,1999,190.2795753874784,248.20555102022584,139.7187869239431
2,DALYs (Disability-Adjusted Life Years),44636,Low-middle SDI,2,Female,27,Age-standardized,559,Schizophrenia,3,Rate,1999,151.36502450469115,196.4309908925806,111.14012357946251
2,DALYs (Disability-Adjusted Life Years),44636,Low-middle SDI,3,Both,27,Age-standardized,559,Schizophrenia,3,Rate,1999,170.98740676200126,222.43871802322116,125.20348070512051
2,DALYs (Disability-Adjusted Life Years),134,Tropical Latin America,1,Male,22,All ages,559,Schizophrenia,1,Number,1999,140999.3932736883,183250.67200381286,103212.74857781714
2,DALYs (Disability-Adjusted Life Years),134,Tropical Latin America,2,Female,22,All ages,559,Schizophrenia,1,Number,1999,118898.02411727043,153728.88756504926,87326.03138542178
2,DALYs (Disability-Adjusted Life Years),134,Tropical Latin America,3,Both,22,All ages,559,Schizophrenia,1,Number,1999,259897.41739095873,335403.8671877665,190471.71229839866
2,DALYs (Disability-Adjusted Life Years),134,Tropical Latin America,1,Male,22,All ages,559,Schizophrenia,2,Percent,1999,0.00432901211129326,0.0055331084330576576,0.0031946325147434677
2,DALYs (Disability-Adjusted Life Years),134,Tropical Latin America,2,Female,22,All ages,559,Schizophrenia,2,Percent,1999,0.004541191327845244,0.0058244181578917245,0.0033297204005991324
2,DALYs (Disability-Adjusted Life Years),134,Tropical Latin America,3,Both,22,All ages,559,Schizophrenia,2,Percent,1999,0.004422724665782081,0.0056257051160480045,0.0032838783564342246
2,DALYs (Disability-Adjusted Life Years),134,Tropical Latin America,1,Male,22,All ages,559,Schizophrenia,3,Rate,1999,161.45768683912476,209.83941084072745,118.1883925226241
2,DALYs (Disability-Adjusted Life Years),134,Tropical Latin America,2,Female,22,All ages,559,Schizophrenia,3,Rate,1999,132.56211229204345,171.39583443228048,97.36177925980613
2,DALYs (Disability-Adjusted Life Years),134,Tropical Latin America,3,Both,22,All ages,559,Schizophrenia,3,Rate,1999,146.81701574377448,189.4708894908093,107.59817725003091
2,DALYs (Disability-Adjusted Life Years),134,Tropical Latin America,1,Male,27,Age-standardized,559,Schizophrenia,3,Rate,1999,169.58456010623001,219.51606410741124,124.02800784796209
2,DALYs (Disability-Adjusted Life Years),134,Tropical Latin America,2,Female,27,Age-standardized,559,Schizophrenia,3,Rate,1999,136.03656156770143,174.8992776947534,100.2820760646307
2,DALYs (Disability-Adjusted Life Years),134,Tropical Latin America,3,Both,27,Age-standardized,559,Schizophrenia,3,Rate,1999,152.3519448499582,196.68188484589288,111.79783858237279
2,DALYs (Disability-Adjusted Life Years),73,Western Europe,1,Male,22,All ages,559,Schizophrenia,1,Number,1999,399593.9727828668,514287.01540434593,291917.99844366126
2,DALYs (Disability-Adjusted Life Years),73,Western Europe,2,Female,22,All ages,559,Schizophrenia,1,Number,1999,385906.135422378,491828.02244967007,277412.6172554813
2,DALYs (Disability-Adjusted Life Years),73,Western Europe,3,Both,22,All ages,559,Schizophrenia,1,Number,1999,785500.1082052446,1007477.5521039717,569731.543288243
2,DALYs (Disability-Adjusted Life Years),73,Western Europe,1,Male,22,All ages,559,Schizophrenia,2,Percent,1999,0.006268715835026631,0.007803314722208609,0.004604024819829053
2,DALYs (Disability-Adjusted Life Years),73,Western Europe,2,Female,22,All ages,559,Schizophrenia,2,Percent,1999,0.006205488475005204,0.007837231855593716,0.004561335713425477
2,DALYs (Disability-Adjusted Life Years),73,Western Europe,3,Both,22,All ages,559,Schizophrenia,2,Percent,1999,0.00623657898122572,0.007799408448533848,0.004586815350990104
2,DALYs (Disability-Adjusted Life Years),73,Western Europe,1,Male,22,All ages,559,Schizophrenia,3,Rate,1999,206.40853425770703,265.65272818833,150.78897652678313
2,DALYs (Disability-Adjusted Life Years),73,Western Europe,2,Female,22,All ages,559,Schizophrenia,3,Rate,1999,190.0623135322827,242.2298150416273,136.62826008431733
2,DALYs (Disability-Adjusted Life Years),73,Western Europe,3,Both,22,All ages,559,Schizophrenia,3,Rate,1999,198.04073392378692,254.00581329808992,143.6410406487861
2,DALYs (Disability-Adjusted Life Years),73,Western Europe,1,Male,27,Age-standardized,559,Schizophrenia,3,Rate,1999,174.20770019879834,225.4717524163465,127.71870887395492
2,DALYs (Disability-Adjusted Life Years),73,Western Europe,2,Female,27,Age-standardized,559,Schizophrenia,3,Rate,1999,159.4108425202912,205.70996854876967,114.45139631882837
2,DALYs (Disability-Adjusted Life Years),73,Western Europe,3,Both,27,Age-standardized,559,Schizophrenia,3,Rate,1999,167.0724353725497,216.2141571042098,121.04928250537728
2,DALYs (Disability-Adjusted Life Years),104,Caribbean,1,Male,22,All ages,559,Schizophrenia,1,Number,1999,30259.217044311044,41043.48421708522,21248.96724091523
2,DALYs (Disability-Adjusted Life Years),104,Caribbean,2,Female,22,All ages,559,Schizophrenia,1,Number,1999,24376.183000480152,33121.97202282794,17084.625095536336
2,DALYs (Disability-Adjusted Life Years),104,Caribbean,3,Both,22,All ages,559,Schizophrenia,1,Number,1999,54635.400044791175,74017.38449565382,38353.75050301579
2,DALYs (Disability-Adjusted Life Years),104,Caribbean,1,Male,22,All ages,559,Schizophrenia,2,Percent,1999,0.003766267306241021,0.005088909190564681,0.002679444227124248
2,DALYs (Disability-Adjusted Life Years),104,Caribbean,2,Female,22,All ages,559,Schizophrenia,2,Percent,1999,0.0032795815619046406,0.004495773841172007,0.002296692275912232
2,DALYs (Disability-Adjusted Life Years),104,Caribbean,3,Both,22,All ages,559,Schizophrenia,2,Percent,1999,0.003532069399970596,0.004790580533743727,0.002501702131939276
2,DALYs (Disability-Adjusted Life Years),104,Caribbean,1,Male,22,All ages,559,Schizophrenia,3,Rate,1999,154.48484436710285,209.542641578432,108.48408246543232
2,DALYs (Disability-Adjusted Life Years),104,Caribbean,2,Female,22,All ages,559,Schizophrenia,3,Rate,1999,121.31967736024309,164.84725928031202,85.02976878580024
2,DALYs (Disability-Adjusted Life Years),104,Caribbean,3,Both,22,All ages,559,Schizophrenia,3,Rate,1999,137.69107078901536,186.53717040332123,96.65837481203648
2,DALYs (Disability-Adjusted Life Years),104,Caribbean,1,Male,27,Age-standardized,559,Schizophrenia,3,Rate,1999,160.18333405500678,215.76211397919798,112.3604593579108
2,DALYs (Disability-Adjusted Life Years),104,Caribbean,2,Female,27,Age-standardized,559,Schizophrenia,3,Rate,1999,123.48071286861745,166.79962291800186,86.96154041999199
2,DALYs (Disability-Adjusted Life Years),104,Caribbean,3,Both,27,Age-standardized,559,Schizophrenia,3,Rate,1999,141.41442723380473,189.79202742540977,99.89019168878163
2,DALYs (Disability-Adjusted Life Years),167,Central Sub-Saharan Africa,1,Male,22,All ages,559,Schizophrenia,1,Number,1999,33068.844165337636,45497.14899137181,23072.301813129474
2,DALYs (Disability-Adjusted Life Years),167,Central Sub-Saharan Africa,2,Female,22,All ages,559,Schizophrenia,1,Number,1999,35538.850189599805,48678.067306970894,24781.522914116904
2,DALYs (Disability-Adjusted Life Years),167,Central Sub-Saharan Africa,3,Both,22,All ages,559,Schizophrenia,1,Number,1999,68607.69435493747,93963.80443063357,47867.61729032237
2,DALYs (Disability-Adjusted Life Years),167,Central Sub-Saharan Africa,1,Male,22,All ages,559,Schizophrenia,2,Percent,1999,0.000876857408241567,0.0012199257988455077,0.0006089054456775178
2,DALYs (Disability-Adjusted Life Years),167,Central Sub-Saharan Africa,2,Female,22,All ages,559,Schizophrenia,2,Percent,1999,0.0010509581029127006,0.0014572930078937353,0.0007337579869483594
2,DALYs (Disability-Adjusted Life Years),167,Central Sub-Saharan Africa,3,Both,22,All ages,559,Schizophrenia,2,Percent,1999,0.000959118835509241,0.0013304236070382214,0.0006741238577201742
2,DALYs (Disability-Adjusted Life Years),167,Central Sub-Saharan Africa,1,Male,22,All ages,559,Schizophrenia,3,Rate,1999,93.23303143173453,128.27291757639102,65.04916317579439
2,DALYs (Disability-Adjusted Life Years),167,Central Sub-Saharan Africa,2,Female,22,All ages,559,Schizophrenia,3,Rate,1999,98.91860307315292,135.49021402261351,68.97672872396826
2,DALYs (Disability-Adjusted Life Years),167,Central Sub-Saharan Africa,3,Both,22,All ages,559,Schizophrenia,3,Rate,1999,96.09406718499714,131.608622339098,67.04487120766996
2,DALYs (Disability-Adjusted Life Years),167,Central Sub-Saharan Africa,1,Male,27,Age-standardized,559,Schizophrenia,3,Rate,1999,129.12916183548185,172.89158521495492,91.41464153719636
2,DALYs (Disability-Adjusted Life Years),167,Central Sub-Saharan Africa,2,Female,27,Age-standardized,559,Schizophrenia,3,Rate,1999,134.47215359097274,182.28128041551682,94.4089048891101
2,DALYs (Disability-Adjusted Life Years),167,Central Sub-Saharan Africa,3,Both,27,Age-standardized,559,Schizophrenia,3,Rate,1999,131.8902910947166,178.85903390902857,92.61490144627531
2,DALYs (Disability-Adjusted Life Years),192,Southern Sub-Saharan Africa,1,Male,22,All ages,559,Schizophrenia,1,Number,1999,35498.45860796528,46568.52630946788,26000.5443095304
2,DALYs (Disability-Adjusted Life Years),192,Southern Sub-Saharan Africa,2,Female,22,All ages,559,Schizophrenia,1,Number,1999,41062.033716703314,53801.40347640504,30176.80298867648
2,DALYs (Disability-Adjusted Life Years),192,Southern Sub-Saharan Africa,3,Both,22,All ages,559,Schizophrenia,1,Number,1999,76560.49232466865,100503.95227167846,56297.753825350446
2,DALYs (Disability-Adjusted Life Years),192,Southern Sub-Saharan Africa,1,Male,22,All ages,559,Schizophrenia,2,Percent,1999,0.0016154678039188909,0.0020975170881382464,0.001172599033337214
2,DALYs (Disability-Adjusted Life Years),192,Southern Sub-Saharan Africa,2,Female,22,All ages,559,Schizophrenia,2,Percent,1999,0.001956890147697598,0.0025668037523893603,0.001417349844716912
2,DALYs (Disability-Adjusted Life Years),192,Southern Sub-Saharan Africa,3,Both,22,All ages,559,Schizophrenia,2,Percent,1999,0.0017820242954818659,0.002333894695202841,0.0012946928835459214
2,DALYs (Disability-Adjusted Life Years),192,Southern Sub-Saharan Africa,1,Male,22,All ages,559,Schizophrenia,3,Rate,1999,117.63460722585455,154.3185399118129,86.1604682977346
2,DALYs (Disability-Adjusted Life Years),192,Southern Sub-Saharan Africa,2,Female,22,All ages,559,Schizophrenia,3,Rate,1999,126.2083063848745,165.36404554955718,92.75145073395676
2,DALYs (Disability-Adjusted Life Years),192,Southern Sub-Saharan Africa,3,Both,22,All ages,559,Schizophrenia,3,Rate,1999,122.08266097203044,160.26268325835989,89.7718834487242
2,DALYs (Disability-Adjusted Life Years),192,Southern Sub-Saharan Africa,1,Male,27,Age-standardized,559,Schizophrenia,3,Rate,1999,138.08243659362313,180.495499521498,101.86748433383961
2,DALYs (Disability-Adjusted Life Years),192,Southern Sub-Saharan Africa,2,Female,27,Age-standardized,559,Schizophrenia,3,Rate,1999,142.57681304751569,186.17965502799686,105.28758967309267
2,DALYs (Disability-Adjusted Life Years),192,Southern Sub-Saharan Africa,3,Both,27,Age-standardized,559,Schizophrenia,3,Rate,1999,140.50292749103315,183.74446597562397,103.72597109559824
2,DALYs (Disability-Adjusted Life Years),44635,High SDI,1,Male,22,All ages,559,Schizophrenia,1,Number,1999,1057570.813170927,1351805.1831331481,783897.0870103757
2,DALYs (Disability-Adjusted Life Years),44635,High SDI,2,Female,22,All ages,559,Schizophrenia,1,Number,1999,1004537.766920905,1278428.7533311273,743478.5639652095
2,DALYs (Disability-Adjusted Life Years),44635,High SDI,3,Both,22,All ages,559,Schizophrenia,1,Number,1999,2062108.580091832,2627817.302080474,1528300.2048725162
2,DALYs (Disability-Adjusted Life Years),44635,High SDI,1,Male,22,All ages,559,Schizophrenia,2,Percent,1999,0.007219446491193231,0.009052443181651985,0.005373059089528355
2,DALYs (Disability-Adjusted Life Years),44635,High SDI,2,Female,22,All ages,559,Schizophrenia,2,Percent,1999,0.007386880756199696,0.009324566303164666,0.005562171804425569
2,DALYs (Disability-Adjusted Life Years),44635,High SDI,3,Both,22,All ages,559,Schizophrenia,2,Percent,1999,0.007299081552926167,0.009142743710505899,0.005435022631533339
2,DALYs (Disability-Adjusted Life Years),44635,High SDI,1,Male,22,All ages,559,Schizophrenia,3,Rate,1999,228.3424433981504,291.871234219678,169.25294646128972
2,DALYs (Disability-Adjusted Life Years),44635,High SDI,2,Female,22,All ages,559,Schizophrenia,3,Rate,1999,211.88791803673084,269.6599528875205,156.8225010657372
2,DALYs (Disability-Adjusted Life Years),44635,High SDI,3,Both,22,All ages,559,Schizophrenia,3,Rate,1999,220.01916506302274,280.3781402801608,163.06383586587046
2,DALYs (Disability-Adjusted Life Years),44635,High SDI,1,Male,27,Age-standardized,559,Schizophrenia,3,Rate,1999,197.70383726221536,253.94021975793962,147.19446189756135
2,DALYs (Disability-Adjusted Life Years),44635,High SDI,2,Female,27,Age-standardized,559,Schizophrenia,3,Rate,1999,184.47612502069663,236.26691502062494,136.35636063445114
2,DALYs (Disability-Adjusted Life Years),44635,High SDI,3,Both,27,Age-standardized,559,Schizophrenia,3,Rate,1999,191.36784111451263,245.41889991891722,142.30868242738165
2,DALYs (Disability-Adjusted Life Years),44639,Middle SDI,1,Male,22,All ages,559,Schizophrenia,1,Number,1999,1848879.8270755,2367849.1576522277,1369040.3774087168
2,DALYs (Disability-Adjusted Life Years),44639,Middle SDI,2,Female,22,All ages,559,Schizophrenia,1,Number,1999,1563086.3210360014,2014189.2237755659,1162550.543538189
2,DALYs (Disability-Adjusted Life Years),44639,Middle SDI,3,Both,22,All ages,559,Schizophrenia,1,Number,1999,3411966.148111502,4387836.417375574,2527773.707538683
2,DALYs (Disability-Adjusted Life Years),44639,Middle SDI,1,Male,22,All ages,559,Schizophrenia,2,Percent,1999,0.00518100784388304,0.0065787710080032445,0.00380987241602987
2,DALYs (Disability-Adjusted Life Years),44639,Middle SDI,2,Female,22,All ages,559,Schizophrenia,2,Percent,1999,0.005331582920764439,0.006778878432668075,0.003950165361877231
2,DALYs (Disability-Adjusted Life Years),44639,Middle SDI,3,Both,22,All ages,559,Schizophrenia,2,Percent,1999,0.005248146530166948,0.006664483384473169,0.0038920330352009095
2,DALYs (Disability-Adjusted Life Years),44639,Middle SDI,1,Male,22,All ages,559,Schizophrenia,3,Rate,1999,187.8007344831112,240.5152592614367,139.06084357092914
2,DALYs (Disability-Adjusted Life Years),44639,Middle SDI,2,Female,22,All ages,559,Schizophrenia,3,Rate,1999,164.51885821277588,211.99859973210104,122.36143677002964
2,DALYs (Disability-Adjusted Life Years),44639,Middle SDI,3,Both,22,All ages,559,Schizophrenia,3,Rate,1999,176.3667585932332,226.81013016445243,130.66227386299028
2,DALYs (Disability-Adjusted Life Years),44639,Middle SDI,1,Male,27,Age-standardized,559,Schizophrenia,3,Rate,1999,190.12123437134454,242.93164594706585,141.50335387286154
2,DALYs (Disability-Adjusted Life Years),44639,Middle SDI,2,Female,27,Age-standardized,559,Schizophrenia,3,Rate,1999,164.56160460788055,210.19627603509275,122.48816416477796
2,DALYs (Disability-Adjusted Life Years),44639,Middle SDI,3,Both,27,Age-standardized,559,Schizophrenia,3,Rate,1999,177.50611776110892,226.72013292181103,132.05618147664688
2,DALYs (Disability-Adjusted Life Years),42,Central Europe,1,Male,22,All ages,559,Schizophrenia,1,Number,1999,97146.02439148954,130110.989834506,69595.4770010477
2,DALYs (Disability-Adjusted Life Years),42,Central Europe,2,Female,22,All ages,559,Schizophrenia,1,Number,1999,98728.42168504382,131176.11124433097,70652.85806446106
2,DALYs (Disability-Adjusted Life Years),42,Central Europe,3,Both,22,All ages,559,Schizophrenia,1,Number,1999,195874.44607653323,261315.37873324117,140091.26094583323
2,DALYs (Disability-Adjusted Life Years),42,Central Europe,1,Male,22,All ages,559,Schizophrenia,2,Percent,1999,0.0037179542056831934,0.004872707401757393,0.002661560783538652
2,DALYs (Disability-Adjusted Life Years),42,Central Europe,2,Female,22,All ages,559,Schizophrenia,2,Percent,1999,0.004612538655574108,0.005985599693042977,0.0033554418602754245
2,DALYs (Disability-Adjusted Life Years),42,Central Europe,3,Both,22,All ages,559,Schizophrenia,2,Percent,1999,0.004120338175374369,0.005392500375884807,0.0029822333992289155
2,DALYs (Disability-Adjusted Life Years),42,Central Europe,1,Male,22,All ages,559,Schizophrenia,3,Rate,1999,162.43872019473983,217.55972829948894,116.37120804691443
2,DALYs (Disability-Adjusted Life Years),42,Central Europe,2,Female,22,All ages,559,Schizophrenia,3,Rate,1999,156.5630171740748,208.01839436967,112.04093453283052
2,DALYs (Disability-Adjusted Life Years),42,Central Europe,3,Both,22,All ages,559,Schizophrenia,3,Rate,1999,159.4230340698866,212.68568392273733,114.02086547795288
2,DALYs (Disability-Adjusted Life Years),42,Central Europe,1,Male,27,Age-standardized,559,Schizophrenia,3,Rate,1999,143.0579282725175,192.823077687329,102.84030703763005
2,DALYs (Disability-Adjusted Life Years),42,Central Europe,2,Female,27,Age-standardized,559,Schizophrenia,3,Rate,1999,138.8160026059547,185.5665688923702,99.56640021243096
2,DALYs (Disability-Adjusted Life Years),42,Central Europe,3,Both,27,Age-standardized,559,Schizophrenia,3,Rate,1999,140.93750023681952,188.60725014186377,100.8536651471711
2,DALYs (Disability-Adjusted Life Years),100,High-income North America,1,Male,22,All ages,559,Schizophrenia,1,Number,1999,394866.4560236675,496018.2183459777,294039.8981483091
2,DALYs (Disability-Adjusted Life Years),100,High-income North America,2,Female,22,All ages,559,Schizophrenia,1,Number,1999,383475.151243669,478651.82707244274,285177.61736130354
2,DALYs (Disability-Adjusted Life Years),100,High-income North America,3,Both,22,All ages,559,Schizophrenia,1,Number,1999,778341.6072673367,970620.1827293064,580961.2704656383
2,DALYs (Disability-Adjusted Life Years),100,High-income North America,1,Male,22,All ages,559,Schizophrenia,2,Percent,1999,0.008062033607840476,0.009949890661906276,0.006077846631743891
2,DALYs (Disability-Adjusted Life Years),100,High-income North America,2,Female,22,All ages,559,Schizophrenia,2,Percent,1999,0.008038477584357145,0.0099649694225254,0.006084350385051135
2,DALYs (Disability-Adjusted Life Years),100,High-income North America,3,Both,22,All ages,559,Schizophrenia,2,Percent,1999,0.008049545313591115,0.009983637033124083,0.00605958425722615
2,DALYs (Disability-Adjusted Life Years),100,High-income North America,1,Male,22,All ages,559,Schizophrenia,3,Rate,1999,260.6923765993376,327.4731651792465,194.126289265542
2,DALYs (Disability-Adjusted Life Years),100,High-income North America,2,Female,22,All ages,559,Schizophrenia,3,Rate,1999,244.2923536574062,304.92453302050905,181.67203567079684
2,DALYs (Disability-Adjusted Life Years),100,High-income North America,3,Both,22,All ages,559,Schizophrenia,3,Rate,1999,252.34599980243928,314.6846039738008,188.3533544568603
2,DALYs (Disability-Adjusted Life Years),100,High-income North America,1,Male,27,Age-standardized,559,Schizophrenia,3,Rate,1999,233.00736640523814,294.7435590399733,173.52592705312466
2,DALYs (Disability-Adjusted Life Years),100,High-income North America,2,Female,27,Age-standardized,559,Schizophrenia,3,Rate,1999,218.21968208627982,273.31288753135766,161.90573667665254
2,DALYs (Disability-Adjusted Life Years),100,High-income North America,3,Both,27,Age-standardized,559,Schizophrenia,3,Rate,1999,225.73969003587484,284.0701538172213,167.74915526567682
2,DALYs (Disability-Adjusted Life Years),124,Central Latin America,1,Male,22,All ages,559,Schizophrenia,1,Number,1999,143795.04863201056,192321.72853215388,104433.9103820849
2,DALYs (Disability-Adjusted Life Years),124,Central Latin America,2,Female,22,All ages,559,Schizophrenia,1,Number,1999,124264.95720075742,164396.3612189453,90571.08044533717
2,DALYs (Disability-Adjusted Life Years),124,Central Latin America,3,Both,22,All ages,559,Schizophrenia,1,Number,1999,268060.0058327679,356677.818775887,195368.10931224527
2,DALYs (Disability-Adjusted Life Years),124,Central Latin America,1,Male,22,All ages,559,Schizophrenia,2,Percent,1999,0.004506677292086066,0.005936844441367359,0.0032928564952438948
2,DALYs (Disability-Adjusted Life Years),124,Central Latin America,2,Female,22,All ages,559,Schizophrenia,2,Percent,1999,0.004736474197802654,0.006210201803888481,0.003452941441274635
2,DALYs (Disability-Adjusted Life Years),124,Central Latin America,3,Both,22,All ages,559,Schizophrenia,2,Percent,1999,0.004609734140253805,0.006073365390221195,0.0033567040836234036
2,DALYs (Disability-Adjusted Life Years),124,Central Latin America,1,Male,22,All ages,559,Schizophrenia,3,Rate,1999,149.4071523073025,199.8277552681366,108.50980825100457
2,DALYs (Disability-Adjusted Life Years),124,Central Latin America,2,Female,22,All ages,559,Schizophrenia,3,Rate,1999,124.70421595158894,164.97747871093145,90.89123618798634
2,DALYs (Disability-Adjusted Life Years),124,Central Latin America,3,Both,22,All ages,559,Schizophrenia,3,Rate,1999,136.84105260066357,182.07926247323365,99.73281034533613
2,DALYs (Disability-Adjusted Life Years),124,Central Latin America,1,Male,27,Age-standardized,559,Schizophrenia,3,Rate,1999,172.48486342281683,227.81611799098496,123.77694576461381
2,DALYs (Disability-Adjusted Life Years),124,Central Latin America,2,Female,27,Age-standardized,559,Schizophrenia,3,Rate,1999,138.95337551278806,182.32408252831172,99.83346284677297
2,DALYs (Disability-Adjusted Life Years),124,Central Latin America,3,Both,27,Age-standardized,559,Schizophrenia,3,Rate,1999,155.09448893748979,204.1590904767892,111.48513047724961
2,DALYs (Disability-Adjusted Life Years),44637,Low SDI,1,Male,22,All ages,559,Schizophrenia,1,Number,1999,364644.73282652313,479846.76216071594,265241.2897289017
2,DALYs (Disability-Adjusted Life Years),44637,Low SDI,2,Female,22,All ages,559,Schizophrenia,1,Number,1999,339898.134461556,450310.85834524105,244987.99396159523
2,DALYs (Disability-Adjusted Life Years),44637,Low SDI,3,Both,22,All ages,559,Schizophrenia,1,Number,1999,704542.8672880785,928970.7280935277,509670.1290170117
2,DALYs (Disability-Adjusted Life Years),44637,Low SDI,1,Male,22,All ages,559,Schizophrenia,2,Percent,1999,0.001212664802826819,0.0016164217427375254,0.0008725729931399382
2,DALYs (Disability-Adjusted Life Years),44637,Low SDI,2,Female,22,All ages,559,Schizophrenia,2,Percent,1999,0.001239513357011011,0.0016465602426614405,0.000892578698241341
2,DALYs (Disability-Adjusted Life Years),44637,Low SDI,3,Both,22,All ages,559,Schizophrenia,2,Percent,1999,0.0012253715352839002,0.001629288060998223,0.0008855816321357534
2,DALYs (Disability-Adjusted Life Years),44637,Low SDI,1,Male,22,All ages,559,Schizophrenia,3,Rate,1999,114.22792494491665,150.3158965393088,83.088988837417
2,DALYs (Disability-Adjusted Life Years),44637,Low SDI,2,Female,22,All ages,559,Schizophrenia,3,Rate,1999,108.2329688033083,143.39143449633733,78.01095451622574
2,DALYs (Disability-Adjusted Life Years),44637,Low SDI,3,Both,22,All ages,559,Schizophrenia,3,Rate,1999,111.25497739490041,146.69457623266217,80.48245368078966
2,DALYs (Disability-Adjusted Life Years),44637,Low SDI,1,Male,27,Age-standardized,559,Schizophrenia,3,Rate,1999,158.50602825314593,206.7835471164018,114.02481471708289
2,DALYs (Disability-Adjusted Life Years),44637,Low SDI,2,Female,27,Age-standardized,559,Schizophrenia,3,Rate,1999,146.54377975638673,192.19103524408325,105.5920508797732
2,DALYs (Disability-Adjusted Life Years),44637,Low SDI,3,Both,27,Age-standardized,559,Schizophrenia,3,Rate,1999,152.52736624668714,199.21600541604477,109.54077793653823
2,DALYs (Disability-Adjusted Life Years),138,North Africa and Middle East,1,Male,22,All ages,559,Schizophrenia,1,Number,1999,302305.1767964421,407694.59202247753,217961.01709264587
2,DALYs (Disability-Adjusted Life Years),138,North Africa and Middle East,2,Female,22,All ages,559,Schizophrenia,1,Number,1999,253126.32284825467,341116.98071579466,183627.37440146942
2,DALYs (Disability-Adjusted Life Years),138,North Africa and Middle East,3,Both,22,All ages,559,Schizophrenia,1,Number,1999,555431.499644697,746068.5048590791,400854.6836018352
2,DALYs (Disability-Adjusted Life Years),138,North Africa and Middle East,1,Male,22,All ages,559,Schizophrenia,2,Percent,1999,0.003655456095263208,0.004882185096130436,0.0026279513893796473
2,DALYs (Disability-Adjusted Life Years),138,North Africa and Middle East,2,Female,22,All ages,559,Schizophrenia,2,Percent,1999,0.003538769439811356,0.004699601508771155,0.002569867368955929
2,DALYs (Disability-Adjusted Life Years),138,North Africa and Middle East,3,Both,22,All ages,559,Schizophrenia,2,Percent,1999,0.003601049820015432,0.004811494232213384,0.002595279883379001
2,DALYs (Disability-Adjusted Life Years),138,North Africa and Middle East,1,Male,22,All ages,559,Schizophrenia,3,Rate,1999,143.03157316664343,192.89513823897605,103.12528384108597
2,DALYs (Disability-Adjusted Life Years),138,North Africa and Middle East,2,Female,22,All ages,559,Schizophrenia,3,Rate,1999,125.96424782675675,169.7513850527443,91.37921270538781
2,DALYs (Disability-Adjusted Life Years),138,North Africa and Middle East,3,Both,22,All ages,559,Schizophrenia,3,Rate,1999,134.7132590397802,180.9499818083685,97.22250334002783
2,DALYs (Disability-Adjusted Life Years),138,North Africa and Middle East,1,Male,27,Age-standardized,559,Schizophrenia,3,Rate,1999,164.5592130289672,220.22278313158276,117.93738250194126
2,DALYs (Disability-Adjusted Life Years),138,North Africa and Middle East,2,Female,27,Age-standardized,559,Schizophrenia,3,Rate,1999,146.14729600414336,194.29279610569185,106.9195418496724
2,DALYs (Disability-Adjusted Life Years),138,North Africa and Middle East,3,Both,27,Age-standardized,559,Schizophrenia,3,Rate,1999,155.61979663073402,209.05980452944974,112.60887154602035
2,DALYs (Disability-Adjusted Life Years),159,South Asia,1,Male,22,All ages,559,Schizophrenia,1,Number,1999,1211908.397527148,1570732.868740391,893050.4967584343
2,DALYs (Disability-Adjusted Life Years),159,South Asia,2,Female,22,All ages,559,Schizophrenia,1,Number,1999,842784.4350650086,1090286.130830498,621254.1284933513
2,DALYs (Disability-Adjusted Life Years),159,South Asia,3,Both,22,All ages,559,Schizophrenia,1,Number,1999,2054692.8325921553,2668010.2283477033,1514312.4770169624
2,DALYs (Disability-Adjusted Life Years),159,South Asia,1,Male,22,All ages,559,Schizophrenia,2,Percent,1999,0.003498359171303812,0.004529746589586946,0.002551630897737819
2,DALYs (Disability-Adjusted Life Years),159,South Asia,2,Female,22,All ages,559,Schizophrenia,2,Percent,1999,0.0026321020961566936,0.003380685391972541,0.0019135386253595155
2,DALYs (Disability-Adjusted Life Years),159,South Asia,3,Both,22,All ages,559,Schizophrenia,2,Percent,1999,0.0030820781644748316,0.003964122910230805,0.002239326799319443
2,DALYs (Disability-Adjusted Life Years),159,South Asia,1,Male,22,All ages,559,Schizophrenia,3,Rate,1999,179.7008764081783,232.90710229562302,132.42086388022943
2,DALYs (Disability-Adjusted Life Years),159,South Asia,2,Female,22,All ages,559,Schizophrenia,3,Rate,1999,134.68990100443432,174.244474527748,99.28595449073651
2,DALYs (Disability-Adjusted Life Years),159,South Asia,3,Both,22,All ages,559,Schizophrenia,3,Rate,1999,158.03807045471845,205.21178725755456,116.47435477318822
2,DALYs (Disability-Adjusted Life Years),159,South Asia,1,Male,27,Age-standardized,559,Schizophrenia,3,Rate,1999,207.4319760923722,267.99130912257385,152.71579478034644
2,DALYs (Disability-Adjusted Life Years),159,South Asia,2,Female,27,Age-standardized,559,Schizophrenia,3,Rate,1999,154.75380791865754,199.15135828817952,114.13353387324278
2,DALYs (Disability-Adjusted Life Years),159,South Asia,3,Both,27,Age-standardized,559,Schizophrenia,3,Rate,1999,181.9839937200017,234.19157289247002,133.918901077261
2,DALYs (Disability-Adjusted Life Years),199,Western Sub-Saharan Africa,1,Male,22,All ages,559,Schizophrenia,1,Number,1999,121932.15151718774,160857.6640089061,88096.7788263794
2,DALYs (Disability-Adjusted Life Years),199,Western Sub-Saharan Africa,2,Female,22,All ages,559,Schizophrenia,1,Number,1999,151873.9874635499,199491.99823932553,109617.18000968677
2,DALYs (Disability-Adjusted Life Years),199,Western Sub-Saharan Africa,3,Both,22,All ages,559,Schizophrenia,1,Number,1999,273806.13898073783,360365.9102294467,196666.69941251312
2,DALYs (Disability-Adjusted Life Years),199,Western Sub-Saharan Africa,1,Male,22,All ages,559,Schizophrenia,2,Percent,1999,0.0009268593111192178,0.0012164668801265743,0.0006695220283983611
2,DALYs (Disability-Adjusted Life Years),199,Western Sub-Saharan Africa,2,Female,22,All ages,559,Schizophrenia,2,Percent,1999,0.001274847620704982,0.001685045381700029,0.0009148534957205317
2,DALYs (Disability-Adjusted Life Years),199,Western Sub-Saharan Africa,3,Both,22,All ages,559,Schizophrenia,2,Percent,1999,0.0010921178550307145,0.0014473920686144445,0.0007861130242558234
2,DALYs (Disability-Adjusted Life Years),199,Western Sub-Saharan Africa,1,Male,22,All ages,559,Schizophrenia,3,Rate,1999,96.89987713043661,127.83410842836523,70.01079647692491
2,DALYs (Disability-Adjusted Life Years),199,Western Sub-Saharan Africa,2,Female,22,All ages,559,Schizophrenia,3,Rate,1999,120.70362260726203,158.54859196626583,87.11953210774203
2,DALYs (Disability-Adjusted Life Years),199,Western Sub-Saharan Africa,3,Both,22,All ages,559,Schizophrenia,3,Rate,1999,108.80131248788673,143.1972422342732,78.14870440230509
2,DALYs (Disability-Adjusted Life Years),199,Western Sub-Saharan Africa,1,Male,27,Age-standardized,559,Schizophrenia,3,Rate,1999,131.638987623238,173.27215227950396,95.26354352521751
2,DALYs (Disability-Adjusted Life Years),199,Western Sub-Saharan Africa,2,Female,27,Age-standardized,559,Schizophrenia,3,Rate,1999,163.1415485615144,214.63775682786513,118.19581837247392
2,DALYs (Disability-Adjusted Life Years),199,Western Sub-Saharan Africa,3,Both,27,Age-standardized,559,Schizophrenia,3,Rate,1999,147.25328424859148,193.80520663088092,106.31493866661104
2,DALYs (Disability-Adjusted Life Years),174,Eastern Sub-Saharan Africa,1,Male,22,All ages,559,Schizophrenia,1,Number,1999,109029.92189624376,147992.40648179536,77762.94344478846
2,DALYs (Disability-Adjusted Life Years),174,Eastern Sub-Saharan Africa,2,Female,22,All ages,559,Schizophrenia,1,Number,1999,119420.57136147053,160700.37251156228,85783.88977911793
2,DALYs (Disability-Adjusted Life Years),174,Eastern Sub-Saharan Africa,3,Both,22,All ages,559,Schizophrenia,1,Number,1999,228450.4932577146,308564.7018781563,163384.72313693928
2,DALYs (Disability-Adjusted Life Years),174,Eastern Sub-Saharan Africa,1,Male,22,All ages,559,Schizophrenia,2,Percent,1999,0.0008824710033613468,0.0012084906052592242,0.0006242825022074996
2,DALYs (Disability-Adjusted Life Years),174,Eastern Sub-Saharan Africa,2,Female,22,All ages,559,Schizophrenia,2,Percent,1999,0.0010734583123347989,0.0014581654529873351,0.0007788749352373322
2,DALYs (Disability-Adjusted Life Years),174,Eastern Sub-Saharan Africa,3,Both,22,All ages,559,Schizophrenia,2,Percent,1999,0.0009727214740807377,0.0013222477961588588,0.0006963457585044213
2,DALYs (Disability-Adjusted Life Years),174,Eastern Sub-Saharan Africa,1,Male,22,All ages,559,Schizophrenia,3,Rate,1999,90.31822804409457,122.59397865236497,64.41728231365812
2,DALYs (Disability-Adjusted Life Years),174,Eastern Sub-Saharan Africa,2,Female,22,All ages,559,Schizophrenia,3,Rate,1999,97.46212766557821,131.15161017125277,70.01038700439298
2,DALYs (Disability-Adjusted Life Years),174,Eastern Sub-Saharan Africa,3,Both,22,All ages,559,Schizophrenia,3,Rate,1999,93.9167965159026,126.8520277852468,67.16803092803494
2,DALYs (Disability-Adjusted Life Years),174,Eastern Sub-Saharan Africa,1,Male,27,Age-standardized,559,Schizophrenia,3,Rate,1999,132.167454934047,176.8590345326308,95.01215513709602
2,DALYs (Disability-Adjusted Life Years),174,Eastern Sub-Saharan Africa,2,Female,27,Age-standardized,559,Schizophrenia,3,Rate,1999,137.85515321035447,183.21724892531515,99.21515409686812
2,DALYs (Disability-Adjusted Life Years),174,Eastern Sub-Saharan Africa,3,Both,27,Age-standardized,559,Schizophrenia,3,Rate,1999,135.07162587887595,179.96129964901513,96.90126316423064
5,Prevalence,21,Oceania,1,Male,22,All ages,559,Schizophrenia,1,Number,1999,10280.899465111475,13226.596418936955,7729.709580938461
5,Prevalence,21,Oceania,2,Female,22,All ages,559,Schizophrenia,1,Number,1999,8272.058623974885,10647.987818560316,6175.425688780379
5,Prevalence,21,Oceania,3,Both,22,All ages,559,Schizophrenia,1,Number,1999,18552.958089086376,23825.697821568323,13908.973540164025
5,Prevalence,21,Oceania,1,Male,22,All ages,559,Schizophrenia,2,Percent,1999,0.0024978234256627,0.0032153533210306,0.001875386962288
5,Prevalence,21,Oceania,2,Female,22,All ages,559,Schizophrenia,2,Percent,1999,0.002128079337544,0.0027377461239355,0.0015875961672103
5,Prevalence,21,Oceania,3,Both,22,All ages,559,Schizophrenia,2,Percent,1999,0.0023182373410612,0.0029786026460689,0.001735977391994
5,Prevalence,21,Oceania,1,Male,22,All ages,559,Schizophrenia,3,Rate,1999,244.78361119202003,314.91933621119,184.04092279169
5,Prevalence,21,Oceania,2,Female,22,All ages,559,Schizophrenia,3,Rate,1999,210.12430509845,270.47693237898,156.86627604176
5,Prevalence,21,Oceania,3,Both,22,All ages,559,Schizophrenia,3,Rate,1999,228.01462823212998,292.81625092183003,170.94036517640998
5,Prevalence,21,Oceania,1,Male,27,Age-standardized,559,Schizophrenia,2,Percent,1999,0.0030359210599523,0.0038300995134591,0.0023636637220502
5,Prevalence,21,Oceania,2,Female,27,Age-standardized,559,Schizophrenia,2,Percent,1999,0.0025203926956227,0.003164868628323,0.0019254319948732
5,Prevalence,21,Oceania,3,Both,27,Age-standardized,559,Schizophrenia,2,Percent,1999,0.0027842211960383,0.0034915800334032,0.0021492389082421
5,Prevalence,21,Oceania,1,Male,27,Age-standardized,559,Schizophrenia,3,Rate,1999,299.10697809622,376.94338379276996,233.01090210289
5,Prevalence,21,Oceania,2,Female,27,Age-standardized,559,Schizophrenia,3,Rate,1999,249.76149644895,313.45282052951995,190.93191908606
5,Prevalence,21,Oceania,3,Both,27,Age-standardized,559,Schizophrenia,3,Rate,1999,275.08149278946,344.927562063,212.51486364942002
5,Prevalence,5,East Asia,1,Male,22,All ages,559,Schizophrenia,1,Number,1999,2284757.941485201,2620050.9795509847,1963241.18908284
5,Prevalence,5,East Asia,2,Female,22,All ages,559,Schizophrenia,1,Number,1999,2068356.9750994493,2370975.2053973908,1777789.6972383978
5,Prevalence,5,East Asia,3,Both,22,All ages,559,Schizophrenia,1,Number,1999,4353114.916584644,4974470.87734515,3740290.605620396
5,Prevalence,5,East Asia,1,Male,22,All ages,559,Schizophrenia,2,Percent,1999,0.0036005932421225,0.0041340869927342,0.0030928438816619
5,Prevalence,5,East Asia,2,Female,22,All ages,559,Schizophrenia,2,Percent,1999,0.0033766390543089,0.0038658600019387,0.0029050586646452
5,Prevalence,5,East Asia,3,Both,22,All ages,559,Schizophrenia,2,Percent,1999,0.003490589952439,0.0039942142476203,0.0029968515847185
5,Prevalence,5,East Asia,1,Male,22,All ages,559,Schizophrenia,3,Rate,1999,341.45258779517,391.56147392200995,293.40254050836
5,Prevalence,5,East Asia,2,Female,22,All ages,559,Schizophrenia,3,Rate,1999,328.14849624311,376.15941428266,282.04948314458
5,Prevalence,5,East Asia,3,Both,22,All ages,559,Schizophrenia,3,Rate,1999,334.99925574816,382.81645984181,287.83861514681
5,Prevalence,5,East Asia,1,Male,27,Age-standardized,559,Schizophrenia,2,Percent,1999,0.0032552136662014,0.0037193989870954,0.0028209270017343
5,Prevalence,5,East Asia,2,Female,27,Age-standardized,559,Schizophrenia,2,Percent,1999,0.0030315303544142,0.0034528378635476,0.0026259337895256
5,Prevalence,5,East Asia,3,Both,27,Age-standardized,559,Schizophrenia,2,Percent,1999,0.003145995536307,0.0035788131494381,0.002726405950335
5,Prevalence,5,East Asia,1,Male,27,Age-standardized,559,Schizophrenia,3,Rate,1999,307.08562583243,350.32868654491,266.01936480027
5,Prevalence,5,East Asia,2,Female,27,Age-standardized,559,Schizophrenia,3,Rate,1999,292.36092750156,333.37829702945004,252.96916918313
5,Prevalence,5,East Asia,3,Both,27,Age-standardized,559,Schizophrenia,3,Rate,1999,299.96817036494997,341.26870487878,259.93094339825
5,Prevalence,1,Global,1,Male,22,All ages,559,Schizophrenia,1,Number,1999,8515288.91897341,10070926.700599916,7058895.0308049545
5,Prevalence,1,Global,2,Female,22,All ages,559,Schizophrenia,1,Number,1999,7641152.929058547,9032442.22419547,6349663.459206292
5,Prevalence,1,Global,3,Both,22,All ages,559,Schizophrenia,1,Number,1999,16156441.848031964,19098145.2533369,13396325.35996465
5,Prevalence,1,Global,1,Male,22,All ages,559,Schizophrenia,2,Percent,1999,0.0029148266629909,0.0034502483770878,0.0024157757404032
5,Prevalence,1,Global,2,Female,22,All ages,559,Schizophrenia,2,Percent,1999,0.0026130451569254,0.0030906793873894,0.0021721446735368
5,Prevalence,1,Global,3,Both,22,All ages,559,Schizophrenia,2,Percent,1999,0.0027638615039752,0.0032715347665727,0.0022926302538643
5,Prevalence,1,Global,1,Male,22,All ages,559,Schizophrenia,3,Rate,1999,280.60723057061,331.87069489072,232.61418424328
5,Prevalence,1,Global,2,Female,22,All ages,559,Schizophrenia,3,Rate,1999,255.70315879326,302.26119406159,212.48481987825
5,Prevalence,1,Global,3,Both,22,All ages,559,Schizophrenia,3,Rate,1999,268.25092433133,317.09303108999,222.42376720413003
5,Prevalence,1,Global,1,Male,27,Age-standardized,559,Schizophrenia,2,Percent,1999,0.002988901047534,0.0035207063551323,0.0024919516621667
5,Prevalence,1,Global,2,Female,27,Age-standardized,559,Schizophrenia,2,Percent,1999,0.0026656471880216,0.0031419863654598,0.002216520211332
5,Prevalence,1,Global,3,Both,27,Age-standardized,559,Schizophrenia,2,Percent,1999,0.002828098557645,0.0033338366470541,0.0023543240151702
5,Prevalence,1,Global,1,Male,27,Age-standardized,559,Schizophrenia,3,Rate,1999,288.56415999628,339.39250206275,240.55751312623002
5,Prevalence,1,Global,2,Female,27,Age-standardized,559,Schizophrenia,3,Rate,1999,260.98415778298,307.4100892827,216.9064070745
5,Prevalence,1,Global,3,Both,27,Age-standardized,559,Schizophrenia,3,Rate,1999,274.92567924408,323.67232036611,228.76642098203
5,Prevalence,65,High-income Asia Pacific,1,Male,22,All ages,559,Schizophrenia,1,Number,1999,299298.9952840018,357623.7779620582,246707.89394000504
5,Prevalence,65,High-income Asia Pacific,2,Female,22,All ages,559,Schizophrenia,1,Number,1999,289992.5576442016,343436.88822369475,240369.54966883053
5,Prevalence,65,High-income Asia Pacific,3,Both,22,All ages,559,Schizophrenia,1,Number,1999,589291.5529282031,700519.9911036368,487990.7090463343
5,Prevalence,65,High-income Asia Pacific,1,Male,22,All ages,559,Schizophrenia,2,Percent,1999,0.0036086362163281,0.0043071570969144,0.0029708180062584
5,Prevalence,65,High-income Asia Pacific,2,Female,22,All ages,559,Schizophrenia,2,Percent,1999,0.0033107851929303,0.0039273711099985,0.0027427558188287
5,Prevalence,65,High-income Asia Pacific,3,Both,22,All ages,559,Schizophrenia,2,Percent,1999,0.0034556494644047,0.0041085959460563,0.0028629679749531
5,Prevalence,65,High-income Asia Pacific,1,Male,22,All ages,559,Schizophrenia,3,Rate,1999,337.50088331342,403.27011736724,278.19716550045996
5,Prevalence,65,High-income Asia Pacific,2,Female,22,All ages,559,Schizophrenia,3,Rate,1999,319.07667761881004,377.8810813504,264.47684703399
5,Prevalence,65,High-income Asia Pacific,3,Both,22,All ages,559,Schizophrenia,3,Rate,1999,328.17571271165,390.11868778171,271.76140221623
5,Prevalence,65,High-income Asia Pacific,1,Male,27,Age-standardized,559,Schizophrenia,2,Percent,1999,0.0031156887738451,0.003743321755626,0.0025549795667612
5,Prevalence,65,High-income Asia Pacific,2,Female,27,Age-standardized,559,Schizophrenia,2,Percent,1999,0.0028454078249229,0.00340821045727,0.0023482951438861
5,Prevalence,65,High-income Asia Pacific,3,Both,27,Age-standardized,559,Schizophrenia,2,Percent,1999,0.0029851467951195,0.0035750168594229,0.0024629988675263
5,Prevalence,65,High-income Asia Pacific,1,Male,27,Age-standardized,559,Schizophrenia,3,Rate,1999,283.3070235696,340.47921203479,231.94773352964
5,Prevalence,65,High-income Asia Pacific,2,Female,27,Age-standardized,559,Schizophrenia,3,Rate,1999,266.90589870741,319.09843435755,219.80755231869
5,Prevalence,65,High-income Asia Pacific,3,Both,27,Age-standardized,559,Schizophrenia,3,Rate,1999,275.61185852787,329.77729230312997,227.08827735576
5,Prevalence,32,Central Asia,1,Male,22,All ages,559,Schizophrenia,1,Number,1999,69799.02856406344,89359.43366641513,53867.79049010668
5,Prevalence,32,Central Asia,2,Female,22,All ages,559,Schizophrenia,1,Number,1999,73518.18471263471,93778.65071786742,56617.4738796511
5,Prevalence,32,Central Asia,3,Both,22,All ages,559,Schizophrenia,1,Number,1999,143317.21327669825,182960.5088376035,110296.73115738777
5,Prevalence,32,Central Asia,1,Male,22,All ages,559,Schizophrenia,2,Percent,1999,0.0020154679887694,0.0025788169111625,0.0015531632570834
5,Prevalence,32,Central Asia,2,Female,22,All ages,559,Schizophrenia,2,Percent,1999,0.0020066820889963,0.0025577908500101,0.0015452155128475
5,Prevalence,32,Central Asia,3,Both,22,All ages,559,Schizophrenia,2,Percent,1999,0.0020109495500609,0.0025635244823627,0.0015454950986008
5,Prevalence,32,Central Asia,1,Male,22,All ages,559,Schizophrenia,3,Rate,1999,192.51146689406002,246.4606744513,148.57180076761
5,Prevalence,32,Central Asia,2,Female,22,All ages,559,Schizophrenia,3,Rate,1999,195.01744131287,248.76120900233002,150.18590206989
5,Prevalence,32,Central Asia,3,Both,22,All ages,559,Schizophrenia,3,Rate,1999,193.78887136768,247.39324538806,149.13965013587
5,Prevalence,32,Central Asia,1,Male,27,Age-standardized,559,Schizophrenia,2,Percent,1999,0.0022145107004564,0.0028132114394215,0.0017283413315859
5,Prevalence,32,Central Asia,2,Female,27,Age-standardized,559,Schizophrenia,2,Percent,1999,0.0021483211965057,0.0027142039060812,0.0016652586450532
5,Prevalence,32,Central Asia,3,Both,27,Age-standardized,559,Schizophrenia,2,Percent,1999,0.0021808976572056,0.0027577084056774,0.0016962030996806
5,Prevalence,32,Central Asia,1,Male,27,Age-standardized,559,Schizophrenia,3,Rate,1999,213.08649877223,270.50547718704,166.22057423937
5,Prevalence,32,Central Asia,2,Female,27,Age-standardized,559,Schizophrenia,3,Rate,1999,209.31130506400999,264.45949558655997,162.3686761378
5,Prevalence,32,Central Asia,3,Both,27,Age-standardized,559,Schizophrenia,3,Rate,1999,211.16163550385002,267.00022055502,164.31207323241
5,Prevalence,42,Central Europe,1,Male,22,All ages,559,Schizophrenia,1,Number,1999,151305.79002524365,185771.2979181531,120928.67970735658
5,Prevalence,42,Central Europe,2,Female,22,All ages,559,Schizophrenia,1,Number,1999,156349.12244282654,190884.18686229756,126013.7467586043
5,Prevalence,42,Central Europe,3,Both,22,All ages,559,Schizophrenia,1,Number,1999,307654.91246807005,376476.325707373,246816.06227187417
5,Prevalence,42,Central Europe,1,Male,22,All ages,559,Schizophrenia,2,Percent,1999,0.0026197416593934,0.0032176471284904,0.0020963765467115
5,Prevalence,42,Central Europe,2,Female,22,All ages,559,Schizophrenia,2,Percent,1999,0.0025365220284207,0.0030975545928835,0.002043381147865
5,Prevalence,42,Central Europe,3,Both,22,All ages,559,Schizophrenia,2,Percent,1999,0.0025767773469039,0.003156582230783,0.0020676092842628
5,Prevalence,42,Central Europe,1,Male,22,All ages,559,Schizophrenia,3,Rate,1999,252.99973975988001,310.62981806782,202.20590692771003
5,Prevalence,42,Central Europe,2,Female,22,All ages,559,Schizophrenia,3,Rate,1999,247.93762448930002,302.70314987227005,199.83194364106
5,Prevalence,42,Central Europe,3,Both,22,All ages,559,Schizophrenia,3,Rate,1999,250.40162499298,306.41566218546,200.88462937727002
5,Prevalence,42,Central Europe,1,Male,27,Age-standardized,559,Schizophrenia,2,Percent,1999,0.0023272519080819,0.0028679011843501,0.0018447421040765
5,Prevalence,42,Central Europe,2,Female,27,Age-standardized,559,Schizophrenia,2,Percent,1999,0.0022629616792529,0.0027919095239398,0.0017997277965996
5,Prevalence,42,Central Europe,3,Both,27,Age-standardized,559,Schizophrenia,2,Percent,1999,0.0022950978833758,0.0028221225753938,0.0018247079850804
5,Prevalence,42,Central Europe,1,Male,27,Age-standardized,559,Schizophrenia,3,Rate,1999,222.17747667109003,273.51727421016,176.75738989871
5,Prevalence,42,Central Europe,2,Female,27,Age-standardized,559,Schizophrenia,3,Rate,1999,218.31177792581,269.28248790671,173.68204128924
5,Prevalence,42,Central Europe,3,Both,27,Age-standardized,559,Schizophrenia,3,Rate,1999,220.23892645805003,271.19286941579,175.5785992429
5,Prevalence,70,Australasia,1,Male,22,All ages,559,Schizophrenia,1,Number,1999,53780.852233801335,58194.34541763175,49629.26644214397
5,Prevalence,70,Australasia,2,Female,22,All ages,559,Schizophrenia,1,Number,1999,43246.38049626021,48370.809151564536,38491.74248333372
5,Prevalence,70,Australasia,3,Both,22,All ages,559,Schizophrenia,1,Number,1999,97027.23273006151,106845.80232942288,88660.52290071841
5,Prevalence,70,Australasia,1,Male,22,All ages,559,Schizophrenia,2,Percent,1999,0.0051988008636962,0.0056439328172525,0.0047860423917638
5,Prevalence,70,Australasia,2,Female,22,All ages,559,Schizophrenia,2,Percent,1999,0.0040154772148712,0.0044851872180379,0.0035694464658127
5,Prevalence,70,Australasia,3,Both,22,All ages,559,Schizophrenia,2,Percent,1999,0.0045952089940458,0.0050638371204897,0.0041927274550621
5,Prevalence,70,Australasia,1,Male,22,All ages,559,Schizophrenia,3,Rate,1999,483.19330844358007,522.8462757118799,445.89344444667
5,Prevalence,70,Australasia,2,Female,22,All ages,559,Schizophrenia,3,Rate,1999,379.77075883045,424.77124526806006,338.01761173669
5,Prevalence,70,Australasia,3,Both,22,All ages,559,Schizophrenia,3,Rate,1999,430.89138630057,474.49499064046995,393.73539312523
5,Prevalence,70,Australasia,1,Male,27,Age-standardized,559,Schizophrenia,2,Percent,1999,0.0048169664920394,0.0052268150669649,0.004449501054198
5,Prevalence,70,Australasia,2,Female,27,Age-standardized,559,Schizophrenia,2,Percent,1999,0.0036181661724811,0.0040557754646394,0.0032072119583237
5,Prevalence,70,Australasia,3,Both,27,Age-standardized,559,Schizophrenia,2,Percent,1999,0.0042115551382558,0.0046263389581087,0.0038421617347894
5,Prevalence,70,Australasia,1,Male,27,Age-standardized,559,Schizophrenia,3,Rate,1999,439.26645885775,475.95219371248,405.09043470586
5,Prevalence,70,Australasia,2,Female,27,Age-standardized,559,Schizophrenia,3,Rate,1999,334.48209476823,374.90199049106,296.84329140892004
5,Prevalence,70,Australasia,3,Both,27,Age-standardized,559,Schizophrenia,3,Rate,1999,386.68254287049996,425.21053516432,353.68450045523
5,Prevalence,9,Southeast Asia,1,Male,22,All ages,559,Schizophrenia,1,Number,1999,770323.6761456176,944161.3203518636,613344.8224037295
5,Prevalence,9,Southeast Asia,2,Female,22,All ages,559,Schizophrenia,1,Number,1999,660445.9085457922,814868.9990634352,526340.2138639939
5,Prevalence,9,Southeast Asia,3,Both,22,All ages,559,Schizophrenia,1,Number,1999,1430769.5846914086,1759685.6815024293,1141719.9106010085
5,Prevalence,9,Southeast Asia,1,Male,22,All ages,559,Schizophrenia,2,Percent,1999,0.0029725712822904,0.0036451643431592,0.0023643413923575
5,Prevalence,9,Southeast Asia,2,Female,22,All ages,559,Schizophrenia,2,Percent,1999,0.002490481802879,0.0030728399051633,0.0019858785832402
5,Prevalence,9,Southeast Asia,3,Both,22,All ages,559,Schizophrenia,2,Percent,1999,0.0027287470149524,0.003354896076745,0.0021723693277577
5,Prevalence,9,Southeast Asia,1,Male,22,All ages,559,Schizophrenia,3,Rate,1999,289.31463018209,354.6037746063,230.35723289166
5,Prevalence,9,Southeast Asia,2,Female,22,All ages,559,Schizophrenia,3,Rate,1999,245.26446419623,302.6113204115,195.46271521693998
5,Prevalence,9,Southeast Asia,3,Both,22,All ages,559,Schizophrenia,3,Rate,1999,267.16530338002,328.58327712738,213.19152262838003
5,Prevalence,9,Southeast Asia,1,Male,27,Age-standardized,559,Schizophrenia,2,Percent,1999,0.0031491970015841,0.0038227385846597,0.0025289851630101
5,Prevalence,9,Southeast Asia,2,Female,27,Age-standardized,559,Schizophrenia,2,Percent,1999,0.0025792286051353,0.0031392195618606,0.0020888428400022
5,Prevalence,9,Southeast Asia,3,Both,27,Age-standardized,559,Schizophrenia,2,Percent,1999,0.0028573628083114,0.0034719558312801,0.0023012203433941
5,Prevalence,9,Southeast Asia,1,Male,27,Age-standardized,559,Schizophrenia,3,Rate,1999,307.62777446513,373.20879064904,247.34305321139
5,Prevalence,9,Southeast Asia,2,Female,27,Age-standardized,559,Schizophrenia,3,Rate,1999,254.32257960419,309.57490444337,206.18775808670998
5,Prevalence,9,Southeast Asia,3,Both,27,Age-standardized,559,Schizophrenia,3,Rate,1999,280.42708581215,340.84711187883,225.94025930401
5,Prevalence,100,High-income North America,1,Male,22,All ages,559,Schizophrenia,1,Number,1999,616671.69592936,716944.2151470156,522380.06795362703
5,Prevalence,100,High-income North America,2,Female,22,All ages,559,Schizophrenia,1,Number,1999,614874.418943137,714649.0272183337,526985.0948321962
5,Prevalence,100,High-income North America,3,Both,22,All ages,559,Schizophrenia,1,Number,1999,1231546.1148724968,1428299.98998853,1050527.2442267973
5,Prevalence,100,High-income North America,1,Male,22,All ages,559,Schizophrenia,2,Percent,1999,0.0044364621900551,0.0051583752420359,0.0037590945190575
5,Prevalence,100,High-income North America,2,Female,22,All ages,559,Schizophrenia,2,Percent,1999,0.0041278633567408,0.0048005190137586,0.003537039868015
5,Prevalence,100,High-income North America,3,Both,22,All ages,559,Schizophrenia,2,Percent,1999,0.0042768214585303,0.004962689556246,0.003652344472055
5,Prevalence,100,High-income North America,1,Male,22,All ages,559,Schizophrenia,3,Rate,1999,407.12906234743,473.32937119535,344.87736125854
5,Prevalence,100,High-income North America,2,Female,22,All ages,559,Schizophrenia,3,Rate,1999,391.70496059574003,455.26624693136,335.71517930538005
5,Prevalence,100,High-income North America,3,Both,22,All ages,559,Schizophrenia,3,Rate,1999,399.27935595195,463.06889626122,340.59125875954
5,Prevalence,100,High-income North America,1,Male,27,Age-standardized,559,Schizophrenia,2,Percent,1999,0.0040459135029903,0.0047162348225974,0.003399568532209
5,Prevalence,100,High-income North America,2,Female,27,Age-standardized,559,Schizophrenia,2,Percent,1999,0.0037522454221134,0.0043664121093481,0.0031949911183279
5,Prevalence,100,High-income North America,3,Both,27,Age-standardized,559,Schizophrenia,2,Percent,1999,0.0039004364550585,0.0045431844215148,0.0032962699399344
5,Prevalence,100,High-income North America,1,Male,27,Age-standardized,559,Schizophrenia,3,Rate,1999,363.33718582609004,422.61230962832997,305.71311868966
5,Prevalence,100,High-income North America,2,Female,27,Age-standardized,559,Schizophrenia,3,Rate,1999,348.32691447934997,404.50721322149997,296.0749006983
5,Prevalence,100,High-income North America,3,Both,27,Age-standardized,559,Schizophrenia,3,Rate,1999,356.05952594831,413.7295397428,300.94549583014
5,Prevalence,134,Tropical Latin America,1,Male,22,All ages,559,Schizophrenia,1,Number,1999,219656.6700814943,264876.5754697767,180548.5969992324
5,Prevalence,134,Tropical Latin America,2,Female,22,All ages,559,Schizophrenia,1,Number,1999,190575.03315313035,228992.7554085838,156785.98175766424
5,Prevalence,134,Tropical Latin America,3,Both,22,All ages,559,Schizophrenia,1,Number,1999,410231.70323462447,493230.2624837259,338269.15351398167
5,Prevalence,134,Tropical Latin America,1,Male,22,All ages,559,Schizophrenia,2,Percent,1999,0.0026014181425173,0.0031454964320816,0.0021368980593613
5,Prevalence,134,Tropical Latin America,2,Female,22,All ages,559,Schizophrenia,2,Percent,1999,0.0021670272456751,0.0026036150082315,0.0017821834511182
5,Prevalence,134,Tropical Latin America,3,Both,22,All ages,559,Schizophrenia,2,Percent,1999,0.0023798039316029,0.0028599153305559,0.0019607907209133
5,Prevalence,134,Tropical Latin America,1,Male,22,All ages,559,Schizophrenia,3,Rate,1999,251.52773374919002,303.30881701175997,206.74527852018
5,Prevalence,134,Tropical Latin America,2,Female,22,All ages,559,Schizophrenia,3,Rate,1999,212.47644048304,255.30923311725,174.80425830355
5,Prevalence,134,Tropical Latin America,3,Both,22,All ages,559,Schizophrenia,3,Rate,1999,231.74141181168997,278.62760599674,191.08950037155
5,Prevalence,134,Tropical Latin America,1,Male,27,Age-standardized,559,Schizophrenia,2,Percent,1999,0.0027427129079093,0.003287261881436,0.002271420295071
5,Prevalence,134,Tropical Latin America,2,Female,27,Age-standardized,559,Schizophrenia,2,Percent,1999,0.002234458306635,0.0026705801906391,0.0018477076817911
5,Prevalence,134,Tropical Latin America,3,Both,27,Age-standardized,559,Schizophrenia,2,Percent,1999,0.002480494814142,0.0029637032242276,0.0020498198847031
5,Prevalence,134,Tropical Latin America,1,Male,27,Age-standardized,559,Schizophrenia,3,Rate,1999,265.99659194802996,318.43951031152,220.43013303625
5,Prevalence,134,Tropical Latin America,2,Female,27,Age-standardized,559,Schizophrenia,3,Rate,1999,219.10538170966,261.78507691924,181.13341229214
5,Prevalence,134,Tropical Latin America,3,Both,27,Age-standardized,559,Schizophrenia,3,Rate,1999,241.88974384662,288.81652839722,199.87948777252998
5,Prevalence,56,Eastern Europe,1,Male,22,All ages,559,Schizophrenia,1,Number,1999,226594.0478038336,272063.046017171,187601.95631014687
5,Prevalence,56,Eastern Europe,2,Female,22,All ages,559,Schizophrenia,1,Number,1999,268427.0293428737,317432.5216650951,224322.4493254234
5,Prevalence,56,Eastern Europe,3,Both,22,All ages,559,Schizophrenia,1,Number,1999,495021.077146708,590054.8762333978,412319.5173115807
5,Prevalence,56,Eastern Europe,1,Male,22,All ages,559,Schizophrenia,2,Percent,1999,0.002293394196045,0.0027607350007168,0.0018963772351213
5,Prevalence,56,Eastern Europe,2,Female,22,All ages,559,Schizophrenia,2,Percent,1999,0.0023328972729917,0.0027549649949166,0.001950701686885
5,Prevalence,56,Eastern Europe,3,Both,22,All ages,559,Schizophrenia,2,Percent,1999,0.002314644790181,0.0027529800644337,0.0019235469226564
5,Prevalence,56,Eastern Europe,1,Male,22,All ages,559,Schizophrenia,3,Rate,1999,218.82937389207999,262.74029082463,181.17342021189
5,Prevalence,56,Eastern Europe,2,Female,22,All ages,559,Schizophrenia,3,Rate,1999,227.42275395727,268.94228367912996,190.05548481805002
5,Prevalence,56,Eastern Europe,3,Both,22,All ages,559,Schizophrenia,3,Rate,1999,223.40688291635,266.29637955765,186.08302228078998
5,Prevalence,56,Eastern Europe,1,Male,27,Age-standardized,559,Schizophrenia,2,Percent,1999,0.0020187608004406,0.0024267253995313,0.0016631972333712
5,Prevalence,56,Eastern Europe,2,Female,27,Age-standardized,559,Schizophrenia,2,Percent,1999,0.0020604664293348,0.0024619288508344,0.0016921849292046
5,Prevalence,56,Eastern Europe,3,Both,27,Age-standardized,559,Schizophrenia,2,Percent,1999,0.002042093739892,0.0024469392108775,0.0016776027525358
5,Prevalence,56,Eastern Europe,1,Male,27,Age-standardized,559,Schizophrenia,3,Rate,1999,189.57380523938,227.4545624782,156.2691817543
5,Prevalence,56,Eastern Europe,2,Female,27,Age-standardized,559,Schizophrenia,3,Rate,1999,197.07869773616,235.45593179284998,161.82042086653
5,Prevalence,56,Eastern Europe,3,Both,27,Age-standardized,559,Schizophrenia,3,Rate,1999,193.5139610334,231.79261946398,159.20983167778002
5,Prevalence,96,Southern Latin America,1,Male,22,All ages,559,Schizophrenia,1,Number,1999,74964.98946461894,94567.3364555521,58892.14813406458
5,Prevalence,96,Southern Latin America,2,Female,22,All ages,559,Schizophrenia,1,Number,1999,76061.3564143012,94677.1468547464,59530.62830789677
5,Prevalence,96,Southern Latin America,3,Both,22,All ages,559,Schizophrenia,1,Number,1999,151026.34587892017,188780.6829861393,119628.9062993598
5,Prevalence,96,Southern Latin America,1,Male,22,All ages,559,Schizophrenia,2,Percent,1999,0.0029624795975483,0.0037428455573365,0.0023185537154513
5,Prevalence,96,Southern Latin America,2,Female,22,All ages,559,Schizophrenia,2,Percent,1999,0.0028293613956445,0.0035095094030453,0.0022124540679712
5,Prevalence,96,Southern Latin America,3,Both,22,All ages,559,Schizophrenia,2,Percent,1999,0.00289390007476,0.00362666246206,0.0022863241555111
5,Prevalence,96,Southern Latin America,1,Male,22,All ages,559,Schizophrenia,3,Rate,1999,280.16199921264996,353.42063316246,220.0939675574
5,Prevalence,96,Southern Latin America,2,Female,22,All ages,559,Schizophrenia,3,Rate,1999,272.2663245078,338.90269651016,213.09356194946002
5,Prevalence,96,Southern Latin America,3,Both,22,All ages,559,Schizophrenia,3,Rate,1999,276.12908646319,345.15724545604996,218.72356388412
5,Prevalence,96,Southern Latin America,1,Male,27,Age-standardized,559,Schizophrenia,2,Percent,1999,0.0030038685390953,0.0037911921219795,0.00236385806955
5,Prevalence,96,Southern Latin America,2,Female,27,Age-standardized,559,Schizophrenia,2,Percent,1999,0.0028293066707116,0.0035198355855503,0.002209186018935
5,Prevalence,96,Southern Latin America,3,Both,27,Age-standardized,559,Schizophrenia,2,Percent,1999,0.0029175780271889,0.0036535786321143,0.002305019109973
5,Prevalence,96,Southern Latin America,1,Male,27,Age-standardized,559,Schizophrenia,3,Rate,1999,284.39998444114,358.17233179299996,224.63817341944002
5,Prevalence,96,Southern Latin America,2,Female,27,Age-standardized,559,Schizophrenia,3,Rate,1999,271.52881286289,338.94887574243,212.39265546196998
5,Prevalence,96,Southern Latin America,3,Both,27,Age-standardized,559,Schizophrenia,3,Rate,1999,278.10456110335,347.93430894075,220.47404515308
5,Prevalence,73,Western Europe,1,Male,22,All ages,559,Schizophrenia,1,Number,1999,619706.2610910409,736302.7602599477,522612.89236330334
5,Prevalence,73,Western Europe,2,Female,22,All ages,559,Schizophrenia,1,Number,1999,617351.6274602454,725034.7892442278,519993.1440688548
5,Prevalence,73,Western Europe,3,Both,22,All ages,559,Schizophrenia,1,Number,1999,1237057.8885512864,1459096.5859220026,1041534.685637266
5,Prevalence,73,Western Europe,1,Male,22,All ages,559,Schizophrenia,2,Percent,1999,0.0034243909314796,0.0040639684154823,0.002881113505292
5,Prevalence,73,Western Europe,2,Female,22,All ages,559,Schizophrenia,2,Percent,1999,0.0031405690377391,0.00369226113753,0.0026490269164887
5,Prevalence,73,Western Europe,3,Both,22,All ages,559,Schizophrenia,2,Percent,1999,0.0032766118078496,0.0038708792031626,0.0027630036804618
5,Prevalence,73,Western Europe,1,Male,22,All ages,559,Schizophrenia,3,Rate,1999,320.10658251752,380.33399867555,269.95342383581004
5,Prevalence,73,Western Europe,2,Female,22,All ages,559,Schizophrenia,3,Rate,1999,304.05134256181003,357.08628805376003,256.10139593785
5,Prevalence,73,Western Europe,3,Both,22,All ages,559,Schizophrenia,3,Rate,1999,311.88773826482,367.86826089931,262.59231716972
5,Prevalence,73,Western Europe,1,Male,27,Age-standardized,559,Schizophrenia,2,Percent,1999,0.0029805715981075,0.0035495898600582,0.0024822485345571
5,Prevalence,73,Western Europe,2,Female,27,Age-standardized,559,Schizophrenia,2,Percent,1999,0.0026813345647865,0.0031911994754392,0.002233553364572
5,Prevalence,73,Western Europe,3,Both,27,Age-standardized,559,Schizophrenia,2,Percent,1999,0.0028337742894345,0.0033681666573303,0.0023695448525773
5,Prevalence,73,Western Europe,1,Male,27,Age-standardized,559,Schizophrenia,3,Rate,1999,269.0202535222,319.62504100475,224.28947521702
5,Prevalence,73,Western Europe,2,Female,27,Age-standardized,559,Schizophrenia,3,Rate,1999,253.05336931312002,300.67288024727003,211.05561140536
5,Prevalence,73,Western Europe,3,Both,27,Age-standardized,559,Schizophrenia,3,Rate,1999,261.47994931492,311.12950722079,218.58134246396
5,Prevalence,124,Central Latin America,1,Male,22,All ages,559,Schizophrenia,1,Number,1999,220846.3281977281,273680.4225042291,177809.13142742
5,Prevalence,124,Central Latin America,2,Female,22,All ages,559,Schizophrenia,1,Number,1999,195091.8548895952,241235.92470054651,155934.31181471064
5,Prevalence,124,Central Latin America,3,Both,22,All ages,559,Schizophrenia,1,Number,1999,415938.1830873227,513963.0023746991,334060.1395783735
5,Prevalence,124,Central Latin America,1,Male,22,All ages,559,Schizophrenia,2,Percent,1999,0.0024230486178164,0.0030052831604079,0.0019494637140111
5,Prevalence,124,Central Latin America,2,Female,22,All ages,559,Schizophrenia,2,Percent,1999,0.0020147183429763,0.0024917880558139,0.0016096335731973
5,Prevalence,124,Central Latin America,3,Both,22,All ages,559,Schizophrenia,2,Percent,1999,0.0022127021719577,0.0027366552318565,0.0017783264979201
5,Prevalence,124,Central Latin America,1,Male,22,All ages,559,Schizophrenia,3,Rate,1999,229.46562699796,284.36175624696,184.7487534066
5,Prevalence,124,Central Latin America,2,Female,22,All ages,559,Schizophrenia,3,Rate,1999,195.78147653681,242.0886589977,156.48551717913
5,Prevalence,124,Central Latin America,3,Both,22,All ages,559,Schizophrenia,3,Rate,1999,212.33088693576002,262.37124790121,170.53323933876
5,Prevalence,124,Central Latin America,1,Male,27,Age-standardized,559,Schizophrenia,2,Percent,1999,0.0027888214455079,0.0034131800589658,0.0022650909246868
5,Prevalence,124,Central Latin America,2,Female,27,Age-standardized,559,Schizophrenia,2,Percent,1999,0.0022502058028083,0.0027384867139137,0.0018372825156451
5,Prevalence,124,Central Latin America,3,Both,27,Age-standardized,559,Schizophrenia,2,Percent,1999,0.0025076600957403,0.0030564679442716,0.0020412792199663
5,Prevalence,124,Central Latin America,1,Male,27,Age-standardized,559,Schizophrenia,3,Rate,1999,267.01626687047,326.65687974264,216.55467432445002
5,Prevalence,124,Central Latin America,2,Female,27,Age-standardized,559,Schizophrenia,3,Rate,1999,219.70011443925003,267.32175765518997,179.17368005762
5,Prevalence,124,Central Latin America,3,Both,27,Age-standardized,559,Schizophrenia,3,Rate,1999,242.47552759823998,295.70851135007,197.30712857966003
5,Prevalence,104,Caribbean,1,Male,22,All ages,559,Schizophrenia,1,Number,1999,46599.73953785484,58648.51278373109,36291.33292682447
5,Prevalence,104,Caribbean,2,Female,22,All ages,559,Schizophrenia,1,Number,1999,38465.440034130326,48328.787524419706,30172.036469290888
5,Prevalence,104,Caribbean,3,Both,22,All ages,559,Schizophrenia,1,Number,1999,85065.17957198518,106798.34310330795,66599.04904806952
5,Prevalence,104,Caribbean,1,Male,22,All ages,559,Schizophrenia,2,Percent,1999,0.0024356188278805,0.0030664178189631,0.001894855387578
5,Prevalence,104,Caribbean,2,Female,22,All ages,559,Schizophrenia,2,Percent,1999,0.0019483660608415,0.0024470972395552,0.0015280114731113
5,Prevalence,104,Caribbean,3,Both,22,All ages,559,Schizophrenia,2,Percent,1999,0.0021881702059633,0.0027467430677085,0.0017135270810559
5,Prevalence,104,Caribbean,1,Male,22,All ages,559,Schizophrenia,3,Rate,1999,237.9094442368,299.42302725443,185.28109669411
5,Prevalence,104,Caribbean,2,Female,22,All ages,559,Schizophrenia,3,Rate,1999,191.44157124059998,240.53121481566,150.16550087779
5,Prevalence,104,Caribbean,3,Both,22,All ages,559,Schizophrenia,3,Rate,1999,214.37960832214998,269.15110364949004,167.84162593192002
5,Prevalence,104,Caribbean,1,Male,27,Age-standardized,559,Schizophrenia,2,Percent,1999,0.0025305857576169,0.0031573554991209,0.0019854617150047
5,Prevalence,104,Caribbean,2,Female,27,Age-standardized,559,Schizophrenia,2,Percent,1999,0.0019880860819624,0.0024800118351196,0.0015745867809059
5,Prevalence,104,Caribbean,3,Both,27,Age-standardized,559,Schizophrenia,2,Percent,1999,0.0022525221234452,0.0028012070340626,0.0017761267962099
5,Prevalence,104,Caribbean,1,Male,27,Age-standardized,559,Schizophrenia,3,Rate,1999,247.61903867659,308.58135902576,194.53161321843
5,Prevalence,104,Caribbean,2,Female,27,Age-standardized,559,Schizophrenia,3,Rate,1999,195.41871715657,243.85164168684,154.74731925026998
5,Prevalence,104,Caribbean,3,Both,27,Age-standardized,559,Schizophrenia,3,Rate,1999,220.91855576168,275.03992215679,174.35019699917
5,Prevalence,120,Andean Latin America,1,Male,22,All ages,559,Schizophrenia,1,Number,1999,50563.36515191844,64821.36433779207,39119.771372848336
5,Prevalence,120,Andean Latin America,2,Female,22,All ages,559,Schizophrenia,1,Number,1999,42100.66015829461,53899.26002296068,32409.278259692182
5,Prevalence,120,Andean Latin America,3,Both,22,All ages,559,Schizophrenia,1,Number,1999,92664.025310213,117708.2118346196,71875.6361056979
5,Prevalence,120,Andean Latin America,1,Male,22,All ages,559,Schizophrenia,2,Percent,1999,0.0023089655176878,0.0029665120367983,0.0017874522719804
5,Prevalence,120,Andean Latin America,2,Female,22,All ages,559,Schizophrenia,2,Percent,1999,0.0018833629710205,0.0024115936120119,0.0014492919414428
5,Prevalence,120,Andean Latin America,3,Both,22,All ages,559,Schizophrenia,2,Percent,1999,0.002093973625344,0.0026614695458362,0.001622507392199
5,Prevalence,120,Andean Latin America,1,Male,22,All ages,559,Schizophrenia,3,Rate,1999,223.23586543487,286.18453940198,172.71271387483
5,Prevalence,120,Andean Latin America,2,Female,22,All ages,559,Schizophrenia,3,Rate,1999,184.42209741001,236.10590771992003,141.96896318785
5,Prevalence,120,Andean Latin America,3,Both,22,All ages,559,Schizophrenia,3,Rate,1999,203.75292736821,258.82096807571,158.04268392142
5,Prevalence,120,Andean Latin America,1,Male,27,Age-standardized,559,Schizophrenia,2,Percent,1999,0.0026882697367728,0.003405605397161,0.0021253532858562
5,Prevalence,120,Andean Latin America,2,Female,27,Age-standardized,559,Schizophrenia,2,Percent,1999,0.0021514890930624,0.0027285311211927,0.0016984375720939
5,Prevalence,120,Andean Latin America,3,Both,27,Age-standardized,559,Schizophrenia,2,Percent,1999,0.0024142271266596,0.0030550776611868,0.0019133637299674
5,Prevalence,120,Andean Latin America,1,Male,27,Age-standardized,559,Schizophrenia,3,Rate,1999,261.60981647013,331.33448899411997,207.118216847
5,Prevalence,120,Andean Latin America,2,Female,27,Age-standardized,559,Schizophrenia,3,Rate,1999,211.49244956264,268.0684802843,167.13277962855
5,Prevalence,120,Andean Latin America,3,Both,27,Age-standardized,559,Schizophrenia,3,Rate,1999,236.13202527643,298.80865382096005,187.29702340592002
5,Prevalence,199,Western Sub-Saharan Africa,1,Male,22,All ages,559,Schizophrenia,1,Number,1999,187907.246022206,232143.54269224,150560.49023445984
5,Prevalence,199,Western Sub-Saharan Africa,2,Female,22,All ages,559,Schizophrenia,1,Number,1999,241177.58034354408,300028.3447208813,191585.38337428228
5,Prevalence,199,Western Sub-Saharan Africa,3,Both,22,All ages,559,Schizophrenia,1,Number,1999,429084.8263657501,532374.7858282209,341983.7053641493
5,Prevalence,199,Western Sub-Saharan Africa,1,Male,22,All ages,559,Schizophrenia,2,Percent,1999,0.0015021704154343,0.0018549759406408,0.001203589591137
5,Prevalence,199,Western Sub-Saharan Africa,2,Female,22,All ages,559,Schizophrenia,2,Percent,1999,0.0019273678640986,0.002397370529801,0.0015304357733841
5,Prevalence,199,Western Sub-Saharan Africa,3,Both,22,All ages,559,Schizophrenia,2,Percent,1999,0.0017148054193957,0.0021266630356862,0.0013666824888241
5,Prevalence,199,Western Sub-Saharan Africa,1,Male,22,All ages,559,Schizophrenia,3,Rate,1999,149.33049917440002,184.48522792063,119.6509109606
5,Prevalence,199,Western Sub-Saharan Africa,2,Female,22,All ages,559,Schizophrenia,3,Rate,1999,191.67869445784,238.45102573185002,152.26471759969
5,Prevalence,199,Western Sub-Saharan Africa,3,Both,22,All ages,559,Schizophrenia,3,Rate,1999,170.50381869091,211.54776021162,135.89277483550998
5,Prevalence,199,Western Sub-Saharan Africa,1,Male,27,Age-standardized,559,Schizophrenia,2,Percent,1999,0.0020526979057613,0.0024968412950233,0.0016708012930745
5,Prevalence,199,Western Sub-Saharan Africa,2,Female,27,Age-standardized,559,Schizophrenia,2,Percent,1999,0.0026250205854057,0.0031976391617276,0.0021238165188918
5,Prevalence,199,Western Sub-Saharan Africa,3,Both,27,Age-standardized,559,Schizophrenia,2,Percent,1999,0.002335897950501,0.0028455472859516,0.001898199884323
5,Prevalence,199,Western Sub-Saharan Africa,1,Male,27,Age-standardized,559,Schizophrenia,3,Rate,1999,204.48989654857,248.76422111675998,166.43595353051998
5,Prevalence,199,Western Sub-Saharan Africa,2,Female,27,Age-standardized,559,Schizophrenia,3,Rate,1999,261.62707873651004,318.65551337767,211.65035845861001
5,Prevalence,199,Western Sub-Saharan Africa,3,Both,27,Age-standardized,559,Schizophrenia,3,Rate,1999,232.75907268633,283.46957359166004,189.18100254974001
5,Prevalence,44636,Low-middle SDI,1,Male,22,All ages,559,Schizophrenia,1,Number,1999,1716211.2906359716,2080279.2140616388,1382765.5904533877
5,Prevalence,44636,Low-middle SDI,2,Female,22,All ages,559,Schizophrenia,1,Number,1999,1381137.4732742007,1679214.634673498,1109030.470050746
5,Prevalence,44636,Low-middle SDI,3,Both,22,All ages,559,Schizophrenia,1,Number,1999,3097348.763910173,3755279.724979516,2488086.365929762
5,Prevalence,44636,Low-middle SDI,1,Male,22,All ages,559,Schizophrenia,2,Percent,1999,0.002515126910302,0.003052076140348,0.0020292157036469
5,Prevalence,44636,Low-middle SDI,2,Female,22,All ages,559,Schizophrenia,2,Percent,1999,0.0020783144368928,0.0025268391369778,0.0016692486082356
5,Prevalence,44636,Low-middle SDI,3,Both,22,All ages,559,Schizophrenia,2,Percent,1999,0.0022996081644696,0.0027909448810705,0.0018477024157199
5,Prevalence,44636,Low-middle SDI,1,Male,22,All ages,559,Schizophrenia,3,Rate,1999,246.96431698914998,299.3540119743,198.98118691194
5,Prevalence,44636,Low-middle SDI,2,Female,22,All ages,559,Schizophrenia,3,Rate,1999,205.51541922420998,249.86976770258,165.02547095806
5,Prevalence,44636,Low-middle SDI,3,Both,22,All ages,559,Schizophrenia,3,Rate,1999,226.58685528882,274.71785984436,182.01620428153
5,Prevalence,44636,Low-middle SDI,1,Male,27,Age-standardized,559,Schizophrenia,2,Percent,1999,0.0030027594007777,0.003620663030398,0.0024545491661039
5,Prevalence,44636,Low-middle SDI,2,Female,27,Age-standardized,559,Schizophrenia,2,Percent,1999,0.0024435790477969,0.0029318488032405,0.0019832957842648
5,Prevalence,44636,Low-middle SDI,3,Both,27,Age-standardized,559,Schizophrenia,2,Percent,1999,0.0027247866319698,0.0032758301787976,0.002222437765903
5,Prevalence,44636,Low-middle SDI,1,Male,27,Age-standardized,559,Schizophrenia,3,Rate,1999,296.01238145877,356.89411653189,241.85666395823
5,Prevalence,44636,Low-middle SDI,2,Female,27,Age-standardized,559,Schizophrenia,3,Rate,1999,242.25993734698,290.60375418431,196.53484741383
5,Prevalence,44636,Low-middle SDI,3,Both,27,Age-standardized,559,Schizophrenia,3,Rate,1999,269.36273990111,323.95098277353,219.51343421693
5,Prevalence,44635,High SDI,1,Male,22,All ages,559,Schizophrenia,1,Number,1999,1637857.050237553,1932267.3869792835,1363304.8564414969
5,Prevalence,44635,High SDI,2,Female,22,All ages,559,Schizophrenia,1,Number,1999,1597466.2252312065,1878094.164333902,1338043.9560983472
5,Prevalence,44635,High SDI,3,Both,22,All ages,559,Schizophrenia,1,Number,1999,3235323.275468761,3801079.328470503,2700681.779113286
5,Prevalence,44635,High SDI,1,Male,22,All ages,559,Schizophrenia,2,Percent,1999,0.0037972420178386,0.0044743854181018,0.0031673026725664
5,Prevalence,44635,High SDI,2,Female,22,All ages,559,Schizophrenia,2,Percent,1999,0.003507322661087,0.0041209936253033,0.0029401918209861
5,Prevalence,44635,High SDI,3,Both,22,All ages,559,Schizophrenia,2,Percent,1999,0.0036483344588492,0.0042832256265098,0.0030466505814937
5,Prevalence,44635,High SDI,1,Male,22,All ages,559,Schizophrenia,3,Rate,1999,353.63332282855,417.20010702497996,294.35415400982004
5,Prevalence,44635,High SDI,2,Female,22,All ages,559,Schizophrenia,3,Rate,1999,336.95477038733,396.14783581250003,282.23463311721
5,Prevalence,44635,High SDI,3,Both,22,All ages,559,Schizophrenia,3,Rate,1999,345.19672370787,405.56074896460996,288.15250364506
5,Prevalence,44635,High SDI,1,Male,27,Age-standardized,559,Schizophrenia,2,Percent,1999,0.0033634747967159,0.0039485437788292,0.0028103401816151
5,Prevalence,44635,High SDI,2,Female,27,Age-standardized,559,Schizophrenia,2,Percent,1999,0.0031057544212412,0.0036565071733261,0.0025947681026165
5,Prevalence,44635,High SDI,3,Both,27,Age-standardized,559,Schizophrenia,2,Percent,1999,0.0032383901501346,0.003808400712205,0.0027043790904541
5,Prevalence,44635,High SDI,1,Male,27,Age-standardized,559,Schizophrenia,3,Rate,1999,305.52971630929,359.84759331334,254.57778399119
5,Prevalence,44635,High SDI,2,Female,27,Age-standardized,559,Schizophrenia,3,Rate,1999,291.82802240749,343.62632138304997,243.30446862733
5,Prevalence,44635,High SDI,3,Both,27,Age-standardized,559,Schizophrenia,3,Rate,1999,299.10506118961996,351.89362645395,249.0945674414
5,Prevalence,44637,Low SDI,1,Male,22,All ages,559,Schizophrenia,1,Number,1999,564530.4264096479,692470.1829855812,451108.9815979361
5,Prevalence,44637,Low SDI,2,Female,22,All ages,559,Schizophrenia,1,Number,1999,541440.3690054511,671139.8493769814,429722.045616793
5,Prevalence,44637,Low SDI,3,Both,22,All ages,559,Schizophrenia,1,Number,1999,1105970.7954150983,1365292.898349824,880831.0272147291
5,Prevalence,44637,Low SDI,1,Male,22,All ages,559,Schizophrenia,2,Percent,1999,0.0017793514538795,0.0021820358621748,0.0014223043263846
5,Prevalence,44637,Low SDI,2,Female,22,All ages,559,Schizophrenia,2,Percent,1999,0.0017331072593693,0.0021486699417763,0.0013756512475886
5,Prevalence,44637,Low SDI,3,Both,22,All ages,559,Schizophrenia,2,Percent,1999,0.0017564077032301,0.0021680262586124,0.0013991554822745
5,Prevalence,44637,Low SDI,1,Male,22,All ages,559,Schizophrenia,3,Rate,1999,176.84374233844,216.92191047306,141.31355331123999
5,Prevalence,44637,Low SDI,2,Female,22,All ages,559,Schizophrenia,3,Rate,1999,172.40959165678,213.70949415579003,136.83538696384
5,Prevalence,44637,Low SDI,3,Both,22,All ages,559,Schizophrenia,3,Rate,1999,174.64481092108,215.5945899048,139.09279416696
5,Prevalence,44637,Low SDI,1,Male,27,Age-standardized,559,Schizophrenia,2,Percent,1999,0.0024871302532231,0.0030041198104973,0.0020214268364259
5,Prevalence,44637,Low SDI,2,Female,27,Age-standardized,559,Schizophrenia,2,Percent,1999,0.002364560988771,0.0028869826290276,0.0019052091423104
5,Prevalence,44637,Low SDI,3,Both,27,Age-standardized,559,Schizophrenia,2,Percent,1999,0.002425886188953,0.0029408871794422,0.0019643219691748
5,Prevalence,44637,Low SDI,1,Male,27,Age-standardized,559,Schizophrenia,3,Rate,1999,247.65826517021,299.2087318577,201.22593185357002
5,Prevalence,44637,Low SDI,2,Female,27,Age-standardized,559,Schizophrenia,3,Rate,1999,235.68705736779,287.76744811757004,189.87705041956
5,Prevalence,44637,Low SDI,3,Both,27,Age-standardized,559,Schizophrenia,3,Rate,1999,241.68138389073,292.98551211154,195.65851770838998
5,Prevalence,44634,High-middle SDI,1,Male,22,All ages,559,Schizophrenia,1,Number,1999,1770474.0196916396,2038803.0819471248,1510083.052219726
5,Prevalence,44634,High-middle SDI,2,Female,22,All ages,559,Schizophrenia,1,Number,1999,1676451.0131108542,1922982.8445627624,1436525.1939224205
5,Prevalence,44634,High-middle SDI,3,Both,22,All ages,559,Schizophrenia,1,Number,1999,3446925.0328024887,3968684.1328809694,2942352.513161504
5,Prevalence,44634,High-middle SDI,1,Male,22,All ages,559,Schizophrenia,2,Percent,1999,0.0032673609913641,0.0037726675768392,0.0027873286280748
5,Prevalence,44634,High-middle SDI,2,Female,22,All ages,559,Schizophrenia,2,Percent,1999,0.0029948258577531,0.0034351148797543,0.0025685663744809
5,Prevalence,44634,High-middle SDI,3,Both,22,All ages,559,Schizophrenia,2,Percent,1999,0.0031288755654367,0.003607597241702,0.0026758524087775
5,Prevalence,44634,High-middle SDI,1,Male,22,All ages,559,Schizophrenia,3,Rate,1999,310.5279183037,357.5908315099,264.85728762805996
5,Prevalence,44634,High-middle SDI,2,Female,22,All ages,559,Schizophrenia,3,Rate,1999,291.39831096443,334.25012036549003,249.69474914155998
5,Prevalence,44634,High-middle SDI,3,Both,22,All ages,559,Schizophrenia,3,Rate,1999,300.92000414552,346.47009562254,256.87031833653
5,Prevalence,44634,High-middle SDI,1,Male,27,Age-standardized,559,Schizophrenia,2,Percent,1999,0.0029504814538997,0.0033956853281532,0.0025285759627551
5,Prevalence,44634,High-middle SDI,2,Female,27,Age-standardized,559,Schizophrenia,2,Percent,1999,0.002703961511488,0.0031010125919052,0.0023200499229148
5,Prevalence,44634,High-middle SDI,3,Both,27,Age-standardized,559,Schizophrenia,2,Percent,1999,0.0028264539300142,0.0032553490569966,0.0024226785255488
5,Prevalence,44634,High-middle SDI,1,Male,27,Age-standardized,559,Schizophrenia,3,Rate,1999,277.95089176543,319.94772491691,238.18564473723
5,Prevalence,44634,High-middle SDI,2,Female,27,Age-standardized,559,Schizophrenia,3,Rate,1999,260.36426452917,298.54548122279004,223.12948284515002
5,Prevalence,44634,High-middle SDI,3,Both,27,Age-standardized,559,Schizophrenia,3,Rate,1999,269.14006272291,309.51453646641,230.29995858750002
5,Prevalence,174,Eastern Sub-Saharan Africa,1,Male,22,All ages,559,Schizophrenia,1,Number,1999,168576.15775614686,211583.6315112833,132325.44965392727
5,Prevalence,174,Eastern Sub-Saharan Africa,2,Female,22,All ages,559,Schizophrenia,1,Number,1999,189564.3798317064,237520.24701282964,148189.36491058048
5,Prevalence,174,Eastern Sub-Saharan Africa,3,Both,22,All ages,559,Schizophrenia,1,Number,1999,358140.53758785315,449350.6789334916,280514.8145645078
5,Prevalence,174,Eastern Sub-Saharan Africa,1,Male,22,All ages,559,Schizophrenia,2,Percent,1999,0.0014053888405039,0.0017632715218712,0.001103290433233
5,Prevalence,174,Eastern Sub-Saharan Africa,2,Female,22,All ages,559,Schizophrenia,2,Percent,1999,0.0015551805677925,0.0019486849097508,0.0012154816651903
5,Prevalence,174,Eastern Sub-Saharan Africa,3,Both,22,All ages,559,Schizophrenia,2,Percent,1999,0.0014808861878347,0.0018578982352188,0.0011598455743664
5,Prevalence,174,Eastern Sub-Saharan Africa,1,Male,22,All ages,559,Schizophrenia,3,Rate,1999,139.64515056248,175.2716900909,109.61578188833
5,Prevalence,174,Eastern Sub-Saharan Africa,2,Female,22,All ages,559,Schizophrenia,3,Rate,1999,154.70825149614,193.8462391664,120.94106264052999
5,Prevalence,174,Eastern Sub-Saharan Africa,3,Both,22,All ages,559,Schizophrenia,3,Rate,1999,147.23282717883998,184.72963518652,115.32062103902
5,Prevalence,174,Eastern Sub-Saharan Africa,1,Male,27,Age-standardized,559,Schizophrenia,2,Percent,1999,0.0020720450948402,0.0025455158679275,0.001683226218187
5,Prevalence,174,Eastern Sub-Saharan Africa,2,Female,27,Age-standardized,559,Schizophrenia,2,Percent,1999,0.0022175715716747,0.0027384562937304,0.0017821124959469
5,Prevalence,174,Eastern Sub-Saharan Africa,3,Both,27,Age-standardized,559,Schizophrenia,2,Percent,1999,0.0021464071639584,0.0026471800945524,0.0017352606809806
5,Prevalence,174,Eastern Sub-Saharan Africa,1,Male,27,Age-standardized,559,Schizophrenia,3,Rate,1999,206.37508700983,253.48116317623,167.66130618069002
5,Prevalence,174,Eastern Sub-Saharan Africa,2,Female,27,Age-standardized,559,Schizophrenia,3,Rate,1999,221.06386316085,272.91890849969997,177.65584615061
5,Prevalence,174,Eastern Sub-Saharan Africa,3,Both,27,Age-standardized,559,Schizophrenia,3,Rate,1999,213.87805841508,263.73344623301,172.91513922629
5,Prevalence,138,North Africa and Middle East,1,Male,22,All ages,559,Schizophrenia,1,Number,1999,462510.8886598666,580587.0474592773,362524.0940732261
5,Prevalence,138,North Africa and Middle East,2,Female,22,All ages,559,Schizophrenia,1,Number,1999,400976.0248258528,505516.3053543592,313355.8193556778
5,Prevalence,138,North Africa and Middle East,3,Both,22,All ages,559,Schizophrenia,1,Number,1999,863486.9134857188,1084278.1685009382,676952.9176441308
5,Prevalence,138,North Africa and Middle East,1,Male,22,All ages,559,Schizophrenia,2,Percent,1999,0.0022923822844736,0.002874264168682,0.0017937124458661
5,Prevalence,138,North Africa and Middle East,2,Female,22,All ages,559,Schizophrenia,2,Percent,1999,0.0020529699704805,0.0025885428430535,0.0016057748594425
5,Prevalence,138,North Africa and Middle East,3,Both,22,All ages,559,Schizophrenia,2,Percent,1999,0.0021746172546057,0.002727090983841,0.0017045305056287
5,Prevalence,138,North Africa and Middle East,1,Male,22,All ages,559,Schizophrenia,3,Rate,1999,218.83072169904,274.69684653859997,171.52333292995002
5,Prevalence,138,North Africa and Middle East,2,Female,22,All ages,559,Schizophrenia,3,Rate,1999,199.53927665606,251.56206771230998,155.93648911392
5,Prevalence,138,North Africa and Middle East,3,Both,22,All ages,559,Schizophrenia,3,Rate,1999,209.42841075501,262.97868572070996,164.18682377694
5,Prevalence,138,North Africa and Middle East,1,Male,27,Age-standardized,559,Schizophrenia,2,Percent,1999,0.0026315916650432,0.0032547067755441,0.0020814183645794
5,Prevalence,138,North Africa and Middle East,2,Female,27,Age-standardized,559,Schizophrenia,2,Percent,1999,0.0023857761679017,0.0029382811684305,0.0019002423446293
5,Prevalence,138,North Africa and Middle East,3,Both,27,Age-standardized,559,Schizophrenia,2,Percent,1999,0.0025112531572191,0.0030902637347271,0.0019893272265267
5,Prevalence,138,North Africa and Middle East,1,Male,27,Age-standardized,559,Schizophrenia,3,Rate,1999,253.65116118969,313.18953434804,200.85104275339
5,Prevalence,138,North Africa and Middle East,2,Female,27,Age-standardized,559,Schizophrenia,3,Rate,1999,233.31471995524,287.85829053577,185.88297831351
5,Prevalence,138,North Africa and Middle East,3,Both,27,Age-standardized,559,Schizophrenia,3,Rate,1999,243.77495908419002,299.96872781035,193.31446793197
5,Prevalence,159,South Asia,1,Male,22,All ages,559,Schizophrenia,1,Number,1999,1874202.385697099,2239761.3615141027,1538084.051212085
5,Prevalence,159,South Asia,2,Female,22,All ages,559,Schizophrenia,1,Number,1999,1343293.5193850156,1599643.2771357698,1099682.1839240105
5,Prevalence,159,South Asia,3,Both,22,All ages,559,Schizophrenia,1,Number,1999,3217495.9050821126,3833062.176534725,2637766.2351360945
5,Prevalence,159,South Asia,1,Male,22,All ages,559,Schizophrenia,2,Percent,1999,0.0028156993532632,0.0033657386160513,0.0023113146134087
5,Prevalence,159,South Asia,2,Female,22,All ages,559,Schizophrenia,2,Percent,1999,0.0021618656447941,0.0025740708646626,0.0017697803080283
5,Prevalence,159,South Asia,3,Both,22,All ages,559,Schizophrenia,2,Percent,1999,0.0025000267842404,0.002978267891143,0.002049823190946
5,Prevalence,159,South Asia,1,Male,22,All ages,559,Schizophrenia,3,Rate,1999,277.90533670967,332.1101499342,228.06595989946
5,Prevalence,159,South Asia,2,Female,22,All ages,559,Schizophrenia,3,Rate,1999,214.67894234652002,255.64757211398,175.74610817016
5,Prevalence,159,South Asia,3,Both,22,All ages,559,Schizophrenia,3,Rate,1999,247.47584479264,294.82253537054004,202.88555033581
5,Prevalence,159,South Asia,1,Male,27,Age-standardized,559,Schizophrenia,2,Percent,1999,0.0032678978745809,0.0038888172506424,0.0027055348047433
5,Prevalence,159,South Asia,2,Female,27,Age-standardized,559,Schizophrenia,2,Percent,1999,0.0025022419435038,0.0029585439386664,0.0020719767784972
5,Prevalence,159,South Asia,3,Both,27,Age-standardized,559,Schizophrenia,2,Percent,1999,0.0028970202027257,0.0034381449174644,0.0023971247924917
5,Prevalence,159,South Asia,1,Male,27,Age-standardized,559,Schizophrenia,3,Rate,1999,323.31208980249,384.93955448094,267.365287029
5,Prevalence,159,South Asia,2,Female,27,Age-standardized,559,Schizophrenia,3,Rate,1999,248.84108857259002,294.25911315563,205.89085784115997
5,Prevalence,159,South Asia,3,Both,27,Age-standardized,559,Schizophrenia,3,Rate,1999,287.33373945166,341.03256888201,237.64028733993
5,Prevalence,167,Central Sub-Saharan Africa,1,Male,22,All ages,559,Schizophrenia,1,Number,1999,51718.227973737565,67007.87429264831,39062.629577587366
5,Prevalence,167,Central Sub-Saharan Africa,2,Female,22,All ages,559,Schizophrenia,1,Number,1999,57208.650627273,73216.79876210398,43631.88988615341
5,Prevalence,167,Central Sub-Saharan Africa,3,Both,22,All ages,559,Schizophrenia,1,Number,1999,108926.87860101055,139746.19026957965,82443.29813078142
5,Prevalence,167,Central Sub-Saharan Africa,1,Male,22,All ages,559,Schizophrenia,2,Percent,1999,0.0014627655034208,0.0018955044811431,0.0011045742575122
5,Prevalence,167,Central Sub-Saharan Africa,2,Female,22,All ages,559,Schizophrenia,2,Percent,1999,0.0015965126634378,0.0020435108601558,0.0012179971000782
5,Prevalence,167,Central Sub-Saharan Africa,3,Both,22,All ages,559,Schizophrenia,2,Percent,1999,0.00153008721565,0.0019623964568967,0.0011584093175161
5,Prevalence,167,Central Sub-Saharan Africa,1,Male,22,All ages,559,Schizophrenia,3,Rate,1999,145.81238915277999,188.91943180308,110.13168023061999
5,Prevalence,167,Central Sub-Saharan Africa,2,Female,22,All ages,559,Schizophrenia,3,Rate,1999,159.2341838174,203.79115858832,121.44471680861999
5,Prevalence,167,Central Sub-Saharan Africa,3,Both,22,All ages,559,Schizophrenia,3,Rate,1999,152.56636866975,195.73285362337,115.47264346979001
5,Prevalence,167,Central Sub-Saharan Africa,1,Male,27,Age-standardized,559,Schizophrenia,2,Percent,1999,0.0020452111500038,0.0025662443207523,0.0016084854268218
5,Prevalence,167,Central Sub-Saharan Africa,2,Female,27,Age-standardized,559,Schizophrenia,2,Percent,1999,0.0021830465536165,0.0027658173778219,0.0016917286184313
5,Prevalence,167,Central Sub-Saharan Africa,3,Both,27,Age-standardized,559,Schizophrenia,2,Percent,1999,0.0021159584640558,0.0026589951421609,0.0016566548557189
5,Prevalence,167,Central Sub-Saharan Africa,1,Male,27,Age-standardized,559,Schizophrenia,3,Rate,1999,204.11842195551,256.13420210836,160.54620317040002
5,Prevalence,167,Central Sub-Saharan Africa,2,Female,27,Age-standardized,559,Schizophrenia,3,Rate,1999,217.96833812938,276.11220173256004,168.87580533832
5,Prevalence,167,Central Sub-Saharan Africa,3,Both,27,Age-standardized,559,Schizophrenia,3,Rate,1999,211.22471119091,265.43033292939003,165.38279402401
5,Prevalence,44639,Middle SDI,1,Male,22,All ages,559,Schizophrenia,1,Number,1999,2819534.279164181,3355310.4844427686,2336674.2568181497
5,Prevalence,44639,Middle SDI,2,Female,22,All ages,559,Schizophrenia,1,Number,1999,2438481.3581403703,2909350.406562543,2015857.474172545
5,Prevalence,44639,Middle SDI,3,Both,22,All ages,559,Schizophrenia,1,Number,1999,5258015.637304552,6268483.502365146,4350615.652772502
5,Prevalence,44639,Middle SDI,1,Male,22,All ages,559,Schizophrenia,2,Percent,1999,0.0029805494372897,0.0035462916656708,0.0024700797258164
5,Prevalence,44639,Middle SDI,2,Female,22,All ages,559,Schizophrenia,2,Percent,1999,0.0026238089152407,0.0031261585539121,0.0021715097720708
5,Prevalence,44639,Middle SDI,3,Both,22,All ages,559,Schizophrenia,2,Percent,1999,0.0028037584102026,0.0033456964991339,0.002321808200789
5,Prevalence,44639,Middle SDI,1,Male,22,All ages,559,Schizophrenia,3,Rate,1999,286.39536262608,340.81705266585,237.34865579249
5,Prevalence,44639,Middle SDI,2,Female,22,All ages,559,Schizophrenia,3,Rate,1999,256.65643887696,306.21661810161,212.17418737996
5,Prevalence,44639,Middle SDI,3,Both,22,All ages,559,Schizophrenia,3,Rate,1999,271.7902623674,324.02200626146,224.88616453277
5,Prevalence,44639,Middle SDI,1,Male,27,Age-standardized,559,Schizophrenia,2,Percent,1999,0.0030275465935782,0.0035623838540569,0.0025302181383339
5,Prevalence,44639,Middle SDI,2,Female,27,Age-standardized,559,Schizophrenia,2,Percent,1999,0.002638747656218,0.0031131785419164,0.0021976300943653
5,Prevalence,44639,Middle SDI,3,Both,27,Age-standardized,559,Schizophrenia,2,Percent,1999,0.0028344445295736,0.003343680204642,0.0023649731006428
5,Prevalence,44639,Middle SDI,1,Male,27,Age-standardized,559,Schizophrenia,3,Rate,1999,291.77184740709,342.66298817424996,243.79694096877
5,Prevalence,44639,Middle SDI,2,Female,27,Age-standardized,559,Schizophrenia,3,Rate,1999,258.17689709515,304.66856658357,214.93311697977
5,Prevalence,44639,Middle SDI,3,Both,27,Age-standardized,559,Schizophrenia,3,Rate,1999,275.19024692938996,324.11566386516,229.54298840259997
5,Prevalence,192,Southern Sub-Saharan Africa,1,Male,22,All ages,559,Schizophrenia,1,Number,1999,55223.7324034655,67612.0716272507,44506.96961954497
5,Prevalence,192,Southern Sub-Saharan Africa,2,Female,22,All ages,559,Schizophrenia,1,Number,1999,65804.16608431177,80377.71216408798,53026.51451231482
5,Prevalence,192,Southern Sub-Saharan Africa,3,Both,22,All ages,559,Schizophrenia,1,Number,1999,121027.89848777711,147932.6342679964,97720.36245865462
5,Prevalence,192,Southern Sub-Saharan Africa,1,Male,22,All ages,559,Schizophrenia,2,Percent,1999,0.0018779025474149,0.0022994149212179,0.0015145969896054
5,Prevalence,192,Southern Sub-Saharan Africa,2,Female,22,All ages,559,Schizophrenia,2,Percent,1999,0.0020505045543988,0.0025038285700896,0.0016510461150315
5,Prevalence,192,Southern Sub-Saharan Africa,3,Both,22,All ages,559,Schizophrenia,2,Percent,1999,0.0019679698682755,0.0024058245391843,0.0015889019971123
5,Prevalence,192,Southern Sub-Saharan Africa,1,Male,22,All ages,559,Schizophrenia,3,Rate,1999,183.00011678168002,224.05253077138,147.48696409126
5,Prevalence,192,Southern Sub-Saharan Africa,2,Female,22,All ages,559,Schizophrenia,3,Rate,1999,202.25574826294,247.04901353178,162.98234608311
5,Prevalence,192,Southern Sub-Saharan Africa,3,Both,22,All ages,559,Schizophrenia,3,Rate,1999,192.98998021829001,235.89202586958,155.82399639637
5,Prevalence,192,Southern Sub-Saharan Africa,1,Male,27,Age-standardized,559,Schizophrenia,2,Percent,1999,0.0022124869889511,0.0026721510110508,0.0018144811716985
5,Prevalence,192,Southern Sub-Saharan Africa,2,Female,27,Age-standardized,559,Schizophrenia,2,Percent,1999,0.0023252369185896,0.0028140975881351,0.0019062715183335
5,Prevalence,192,Southern Sub-Saharan Africa,3,Both,27,Age-standardized,559,Schizophrenia,2,Percent,1999,0.0022735424508587,0.0027489165034905,0.001861969666904
5,Prevalence,192,Southern Sub-Saharan Africa,1,Male,27,Age-standardized,559,Schizophrenia,3,Rate,1999,216.82399483797997,261.71265126006,177.93333650579
5,Prevalence,192,Southern Sub-Saharan Africa,2,Female,27,Age-standardized,559,Schizophrenia,3,Rate,1999,229.85355557355,278.1029887126,188.28627129178
5,Prevalence,192,Southern Sub-Saharan Africa,3,Both,27,Age-standardized,559,Schizophrenia,3,Rate,1999,223.78995508020998,270.32187814607,183.1595545459
6,Incidence,42,Central Europe,1,Male,22,All ages,559,Schizophrenia,1,Number,1999,8120.311498845514,10037.569783153367,6483.612119428291
6,Incidence,42,Central Europe,2,Female,22,All ages,559,Schizophrenia,1,Number,1999,7536.221029401856,9362.30797262312,5940.872935028026
6,Incidence,42,Central Europe,3,Both,22,All ages,559,Schizophrenia,1,Number,1999,15656.53252824736,19388.29262986276,12439.451217642463
6,Incidence,42,Central Europe,1,Male,22,All ages,559,Schizophrenia,2,Percent,1999,3.97338831617e-05,4.92744211373e-05,3.09597154992e-05
6,Incidence,42,Central Europe,2,Female,22,All ages,559,Schizophrenia,2,Percent,1999,3.31388430814e-05,4.13159653879e-05,2.56592803288e-05
6,Incidence,42,Central Europe,3,Both,22,All ages,559,Schizophrenia,2,Percent,1999,3.62600216876e-05,4.50978186533e-05,2.81265958854e-05
6,Incidence,42,Central Europe,1,Male,22,All ages,559,Schizophrenia,3,Rate,1999,13.57804414249,16.78390855059,10.84130474217
6,Incidence,42,Central Europe,2,Female,22,All ages,559,Schizophrenia,3,Rate,1999,11.950900078370001,14.846699247180002,9.42100537496
6,Incidence,42,Central Europe,3,Both,22,All ages,559,Schizophrenia,3,Rate,1999,12.742917561030001,15.78021277609,10.12452157493
6,Incidence,42,Central Europe,1,Male,27,Age-standardized,559,Schizophrenia,2,Percent,1999,3.68222118542e-05,4.59668676146e-05,2.85647601382e-05
6,Incidence,42,Central Europe,2,Female,27,Age-standardized,559,Schizophrenia,2,Percent,1999,3.33670486429e-05,4.14512733969e-05,2.56439339297e-05
6,Incidence,42,Central Europe,3,Both,27,Age-standardized,559,Schizophrenia,2,Percent,1999,3.50245557807e-05,4.36528657814e-05,2.7058417491e-05
6,Incidence,42,Central Europe,1,Male,27,Age-standardized,559,Schizophrenia,3,Rate,1999,12.848562970269999,16.06355888317,10.23059732832
6,Incidence,42,Central Europe,2,Female,27,Age-standardized,559,Schizophrenia,3,Rate,1999,12.18899584665,15.294798071419999,9.49813672543
6,Incidence,42,Central Europe,3,Both,27,Age-standardized,559,Schizophrenia,3,Rate,1999,12.51751717844,15.64228373356,9.87786762241
6,Incidence,1,Global,1,Male,22,All ages,559,Schizophrenia,1,Number,1999,531703.398275519,639334.0373779028,438333.9652703189
6,Incidence,1,Global,2,Female,22,All ages,559,Schizophrenia,1,Number,1999,455691.5256821847,549442.1152466187,373894.5686845835
6,Incidence,1,Global,3,Both,22,All ages,559,Schizophrenia,1,Number,1999,987394.923957704,1188730.7422671702,812408.4858809777
6,Incidence,1,Global,1,Male,22,All ages,559,Schizophrenia,2,Percent,1999,3.88282275205e-05,4.69067639938e-05,3.17489640848e-05
6,Incidence,1,Global,2,Female,22,All ages,559,Schizophrenia,2,Percent,1999,3.18531709222e-05,3.8364452783e-05,2.59199076044e-05
6,Incidence,1,Global,3,Both,22,All ages,559,Schizophrenia,2,Percent,1999,3.52642562347e-05,4.25736032016e-05,2.87392436097e-05
6,Incidence,1,Global,1,Male,22,All ages,559,Schizophrenia,3,Rate,1999,17.52140408796,21.06819338077,14.44456920134
6,Incidence,1,Global,2,Female,22,All ages,559,Schizophrenia,3,Rate,1999,15.2492383851,18.38650341734,12.51198911419
6,Incidence,1,Global,3,Both,22,All ages,559,Schizophrenia,3,Rate,1999,16.39405529528,19.73690267904,13.48869567458
6,Incidence,1,Global,1,Male,27,Age-standardized,559,Schizophrenia,2,Percent,1999,3.69710859688e-05,4.45836768268e-05,3.02152974198e-05
6,Incidence,1,Global,2,Female,27,Age-standardized,559,Schizophrenia,2,Percent,1999,3.02189274233e-05,3.64228444972e-05,2.46983745223e-05
6,Incidence,1,Global,3,Both,27,Age-standardized,559,Schizophrenia,2,Percent,1999,3.35142686104e-05,4.04008364628e-05,2.74410799404e-05
6,Incidence,1,Global,1,Male,27,Age-standardized,559,Schizophrenia,3,Rate,1999,16.57303623841,19.802390791820002,13.76602997959
6,Incidence,1,Global,2,Female,27,Age-standardized,559,Schizophrenia,3,Rate,1999,14.43585913125,17.30599535808,11.96397559307
6,Incidence,1,Global,3,Both,27,Age-standardized,559,Schizophrenia,3,Rate,1999,15.51323096341,18.56352647569,12.87831171785
6,Incidence,5,East Asia,1,Male,22,All ages,559,Schizophrenia,1,Number,1999,141786.33652386986,166057.78011024767,121737.72980905647
6,Incidence,5,East Asia,2,Female,22,All ages,559,Schizophrenia,1,Number,1999,122613.92561815024,142762.36345857722,105485.93158371482
6,Incidence,5,East Asia,3,Both,22,All ages,559,Schizophrenia,1,Number,1999,264400.2621420202,308561.0876291158,227604.43608985757
6,Incidence,5,East Asia,1,Male,22,All ages,559,Schizophrenia,2,Percent,1999,6.62428647191e-05,7.84772971315e-05,5.5570340696e-05
6,Incidence,5,East Asia,2,Female,22,All ages,559,Schizophrenia,2,Percent,1999,5.794721796e-05,6.80991904857e-05,4.89153469289e-05
6,Incidence,5,East Asia,3,Both,22,All ages,559,Schizophrenia,2,Percent,1999,6.21181334903e-05,7.35327592667e-05,5.22082182085e-05
6,Incidence,5,East Asia,1,Male,22,All ages,559,Schizophrenia,3,Rate,1999,21.18968956886,24.81700915122,18.19346466461
6,Incidence,5,East Asia,2,Female,22,All ages,559,Schizophrenia,3,Rate,1999,19.45291639424,22.64950173158,16.73552981459
6,Incidence,5,East Asia,3,Both,22,All ages,559,Schizophrenia,3,Rate,1999,20.347243924049998,23.74569398909,17.51557635305
6,Incidence,5,East Asia,1,Male,27,Age-standardized,559,Schizophrenia,2,Percent,1999,5.72717488357e-05,6.73552885553e-05,4.86785663561e-05
6,Incidence,5,East Asia,2,Female,27,Age-standardized,559,Schizophrenia,2,Percent,1999,5.02241255615e-05,5.84407702601e-05,4.27003514569e-05
6,Incidence,5,East Asia,3,Both,27,Age-standardized,559,Schizophrenia,2,Percent,1999,5.37734948058e-05,6.27970184739e-05,4.58026248215e-05
6,Incidence,5,East Asia,1,Male,27,Age-standardized,559,Schizophrenia,3,Rate,1999,18.902096755149998,21.92506645797,16.20020022151
6,Incidence,5,East Asia,2,Female,27,Age-standardized,559,Schizophrenia,3,Rate,1999,17.32711795574,19.97341850619,14.976418468950001
6,Incidence,5,East Asia,3,Both,27,Age-standardized,559,Schizophrenia,3,Rate,1999,18.13937161612,20.90475161025,15.66691171221
6,Incidence,21,Oceania,1,Male,22,All ages,559,Schizophrenia,1,Number,1999,795.86351372987,1010.8249540521268,606.4062361849649
6,Incidence,21,Oceania,2,Female,22,All ages,559,Schizophrenia,1,Number,1999,642.0825572023354,818.5740600914773,489.2992081928562
6,Incidence,21,Oceania,3,Both,22,All ages,559,Schizophrenia,1,Number,1999,1437.946070932206,1828.877797868226,1097.2190634167723
6,Incidence,21,Oceania,1,Male,22,All ages,559,Schizophrenia,2,Percent,1999,3.41639675288e-05,4.3905878177e-05,2.57575255906e-05
6,Incidence,21,Oceania,2,Female,22,All ages,559,Schizophrenia,2,Percent,1999,2.84874323933e-05,3.65267007655e-05,2.16220073299e-05
6,Incidence,21,Oceania,3,Both,22,All ages,559,Schizophrenia,2,Percent,1999,3.13715935944e-05,4.015803508e-05,2.38305661723e-05
6,Incidence,21,Oceania,1,Male,22,All ages,559,Schizophrenia,3,Rate,1999,18.94915377471,24.06728938217,14.43826085902
6,Incidence,21,Oceania,2,Female,22,All ages,559,Schizophrenia,3,Rate,1999,16.30998488779,20.793168105670002,12.42902894918
6,Incidence,21,Oceania,3,Both,22,All ages,559,Schizophrenia,3,Rate,1999,17.67226213777,22.476787214229997,13.484749743560002
6,Incidence,21,Oceania,1,Male,27,Age-standardized,559,Schizophrenia,2,Percent,1999,3.59555849663e-05,4.55918915525e-05,2.7699092067e-05
6,Incidence,21,Oceania,2,Female,27,Age-standardized,559,Schizophrenia,2,Percent,1999,2.85053451786e-05,3.61237187753e-05,2.21680283156e-05
6,Incidence,21,Oceania,3,Both,27,Age-standardized,559,Schizophrenia,2,Percent,1999,3.22024909884e-05,4.07999602477e-05,2.47289936221e-05
6,Incidence,21,Oceania,1,Male,27,Age-standardized,559,Schizophrenia,3,Rate,1999,18.563217798700002,23.14726386121,14.556206559880001
6,Incidence,21,Oceania,2,Female,27,Age-standardized,559,Schizophrenia,3,Rate,1999,15.423969682200001,19.284982131779998,12.17541875721
6,Incidence,21,Oceania,3,Both,27,Age-standardized,559,Schizophrenia,3,Rate,1999,17.02229724929,21.24624495968,13.35694936255
6,Incidence,9,Southeast Asia,1,Male,22,All ages,559,Schizophrenia,1,Number,1999,55116.38679348143,67266.49425945315,44214.40738955121
6,Incidence,9,Southeast Asia,2,Female,22,All ages,559,Schizophrenia,1,Number,1999,45999.40339003873,56795.29576359903,36645.08210901677
6,Incidence,9,Southeast Asia,3,Both,22,All ages,559,Schizophrenia,1,Number,1999,101115.79018352008,123907.61604074042,80857.45338697534
6,Incidence,9,Southeast Asia,1,Male,22,All ages,559,Schizophrenia,2,Percent,1999,4.12505847026e-05,5.0517298384e-05,3.24940052372e-05
6,Incidence,9,Southeast Asia,2,Female,22,All ages,559,Schizophrenia,2,Percent,1999,3.40758963494e-05,4.21489568018e-05,2.67868317212e-05
6,Incidence,9,Southeast Asia,3,Both,22,All ages,559,Schizophrenia,2,Percent,1999,3.76445704606e-05,4.6346269179e-05,2.96525866427e-05
6,Incidence,9,Southeast Asia,1,Male,22,All ages,559,Schizophrenia,3,Rate,1999,20.700359544850002,25.2636411329,16.60584416492
6,Incidence,9,Southeast Asia,2,Female,22,All ages,559,Schizophrenia,3,Rate,1999,17.082427008510003,21.09161038637,13.608588247119998
6,Incidence,9,Southeast Asia,3,Both,22,All ages,559,Schizophrenia,3,Rate,1999,18.88118887201,23.13706985724,15.09838222436
6,Incidence,9,Southeast Asia,1,Male,27,Age-standardized,559,Schizophrenia,2,Percent,1999,3.83224920801e-05,4.68867292801e-05,3.06722982794e-05
6,Incidence,9,Southeast Asia,2,Female,27,Age-standardized,559,Schizophrenia,2,Percent,1999,3.09380789607e-05,3.80642428611e-05,2.46314467972e-05
6,Incidence,9,Southeast Asia,3,Both,27,Age-standardized,559,Schizophrenia,2,Percent,1999,3.4559980993e-05,4.21802649198e-05,2.75314402573e-05
6,Incidence,9,Southeast Asia,1,Male,27,Age-standardized,559,Schizophrenia,3,Rate,1999,18.85836924231,22.831830362839998,15.38763991251
6,Incidence,9,Southeast Asia,2,Female,27,Age-standardized,559,Schizophrenia,3,Rate,1999,15.367968662680001,18.74553071218,12.440985045839998
6,Incidence,9,Southeast Asia,3,Both,27,Age-standardized,559,Schizophrenia,3,Rate,1999,17.09315927798,20.76524936972,13.93935159304
6,Incidence,32,Central Asia,1,Male,22,All ages,559,Schizophrenia,1,Number,1999,4902.497554783151,6235.187900199298,3750.906215739026
6,Incidence,32,Central Asia,2,Female,22,All ages,559,Schizophrenia,1,Number,1999,4742.1363953547925,6007.59330355965,3621.691500617652
6,Incidence,32,Central Asia,3,Both,22,All ages,559,Schizophrenia,1,Number,1999,9644.633950137952,12228.068278440496,7372.597716356679
6,Incidence,32,Central Asia,1,Male,22,All ages,559,Schizophrenia,2,Percent,1999,4.1314135633e-05,5.29058483445e-05,3.11164370547e-05
6,Incidence,32,Central Asia,2,Female,22,All ages,559,Schizophrenia,2,Percent,1999,3.68133202379e-05,4.71975753839e-05,2.75096691809e-05
6,Incidence,32,Central Asia,3,Both,22,All ages,559,Schizophrenia,2,Percent,1999,3.89708778353e-05,4.9858923088e-05,2.92631293882e-05
6,Incidence,32,Central Asia,1,Male,22,All ages,559,Schizophrenia,3,Rate,1999,13.52149184783,17.19716153249,10.34530813149
6,Incidence,32,Central Asia,2,Female,22,All ages,559,Schizophrenia,3,Rate,1999,12.57919125442,15.93599568716,9.607051812229999
6,Incidence,32,Central Asia,3,Both,22,All ages,559,Schizophrenia,3,Rate,1999,13.04116013156,16.53439594943,9.96898668231
6,Incidence,32,Central Asia,1,Male,27,Age-standardized,559,Schizophrenia,2,Percent,1999,3.93008676148e-05,5.01847743046e-05,2.95969179936e-05
6,Incidence,32,Central Asia,2,Female,27,Age-standardized,559,Schizophrenia,2,Percent,1999,3.53658574845e-05,4.53339308097e-05,2.66331997622e-05
6,Incidence,32,Central Asia,3,Both,27,Age-standardized,559,Schizophrenia,2,Percent,1999,3.72452750698e-05,4.77227788765e-05,2.80993453325e-05
6,Incidence,32,Central Asia,1,Male,27,Age-standardized,559,Schizophrenia,3,Rate,1999,12.811065394889999,16.22569992057,9.883575813990001
6,Incidence,32,Central Asia,2,Female,27,Age-standardized,559,Schizophrenia,3,Rate,1999,12.064989935929999,15.25312495215,9.219568360730001
6,Incidence,32,Central Asia,3,Both,27,Age-standardized,559,Schizophrenia,3,Rate,1999,12.4283239302,15.73124701594,9.53485856807
6,Incidence,56,Eastern Europe,1,Male,22,All ages,559,Schizophrenia,1,Number,1999,12537.884444513433,15106.260043204707,10423.136081615838
6,Incidence,56,Eastern Europe,2,Female,22,All ages,559,Schizophrenia,1,Number,1999,12646.595738820635,15174.432052673224,10508.476196877333
6,Incidence,56,Eastern Europe,3,Both,22,All ages,559,Schizophrenia,1,Number,1999,25184.48018333409,30231.401814311143,20942.084421569096
6,Incidence,56,Eastern Europe,1,Male,22,All ages,559,Schizophrenia,2,Percent,1999,2.97582655099e-05,3.58609402237e-05,2.40196542743e-05
6,Incidence,56,Eastern Europe,2,Female,22,All ages,559,Schizophrenia,2,Percent,1999,2.48449381051e-05,2.99442924817e-05,2.02056414528e-05
6,Incidence,56,Eastern Europe,3,Both,22,All ages,559,Schizophrenia,2,Percent,1999,2.7069533912e-05,3.24984278376e-05,2.18709661656e-05
6,Incidence,56,Eastern Europe,1,Male,22,All ages,559,Schizophrenia,3,Rate,1999,12.10825010416,14.588615451919999,10.0659675964
6,Incidence,56,Eastern Europe,2,Female,22,All ages,559,Schizophrenia,3,Rate,1999,10.71473181425,12.856421857379999,8.90322633469
6,Incidence,56,Eastern Europe,3,Both,22,All ages,559,Schizophrenia,3,Rate,1999,11.3659528359,13.64366803219,9.451326455350001
6,Incidence,56,Eastern Europe,1,Male,27,Age-standardized,559,Schizophrenia,2,Percent,1999,2.67369391117e-05,3.23465097281e-05,2.14846274547e-05
6,Incidence,56,Eastern Europe,2,Female,27,Age-standardized,559,Schizophrenia,2,Percent,1999,2.50983709593e-05,3.02671637205e-05,2.03077532892e-05
6,Incidence,56,Eastern Europe,3,Both,27,Age-standardized,559,Schizophrenia,2,Percent,1999,2.58433952934e-05,3.11531189406e-05,2.08355848324e-05
6,Incidence,56,Eastern Europe,1,Male,27,Age-standardized,559,Schizophrenia,3,Rate,1999,11.20032745662,13.53180604735,9.20909000049
6,Incidence,56,Eastern Europe,2,Female,27,Age-standardized,559,Schizophrenia,3,Rate,1999,11.192275354540001,13.537609359029998,9.19474301855
6,Incidence,56,Eastern Europe,3,Both,27,Age-standardized,559,Schizophrenia,3,Rate,1999,11.185758373979999,13.52025569926,9.211297636780001
6,Incidence,73,Western Europe,1,Male,22,All ages,559,Schizophrenia,1,Number,1999,30139.703388057547,36597.5301792877,25306.14265824389
6,Incidence,73,Western Europe,2,Female,22,All ages,559,Schizophrenia,1,Number,1999,25521.71140629487,30960.96485672853,21245.52696211959
6,Incidence,73,Western Europe,3,Both,22,All ages,559,Schizophrenia,1,Number,1999,55661.41479435242,67239.92341606057,46617.90903031691
6,Incidence,73,Western Europe,1,Male,22,All ages,559,Schizophrenia,2,Percent,1999,4.04745561356e-05,4.91258662458e-05,3.34817033133e-05
6,Incidence,73,Western Europe,2,Female,22,All ages,559,Schizophrenia,2,Percent,1999,2.79236656023e-05,3.39982188312e-05,2.29218471141e-05
6,Incidence,73,Western Europe,3,Both,22,All ages,559,Schizophrenia,2,Percent,1999,3.35580707291e-05,4.09960705416e-05,2.75875602036e-05
6,Incidence,73,Western Europe,1,Male,22,All ages,559,Schizophrenia,3,Rate,1999,15.56853311867,18.90429555068,13.071778278899998
6,Incidence,73,Western Europe,2,Female,22,All ages,559,Schizophrenia,3,Rate,1999,12.569677105219998,15.248559350889998,10.46361701975
6,Incidence,73,Western Europe,3,Both,22,All ages,559,Schizophrenia,3,Rate,1999,14.03338754757,16.95256772493,11.75333373212
6,Incidence,73,Western Europe,1,Male,27,Age-standardized,559,Schizophrenia,2,Percent,1999,3.78805997359e-05,4.60553987584e-05,3.09139672862e-05
6,Incidence,73,Western Europe,2,Female,27,Age-standardized,559,Schizophrenia,2,Percent,1999,2.77453911019e-05,3.33986063458e-05,2.25409838881e-05
6,Incidence,73,Western Europe,3,Both,27,Age-standardized,559,Schizophrenia,2,Percent,1999,3.24783488813e-05,3.93695702217e-05,2.65540999851e-05
6,Incidence,73,Western Europe,1,Male,27,Age-standardized,559,Schizophrenia,3,Rate,1999,15.396709217800002,18.468778613719998,12.800444509720002
6,Incidence,73,Western Europe,2,Female,27,Age-standardized,559,Schizophrenia,3,Rate,1999,13.08680430399,15.68372094154,10.814370063290001
6,Incidence,73,Western Europe,3,Both,27,Age-standardized,559,Schizophrenia,3,Rate,1999,14.25639867314,17.175011850060002,11.83650115018
6,Incidence,96,Southern Latin America,1,Male,22,All ages,559,Schizophrenia,1,Number,1999,4425.053691314808,5599.577634663907,3321.4877480911123
6,Incidence,96,Southern Latin America,2,Female,22,All ages,559,Schizophrenia,1,Number,1999,4054.747341274183,5124.722813855566,3096.2170913642703
6,Incidence,96,Southern Latin America,3,Both,22,All ages,559,Schizophrenia,1,Number,1999,8479.80103258899,10702.230011249709,6418.930914552073
6,Incidence,96,Southern Latin America,1,Male,22,All ages,559,Schizophrenia,2,Percent,1999,3.57991360849e-05,4.58461208316e-05,2.6486108187e-05
6,Incidence,96,Southern Latin America,2,Female,22,All ages,559,Schizophrenia,2,Percent,1999,2.82746208181e-05,3.60646217387e-05,2.14695476151e-05
6,Incidence,96,Southern Latin America,3,Both,22,All ages,559,Schizophrenia,2,Percent,1999,3.17569666789e-05,4.05237025295e-05,2.37760084726e-05
6,Incidence,96,Southern Latin America,1,Male,22,All ages,559,Schizophrenia,3,Rate,1999,16.53747833003,20.92695371636,12.413189870510001
6,Incidence,96,Southern Latin America,2,Female,22,All ages,559,Schizophrenia,3,Rate,1999,14.51421861849,18.34426192782,11.08310036902
6,Incidence,96,Southern Latin America,3,Both,22,All ages,559,Schizophrenia,3,Rate,1999,15.50404797846,19.567426987170002,11.73605518421
6,Incidence,96,Southern Latin America,1,Male,27,Age-standardized,559,Schizophrenia,2,Percent,1999,3.45941230176e-05,4.4625864859e-05,2.59320082809e-05
6,Incidence,96,Southern Latin America,2,Female,27,Age-standardized,559,Schizophrenia,2,Percent,1999,2.78804509183e-05,3.55545220366e-05,2.12457571737e-05
6,Incidence,96,Southern Latin America,3,Both,27,Age-standardized,559,Schizophrenia,2,Percent,1999,3.10128142636e-05,3.9668658302e-05,2.33942188889e-05
6,Incidence,96,Southern Latin America,1,Male,27,Age-standardized,559,Schizophrenia,3,Rate,1999,16.001326938330003,20.340107329440002,12.12633531911
6,Incidence,96,Southern Latin America,2,Female,27,Age-standardized,559,Schizophrenia,3,Rate,1999,14.439927731949998,18.29413884115,11.05252648107
6,Incidence,96,Southern Latin America,3,Both,27,Age-standardized,559,Schizophrenia,3,Rate,1999,15.217931988259998,19.20212918602,11.570847800080001
6,Incidence,100,High-income North America,1,Male,22,All ages,559,Schizophrenia,1,Number,1999,26205.73693015938,31231.334270769767,21986.67950381184
6,Incidence,100,High-income North America,2,Female,22,All ages,559,Schizophrenia,1,Number,1999,23453.118944481364,28048.402480697176,19540.615227092865
6,Incidence,100,High-income North America,3,Both,22,All ages,559,Schizophrenia,1,Number,1999,49658.85587464077,59234.16073614161,41497.97946262987
6,Incidence,100,High-income North America,1,Male,22,All ages,559,Schizophrenia,2,Percent,1999,3.56143755297e-05,4.26472602354e-05,2.89812330823e-05
6,Incidence,100,High-income North America,2,Female,22,All ages,559,Schizophrenia,2,Percent,1999,2.79386389165e-05,3.37853963866e-05,2.30175178518e-05
6,Incidence,100,High-income North America,3,Both,22,All ages,559,Schizophrenia,2,Percent,1999,3.15236608909e-05,3.78438554232e-05,2.58747184651e-05
6,Incidence,100,High-income North America,1,Male,22,All ages,559,Schizophrenia,3,Rate,1999,17.301129879839998,20.619048873889998,14.515691687500002
6,Incidence,100,High-income North America,2,Female,22,All ages,559,Schizophrenia,3,Rate,1999,14.94077936724,17.868198854910002,12.44832388815
6,Incidence,100,High-income North America,3,Both,22,All ages,559,Schizophrenia,3,Rate,1999,16.0998891974,19.20429715417,13.4540528471
6,Incidence,100,High-income North America,1,Male,27,Age-standardized,559,Schizophrenia,2,Percent,1999,3.55960093333e-05,4.28392741883e-05,2.90143437296e-05
6,Incidence,100,High-income North America,2,Female,27,Age-standardized,559,Schizophrenia,2,Percent,1999,2.95196010541e-05,3.55456416314e-05,2.41803705065e-05
6,Incidence,100,High-income North America,3,Both,27,Age-standardized,559,Schizophrenia,2,Percent,1999,3.2447833119e-05,3.8991715136e-05,2.65033740717e-05
6,Incidence,100,High-income North America,1,Male,27,Age-standardized,559,Schizophrenia,3,Rate,1999,17.7624365143,21.19108630126,14.67593840614
6,Incidence,100,High-income North America,2,Female,27,Age-standardized,559,Schizophrenia,3,Rate,1999,16.26982335186,19.461467942629998,13.44494231613
6,Incidence,100,High-income North America,3,Both,27,Age-standardized,559,Schizophrenia,3,Rate,1999,17.02747973795,20.35882627062,14.04094041066
6,Incidence,70,Australasia,1,Male,22,All ages,559,Schizophrenia,1,Number,1999,2477.95248486246,2783.9544608288224,2196.7141395462995
6,Incidence,70,Australasia,2,Female,22,All ages,559,Schizophrenia,1,Number,1999,1921.3812253944936,2262.350540540915,1647.6281599754188
6,Incidence,70,Australasia,3,Both,22,All ages,559,Schizophrenia,1,Number,1999,4399.333710256952,5025.600878991132,3857.9427544720174
6,Incidence,70,Australasia,1,Male,22,All ages,559,Schizophrenia,2,Percent,1999,5.17037388877e-05,5.91422253625e-05,4.54847717273e-05
6,Incidence,70,Australasia,2,Female,22,All ages,559,Schizophrenia,2,Percent,1999,3.46745609429e-05,4.09250867921e-05,2.94217599937e-05
6,Incidence,70,Australasia,3,Both,22,All ages,559,Schizophrenia,2,Percent,1999,4.25717169321e-05,4.93362062921e-05,3.689716474e-05
6,Incidence,70,Australasia,1,Male,22,All ages,559,Schizophrenia,3,Rate,1999,22.26312915462,25.012399592260003,19.736347207319998
6,Incidence,70,Australasia,2,Female,22,All ages,559,Schizophrenia,3,Rate,1999,16.87272778894,19.86697086929,14.46874835313
6,Incidence,70,Australasia,3,Both,22,All ages,559,Schizophrenia,3,Rate,1999,19.53714382935,22.31835402094,17.13286316602
6,Incidence,70,Australasia,1,Male,27,Age-standardized,559,Schizophrenia,2,Percent,1999,5.25456666764e-05,6.00664787924e-05,4.64559043943e-05
6,Incidence,70,Australasia,2,Female,27,Age-standardized,559,Schizophrenia,2,Percent,1999,3.43125741939e-05,4.00706706809e-05,2.93427055527e-05
6,Incidence,70,Australasia,3,Both,27,Age-standardized,559,Schizophrenia,2,Percent,1999,4.30211515378e-05,4.95150443374e-05,3.76437352249e-05
6,Incidence,70,Australasia,1,Male,27,Age-standardized,559,Schizophrenia,3,Rate,1999,23.1922320988,25.89874107337,20.5058954266
6,Incidence,70,Australasia,2,Female,27,Age-standardized,559,Schizophrenia,3,Rate,1999,17.04387648805,19.75158601038,14.683524029820001
6,Incidence,70,Australasia,3,Both,27,Age-standardized,559,Schizophrenia,3,Rate,1999,20.18642128907,22.90129017134,17.88991052291
6,Incidence,104,Caribbean,1,Male,22,All ages,559,Schizophrenia,1,Number,1999,2905.525139649127,3664.843277590415,2265.3456865036096
6,Incidence,104,Caribbean,2,Female,22,All ages,559,Schizophrenia,1,Number,1999,2253.344996530721,2857.7034436056347,1746.728250125601
6,Incidence,104,Caribbean,3,Both,22,All ages,559,Schizophrenia,1,Number,1999,5158.8701361798485,6498.727073823742,4007.890105563916
6,Incidence,104,Caribbean,1,Male,22,All ages,559,Schizophrenia,2,Percent,1999,3.39384840339e-05,4.28239891962e-05,2.60105940104e-05
6,Incidence,104,Caribbean,2,Female,22,All ages,559,Schizophrenia,2,Percent,1999,2.39178291106e-05,3.0470787138e-05,1.83831785614e-05
6,Incidence,104,Caribbean,3,Both,22,All ages,559,Schizophrenia,2,Percent,1999,2.86881799123e-05,3.6220028937e-05,2.20497475244e-05
6,Incidence,104,Caribbean,1,Male,22,All ages,559,Schizophrenia,3,Rate,1999,14.833814052290002,18.710422762729998,11.56545376916
6,Incidence,104,Caribbean,2,Female,22,All ages,559,Schizophrenia,3,Rate,1999,11.21484393003,14.22272140649,8.69342455039
6,Incidence,104,Caribbean,3,Both,22,All ages,559,Schizophrenia,3,Rate,1999,13.00128401237,16.3779653636,10.10060656254
6,Incidence,104,Caribbean,1,Male,27,Age-standardized,559,Schizophrenia,2,Percent,1999,3.2534034609e-05,4.09490282773e-05,2.51934446455e-05
6,Incidence,104,Caribbean,2,Female,27,Age-standardized,559,Schizophrenia,2,Percent,1999,2.25644805146e-05,2.85399332178e-05,1.73702133254e-05
6,Incidence,104,Caribbean,3,Both,27,Age-standardized,559,Schizophrenia,2,Percent,1999,2.72690364801e-05,3.43589734643e-05,2.10634737082e-05
6,Incidence,104,Caribbean,1,Male,27,Age-standardized,559,Schizophrenia,3,Rate,1999,14.13140058273,17.69992287277,11.1119038006
6,Incidence,104,Caribbean,2,Female,27,Age-standardized,559,Schizophrenia,3,Rate,1999,10.5662349968,13.359749717889999,8.23534977304
6,Incidence,104,Caribbean,3,Both,27,Age-standardized,559,Schizophrenia,3,Rate,1999,12.316493368620002,15.46609745053,9.622487193889999
6,Incidence,138,North Africa and Middle East,1,Male,22,All ages,559,Schizophrenia,1,Number,1999,34402.1097954193,43577.34111105349,26320.169384134373
6,Incidence,138,North Africa and Middle East,2,Female,22,All ages,559,Schizophrenia,1,Number,1999,29355.77763883124,37317.43215514424,22400.302032819243
6,Incidence,138,North Africa and Middle East,3,Both,22,All ages,559,Schizophrenia,1,Number,1999,63757.887434250566,80978.4785167069,48738.49593599146
6,Incidence,138,North Africa and Middle East,1,Male,22,All ages,559,Schizophrenia,2,Percent,1999,3.9490068662e-05,4.98829687014e-05,2.98784255097e-05
6,Incidence,138,North Africa and Middle East,2,Female,22,All ages,559,Schizophrenia,2,Percent,1999,3.2409539696e-05,4.09129031894e-05,2.45036737001e-05
6,Incidence,138,North Africa and Middle East,3,Both,22,All ages,559,Schizophrenia,2,Percent,1999,3.58804978345e-05,4.54346995284e-05,2.71682201847e-05
6,Incidence,138,North Africa and Middle East,1,Male,22,All ages,559,Schizophrenia,3,Rate,1999,16.27688925619,20.61802487004,12.45302932923
6,Incidence,138,North Africa and Middle East,2,Female,22,All ages,559,Schizophrenia,3,Rate,1999,14.608431110740002,18.57042056849,11.14715042239
6,Incidence,138,North Africa and Middle East,3,Both,22,All ages,559,Schizophrenia,3,Rate,1999,15.46371210717,19.64036026053,11.82093855396
6,Incidence,138,North Africa and Middle East,1,Male,27,Age-standardized,559,Schizophrenia,2,Percent,1999,3.74296649054e-05,4.69991768547e-05,2.89792214687e-05
6,Incidence,138,North Africa and Middle East,2,Female,27,Age-standardized,559,Schizophrenia,2,Percent,1999,3.03341210324e-05,3.80118285808e-05,2.3754305286e-05
6,Incidence,138,North Africa and Middle East,3,Both,27,Age-standardized,559,Schizophrenia,2,Percent,1999,3.38048821963e-05,4.24340540244e-05,2.63633112521e-05
6,Incidence,138,North Africa and Middle East,1,Male,27,Age-standardized,559,Schizophrenia,3,Rate,1999,14.94187098656,18.600308391469998,11.857101486200001
6,Incidence,138,North Africa and Middle East,2,Female,27,Age-standardized,559,Schizophrenia,3,Rate,1999,13.354046994579999,16.70020002947,10.55376106729
6,Incidence,138,North Africa and Middle East,3,Both,27,Age-standardized,559,Schizophrenia,3,Rate,1999,14.16927273762,17.65306180027,11.18913723203
6,Incidence,65,High-income Asia Pacific,1,Male,22,All ages,559,Schizophrenia,1,Number,1999,14547.925201470358,17747.337691667133,11789.121405375592
6,Incidence,65,High-income Asia Pacific,2,Female,22,All ages,559,Schizophrenia,1,Number,1999,13051.868475968478,16028.9880366921,10788.360195251493
6,Incidence,65,High-income Asia Pacific,3,Both,22,All ages,559,Schizophrenia,1,Number,1999,27599.793677438814,33640.61233920435,22554.25539664485
6,Incidence,65,High-income Asia Pacific,1,Male,22,All ages,559,Schizophrenia,2,Percent,1999,3.98107371097e-05,4.90293199255e-05,3.18450837607e-05
6,Incidence,65,High-income Asia Pacific,2,Female,22,All ages,559,Schizophrenia,2,Percent,1999,3.24081710923e-05,3.98345184628e-05,2.61504646832e-05
6,Incidence,65,High-income Asia Pacific,3,Both,22,All ages,559,Schizophrenia,2,Percent,1999,3.59294760307e-05,4.43517988015e-05,2.89150570098e-05
6,Incidence,65,High-income Asia Pacific,1,Male,22,All ages,559,Schizophrenia,3,Rate,1999,16.40479147353,20.01257017824,13.293859820769999
6,Incidence,65,High-income Asia Pacific,2,Female,22,All ages,559,Schizophrenia,3,Rate,1999,14.36087485782,17.63657760698,11.87035334982
6,Incidence,65,High-income Asia Pacific,3,Both,22,All ages,559,Schizophrenia,3,Rate,1999,15.37028982645,18.73441401903,12.56043600607
6,Incidence,65,High-income Asia Pacific,1,Male,27,Age-standardized,559,Schizophrenia,2,Percent,1999,3.58647040808e-05,4.3960337381e-05,2.82464219267e-05
6,Incidence,65,High-income Asia Pacific,2,Female,27,Age-standardized,559,Schizophrenia,2,Percent,1999,3.03387037527e-05,3.7197371476e-05,2.414411297e-05
6,Incidence,65,High-income Asia Pacific,3,Both,27,Age-standardized,559,Schizophrenia,2,Percent,1999,3.3071516762e-05,4.08159104445e-05,2.62759940301e-05
6,Incidence,65,High-income Asia Pacific,1,Male,27,Age-standardized,559,Schizophrenia,3,Rate,1999,15.691372345940001,19.23015602568,12.595788650000001
6,Incidence,65,High-income Asia Pacific,2,Female,27,Age-standardized,559,Schizophrenia,3,Rate,1999,14.38093975053,17.49126938263,11.73340364134
6,Incidence,65,High-income Asia Pacific,3,Both,27,Age-standardized,559,Schizophrenia,3,Rate,1999,15.055161736639999,18.37990905206,12.18179395078
6,Incidence,124,Central Latin America,1,Male,22,All ages,559,Schizophrenia,1,Number,1999,15501.435384468636,19255.143785877182,12182.086242778943
6,Incidence,124,Central Latin America,2,Female,22,All ages,559,Schizophrenia,1,Number,1999,13038.849305047832,16298.54071377056,10202.219661786155
6,Incidence,124,Central Latin America,3,Both,22,All ages,559,Schizophrenia,1,Number,1999,28540.284689516477,35588.67115868212,22346.184058122803
6,Incidence,124,Central Latin America,1,Male,22,All ages,559,Schizophrenia,2,Percent,1999,3.57878138911e-05,4.40985339067e-05,2.77885037988e-05
6,Incidence,124,Central Latin America,2,Female,22,All ages,559,Schizophrenia,2,Percent,1999,2.76188103569e-05,3.41164735806e-05,2.14345665576e-05
6,Incidence,124,Central Latin America,3,Both,22,All ages,559,Schizophrenia,2,Percent,1999,3.15273053972e-05,3.89114836018e-05,2.44952350432e-05
6,Incidence,124,Central Latin America,1,Male,22,All ages,559,Schizophrenia,3,Rate,1999,16.10643300657,20.0066429803,12.65753467877
6,Incidence,124,Central Latin America,2,Female,22,All ages,559,Schizophrenia,3,Rate,1999,13.084939761969999,16.35615371099,10.23828304091
6,Incidence,124,Central Latin America,3,Both,22,All ages,559,Schizophrenia,3,Rate,1999,14.56943413211,18.167541281970003,11.40742849207
6,Incidence,124,Central Latin America,1,Male,27,Age-standardized,559,Schizophrenia,2,Percent,1999,3.50143642918e-05,4.32183124947e-05,2.77720370193e-05
6,Incidence,124,Central Latin America,2,Female,27,Age-standardized,559,Schizophrenia,2,Percent,1999,2.58386079335e-05,3.17753582597e-05,2.03436950576e-05
6,Incidence,124,Central Latin America,3,Both,27,Age-standardized,559,Schizophrenia,2,Percent,1999,3.01334968914e-05,3.70835712173e-05,2.37845064937e-05
6,Incidence,124,Central Latin America,1,Male,27,Age-standardized,559,Schizophrenia,3,Rate,1999,15.324329427019999,18.98749110343,12.323428246899999
6,Incidence,124,Central Latin America,2,Female,27,Age-standardized,559,Schizophrenia,3,Rate,1999,12.03848358331,14.86540927443,9.63948183548
6,Incidence,124,Central Latin America,3,Both,27,Age-standardized,559,Schizophrenia,3,Rate,1999,13.62707796966,16.86976579687,10.94009963263
6,Incidence,167,Central Sub-Saharan Africa,1,Male,22,All ages,559,Schizophrenia,1,Number,1999,4509.767746301813,5752.225008009056,3421.261748740548
6,Incidence,167,Central Sub-Saharan Africa,2,Female,22,All ages,559,Schizophrenia,1,Number,1999,4706.244665213244,5999.537906522921,3561.3906754342484
6,Incidence,167,Central Sub-Saharan Africa,3,Both,22,All ages,559,Schizophrenia,1,Number,1999,9216.012411515068,11746.248782620043,6997.005814096562
6,Incidence,167,Central Sub-Saharan Africa,1,Male,22,All ages,559,Schizophrenia,2,Percent,1999,1.96952588118e-05,2.53015690972e-05,1.47861672043e-05
6,Incidence,167,Central Sub-Saharan Africa,2,Female,22,All ages,559,Schizophrenia,2,Percent,1999,2.07235117382e-05,2.67593714369e-05,1.5611909536e-05
6,Incidence,167,Central Sub-Saharan Africa,3,Both,22,All ages,559,Schizophrenia,2,Percent,1999,2.02069009527e-05,2.5989048173e-05,1.5239673589e-05
6,Incidence,167,Central Sub-Saharan Africa,1,Male,22,All ages,559,Schizophrenia,3,Rate,1999,12.71466628644,16.21760265622,9.64577420855
6,Incidence,167,Central Sub-Saharan Africa,2,Female,22,All ages,559,Schizophrenia,3,Rate,1999,13.09933060635,16.69907455169,9.91275150243
6,Incidence,167,Central Sub-Saharan Africa,3,Both,22,All ages,559,Schizophrenia,3,Rate,1999,12.90823316796,16.452160800639998,9.80022362091
6,Incidence,167,Central Sub-Saharan Africa,1,Male,27,Age-standardized,559,Schizophrenia,2,Percent,1999,2.37804072933e-05,3.02895920295e-05,1.84756296947e-05
6,Incidence,167,Central Sub-Saharan Africa,2,Female,27,Age-standardized,559,Schizophrenia,2,Percent,1999,2.45064911065e-05,3.10146833319e-05,1.87550055812e-05
6,Incidence,167,Central Sub-Saharan Africa,3,Both,27,Age-standardized,559,Schizophrenia,2,Percent,1999,2.41368446343e-05,3.07297931854e-05,1.86074846854e-05
6,Incidence,167,Central Sub-Saharan Africa,1,Male,27,Age-standardized,559,Schizophrenia,3,Rate,1999,13.66871266609,17.18843744785,10.76260861836
6,Incidence,167,Central Sub-Saharan Africa,2,Female,27,Age-standardized,559,Schizophrenia,3,Rate,1999,13.99708762726,17.672999151389998,10.94325395746
6,Incidence,167,Central Sub-Saharan Africa,3,Both,27,Age-standardized,559,Schizophrenia,3,Rate,1999,13.82532554462,17.43346486579,10.81210930896
6,Incidence,120,Andean Latin America,1,Male,22,All ages,559,Schizophrenia,1,Number,1999,3545.396301856198,4569.834401022679,2671.640901765848
6,Incidence,120,Andean Latin America,2,Female,22,All ages,559,Schizophrenia,1,Number,1999,2819.582396492463,3620.537265234989,2108.937458850676
6,Incidence,120,Andean Latin America,3,Both,22,All ages,559,Schizophrenia,1,Number,1999,6364.978698348656,8186.572511370103,4768.195471124425
6,Incidence,120,Andean Latin America,1,Male,22,All ages,559,Schizophrenia,2,Percent,1999,3.12703559226e-05,4.01896467596e-05,2.35434416899e-05
6,Incidence,120,Andean Latin America,2,Female,22,All ages,559,Schizophrenia,2,Percent,1999,2.27243295953e-05,2.92472948197e-05,1.69781400634e-05
6,Incidence,120,Andean Latin America,3,Both,22,All ages,559,Schizophrenia,2,Percent,1999,2.68042670937e-05,3.44069370548e-05,2.02394126172e-05
6,Incidence,120,Andean Latin America,1,Male,22,All ages,559,Schizophrenia,3,Rate,1999,15.65282708887,20.17569309996,11.79522104679
6,Incidence,120,Andean Latin America,2,Female,22,All ages,559,Schizophrenia,3,Rate,1999,12.351191107840002,15.85977687036,9.23820833225
6,Incidence,120,Andean Latin America,3,Both,22,All ages,559,Schizophrenia,3,Rate,1999,13.9955396723,18.00092440102,10.48447638933
6,Incidence,120,Andean Latin America,1,Male,27,Age-standardized,559,Schizophrenia,2,Percent,1999,3.12257857614e-05,3.97559841968e-05,2.39168421073e-05
6,Incidence,120,Andean Latin America,2,Female,27,Age-standardized,559,Schizophrenia,2,Percent,1999,2.18250594389e-05,2.80274657678e-05,1.65079903363e-05
6,Incidence,120,Andean Latin America,3,Both,27,Age-standardized,559,Schizophrenia,2,Percent,1999,2.62204802563e-05,3.34353212636e-05,1.99897080571e-05
6,Incidence,120,Andean Latin America,1,Male,27,Age-standardized,559,Schizophrenia,3,Rate,1999,15.03652110229,19.1503184426,11.68519417055
6,Incidence,120,Andean Latin America,2,Female,27,Age-standardized,559,Schizophrenia,3,Rate,1999,11.614622739909999,14.85615934342,8.91003878821
6,Incidence,120,Andean Latin America,3,Both,27,Age-standardized,559,Schizophrenia,3,Rate,1999,13.30196878053,16.91219842529,10.24614074198
6,Incidence,44634,High-middle SDI,1,Male,22,All ages,559,Schizophrenia,1,Number,1999,105827.2552202828,123379.40739160756,90077.7954116287
6,Incidence,44634,High-middle SDI,2,Female,22,All ages,559,Schizophrenia,1,Number,1999,93234.82723741398,109238.70425924084,79729.28432363196
6,Incidence,44634,High-middle SDI,3,Both,22,All ages,559,Schizophrenia,1,Number,1999,199062.0824576969,232220.21337936076,169884.18972556724
6,Incidence,44634,High-middle SDI,1,Male,22,All ages,559,Schizophrenia,2,Percent,1999,5.09515682548e-05,5.99636658284e-05,4.27173279416e-05
6,Incidence,44634,High-middle SDI,2,Female,22,All ages,559,Schizophrenia,2,Percent,1999,4.13025545485e-05,4.84882747586e-05,3.46791201866e-05
6,Incidence,44634,High-middle SDI,3,Both,22,All ages,559,Schizophrenia,2,Percent,1999,4.59259186432e-05,5.39211988961e-05,3.8532941752e-05
6,Incidence,44634,High-middle SDI,1,Male,22,All ages,559,Schizophrenia,3,Rate,1999,18.56131007732,21.63982646044,15.798972469199999
6,Incidence,44634,High-middle SDI,2,Female,22,All ages,559,Schizophrenia,3,Rate,1999,16.20594396589,18.98771491927,13.8584298644
6,Incidence,44634,High-middle SDI,3,Both,22,All ages,559,Schizophrenia,3,Rate,1999,17.378318967869998,20.27305697332,14.83105973874
6,Incidence,44634,High-middle SDI,1,Male,27,Age-standardized,559,Schizophrenia,2,Percent,1999,4.43219242256e-05,5.19446356417e-05,3.72056464733e-05
6,Incidence,44634,High-middle SDI,2,Female,27,Age-standardized,559,Schizophrenia,2,Percent,1999,3.72316290243e-05,4.35950818265e-05,3.14634561498e-05
6,Incidence,44634,High-middle SDI,3,Both,27,Age-standardized,559,Schizophrenia,2,Percent,1999,4.06620113445e-05,4.76189027968e-05,3.42256644149e-05
6,Incidence,44634,High-middle SDI,1,Male,27,Age-standardized,559,Schizophrenia,3,Rate,1999,16.70065609113,19.4575720522,14.223159987690002
6,Incidence,44634,High-middle SDI,2,Female,27,Age-standardized,559,Schizophrenia,3,Rate,1999,15.054322268219998,17.54251661539,12.947930887179998
6,Incidence,44634,High-middle SDI,3,Both,27,Age-standardized,559,Schizophrenia,3,Rate,1999,15.88304582192,18.49518805599,13.6141176559
6,Incidence,159,South Asia,1,Male,22,All ages,559,Schizophrenia,1,Number,1999,119736.750431646,146284.14143784004,97247.1017697046
6,Incidence,159,South Asia,2,Female,22,All ages,559,Schizophrenia,1,Number,1999,86970.8584221462,106919.39946830831,70192.52761678427
6,Incidence,159,South Asia,3,Both,22,All ages,559,Schizophrenia,1,Number,1999,206707.60885379216,253511.0171791096,166856.44036488648
6,Incidence,159,South Asia,1,Male,22,All ages,559,Schizophrenia,2,Percent,1999,3.48819078303e-05,4.25757118908e-05,2.80681174774e-05
6,Incidence,159,South Asia,2,Female,22,All ages,559,Schizophrenia,2,Percent,1999,2.54141219351e-05,3.12370395577e-05,2.01380697102e-05
6,Incidence,159,South Asia,3,Both,22,All ages,559,Schizophrenia,2,Percent,1999,3.01548392786e-05,3.68886253308e-05,2.39432113591e-05
6,Incidence,159,South Asia,1,Male,22,All ages,559,Schizophrenia,3,Rate,1999,17.75447635707,21.69090376354,14.41972796939
6,Incidence,159,South Asia,2,Female,22,All ages,559,Schizophrenia,3,Rate,1999,13.89927936939,17.08736271182,11.21784432958
6,Incidence,159,South Asia,3,Both,22,All ages,559,Schizophrenia,3,Rate,1999,15.899053684990001,19.49896907142,12.833874465280001
6,Incidence,159,South Asia,1,Male,27,Age-standardized,559,Schizophrenia,2,Percent,1999,3.44125511853e-05,4.1664404901e-05,2.77598587163e-05
6,Incidence,159,South Asia,2,Female,27,Age-standardized,559,Schizophrenia,2,Percent,1999,2.42504167462e-05,2.93997681581e-05,1.93524666602e-05
6,Incidence,159,South Asia,3,Both,27,Age-standardized,559,Schizophrenia,2,Percent,1999,2.92508532151e-05,3.53849561618e-05,2.35242108424e-05
6,Incidence,159,South Asia,1,Male,27,Age-standardized,559,Schizophrenia,3,Rate,1999,17.10553385112,20.812689081650003,14.002212358929999
6,Incidence,159,South Asia,2,Female,27,Age-standardized,559,Schizophrenia,3,Rate,1999,13.072401864620002,15.832594492030001,10.68031696262
6,Incidence,159,South Asia,3,Both,27,Age-standardized,559,Schizophrenia,3,Rate,1999,15.13424540473,18.3630093081,12.39182816907
6,Incidence,134,Tropical Latin America,1,Male,22,All ages,559,Schizophrenia,1,Number,1999,14891.532058767538,18088.851601507944,12107.395698972849
6,Incidence,134,Tropical Latin America,2,Female,22,All ages,559,Schizophrenia,1,Number,1999,12002.43489989184,14552.530041728653,9740.603108639563
6,Incidence,134,Tropical Latin America,3,Both,22,All ages,559,Schizophrenia,1,Number,1999,26893.966958659392,32701.532686020957,21790.233698547014
6,Incidence,134,Tropical Latin America,1,Male,22,All ages,559,Schizophrenia,2,Percent,1999,3.09549037478e-05,3.75450199174e-05,2.48763803431e-05
6,Incidence,134,Tropical Latin America,2,Female,22,All ages,559,Schizophrenia,2,Percent,1999,2.33118657627e-05,2.82449367598e-05,1.87212985986e-05
6,Incidence,134,Tropical Latin America,3,Both,22,All ages,559,Schizophrenia,2,Percent,1999,2.70033461589e-05,3.26416356283e-05,2.17159427586e-05
6,Incidence,134,Tropical Latin America,1,Male,22,All ages,559,Schizophrenia,3,Rate,1999,17.05221748743,20.71345180533,13.86411712714
6,Incidence,134,Tropical Latin America,2,Female,22,All ages,559,Schizophrenia,3,Rate,1999,13.381787752900001,16.22494684707,10.86002002696
6,Incidence,134,Tropical Latin America,3,Both,22,All ages,559,Schizophrenia,3,Rate,1999,15.19250175711,18.4732171924,12.30938389498
6,Incidence,134,Tropical Latin America,1,Male,27,Age-standardized,559,Schizophrenia,2,Percent,1999,2.81431933401e-05,3.41413078628e-05,2.28979572817e-05
6,Incidence,134,Tropical Latin America,2,Female,27,Age-standardized,559,Schizophrenia,2,Percent,1999,2.10931144763e-05,2.53547302075e-05,1.70338617035e-05
6,Incidence,134,Tropical Latin America,3,Both,27,Age-standardized,559,Schizophrenia,2,Percent,1999,2.44750204601e-05,2.95585297032e-05,1.9888411866e-05
6,Incidence,134,Tropical Latin America,1,Male,27,Age-standardized,559,Schizophrenia,3,Rate,1999,15.44412731316,18.568804614210002,12.69364247397
6,Incidence,134,Tropical Latin America,2,Female,27,Age-standardized,559,Schizophrenia,3,Rate,1999,12.1266972996,14.72753640558,9.95211055767
6,Incidence,134,Tropical Latin America,3,Both,27,Age-standardized,559,Schizophrenia,3,Rate,1999,13.76136886663,16.67953231441,11.28465355709
6,Incidence,174,Eastern Sub-Saharan Africa,1,Male,22,All ages,559,Schizophrenia,1,Number,1999,15360.5962717483,19189.39675787306,11928.399552044822
6,Incidence,174,Eastern Sub-Saharan Africa,2,Female,22,All ages,559,Schizophrenia,1,Number,1999,16951.635557726564,21271.576632920165,13058.053765224442
6,Incidence,174,Eastern Sub-Saharan Africa,3,Both,22,All ages,559,Schizophrenia,1,Number,1999,32312.231829474866,40537.636035071126,25041.053997482148
6,Incidence,174,Eastern Sub-Saharan Africa,1,Male,22,All ages,559,Schizophrenia,2,Percent,1999,1.90996764906e-05,2.38353592494e-05,1.4673905645e-05
6,Incidence,174,Eastern Sub-Saharan Africa,2,Female,22,All ages,559,Schizophrenia,2,Percent,1999,2.09495420713e-05,2.62235814147e-05,1.59988522606e-05
6,Incidence,174,Eastern Sub-Saharan Africa,3,Both,22,All ages,559,Schizophrenia,2,Percent,1999,2.00272026999e-05,2.50362643593e-05,1.53934069659e-05
6,Incidence,174,Eastern Sub-Saharan Africa,1,Male,22,All ages,559,Schizophrenia,3,Rate,1999,12.72441374657,15.8961162428,9.88124995602
6,Incidence,174,Eastern Sub-Saharan Africa,2,Female,22,All ages,559,Schizophrenia,3,Rate,1999,13.83465553741,17.36026794889,10.657005645009999
6,Incidence,174,Eastern Sub-Saharan Africa,3,Both,22,All ages,559,Schizophrenia,3,Rate,1999,13.28367147922,16.66516390685,10.29446485008
6,Incidence,174,Eastern Sub-Saharan Africa,1,Male,27,Age-standardized,559,Schizophrenia,2,Percent,1999,2.30466482695e-05,2.86427164614e-05,1.84613219033e-05
6,Incidence,174,Eastern Sub-Saharan Africa,2,Female,27,Age-standardized,559,Schizophrenia,2,Percent,1999,2.3356647695e-05,2.90530837224e-05,1.85352108013e-05
6,Incidence,174,Eastern Sub-Saharan Africa,3,Both,27,Age-standardized,559,Schizophrenia,2,Percent,1999,2.32110413742e-05,2.88413562711e-05,1.85194776399e-05
6,Incidence,174,Eastern Sub-Saharan Africa,1,Male,27,Age-standardized,559,Schizophrenia,3,Rate,1999,14.107494996439998,17.42747067984,11.46874265425
6,Incidence,174,Eastern Sub-Saharan Africa,2,Female,27,Age-standardized,559,Schizophrenia,3,Rate,1999,14.43316840305,17.998641715490002,11.63072875522
6,Incidence,174,Eastern Sub-Saharan Africa,3,Both,27,Age-standardized,559,Schizophrenia,3,Rate,1999,14.28240027021,17.7280547109,11.56558987814
6,Incidence,44635,High SDI,1,Male,22,All ages,559,Schizophrenia,1,Number,1999,77798.42735683227,92847.99105375123,64696.03401801606
6,Incidence,44635,High SDI,2,Female,22,All ages,559,Schizophrenia,1,Number,1999,67742.86419592274,81203.61961714613,56491.648100833656
6,Incidence,44635,High SDI,3,Both,22,All ages,559,Schizophrenia,1,Number,1999,145541.29155275508,173800.9040529736,121124.38515758356
6,Incidence,44635,High SDI,1,Male,22,All ages,559,Schizophrenia,2,Percent,1999,4.03363038052e-05,4.86044103081e-05,3.3146965427e-05
6,Incidence,44635,High SDI,2,Female,22,All ages,559,Schizophrenia,2,Percent,1999,3.06928803371e-05,3.70870830489e-05,2.52591231658e-05
6,Incidence,44635,High SDI,3,Both,22,All ages,559,Schizophrenia,2,Percent,1999,3.5189858381e-05,4.24923046742e-05,2.90138403254e-05
6,Incidence,44635,High SDI,1,Male,22,All ages,559,Schizophrenia,3,Rate,1999,16.7976297889,20.0470142309,13.96866318724
6,Incidence,44635,High SDI,2,Female,22,All ages,559,Schizophrenia,3,Rate,1999,14.28905405947,17.12834147636,11.9158264594
6,Incidence,44635,High SDI,3,Both,22,All ages,559,Schizophrenia,3,Rate,1999,15.52870385137,18.54389733213,12.92351253878
6,Incidence,44635,High SDI,1,Male,27,Age-standardized,559,Schizophrenia,2,Percent,1999,3.80738935879e-05,4.59199934101e-05,3.09048932399e-05
6,Incidence,44635,High SDI,2,Female,27,Age-standardized,559,Schizophrenia,2,Percent,1999,3.06669380965e-05,3.67800905802e-05,2.49694168813e-05
6,Incidence,44635,High SDI,3,Both,27,Age-standardized,559,Schizophrenia,2,Percent,1999,3.4239340442e-05,4.12181157975e-05,2.78669167736e-05
6,Incidence,44635,High SDI,1,Male,27,Age-standardized,559,Schizophrenia,3,Rate,1999,16.50895913158,19.86109367109,13.62406882767
6,Incidence,44635,High SDI,2,Female,27,Age-standardized,559,Schizophrenia,3,Rate,1999,14.81642525976,17.77853097546,12.21298933492
6,Incidence,44635,High SDI,3,Both,27,Age-standardized,559,Schizophrenia,3,Rate,1999,15.68102967535,18.84110667195,12.927463191180001
6,Incidence,44636,Low-middle SDI,1,Male,22,All ages,559,Schizophrenia,1,Number,1999,116976.45828487372,143603.16774285742,93719.66952974786
6,Incidence,44636,Low-middle SDI,2,Female,22,All ages,559,Schizophrenia,1,Number,1999,95339.45033730546,117755.5663188458,75163.10840572213
6,Incidence,44636,Low-middle SDI,3,Both,22,All ages,559,Schizophrenia,1,Number,1999,212315.90862217915,261331.28866826295,168882.77793547
6,Incidence,44636,Low-middle SDI,1,Male,22,All ages,559,Schizophrenia,2,Percent,1999,3.25844434137e-05,3.97839165203e-05,2.58852578874e-05
6,Incidence,44636,Low-middle SDI,2,Female,22,All ages,559,Schizophrenia,2,Percent,1999,2.60468153578e-05,3.19002995191e-05,2.04391240394e-05
6,Incidence,44636,Low-middle SDI,3,Both,22,All ages,559,Schizophrenia,2,Percent,1999,2.92836782356e-05,3.5812098374e-05,2.31515977066e-05
6,Incidence,44636,Low-middle SDI,1,Male,22,All ages,559,Schizophrenia,3,Rate,1999,16.83301542284,20.66462237639,13.486343027890001
6,Incidence,44636,Low-middle SDI,2,Female,22,All ages,559,Schizophrenia,3,Rate,1999,14.18665953522,17.52221270242,11.18438825468
6,Incidence,44636,Low-middle SDI,3,Both,22,All ages,559,Schizophrenia,3,Rate,1999,15.531991302699998,19.11771627976,12.354636329849999
6,Incidence,44636,Low-middle SDI,1,Male,27,Age-standardized,559,Schizophrenia,2,Percent,1999,3.31795469547e-05,4.06402818479e-05,2.67563382041e-05
6,Incidence,44636,Low-middle SDI,2,Female,27,Age-standardized,559,Schizophrenia,2,Percent,1999,2.54457700944e-05,3.12022263094e-05,2.01341196326e-05
6,Incidence,44636,Low-middle SDI,3,Both,27,Age-standardized,559,Schizophrenia,2,Percent,1999,2.91987617698e-05,3.57884596306e-05,2.32695065646e-05
6,Incidence,44636,Low-middle SDI,1,Male,27,Age-standardized,559,Schizophrenia,3,Rate,1999,16.50210782427,20.01275771746,13.51661185192
6,Incidence,44636,Low-middle SDI,2,Female,27,Age-standardized,559,Schizophrenia,3,Rate,1999,13.492205065910001,16.496486780610002,10.96169852329
6,Incidence,44636,Low-middle SDI,3,Both,27,Age-standardized,559,Schizophrenia,3,Rate,1999,14.999009808619999,18.23990742445,12.248038780180002
6,Incidence,199,Western Sub-Saharan Africa,1,Male,22,All ages,559,Schizophrenia,1,Number,1999,15381.273044914746,19063.296798493957,12172.392766608686
6,Incidence,199,Western Sub-Saharan Africa,2,Female,22,All ages,559,Schizophrenia,1,Number,1999,20489.5878847816,25454.47540379876,15987.45923532085
6,Incidence,199,Western Sub-Saharan Africa,3,Both,22,All ages,559,Schizophrenia,1,Number,1999,35870.860929696326,44562.26940941274,28120.502194439294
6,Incidence,199,Western Sub-Saharan Africa,1,Male,22,All ages,559,Schizophrenia,2,Percent,1999,1.95867107751e-05,2.42868613892e-05,1.53822625689e-05
6,Incidence,199,Western Sub-Saharan Africa,2,Female,22,All ages,559,Schizophrenia,2,Percent,1999,2.52528709319e-05,3.13262358372e-05,1.96470673734e-05
6,Incidence,199,Western Sub-Saharan Africa,3,Both,22,All ages,559,Schizophrenia,2,Percent,1999,2.24659900557e-05,2.78805559627e-05,1.74441464028e-05
6,Incidence,199,Western Sub-Saharan Africa,1,Male,22,All ages,559,Schizophrenia,3,Rate,1999,12.223547683,15.14966392776,9.67344009592
6,Incidence,199,Western Sub-Saharan Africa,2,Female,22,All ages,559,Schizophrenia,3,Rate,1999,16.28433890969,20.23024116321,12.70621966419
6,Incidence,199,Western Sub-Saharan Africa,3,Both,22,All ages,559,Schizophrenia,3,Rate,1999,14.2538686815,17.707540879950002,11.17413786981
6,Incidence,199,Western Sub-Saharan Africa,1,Male,27,Age-standardized,559,Schizophrenia,2,Percent,1999,2.33966349347e-05,2.88328194069e-05,1.87266973361e-05
6,Incidence,199,Western Sub-Saharan Africa,2,Female,27,Age-standardized,559,Schizophrenia,2,Percent,1999,2.75450103951e-05,3.4170574382e-05,2.18836800973e-05
6,Incidence,199,Western Sub-Saharan Africa,3,Both,27,Age-standardized,559,Schizophrenia,2,Percent,1999,2.56229021493e-05,3.16829099891e-05,2.04263883768e-05
6,Incidence,199,Western Sub-Saharan Africa,1,Male,27,Age-standardized,559,Schizophrenia,3,Rate,1999,13.368088404860002,16.416667737020003,10.8744189859
6,Incidence,199,Western Sub-Saharan Africa,2,Female,27,Age-standardized,559,Schizophrenia,3,Rate,1999,16.57688534434,20.38264415871,13.47155929922
6,Incidence,199,Western Sub-Saharan Africa,3,Both,27,Age-standardized,559,Schizophrenia,3,Rate,1999,15.0323055459,18.51040046104,12.22369287143
6,Incidence,192,Southern Sub-Saharan Africa,1,Male,22,All ages,559,Schizophrenia,1,Number,1999,4413.360075659692,5405.729403758587,3526.295945379509
6,Incidence,192,Southern Sub-Saharan Africa,2,Female,22,All ages,559,Schizophrenia,1,Number,1999,4920.017793141154,6038.614184939088,3906.2559043907913
6,Incidence,192,Southern Sub-Saharan Africa,3,Both,22,All ages,559,Schizophrenia,1,Number,1999,9333.37786880084,11407.718519561882,7427.545435596352
6,Incidence,192,Southern Sub-Saharan Africa,1,Male,22,All ages,559,Schizophrenia,2,Percent,1999,2.27077932282e-05,2.79115606624e-05,1.8037329814e-05
6,Incidence,192,Southern Sub-Saharan Africa,2,Female,22,All ages,559,Schizophrenia,2,Percent,1999,2.294627555e-05,2.82039449591e-05,1.80919546366e-05
6,Incidence,192,Southern Sub-Saharan Africa,3,Both,22,All ages,559,Schizophrenia,2,Percent,1999,2.28325224335e-05,2.79747794135e-05,1.80398997019e-05
6,Incidence,192,Southern Sub-Saharan Africa,1,Male,22,All ages,559,Schizophrenia,3,Rate,1999,14.6249696298,17.91347794007,11.68542113554
6,Incidence,192,Southern Sub-Saharan Africa,2,Female,22,All ages,559,Schizophrenia,3,Rate,1999,15.122171428229999,18.56029037555,12.00627191045
6,Incidence,192,Southern Sub-Saharan Africa,3,Both,22,All ages,559,Schizophrenia,3,Rate,1999,14.882919002769999,18.190643636169998,11.84389603221
6,Incidence,192,Southern Sub-Saharan Africa,1,Male,27,Age-standardized,559,Schizophrenia,2,Percent,1999,2.20315671157e-05,2.69287262767e-05,1.77629281249e-05
6,Incidence,192,Southern Sub-Saharan Africa,2,Female,27,Age-standardized,559,Schizophrenia,2,Percent,1999,2.17960981993e-05,2.66837748467e-05,1.73967306789e-05
6,Incidence,192,Southern Sub-Saharan Africa,3,Both,27,Age-standardized,559,Schizophrenia,2,Percent,1999,2.18933476979e-05,2.67767674655e-05,1.75248686016e-05
6,Incidence,192,Southern Sub-Saharan Africa,1,Male,27,Age-standardized,559,Schizophrenia,3,Rate,1999,13.75016349401,16.7192963136,11.35313926197
6,Incidence,192,Southern Sub-Saharan Africa,2,Female,27,Age-standardized,559,Schizophrenia,3,Rate,1999,14.05079682629,17.15245862796,11.355148420959999
6,Incidence,192,Southern Sub-Saharan Africa,3,Both,27,Age-standardized,559,Schizophrenia,3,Rate,1999,13.900578860260001,16.923846943010002,11.354544351000001
6,Incidence,44639,Middle SDI,1,Male,22,All ages,559,Schizophrenia,1,Number,1999,186472.8801353211,224606.036659459,154379.1787296135
6,Incidence,44639,Middle SDI,2,Female,22,All ages,559,Schizophrenia,1,Number,1999,155745.92036105972,187785.3539477396,127866.63026490853
6,Incidence,44639,Middle SDI,3,Both,22,All ages,559,Schizophrenia,1,Number,1999,342218.80049638083,411573.281009689,282538.41108858073
6,Incidence,44639,Middle SDI,1,Male,22,All ages,559,Schizophrenia,2,Percent,1999,4.49383971195e-05,5.41627137054e-05,3.66649785154e-05
6,Incidence,44639,Middle SDI,2,Female,22,All ages,559,Schizophrenia,2,Percent,1999,3.6763293489e-05,4.43566451118e-05,2.98945066939e-05
6,Incidence,44639,Middle SDI,3,Both,22,All ages,559,Schizophrenia,2,Percent,1999,4.08082225827e-05,4.93102255087e-05,3.32423420289e-05
6,Incidence,44639,Middle SDI,1,Male,22,All ages,559,Schizophrenia,3,Rate,1999,18.9410600612,22.814451234889997,15.68112904351
6,Incidence,44639,Middle SDI,2,Female,22,All ages,559,Schizophrenia,3,Rate,1999,16.392658962120002,19.76489180718,13.458291926420001
6,Incidence,44639,Middle SDI,3,Both,22,All ages,559,Schizophrenia,3,Rate,1999,17.68951330499,21.27449169899,14.604594998500001
6,Incidence,44639,Middle SDI,1,Male,27,Age-standardized,559,Schizophrenia,2,Percent,1999,4.08788790064e-05,4.92718651259e-05,3.33633092937e-05
6,Incidence,44639,Middle SDI,2,Female,27,Age-standardized,559,Schizophrenia,2,Percent,1999,3.29906822036e-05,3.9698666225e-05,2.68383090444e-05
6,Incidence,44639,Middle SDI,3,Both,27,Age-standardized,559,Schizophrenia,2,Percent,1999,3.68692825596e-05,4.42687299453e-05,3.00412475264e-05
6,Incidence,44639,Middle SDI,1,Male,27,Age-standardized,559,Schizophrenia,3,Rate,1999,17.21805975066,20.58330350715,14.344023246779999
6,Incidence,44639,Middle SDI,2,Female,27,Age-standardized,559,Schizophrenia,3,Rate,1999,14.74528348019,17.66708034777,12.286247723629998
6,Incidence,44639,Middle SDI,3,Both,27,Age-standardized,559,Schizophrenia,3,Rate,1999,15.99943316675,19.09243829951,13.329766923820001
6,Incidence,44637,Low SDI,1,Male,22,All ages,559,Schizophrenia,1,Number,1999,44212.43509021324,54844.49861296899,34890.30537443315
6,Incidence,44637,Low SDI,2,Female,22,All ages,559,Schizophrenia,1,Number,1999,43272.36500236294,54132.07154304147,33670.92729655977
6,Incidence,44637,Low SDI,3,Both,22,All ages,559,Schizophrenia,1,Number,1999,87484.80009257613,108990.50650771036,68457.19233498115
6,Incidence,44637,Low SDI,1,Male,22,All ages,559,Schizophrenia,2,Percent,1999,2.28375811805e-05,2.8115860068e-05,1.76996726743e-05
6,Incidence,44637,Low SDI,2,Female,22,All ages,559,Schizophrenia,2,Percent,1999,2.24038055018e-05,2.78598090589e-05,1.72150355593e-05
6,Incidence,44637,Low SDI,3,Both,22,All ages,559,Schizophrenia,2,Percent,1999,2.26208028019e-05,2.79623471056e-05,1.74726930524e-05
6,Incidence,44637,Low SDI,1,Male,22,All ages,559,Schizophrenia,3,Rate,1999,13.84990447543,17.1804847492,10.92967160864
6,Incidence,44637,Low SDI,2,Female,22,All ages,559,Schizophrenia,3,Rate,1999,13.7791180842,17.23714906484,10.72175470877
6,Incidence,44637,Low SDI,3,Both,22,All ages,559,Schizophrenia,3,Rate,1999,13.814800927810001,17.210785746,10.81013482552
6,Incidence,44637,Low SDI,1,Male,27,Age-standardized,559,Schizophrenia,2,Percent,1999,2.67071226097e-05,3.28555581266e-05,2.13090931291e-05
6,Incidence,44637,Low SDI,2,Female,27,Age-standardized,559,Schizophrenia,2,Percent,1999,2.47408881377e-05,3.06738477081e-05,1.9594936001e-05
6,Incidence,44637,Low SDI,3,Both,27,Age-standardized,559,Schizophrenia,2,Percent,1999,2.57034788664e-05,3.16928604198e-05,2.04421036114e-05
6,Incidence,44637,Low SDI,1,Male,27,Age-standardized,559,Schizophrenia,3,Rate,1999,14.94082718253,18.26412554542,12.15291555389
6,Incidence,44637,Low SDI,2,Female,27,Age-standardized,559,Schizophrenia,3,Rate,1999,14.277915034820001,17.62946872829,11.54334139431
6,Incidence,44637,Low SDI,3,Both,27,Age-standardized,559,Schizophrenia,3,Rate,1999,14.609525471620001,17.91946233527,11.849588008540001
