measure_id,measure_name,location_id,location_name,sex_id,sex_name,age_id,age_name,cause_id,cause_name,metric_id,metric_name,year,val,upper,lower
2,DALYs (Disability-Adjusted Life Years),96,Southern Latin America,1,Male,22,All ages,559,Schizophrenia,1,Number,1995,45654.475805912836,62779.81383524739,31947.59881189769
2,DALYs (Disability-Adjusted Life Years),96,Southern Latin America,2,Female,22,All ages,559,Schizophrenia,1,Number,1995,45925.92103287783,62453.50073571829,32122.19595024298
2,DALYs (Disability-Adjusted Life Years),96,Southern Latin America,3,Both,22,All ages,559,Schizophrenia,1,Number,1995,91580.39683879075,124477.93740227283,64725.38995891447
2,DALYs (Disability-Adjusted Life Years),96,Southern Latin America,1,Male,22,All ages,559,Schizophrenia,2,Percent,1995,0.0053020509838049915,0.007161712299252219,0.003722164276044269
2,DALYs (Disability-Adjusted Life Years),96,Southern Latin America,2,Female,22,All ages,559,Schizophrenia,2,Percent,1995,0.006261926765970753,0.008247519488436801,0.004455349330500596
2,DALYs (Disability-Adjusted Life Years),96,Southern Latin America,3,Both,22,All ages,559,Schizophrenia,2,Percent,1995,0.00574265540368406,0.007565001431231488,0.0040745592872605515
2,DALYs (Disability-Adjusted Life Years),96,Southern Latin America,1,Male,22,All ages,559,Schizophrenia,3,Rate,1995,177.7342230910089,244.403669976225,124.37294600851554
2,DALYs (Disability-Adjusted Life Years),96,Southern Latin America,2,Female,22,All ages,559,Schizophrenia,3,Rate,1995,171.32891643655515,232.98586872237473,119.8334383273004
2,DALYs (Disability-Adjusted Life Years),96,Southern Latin America,3,Both,22,All ages,559,Schizophrenia,3,Rate,1995,174.46331210866646,237.13408101827747,123.3037451195474
2,DALYs (Disability-Adjusted Life Years),96,Southern Latin America,1,Male,27,Age-standardized,559,Schizophrenia,3,Rate,1995,182.76974618486713,251.4296521298585,128.50566727008126
2,DALYs (Disability-Adjusted Life Years),96,Southern Latin America,2,Female,27,Age-standardized,559,Schizophrenia,3,Rate,1995,173.56307712654703,236.43645090574938,121.11383789877523
2,DALYs (Disability-Adjusted Life Years),96,Southern Latin America,3,Both,27,Age-standardized,559,Schizophrenia,3,Rate,1995,178.23368083305462,241.90637288254808,125.80663483778864
2,DALYs (Disability-Adjusted Life Years),120,Andean Latin America,1,Male,22,All ages,559,Schizophrenia,1,Number,1995,29938.61859435728,41139.34203657767,21051.35410754827
2,DALYs (Disability-Adjusted Life Years),120,Andean Latin America,2,Female,22,All ages,559,Schizophrenia,1,Number,1995,24229.544897095184,33730.464257366155,16833.35373914518
2,DALYs (Disability-Adjusted Life Years),120,Andean Latin America,3,Both,22,All ages,559,Schizophrenia,1,Number,1995,54168.16349145248,74790.57001310532,38026.40073044643
2,DALYs (Disability-Adjusted Life Years),120,Andean Latin America,1,Male,22,All ages,559,Schizophrenia,2,Percent,1995,0.0036766679873172525,0.004989151632980299,0.0026166597415288803
2,DALYs (Disability-Adjusted Life Years),120,Andean Latin America,2,Female,22,All ages,559,Schizophrenia,2,Percent,1995,0.003240626993296601,0.004403468194876087,0.002289987132420376
2,DALYs (Disability-Adjusted Life Years),120,Andean Latin America,3,Both,22,All ages,559,Schizophrenia,2,Percent,1995,0.0034676529177551296,0.004671541708323824,0.0024562018305115912
2,DALYs (Disability-Adjusted Life Years),120,Andean Latin America,1,Male,22,All ages,559,Schizophrenia,3,Rate,1995,142.79560363088044,196.21871198150632,100.40679758021088
2,DALYs (Disability-Adjusted Life Years),120,Andean Latin America,2,Female,22,All ages,559,Schizophrenia,3,Rate,1995,114.28756343082703,159.10214532453497,79.40070650880241
2,DALYs (Disability-Adjusted Life Years),120,Andean Latin America,3,Both,22,All ages,559,Schizophrenia,3,Rate,1995,128.46233187267632,177.36933295673268,90.1813869198061
2,DALYs (Disability-Adjusted Life Years),120,Andean Latin America,1,Male,27,Age-standardized,559,Schizophrenia,3,Rate,1995,171.41343089672475,233.56308140877468,118.9752518823314
2,DALYs (Disability-Adjusted Life Years),120,Andean Latin America,2,Female,27,Age-standardized,559,Schizophrenia,3,Rate,1995,134.2128082429554,184.91123314547593,94.51842429249615
2,DALYs (Disability-Adjusted Life Years),120,Andean Latin America,3,Both,27,Age-standardized,559,Schizophrenia,3,Rate,1995,152.4741830638435,209.14672310998117,106.33053628881046
2,DALYs (Disability-Adjusted Life Years),1,Global,1,Male,22,All ages,559,Schizophrenia,1,Number,1995,5182323.659221759,6647885.4783696225,3826143.938453322
2,DALYs (Disability-Adjusted Life Years),1,Global,2,Female,22,All ages,559,Schizophrenia,1,Number,1995,4512684.834976139,5798833.566900544,3332519.3441056814
2,DALYs (Disability-Adjusted Life Years),1,Global,3,Both,22,All ages,559,Schizophrenia,1,Number,1995,9695008.494197903,12465852.479844764,7150553.260808021
2,DALYs (Disability-Adjusted Life Years),1,Global,1,Male,22,All ages,559,Schizophrenia,2,Percent,1995,0.003669330622584463,0.004698489476411872,0.0027372359955847585
2,DALYs (Disability-Adjusted Life Years),1,Global,2,Female,22,All ages,559,Schizophrenia,2,Percent,1995,0.003670815427574693,0.004692349397989181,0.0027336853939875115
2,DALYs (Disability-Adjusted Life Years),1,Global,3,Both,22,All ages,559,Schizophrenia,2,Percent,1995,0.0036697729509683054,0.004692852143363815,0.0027278035427916463
2,DALYs (Disability-Adjusted Life Years),1,Global,1,Male,22,All ages,559,Schizophrenia,3,Rate,1995,179.60390257294404,230.39591007569206,132.60275280745935
2,DALYs (Disability-Adjusted Life Years),1,Global,2,Female,22,All ages,559,Schizophrenia,3,Rate,1995,158.9733105266511,204.28188606885573,117.39832314910281
2,DALYs (Disability-Adjusted Life Years),1,Global,3,Both,22,All ages,559,Schizophrenia,3,Rate,1995,169.37289972525713,217.77985891628424,124.92097775342354
2,DALYs (Disability-Adjusted Life Years),1,Global,1,Male,27,Age-standardized,559,Schizophrenia,3,Rate,1995,187.5830882428517,239.72691173659217,138.85619021242076
2,DALYs (Disability-Adjusted Life Years),1,Global,2,Female,27,Age-standardized,559,Schizophrenia,3,Rate,1995,165.57498905806244,211.9983700354951,122.44612208530843
2,DALYs (Disability-Adjusted Life Years),1,Global,3,Both,27,Age-standardized,559,Schizophrenia,3,Rate,1995,176.71620180799067,225.99782150233065,130.6690894073668
2,DALYs (Disability-Adjusted Life Years),134,Tropical Latin America,1,Male,22,All ages,559,Schizophrenia,1,Number,1995,128455.46500016574,165403.60067971653,95156.45742420884
2,DALYs (Disability-Adjusted Life Years),134,Tropical Latin America,2,Female,22,All ages,559,Schizophrenia,1,Number,1995,107704.05206530003,139021.94465287458,79732.27884238737
2,DALYs (Disability-Adjusted Life Years),134,Tropical Latin America,3,Both,22,All ages,559,Schizophrenia,1,Number,1995,236159.51706546565,303188.47942988656,175377.10560992378
2,DALYs (Disability-Adjusted Life Years),134,Tropical Latin America,1,Male,22,All ages,559,Schizophrenia,2,Percent,1995,0.004035191473472738,0.0051513087137499015,0.002961911094516819
2,DALYs (Disability-Adjusted Life Years),134,Tropical Latin America,2,Female,22,All ages,559,Schizophrenia,2,Percent,1995,0.004265434866301572,0.005470306808369886,0.0031395717270171052
2,DALYs (Disability-Adjusted Life Years),134,Tropical Latin America,3,Both,22,All ages,559,Schizophrenia,2,Percent,1995,0.004136305672507684,0.005302607431344671,0.003064216557811269
2,DALYs (Disability-Adjusted Life Years),134,Tropical Latin America,1,Male,22,All ages,559,Schizophrenia,3,Rate,1995,157.19242041208682,202.40627625835455,116.44404432564846
2,DALYs (Disability-Adjusted Life Years),134,Tropical Latin America,2,Female,22,All ages,559,Schizophrenia,3,Rate,1995,128.36950819306634,165.69644614961416,95.0307182120149
2,DALYs (Disability-Adjusted Life Years),134,Tropical Latin America,3,Both,22,All ages,559,Schizophrenia,3,Rate,1995,142.59101276014502,183.06250316023298,105.89113415628174
2,DALYs (Disability-Adjusted Life Years),134,Tropical Latin America,1,Male,27,Age-standardized,559,Schizophrenia,3,Rate,1995,170.16685856786174,218.16901550862912,125.93784571584686
2,DALYs (Disability-Adjusted Life Years),134,Tropical Latin America,2,Female,27,Age-standardized,559,Schizophrenia,3,Rate,1995,135.86860796680583,174.45977410760733,100.68019771184444
2,DALYs (Disability-Adjusted Life Years),134,Tropical Latin America,3,Both,27,Age-standardized,559,Schizophrenia,3,Rate,1995,152.55211976038478,195.87150330187083,113.23841151223489
2,DALYs (Disability-Adjusted Life Years),65,High-income Asia Pacific,1,Male,22,All ages,559,Schizophrenia,1,Number,1995,189294.27297523746,245919.3763357029,139228.03044904635
2,DALYs (Disability-Adjusted Life Years),65,High-income Asia Pacific,2,Female,22,All ages,559,Schizophrenia,1,Number,1995,180079.87393555755,231453.50237739927,133427.6462162435
2,DALYs (Disability-Adjusted Life Years),65,High-income Asia Pacific,3,Both,22,All ages,559,Schizophrenia,1,Number,1995,369374.14691079553,479264.67275545234,272965.7872937162
2,DALYs (Disability-Adjusted Life Years),65,High-income Asia Pacific,1,Male,22,All ages,559,Schizophrenia,2,Percent,1995,0.007634623699695799,0.009671724203521716,0.005591157032259862
2,DALYs (Disability-Adjusted Life Years),65,High-income Asia Pacific,2,Female,22,All ages,559,Schizophrenia,2,Percent,1995,0.008542873714503827,0.010884259680707494,0.006263217629695669
2,DALYs (Disability-Adjusted Life Years),65,High-income Asia Pacific,3,Both,22,All ages,559,Schizophrenia,2,Percent,1995,0.008050576145683318,0.010228477586325134,0.00590386417537776
2,DALYs (Disability-Adjusted Life Years),65,High-income Asia Pacific,1,Male,22,All ages,559,Schizophrenia,3,Rate,1995,216.4293234580919,281.171550565265,159.18616006112114
2,DALYs (Disability-Adjusted Life Years),65,High-income Asia Pacific,2,Female,22,All ages,559,Schizophrenia,3,Rate,1995,201.24646297142132,258.6585478867432,149.11073223668637
2,DALYs (Disability-Adjusted Life Years),65,High-income Asia Pacific,3,Both,22,All ages,559,Schizophrenia,3,Rate,1995,208.75123550688494,270.8556985084967,154.26619817665272
2,DALYs (Disability-Adjusted Life Years),65,High-income Asia Pacific,1,Male,27,Age-standardized,559,Schizophrenia,3,Rate,1995,184.93352415771207,241.53819068197905,135.6303623447193
2,DALYs (Disability-Adjusted Life Years),65,High-income Asia Pacific,2,Female,27,Age-standardized,559,Schizophrenia,3,Rate,1995,171.74690041913155,222.14174576634582,125.85620151170244
2,DALYs (Disability-Adjusted Life Years),65,High-income Asia Pacific,3,Both,27,Age-standardized,559,Schizophrenia,3,Rate,1995,178.67897315972294,232.51191051385217,130.9377475494783
2,DALYs (Disability-Adjusted Life Years),73,Western Europe,1,Male,22,All ages,559,Schizophrenia,1,Number,1995,387838.19637595885,499093.8870701043,281672.9559703312
2,DALYs (Disability-Adjusted Life Years),73,Western Europe,2,Female,22,All ages,559,Schizophrenia,1,Number,1995,373573.37332200556,477767.39049126813,266548.19681578875
2,DALYs (Disability-Adjusted Life Years),73,Western Europe,3,Both,22,All ages,559,Schizophrenia,1,Number,1995,761411.5696979635,977260.1042563324,549373.3264421452
2,DALYs (Disability-Adjusted Life Years),73,Western Europe,1,Male,22,All ages,559,Schizophrenia,2,Percent,1995,0.005966016319149394,0.007467652887828837,0.004377976478988063
2,DALYs (Disability-Adjusted Life Years),73,Western Europe,2,Female,22,All ages,559,Schizophrenia,2,Percent,1995,0.006011430855599662,0.00764186842480985,0.0044104997705730455
2,DALYs (Disability-Adjusted Life Years),73,Western Europe,3,Both,22,All ages,559,Schizophrenia,2,Percent,1995,0.0059872553924139585,0.007527733973959811,0.004334548552120529
2,DALYs (Disability-Adjusted Life Years),73,Western Europe,1,Male,22,All ages,559,Schizophrenia,3,Rate,1995,203.32658693364846,261.6530748277341,147.66879926762542
2,DALYs (Disability-Adjusted Life Years),73,Western Europe,2,Female,22,All ages,559,Schizophrenia,3,Rate,1995,186.4452906335844,238.44707984209683,133.0305090570281
2,DALYs (Disability-Adjusted Life Years),73,Western Europe,3,Both,22,All ages,559,Schizophrenia,3,Rate,1995,194.67833294936776,249.86666282207497,140.464221473586
2,DALYs (Disability-Adjusted Life Years),73,Western Europe,1,Male,27,Age-standardized,559,Schizophrenia,3,Rate,1995,173.5946163486155,224.6074832474288,126.42985694717467
2,DALYs (Disability-Adjusted Life Years),73,Western Europe,2,Female,27,Age-standardized,559,Schizophrenia,3,Rate,1995,158.58903516622132,204.46556132950136,114.40443748375893
2,DALYs (Disability-Adjusted Life Years),73,Western Europe,3,Both,27,Age-standardized,559,Schizophrenia,3,Rate,1995,166.38593396667295,214.38624753335293,121.06240732088834
2,DALYs (Disability-Adjusted Life Years),44636,Low-middle SDI,1,Male,22,All ages,559,Schizophrenia,1,Number,1995,1020543.9510584206,1335509.9324054038,746218.286403198
2,DALYs (Disability-Adjusted Life Years),44636,Low-middle SDI,2,Female,22,All ages,559,Schizophrenia,1,Number,1995,788762.6449355467,1039354.0851233725,574945.7196036441
2,DALYs (Disability-Adjusted Life Years),44636,Low-middle SDI,3,Both,22,All ages,559,Schizophrenia,1,Number,1995,1809306.595993968,2366235.071407593,1321164.0060068422
2,DALYs (Disability-Adjusted Life Years),44636,Low-middle SDI,1,Male,22,All ages,559,Schizophrenia,2,Percent,1995,0.0026246029741286534,0.003426330897043945,0.001913352380081319
2,DALYs (Disability-Adjusted Life Years),44636,Low-middle SDI,2,Female,22,All ages,559,Schizophrenia,2,Percent,1995,0.0022056474129265656,0.0028873204825227245,0.0016059707846565801
2,DALYs (Disability-Adjusted Life Years),44636,Low-middle SDI,3,Both,22,All ages,559,Schizophrenia,2,Percent,1995,0.002423793494812121,0.003158013151556127,0.0017669964188401525
2,DALYs (Disability-Adjusted Life Years),44636,Low-middle SDI,1,Male,22,All ages,559,Schizophrenia,3,Rate,1995,157.45479591268654,206.04937555915313,115.13041439329855
2,DALYs (Disability-Adjusted Life Years),44636,Low-middle SDI,2,Female,22,All ages,559,Schizophrenia,3,Rate,1995,126.10139154146292,166.1640510993916,91.91796260680137
2,DALYs (Disability-Adjusted Life Years),44636,Low-middle SDI,3,Both,22,All ages,559,Schizophrenia,3,Rate,1995,142.0569017145696,185.7838929658312,103.73060362775938
2,DALYs (Disability-Adjusted Life Years),44636,Low-middle SDI,1,Male,27,Age-standardized,559,Schizophrenia,3,Rate,1995,190.6793721646142,246.8830022225976,140.2240595134204
2,DALYs (Disability-Adjusted Life Years),44636,Low-middle SDI,2,Female,27,Age-standardized,559,Schizophrenia,3,Rate,1995,151.139330513154,198.9773238574802,110.53348011971276
2,DALYs (Disability-Adjusted Life Years),44636,Low-middle SDI,3,Both,27,Age-standardized,559,Schizophrenia,3,Rate,1995,171.15997938262808,223.25803089306524,125.66020728798104
2,DALYs (Disability-Adjusted Life Years),5,East Asia,1,Male,22,All ages,559,Schizophrenia,1,Number,1995,1430015.100646251,1800876.8219474088,1076481.8286852664
2,DALYs (Disability-Adjusted Life Years),5,East Asia,2,Female,22,All ages,559,Schizophrenia,1,Number,1995,1257662.24120041,1565978.8737689285,937030.8863815288
2,DALYs (Disability-Adjusted Life Years),5,East Asia,3,Both,22,All ages,559,Schizophrenia,1,Number,1995,2687677.3418466593,3363618.2766701616,2023110.2810012344
2,DALYs (Disability-Adjusted Life Years),5,East Asia,1,Male,22,All ages,559,Schizophrenia,2,Percent,1995,0.006194978505020989,0.007780593643423482,0.004683597035125499
2,DALYs (Disability-Adjusted Life Years),5,East Asia,2,Female,22,All ages,559,Schizophrenia,2,Percent,1995,0.006784092489409936,0.008554581721020773,0.005093838335539166
2,DALYs (Disability-Adjusted Life Years),5,East Asia,3,Both,22,All ages,559,Schizophrenia,2,Percent,1995,0.00645386675278965,0.008106906607004158,0.004870962225554679
2,DALYs (Disability-Adjusted Life Years),5,East Asia,1,Male,22,All ages,559,Schizophrenia,3,Rate,1995,216.88182874595034,273.1282056487654,163.26355400830113
2,DALYs (Disability-Adjusted Life Years),5,East Asia,2,Female,22,All ages,559,Schizophrenia,3,Rate,1995,203.5218947312804,253.41540602698453,151.6355466282229
2,DALYs (Disability-Adjusted Life Years),5,East Asia,3,Both,22,All ages,559,Schizophrenia,3,Rate,1995,210.41838820689097,263.3378364658461,158.38940108807057
2,DALYs (Disability-Adjusted Life Years),5,East Asia,1,Male,27,Age-standardized,559,Schizophrenia,3,Rate,1995,202.12148547575532,253.59693982171197,151.71679989292036
2,DALYs (Disability-Adjusted Life Years),5,East Asia,2,Female,27,Age-standardized,559,Schizophrenia,3,Rate,1995,188.57676253156953,234.16246867717172,140.7552329669509
2,DALYs (Disability-Adjusted Life Years),5,East Asia,3,Both,27,Age-standardized,559,Schizophrenia,3,Rate,1995,195.59009091659178,243.591219651414,146.80789525821086
2,DALYs (Disability-Adjusted Life Years),42,Central Europe,1,Male,22,All ages,559,Schizophrenia,1,Number,1995,96244.89167464986,128385.09012812644,68450.208586258
2,DALYs (Disability-Adjusted Life Years),42,Central Europe,2,Female,22,All ages,559,Schizophrenia,1,Number,1995,97519.463801148,130000.0643813767,69693.03288931273
2,DALYs (Disability-Adjusted Life Years),42,Central Europe,3,Both,22,All ages,559,Schizophrenia,1,Number,1995,193764.35547579775,258484.76741854748,138306.70413541707
2,DALYs (Disability-Adjusted Life Years),42,Central Europe,1,Male,22,All ages,559,Schizophrenia,2,Percent,1995,0.003489581662117787,0.004577872108390407,0.002493531639524444
2,DALYs (Disability-Adjusted Life Years),42,Central Europe,2,Female,22,All ages,559,Schizophrenia,2,Percent,1995,0.004437025204533299,0.005757524306780978,0.003215596817295791
2,DALYs (Disability-Adjusted Life Years),42,Central Europe,3,Both,22,All ages,559,Schizophrenia,2,Percent,1995,0.003909315979424693,0.005104186801693375,0.002802135895630862
2,DALYs (Disability-Adjusted Life Years),42,Central Europe,1,Male,22,All ages,559,Schizophrenia,3,Rate,1995,158.27005151384918,211.12304741198804,112.56304465179501
2,DALYs (Disability-Adjusted Life Years),42,Central Europe,2,Female,22,All ages,559,Schizophrenia,3,Rate,1995,152.8370649055882,203.7421813362476,109.22618086673481
2,DALYs (Disability-Adjusted Life Years),42,Central Europe,3,Both,22,All ages,559,Schizophrenia,3,Rate,1995,155.48825755864513,207.42383702446102,110.98567836116364
2,DALYs (Disability-Adjusted Life Years),42,Central Europe,1,Male,27,Age-standardized,559,Schizophrenia,3,Rate,1995,142.59327152894195,190.86617454928071,101.89520770769829
2,DALYs (Disability-Adjusted Life Years),42,Central Europe,2,Female,27,Age-standardized,559,Schizophrenia,3,Rate,1995,138.3366990671483,185.4849668347256,99.23004902777794
2,DALYs (Disability-Adjusted Life Years),42,Central Europe,3,Both,27,Age-standardized,559,Schizophrenia,3,Rate,1995,140.45511890860016,188.47371394984802,100.59141131520825
2,DALYs (Disability-Adjusted Life Years),159,South Asia,1,Male,22,All ages,559,Schizophrenia,1,Number,1995,1106621.726071955,1430039.3920354524,815417.9511178795
2,DALYs (Disability-Adjusted Life Years),159,South Asia,2,Female,22,All ages,559,Schizophrenia,1,Number,1995,758352.2551924037,977694.7813544928,560046.5546340664
2,DALYs (Disability-Adjusted Life Years),159,South Asia,3,Both,22,All ages,559,Schizophrenia,1,Number,1995,1864973.9812643614,2410591.5416023512,1377252.440624291
2,DALYs (Disability-Adjusted Life Years),159,South Asia,1,Male,22,All ages,559,Schizophrenia,2,Percent,1995,0.0031486174019726273,0.00404304638755988,0.0023185092616831715
2,DALYs (Disability-Adjusted Life Years),159,South Asia,2,Female,22,All ages,559,Schizophrenia,2,Percent,1995,0.0023182153942844985,0.003014501854514109,0.0016792156316401035
2,DALYs (Disability-Adjusted Life Years),159,South Asia,3,Both,22,All ages,559,Schizophrenia,2,Percent,1995,0.0027481544407008717,0.0035541129342256342,0.0020032369632363126
2,DALYs (Disability-Adjusted Life Years),159,South Asia,1,Male,22,All ages,559,Schizophrenia,3,Rate,1995,176.89448500633364,228.59309177925303,130.3452978823389
2,DALYs (Disability-Adjusted Life Years),159,South Asia,2,Female,22,All ages,559,Schizophrenia,3,Rate,1995,131.1631476970515,169.10020921201067,96.86457508332408
2,DALYs (Disability-Adjusted Life Years),159,South Asia,3,Both,22,All ages,559,Schizophrenia,3,Rate,1995,154.92934564571507,200.25553917184027,114.41275940494707
2,DALYs (Disability-Adjusted Life Years),159,South Asia,1,Male,27,Age-standardized,559,Schizophrenia,3,Rate,1995,207.24104134508323,266.95277033932877,152.6308980987504
2,DALYs (Disability-Adjusted Life Years),159,South Asia,2,Female,27,Age-standardized,559,Schizophrenia,3,Rate,1995,154.44567821463457,199.53988950298412,113.89500465370617
2,DALYs (Disability-Adjusted Life Years),159,South Asia,3,Both,27,Age-standardized,559,Schizophrenia,3,Rate,1995,181.90394878473526,234.60896521114412,134.304957323804
2,DALYs (Disability-Adjusted Life Years),32,Central Asia,1,Male,22,All ages,559,Schizophrenia,1,Number,1995,43660.419190702705,61067.95659600269,30307.814325132967
2,DALYs (Disability-Adjusted Life Years),32,Central Asia,2,Female,22,All ages,559,Schizophrenia,1,Number,1995,44857.06157969341,61063.149716560416,31752.934254786214
2,DALYs (Disability-Adjusted Life Years),32,Central Asia,3,Both,22,All ages,559,Schizophrenia,1,Number,1995,88517.480770396,122375.85660686053,61760.04410778915
2,DALYs (Disability-Adjusted Life Years),32,Central Asia,1,Male,22,All ages,559,Schizophrenia,2,Percent,1995,0.0026221454518179834,0.0035964007000606935,0.0018382156291454385
2,DALYs (Disability-Adjusted Life Years),32,Central Asia,2,Female,22,All ages,559,Schizophrenia,2,Percent,1995,0.0033232256797508324,0.004496908850469812,0.0023587344505450253
2,DALYs (Disability-Adjusted Life Years),32,Central Asia,3,Both,22,All ages,559,Schizophrenia,2,Percent,1995,0.0029358105149437565,0.0039886914873512435,0.0020711004566318263
2,DALYs (Disability-Adjusted Life Years),32,Central Asia,1,Male,22,All ages,559,Schizophrenia,3,Rate,1995,123.22402881236245,172.3538111310751,85.53859662518303
2,DALYs (Disability-Adjusted Life Years),32,Central Asia,2,Female,22,All ages,559,Schizophrenia,3,Rate,1995,121.52093277917905,165.42436465232706,86.02093077947762
2,DALYs (Disability-Adjusted Life Years),32,Central Asia,3,Both,22,All ages,559,Schizophrenia,3,Rate,1995,122.35504497318571,169.15645710256416,85.36904697904302
2,DALYs (Disability-Adjusted Life Years),32,Central Asia,1,Male,27,Age-standardized,559,Schizophrenia,3,Rate,1995,139.3515030143361,189.50769937429286,97.13284400289953
2,DALYs (Disability-Adjusted Life Years),32,Central Asia,2,Female,27,Age-standardized,559,Schizophrenia,3,Rate,1995,133.83098170580783,180.9326591399075,95.82177390202227
2,DALYs (Disability-Adjusted Life Years),32,Central Asia,3,Both,27,Age-standardized,559,Schizophrenia,3,Rate,1995,136.50107575688162,186.16042108965976,96.09103344643835
2,DALYs (Disability-Adjusted Life Years),167,Central Sub-Saharan Africa,1,Male,22,All ages,559,Schizophrenia,1,Number,1995,29501.336643437873,40780.70887262217,20332.87744907628
2,DALYs (Disability-Adjusted Life Years),167,Central Sub-Saharan Africa,2,Female,22,All ages,559,Schizophrenia,1,Number,1995,32102.630683187126,44408.09705923011,22085.058995030155
2,DALYs (Disability-Adjusted Life Years),167,Central Sub-Saharan Africa,3,Both,22,All ages,559,Schizophrenia,1,Number,1995,61603.967326624996,84604.31486534,43136.82337653208
2,DALYs (Disability-Adjusted Life Years),167,Central Sub-Saharan Africa,1,Male,22,All ages,559,Schizophrenia,2,Percent,1995,0.0008610231406120878,0.0012019437267512762,0.0006002191428665547
2,DALYs (Disability-Adjusted Life Years),167,Central Sub-Saharan Africa,2,Female,22,All ages,559,Schizophrenia,2,Percent,1995,0.0010305142796671917,0.0014276646112633832,0.000715828689155602
2,DALYs (Disability-Adjusted Life Years),167,Central Sub-Saharan Africa,3,Both,22,All ages,559,Schizophrenia,2,Percent,1995,0.000941688425079105,0.0013094819426451593,0.0006576327523310594
2,DALYs (Disability-Adjusted Life Years),167,Central Sub-Saharan Africa,1,Male,22,All ages,559,Schizophrenia,3,Rate,1995,93.49590326527102,129.24259188411958,64.43913935358263
2,DALYs (Disability-Adjusted Life Years),167,Central Sub-Saharan Africa,2,Female,22,All ages,559,Schizophrenia,3,Rate,1995,100.3253257806102,138.78167333799007,69.01897730520884
2,DALYs (Disability-Adjusted Life Years),167,Central Sub-Saharan Africa,3,Both,22,All ages,559,Schizophrenia,3,Rate,1995,96.93452029343334,133.12582017232904,67.8762661309881
2,DALYs (Disability-Adjusted Life Years),167,Central Sub-Saharan Africa,1,Male,27,Age-standardized,559,Schizophrenia,3,Rate,1995,130.58809734211292,178.42876005794585,92.33405613502568
2,DALYs (Disability-Adjusted Life Years),167,Central Sub-Saharan Africa,2,Female,27,Age-standardized,559,Schizophrenia,3,Rate,1995,136.36999706546402,185.2284000002434,93.87159671119778
2,DALYs (Disability-Adjusted Life Years),167,Central Sub-Saharan Africa,3,Both,27,Age-standardized,559,Schizophrenia,3,Rate,1995,133.58195342223243,180.0102258774319,93.2543851818475
2,DALYs (Disability-Adjusted Life Years),56,Eastern Europe,1,Male,22,All ages,559,Schizophrenia,1,Number,1995,145382.11979922076,188876.71553810834,106482.48803382412
2,DALYs (Disability-Adjusted Life Years),56,Eastern Europe,2,Female,22,All ages,559,Schizophrenia,1,Number,1995,168341.725958899,216757.17211789824,123594.50326581762
2,DALYs (Disability-Adjusted Life Years),56,Eastern Europe,3,Both,22,All ages,559,Schizophrenia,1,Number,1995,313723.8457581199,405421.7970756127,231272.4161012945
2,DALYs (Disability-Adjusted Life Years),56,Eastern Europe,1,Male,22,All ages,559,Schizophrenia,2,Percent,1995,0.002101182003575404,0.002686025455519642,0.001544724718029892
2,DALYs (Disability-Adjusted Life Years),56,Eastern Europe,2,Female,22,All ages,559,Schizophrenia,2,Percent,1995,0.0032762350576405214,0.004124902040877973,0.002435867304837565
2,DALYs (Disability-Adjusted Life Years),56,Eastern Europe,3,Both,22,All ages,559,Schizophrenia,2,Percent,1995,0.002601617602878856,0.0033036081150792053,0.0019122553049635846
2,DALYs (Disability-Adjusted Life Years),56,Eastern Europe,1,Male,22,All ages,559,Schizophrenia,3,Rate,1995,138.12602211973183,179.4497798240173,101.16789133241761
2,DALYs (Disability-Adjusted Life Years),56,Eastern Europe,2,Female,22,All ages,559,Schizophrenia,3,Rate,1995,140.5640494817576,180.99057553054317,103.20046188056365
2,DALYs (Disability-Adjusted Life Years),56,Eastern Europe,3,Both,22,All ages,559,Schizophrenia,3,Rate,1995,139.42363443968964,180.1755945352435,102.78096878664226
2,DALYs (Disability-Adjusted Life Years),56,Eastern Europe,1,Male,27,Age-standardized,559,Schizophrenia,3,Rate,1995,122.23773278082645,158.19706005857896,89.9286488628973
2,DALYs (Disability-Adjusted Life Years),56,Eastern Europe,2,Female,27,Age-standardized,559,Schizophrenia,3,Rate,1995,125.0267416155951,162.54261663729324,91.88064902798038
2,DALYs (Disability-Adjusted Life Years),56,Eastern Europe,3,Both,27,Age-standardized,559,Schizophrenia,3,Rate,1995,123.70594739917347,160.13207118766485,91.33630225831406
2,DALYs (Disability-Adjusted Life Years),44634,High-middle SDI,1,Male,22,All ages,559,Schizophrenia,1,Number,1995,1086610.1722457684,1375067.7853412773,811415.3509258174
2,DALYs (Disability-Adjusted Life Years),44634,High-middle SDI,2,Female,22,All ages,559,Schizophrenia,1,Number,1995,1005592.2335232283,1268631.9231403833,747599.9652618065
2,DALYs (Disability-Adjusted Life Years),44634,High-middle SDI,3,Both,22,All ages,559,Schizophrenia,1,Number,1995,2092202.4057689966,2640543.53144861,1561074.4826239615
2,DALYs (Disability-Adjusted Life Years),44634,High-middle SDI,1,Male,22,All ages,559,Schizophrenia,2,Percent,1995,0.004886842357517861,0.006143529449268818,0.0036749886008275185
2,DALYs (Disability-Adjusted Life Years),44634,High-middle SDI,2,Female,22,All ages,559,Schizophrenia,2,Percent,1995,0.005710280442214814,0.0071246738041312475,0.00428100291322774
2,DALYs (Disability-Adjusted Life Years),44634,High-middle SDI,3,Both,22,All ages,559,Schizophrenia,2,Percent,1995,0.005249651042705865,0.006588935498535534,0.003970848046094935
2,DALYs (Disability-Adjusted Life Years),44634,High-middle SDI,1,Male,22,All ages,559,Schizophrenia,3,Rate,1995,195.84851143689997,247.8395525483931,146.2479302098121
2,DALYs (Disability-Adjusted Life Years),44634,High-middle SDI,2,Female,22,All ages,559,Schizophrenia,3,Rate,1995,179.84064262689472,226.8827987217049,133.70117001547231
2,DALYs (Disability-Adjusted Life Years),44634,High-middle SDI,3,Both,22,All ages,559,Schizophrenia,3,Rate,1995,187.81342564460704,237.03706908930312,140.13498190210984
2,DALYs (Disability-Adjusted Life Years),44634,High-middle SDI,1,Male,27,Age-standardized,559,Schizophrenia,3,Rate,1995,180.46586657120713,227.32850686185319,134.72501907457962
2,DALYs (Disability-Adjusted Life Years),44634,High-middle SDI,2,Female,27,Age-standardized,559,Schizophrenia,3,Rate,1995,165.87125927179784,208.86353647763764,123.46940801538204
2,DALYs (Disability-Adjusted Life Years),44634,High-middle SDI,3,Both,27,Age-standardized,559,Schizophrenia,3,Rate,1995,173.16461386158744,217.7622888499601,128.9117525351577
2,DALYs (Disability-Adjusted Life Years),21,Oceania,1,Male,22,All ages,559,Schizophrenia,1,Number,1995,5987.615343558756,8371.944251516206,4139.009559023571
2,DALYs (Disability-Adjusted Life Years),21,Oceania,2,Female,22,All ages,559,Schizophrenia,1,Number,1995,4689.86734979108,6596.965182514918,3288.971565532076
2,DALYs (Disability-Adjusted Life Years),21,Oceania,3,Both,22,All ages,559,Schizophrenia,1,Number,1995,10677.482693349844,14798.807657844387,7481.516671318614
2,DALYs (Disability-Adjusted Life Years),21,Oceania,1,Male,22,All ages,559,Schizophrenia,2,Percent,1995,0.003230869708535619,0.004554850717922254,0.0022047206718371175
2,DALYs (Disability-Adjusted Life Years),21,Oceania,2,Female,22,All ages,559,Schizophrenia,2,Percent,1995,0.003028940980005995,0.004264865219580527,0.002082457193696864
2,DALYs (Disability-Adjusted Life Years),21,Oceania,3,Both,22,All ages,559,Schizophrenia,2,Percent,1995,0.0031388025741748747,0.004379888873721989,0.0021253068628587987
2,DALYs (Disability-Adjusted Life Years),21,Oceania,1,Male,22,All ages,559,Schizophrenia,3,Rate,1995,157.42976066100005,220.11988148191193,108.82517444138111
2,DALYs (Disability-Adjusted Life Years),21,Oceania,2,Female,22,All ages,559,Schizophrenia,3,Rate,1995,131.78261997485876,185.3709904339757,92.41824077347037
2,DALYs (Disability-Adjusted Life Years),21,Oceania,3,Both,22,All ages,559,Schizophrenia,3,Rate,1995,145.0321817902499,201.01211344956738,101.62139495831406
2,DALYs (Disability-Adjusted Life Years),21,Oceania,1,Male,27,Age-standardized,559,Schizophrenia,3,Rate,1995,192.8127987682569,262.7569979808517,137.43213706029846
2,DALYs (Disability-Adjusted Life Years),21,Oceania,2,Female,27,Age-standardized,559,Schizophrenia,3,Rate,1995,157.82828820836548,215.45517376234486,111.16183451646559
2,DALYs (Disability-Adjusted Life Years),21,Oceania,3,Both,27,Age-standardized,559,Schizophrenia,3,Rate,1995,175.80753870758198,239.72060621628017,124.66084030165719
2,DALYs (Disability-Adjusted Life Years),100,High-income North America,1,Male,22,All ages,559,Schizophrenia,1,Number,1995,388817.4347229686,491706.3968539805,289477.24659702723
2,DALYs (Disability-Adjusted Life Years),100,High-income North America,2,Female,22,All ages,559,Schizophrenia,1,Number,1995,373433.782194875,466929.68323335995,281251.85466339963
2,DALYs (Disability-Adjusted Life Years),100,High-income North America,3,Both,22,All ages,559,Schizophrenia,1,Number,1995,762251.2169178437,957440.6038290694,569570.2053995756
2,DALYs (Disability-Adjusted Life Years),100,High-income North America,1,Male,22,All ages,559,Schizophrenia,2,Percent,1995,0.00785065197875672,0.009732813003459819,0.005951193700087518
2,DALYs (Disability-Adjusted Life Years),100,High-income North America,2,Female,22,All ages,559,Schizophrenia,2,Percent,1995,0.008207503610056698,0.010156315289942562,0.006210417892229096
2,DALYs (Disability-Adjusted Life Years),100,High-income North America,3,Both,22,All ages,559,Schizophrenia,2,Percent,1995,0.008020432790345729,0.009900042722858465,0.006027900600297725
2,DALYs (Disability-Adjusted Life Years),100,High-income North America,1,Male,22,All ages,559,Schizophrenia,3,Rate,1995,267.3868005019147,338.1427592998418,199.07130666821047
2,DALYs (Disability-Adjusted Life Years),100,High-income North America,2,Female,22,All ages,559,Schizophrenia,3,Rate,1995,246.76093986304974,308.54200390604393,185.84813507512058
2,DALYs (Disability-Adjusted Life Years),100,High-income North America,3,Both,22,All ages,559,Schizophrenia,3,Rate,1995,256.8681180573516,322.6442419491406,191.93728198179733
2,DALYs (Disability-Adjusted Life Years),100,High-income North America,1,Male,27,Age-standardized,559,Schizophrenia,3,Rate,1995,239.26581089089555,303.9500957358486,178.68085563298737
2,DALYs (Disability-Adjusted Life Years),100,High-income North America,2,Female,27,Age-standardized,559,Schizophrenia,3,Rate,1995,220.86190355478428,277.6366416272094,166.37231351574678
2,DALYs (Disability-Adjusted Life Years),100,High-income North America,3,Both,27,Age-standardized,559,Schizophrenia,3,Rate,1995,230.1592486146337,290.8990545954386,172.0465064970086
2,DALYs (Disability-Adjusted Life Years),124,Central Latin America,1,Male,22,All ages,559,Schizophrenia,1,Number,1995,130812.81844704863,174923.29073129408,94924.69609582095
2,DALYs (Disability-Adjusted Life Years),124,Central Latin America,2,Female,22,All ages,559,Schizophrenia,1,Number,1995,110956.50223267978,148947.3025968807,80550.62565595217
2,DALYs (Disability-Adjusted Life Years),124,Central Latin America,3,Both,22,All ages,559,Schizophrenia,1,Number,1995,241769.32067972832,323998.548468663,175074.93416173593
2,DALYs (Disability-Adjusted Life Years),124,Central Latin America,1,Male,22,All ages,559,Schizophrenia,2,Percent,1995,0.004120712731977529,0.005416752902957003,0.003016813427682927
2,DALYs (Disability-Adjusted Life Years),124,Central Latin America,2,Female,22,All ages,559,Schizophrenia,2,Percent,1995,0.004430945717521948,0.005799621682670342,0.003231643052286429
2,DALYs (Disability-Adjusted Life Years),124,Central Latin America,3,Both,22,All ages,559,Schizophrenia,2,Percent,1995,0.004256951066680399,0.005606134493350795,0.003113289227347718
2,DALYs (Disability-Adjusted Life Years),124,Central Latin America,1,Male,22,All ages,559,Schizophrenia,3,Rate,1995,145.43111515565846,194.47092066170143,105.53250494037252
2,DALYs (Disability-Adjusted Life Years),124,Central Latin America,2,Female,22,All ages,559,Schizophrenia,3,Rate,1995,119.78305324557549,160.79600851451715,86.95839980317588
2,DALYs (Disability-Adjusted Life Years),124,Central Latin America,3,Both,22,All ages,559,Schizophrenia,3,Rate,1995,132.41864131899467,177.4561282503704,95.88968875592063
2,DALYs (Disability-Adjusted Life Years),124,Central Latin America,1,Male,27,Age-standardized,559,Schizophrenia,3,Rate,1995,173.77142664883345,229.19037241550663,124.86241596437458
2,DALYs (Disability-Adjusted Life Years),124,Central Latin America,2,Female,27,Age-standardized,559,Schizophrenia,3,Rate,1995,138.82557981529888,183.4118287847434,100.38395154136578
2,DALYs (Disability-Adjusted Life Years),124,Central Latin America,3,Both,27,Age-standardized,559,Schizophrenia,3,Rate,1995,155.7306238338148,204.89697961228285,112.35270814922342
2,DALYs (Disability-Adjusted Life Years),44635,High SDI,1,Male,22,All ages,559,Schizophrenia,1,Number,1995,1026833.0903535145,1308429.3869837888,758554.1428095488
2,DALYs (Disability-Adjusted Life Years),44635,High SDI,2,Female,22,All ages,559,Schizophrenia,1,Number,1995,970392.5139685876,1235590.413491699,714733.9329559654
2,DALYs (Disability-Adjusted Life Years),44635,High SDI,3,Both,22,All ages,559,Schizophrenia,1,Number,1995,1997225.604322103,2542645.8753896058,1469927.1827576347
2,DALYs (Disability-Adjusted Life Years),44635,High SDI,1,Male,22,All ages,559,Schizophrenia,2,Percent,1995,0.006953461063489232,0.008713209450728605,0.0051888385911005135
2,DALYs (Disability-Adjusted Life Years),44635,High SDI,2,Female,22,All ages,559,Schizophrenia,2,Percent,1995,0.007277611625713499,0.009147549567626737,0.005423984375032779
2,DALYs (Disability-Adjusted Life Years),44635,High SDI,3,Both,22,All ages,559,Schizophrenia,2,Percent,1995,0.0071062423814704295,0.00889120720403784,0.0052994153976481315
2,DALYs (Disability-Adjusted Life Years),44635,High SDI,1,Male,22,All ages,559,Schizophrenia,3,Rate,1995,227.9420541058523,290.45234802363706,168.38801854640747
2,DALYs (Disability-Adjusted Life Years),44635,High SDI,2,Female,22,All ages,559,Schizophrenia,3,Rate,1995,210.04990691156758,267.4543008100306,154.71038154443016
2,DALYs (Disability-Adjusted Life Years),44635,High SDI,3,Both,22,All ages,559,Schizophrenia,3,Rate,1995,218.88321110821542,278.65780045676786,161.09466109435803
2,DALYs (Disability-Adjusted Life Years),44635,High SDI,1,Male,27,Age-standardized,559,Schizophrenia,3,Rate,1995,199.20098808704623,254.12349701457293,148.46493546829234
2,DALYs (Disability-Adjusted Life Years),44635,High SDI,2,Female,27,Age-standardized,559,Schizophrenia,3,Rate,1995,184.89624338171856,237.00268407265767,136.6444359187977
2,DALYs (Disability-Adjusted Life Years),44635,High SDI,3,Both,27,Age-standardized,559,Schizophrenia,3,Rate,1995,192.33766625681466,245.65401955300905,142.4687638563826
2,DALYs (Disability-Adjusted Life Years),70,Australasia,1,Male,22,All ages,559,Schizophrenia,1,Number,1995,33181.3299112649,40646.705361286644,24722.33553916715
2,DALYs (Disability-Adjusted Life Years),70,Australasia,2,Female,22,All ages,559,Schizophrenia,1,Number,1995,25371.59314788352,31211.325742490953,19028.262723610307
2,DALYs (Disability-Adjusted Life Years),70,Australasia,3,Both,22,All ages,559,Schizophrenia,1,Number,1995,58552.923059148416,71326.51855518422,44129.450401379676
2,DALYs (Disability-Adjusted Life Years),70,Australasia,1,Male,22,All ages,559,Schizophrenia,2,Percent,1995,0.01046640545889175,0.012548667521127505,0.007953728343993036
2,DALYs (Disability-Adjusted Life Years),70,Australasia,2,Female,22,All ages,559,Schizophrenia,2,Percent,1995,0.008830956511336618,0.01075718185638826,0.006756911095917605
2,DALYs (Disability-Adjusted Life Years),70,Australasia,3,Both,22,All ages,559,Schizophrenia,2,Percent,1995,0.009687182304430253,0.01154330197037728,0.00736772691165561
2,DALYs (Disability-Adjusted Life Years),70,Australasia,1,Male,22,All ages,559,Schizophrenia,3,Rate,1995,311.04644212499954,381.027919029825,231.750642034023
2,DALYs (Disability-Adjusted Life Years),70,Australasia,2,Female,22,All ages,559,Schizophrenia,3,Rate,1995,233.3384797901577,287.04556542976775,174.99988554504048
2,DALYs (Disability-Adjusted Life Years),70,Australasia,3,Both,22,All ages,559,Schizophrenia,3,Rate,1995,271.82151515005455,331.1206568536879,204.86311261907264
2,DALYs (Disability-Adjusted Life Years),70,Australasia,1,Male,27,Age-standardized,559,Schizophrenia,3,Rate,1995,282.78879205303696,346.3728364169656,210.72538418905998
2,DALYs (Disability-Adjusted Life Years),70,Australasia,2,Female,27,Age-standardized,559,Schizophrenia,3,Rate,1995,209.2148069815317,257.8310366610553,157.5010399917687
2,DALYs (Disability-Adjusted Life Years),70,Australasia,3,Both,27,Age-standardized,559,Schizophrenia,3,Rate,1995,245.97552111811902,299.39583045881693,185.2028980273921
2,DALYs (Disability-Adjusted Life Years),44639,Middle SDI,1,Male,22,All ages,559,Schizophrenia,1,Number,1995,1716227.553955505,2203788.9555598027,1268403.468340361
2,DALYs (Disability-Adjusted Life Years),44639,Middle SDI,2,Female,22,All ages,559,Schizophrenia,1,Number,1995,1439472.3483520981,1858181.156122211,1063366.3192617213
2,DALYs (Disability-Adjusted Life Years),44639,Middle SDI,3,Both,22,All ages,559,Schizophrenia,1,Number,1995,3155699.902307604,4069140.7774454765,2339857.2080889763
2,DALYs (Disability-Adjusted Life Years),44639,Middle SDI,1,Male,22,All ages,559,Schizophrenia,2,Percent,1995,0.004726154333018879,0.0060427505522931855,0.0035119687091117223
2,DALYs (Disability-Adjusted Life Years),44639,Middle SDI,2,Female,22,All ages,559,Schizophrenia,2,Percent,1995,0.004853884853666954,0.006199431384347006,0.003606994518900848
2,DALYs (Disability-Adjusted Life Years),44639,Middle SDI,3,Both,22,All ages,559,Schizophrenia,2,Percent,1995,0.0047828507853639995,0.006127413662785068,0.003554173775919484
2,DALYs (Disability-Adjusted Life Years),44639,Middle SDI,1,Male,22,All ages,559,Schizophrenia,3,Rate,1995,182.00012149487466,233.7043574067599,134.50989340569166
2,DALYs (Disability-Adjusted Life Years),44639,Middle SDI,2,Female,22,All ages,559,Schizophrenia,3,Rate,1995,158.62354292655942,204.76341815173146,117.17830716454372
2,DALYs (Disability-Adjusted Life Years),44639,Middle SDI,3,Both,22,All ages,559,Schizophrenia,3,Rate,1995,170.5360933926756,219.89903765657365,126.44741886653917
2,DALYs (Disability-Adjusted Life Years),44639,Middle SDI,1,Male,27,Age-standardized,559,Schizophrenia,3,Rate,1995,190.46275992283742,243.21861662956215,140.67531526625962
2,DALYs (Disability-Adjusted Life Years),44639,Middle SDI,2,Female,27,Age-standardized,559,Schizophrenia,3,Rate,1995,164.74033233909222,210.68380267597408,122.43385509391751
2,DALYs (Disability-Adjusted Life Years),44639,Middle SDI,3,Both,27,Age-standardized,559,Schizophrenia,3,Rate,1995,177.82387925680257,226.79733405132177,131.97849007891483
2,DALYs (Disability-Adjusted Life Years),138,North Africa and Middle East,1,Male,22,All ages,559,Schizophrenia,1,Number,1995,266775.530208613,361480.38409415586,190062.4777721105
2,DALYs (Disability-Adjusted Life Years),138,North Africa and Middle East,2,Female,22,All ages,559,Schizophrenia,1,Number,1995,223567.58641413404,300803.60936166276,161262.17152454169
2,DALYs (Disability-Adjusted Life Years),138,North Africa and Middle East,3,Both,22,All ages,559,Schizophrenia,1,Number,1995,490343.1166227467,663198.6170137969,351460.80174881226
2,DALYs (Disability-Adjusted Life Years),138,North Africa and Middle East,1,Male,22,All ages,559,Schizophrenia,2,Percent,1995,0.003178259561218785,0.004238589762579117,0.0022681825437091893
2,DALYs (Disability-Adjusted Life Years),138,North Africa and Middle East,2,Female,22,All ages,559,Schizophrenia,2,Percent,1995,0.003113573712498022,0.004139306609090939,0.0022281690447408277
2,DALYs (Disability-Adjusted Life Years),138,North Africa and Middle East,3,Both,22,All ages,559,Schizophrenia,2,Percent,1995,0.003148197861144212,0.004177714739990833,0.0022622101841003493
2,DALYs (Disability-Adjusted Life Years),138,North Africa and Middle East,1,Male,22,All ages,559,Schizophrenia,3,Rate,1995,137.03513010113807,185.68236533769155,97.62978016941435
2,DALYs (Disability-Adjusted Life Years),138,North Africa and Middle East,2,Female,22,All ages,559,Schizophrenia,3,Rate,1995,120.70398270867776,162.40365719134732,87.06533301838019
2,DALYs (Disability-Adjusted Life Years),138,North Africa and Middle East,3,Both,22,All ages,559,Schizophrenia,3,Rate,1995,129.07282752100755,174.57351353389336,92.51488989376598
2,DALYs (Disability-Adjusted Life Years),138,North Africa and Middle East,1,Male,27,Age-standardized,559,Schizophrenia,3,Rate,1995,164.25735994428857,221.4462404747502,118.00166440169664
2,DALYs (Disability-Adjusted Life Years),138,North Africa and Middle East,2,Female,27,Age-standardized,559,Schizophrenia,3,Rate,1995,145.81918501774518,195.65278550475523,105.67039812350409
2,DALYs (Disability-Adjusted Life Years),138,North Africa and Middle East,3,Both,27,Age-standardized,559,Schizophrenia,3,Rate,1995,155.30323641495843,209.20302265297133,112.33389155589097
2,DALYs (Disability-Adjusted Life Years),104,Caribbean,1,Male,22,All ages,559,Schizophrenia,1,Number,1995,27995.855518956163,38077.00290236229,19693.323927166042
2,DALYs (Disability-Adjusted Life Years),104,Caribbean,2,Female,22,All ages,559,Schizophrenia,1,Number,1995,22769.05200824631,31070.971378430495,16170.184151940848
2,DALYs (Disability-Adjusted Life Years),104,Caribbean,3,Both,22,All ages,559,Schizophrenia,1,Number,1995,50764.90752720248,68935.07383493157,36131.754554681145
2,DALYs (Disability-Adjusted Life Years),104,Caribbean,1,Male,22,All ages,559,Schizophrenia,2,Percent,1995,0.003443618416198229,0.004734162744771078,0.002405701398896614
2,DALYs (Disability-Adjusted Life Years),104,Caribbean,2,Female,22,All ages,559,Schizophrenia,2,Percent,1995,0.003052080087472016,0.004177224782264818,0.0021366194734095323
2,DALYs (Disability-Adjusted Life Years),104,Caribbean,3,Both,22,All ages,559,Schizophrenia,2,Percent,1995,0.0032560406708021586,0.004452720435546849,0.0023006753341031526
2,DALYs (Disability-Adjusted Life Years),104,Caribbean,1,Male,22,All ages,559,Schizophrenia,3,Rate,1995,150.55049800587176,204.76287090566458,105.90280845742622
2,DALYs (Disability-Adjusted Life Years),104,Caribbean,2,Female,22,All ages,559,Schizophrenia,3,Rate,1995,119.07183436573787,162.4871143609816,84.56274281011122
2,DALYs (Disability-Adjusted Life Years),104,Caribbean,3,Both,22,All ages,559,Schizophrenia,3,Rate,1995,134.59148011415814,182.7654982775362,95.79503955621598
2,DALYs (Disability-Adjusted Life Years),104,Caribbean,1,Male,27,Age-standardized,559,Schizophrenia,3,Rate,1995,160.37455144910618,216.74528783229823,112.22427171853143
2,DALYs (Disability-Adjusted Life Years),104,Caribbean,2,Female,27,Age-standardized,559,Schizophrenia,3,Rate,1995,124.30123899753006,168.66518653905086,88.3756901420274
2,DALYs (Disability-Adjusted Life Years),104,Caribbean,3,Both,27,Age-standardized,559,Schizophrenia,3,Rate,1995,141.89012365992835,192.5752268504654,99.78268986985816
2,DALYs (Disability-Adjusted Life Years),192,Southern Sub-Saharan Africa,1,Male,22,All ages,559,Schizophrenia,1,Number,1995,32225.5092579744,42604.3980724574,23525.835936191892
2,DALYs (Disability-Adjusted Life Years),192,Southern Sub-Saharan Africa,2,Female,22,All ages,559,Schizophrenia,1,Number,1995,37161.98882056982,48521.93514854077,26974.741473556765
2,DALYs (Disability-Adjusted Life Years),192,Southern Sub-Saharan Africa,3,Both,22,All ages,559,Schizophrenia,1,Number,1995,69387.49807854427,91475.90231158932,50460.541617623225
2,DALYs (Disability-Adjusted Life Years),192,Southern Sub-Saharan Africa,1,Male,22,All ages,559,Schizophrenia,2,Percent,1995,0.0018515767111871111,0.002462483079988879,0.0013616204048952558
2,DALYs (Disability-Adjusted Life Years),192,Southern Sub-Saharan Africa,2,Female,22,All ages,559,Schizophrenia,2,Percent,1995,0.0024482765587639918,0.003225924513637744,0.0017755055341994856
2,DALYs (Disability-Adjusted Life Years),192,Southern Sub-Saharan Africa,3,Both,22,All ages,559,Schizophrenia,2,Percent,1995,0.0021292516401771725,0.0028089459516157217,0.0015556786985128838
2,DALYs (Disability-Adjusted Life Years),192,Southern Sub-Saharan Africa,1,Male,22,All ages,559,Schizophrenia,3,Rate,1995,114.29694603439489,151.10863100202346,83.4410770327101
2,DALYs (Disability-Adjusted Life Years),192,Southern Sub-Saharan Africa,2,Female,22,All ages,559,Schizophrenia,3,Rate,1995,123.14957168354611,160.79482612330142,89.39047570306992
2,DALYs (Disability-Adjusted Life Years),192,Southern Sub-Saharan Africa,3,Both,22,All ages,559,Schizophrenia,3,Rate,1995,118.87353700030393,156.71503309953377,86.4481819801011
2,DALYs (Disability-Adjusted Life Years),192,Southern Sub-Saharan Africa,1,Male,27,Age-standardized,559,Schizophrenia,3,Rate,1995,138.0088255146493,180.35556770389312,101.0246027359675
2,DALYs (Disability-Adjusted Life Years),192,Southern Sub-Saharan Africa,2,Female,27,Age-standardized,559,Schizophrenia,3,Rate,1995,143.72202189826052,187.03705259265814,104.80901465127096
2,DALYs (Disability-Adjusted Life Years),192,Southern Sub-Saharan Africa,3,Both,27,Age-standardized,559,Schizophrenia,3,Rate,1995,141.04471615748167,184.9644406324459,103.30607120683723
2,DALYs (Disability-Adjusted Life Years),9,Southeast Asia,1,Male,22,All ages,559,Schizophrenia,1,Number,1995,459628.5050326798,606614.5795838812,336208.39518007415
2,DALYs (Disability-Adjusted Life Years),9,Southeast Asia,2,Female,22,All ages,559,Schizophrenia,1,Number,1995,384986.31054923456,516322.47574055014,280620.1543325569
2,DALYs (Disability-Adjusted Life Years),9,Southeast Asia,3,Both,22,All ages,559,Schizophrenia,1,Number,1995,844614.8155819146,1122004.975452019,615464.5494420314
2,DALYs (Disability-Adjusted Life Years),9,Southeast Asia,1,Male,22,All ages,559,Schizophrenia,2,Percent,1995,0.004244267183788923,0.005604852458087196,0.003115781499762358
2,DALYs (Disability-Adjusted Life Years),9,Southeast Asia,2,Female,22,All ages,559,Schizophrenia,2,Percent,1995,0.004280555652303847,0.005631225388513279,0.003094808662575761
2,DALYs (Disability-Adjusted Life Years),9,Southeast Asia,3,Both,22,All ages,559,Schizophrenia,2,Percent,1995,0.004260341086923643,0.005591698851517404,0.0031023958328119865
2,DALYs (Disability-Adjusted Life Years),9,Southeast Asia,1,Male,22,All ages,559,Schizophrenia,3,Rate,1995,183.085368917202,241.6348265557892,133.92302128917726
2,DALYs (Disability-Adjusted Life Years),9,Southeast Asia,2,Female,22,All ages,559,Schizophrenia,3,Rate,1995,151.34929326728263,202.98135195992205,110.319927932494
2,DALYs (Disability-Adjusted Life Years),9,Southeast Asia,3,Both,22,All ages,559,Schizophrenia,3,Rate,1995,167.11298924974227,221.99658583029643,121.7739953609996
2,DALYs (Disability-Adjusted Life Years),9,Southeast Asia,1,Male,27,Age-standardized,559,Schizophrenia,3,Rate,1995,200.81976544564614,263.4215277228712,145.47471153905602
2,DALYs (Disability-Adjusted Life Years),9,Southeast Asia,2,Female,27,Age-standardized,559,Schizophrenia,3,Rate,1995,161.4398523101523,214.42005577640742,118.2987746850247
2,DALYs (Disability-Adjusted Life Years),9,Southeast Asia,3,Both,27,Age-standardized,559,Schizophrenia,3,Rate,1995,180.69318333689512,237.33695821823835,131.86401343624374
2,DALYs (Disability-Adjusted Life Years),174,Eastern Sub-Saharan Africa,1,Male,22,All ages,559,Schizophrenia,1,Number,1995,96447.08737386462,129949.1326903064,69294.29499864538
2,DALYs (Disability-Adjusted Life Years),174,Eastern Sub-Saharan Africa,2,Female,22,All ages,559,Schizophrenia,1,Number,1995,106469.95021648194,143579.7432250842,75636.64226164986
2,DALYs (Disability-Adjusted Life Years),174,Eastern Sub-Saharan Africa,3,Both,22,All ages,559,Schizophrenia,1,Number,1995,202917.03759034653,272864.490055946,145338.39505301323
2,DALYs (Disability-Adjusted Life Years),174,Eastern Sub-Saharan Africa,1,Male,22,All ages,559,Schizophrenia,2,Percent,1995,0.0008173566801678256,0.0011044422423597848,0.0005830662809278048
2,DALYs (Disability-Adjusted Life Years),174,Eastern Sub-Saharan Africa,2,Female,22,All ages,559,Schizophrenia,2,Percent,1995,0.0010046561677719912,0.0013620057130775526,0.0007320712315181796
2,DALYs (Disability-Adjusted Life Years),174,Eastern Sub-Saharan Africa,3,Both,22,All ages,559,Schizophrenia,2,Percent,1995,0.000905929150482439,0.0012265725738412636,0.0006552253676902649
2,DALYs (Disability-Adjusted Life Years),174,Eastern Sub-Saharan Africa,1,Male,22,All ages,559,Schizophrenia,3,Rate,1995,89.73378399045302,120.90388336328918,64.47099097016543
2,DALYs (Disability-Adjusted Life Years),174,Eastern Sub-Saharan Africa,2,Female,22,All ages,559,Schizophrenia,3,Rate,1995,97.47469537241741,131.44921833868247,69.24638030220018
2,DALYs (Disability-Adjusted Life Years),174,Eastern Sub-Saharan Africa,3,Both,22,All ages,559,Schizophrenia,3,Rate,1995,93.63544023659198,125.91247612683065,67.06595348362238
2,DALYs (Disability-Adjusted Life Years),174,Eastern Sub-Saharan Africa,1,Male,27,Age-standardized,559,Schizophrenia,3,Rate,1995,132.0199795844587,173.6230555212167,95.70411109050818
2,DALYs (Disability-Adjusted Life Years),174,Eastern Sub-Saharan Africa,2,Female,27,Age-standardized,559,Schizophrenia,3,Rate,1995,137.92498760440523,183.66656474010523,97.48279204524843
2,DALYs (Disability-Adjusted Life Years),174,Eastern Sub-Saharan Africa,3,Both,27,Age-standardized,559,Schizophrenia,3,Rate,1995,135.0442684290509,178.82520279454832,96.25480787980891
2,DALYs (Disability-Adjusted Life Years),44637,Low SDI,1,Male,22,All ages,559,Schizophrenia,1,Number,1995,327858.21729549376,432143.7379387317,237823.7080745106
2,DALYs (Disability-Adjusted Life Years),44637,Low SDI,2,Female,22,All ages,559,Schizophrenia,1,Number,1995,304588.62735949643,403758.4206233004,215220.50817251235
2,DALYs (Disability-Adjusted Life Years),44637,Low SDI,3,Both,22,All ages,559,Schizophrenia,1,Number,1995,632446.8446549902,835951.3243280565,452417.0068022047
2,DALYs (Disability-Adjusted Life Years),44637,Low SDI,1,Male,22,All ages,559,Schizophrenia,2,Percent,1995,0.0011352549663269048,0.0015028219376180944,0.0008335275574873111
2,DALYs (Disability-Adjusted Life Years),44637,Low SDI,2,Female,22,All ages,559,Schizophrenia,2,Percent,1995,0.0011527435574700015,0.0015289327424616765,0.0008294755165469418
2,DALYs (Disability-Adjusted Life Years),44637,Low SDI,3,Both,22,All ages,559,Schizophrenia,2,Percent,1995,0.00114357028743796,0.0015183878256273763,0.0008363300743603613
2,DALYs (Disability-Adjusted Life Years),44637,Low SDI,1,Male,22,All ages,559,Schizophrenia,3,Rate,1995,114.50888986834805,150.93200988866175,83.06312716707554
2,DALYs (Disability-Adjusted Life Years),44637,Low SDI,2,Female,22,All ages,559,Schizophrenia,3,Rate,1995,108.08848432452642,143.2805817366525,76.37467861354118
2,DALYs (Disability-Adjusted Life Years),44637,Low SDI,3,Both,22,All ages,559,Schizophrenia,3,Rate,1995,111.32423475899182,147.14539611206894,79.63511479242798
2,DALYs (Disability-Adjusted Life Years),44637,Low SDI,1,Male,27,Age-standardized,559,Schizophrenia,3,Rate,1995,158.99579774063415,206.3240617837286,115.85686577820144
2,DALYs (Disability-Adjusted Life Years),44637,Low SDI,2,Female,27,Age-standardized,559,Schizophrenia,3,Rate,1995,146.6725571323996,192.59646628443468,104.88362654341118
2,DALYs (Disability-Adjusted Life Years),44637,Low SDI,3,Both,27,Age-standardized,559,Schizophrenia,3,Rate,1995,152.83683860819286,199.22069285473856,110.63413777556109
2,DALYs (Disability-Adjusted Life Years),199,Western Sub-Saharan Africa,1,Male,22,All ages,559,Schizophrenia,1,Number,1995,107845.35062697763,142728.56853335095,77814.0619833102
2,DALYs (Disability-Adjusted Life Years),199,Western Sub-Saharan Africa,2,Female,22,All ages,559,Schizophrenia,1,Number,1995,132930.0583736636,176144.30476634565,95836.1723366403
2,DALYs (Disability-Adjusted Life Years),199,Western Sub-Saharan Africa,3,Both,22,All ages,559,Schizophrenia,1,Number,1995,240775.40900064123,319454.8334783396,172359.9910703231
2,DALYs (Disability-Adjusted Life Years),199,Western Sub-Saharan Africa,1,Male,22,All ages,559,Schizophrenia,2,Percent,1995,0.0008895175565129258,0.0011957374686544764,0.0006474780035282794
2,DALYs (Disability-Adjusted Life Years),199,Western Sub-Saharan Africa,2,Female,22,All ages,559,Schizophrenia,2,Percent,1995,0.0012143552288530444,0.001604983052013403,0.0008743313512852928
2,DALYs (Disability-Adjusted Life Years),199,Western Sub-Saharan Africa,3,Both,22,All ages,559,Schizophrenia,2,Percent,1995,0.0010435559836054226,0.0014003734343303342,0.0007578036349814318
2,DALYs (Disability-Adjusted Life Years),199,Western Sub-Saharan Africa,1,Male,22,All ages,559,Schizophrenia,3,Rate,1995,97.1352290290385,128.55419462103154,70.08634761244751
2,DALYs (Disability-Adjusted Life Years),199,Western Sub-Saharan Africa,2,Female,22,All ages,559,Schizophrenia,3,Rate,1995,118.93186107671055,157.59543206576438,85.74414601117178
2,DALYs (Disability-Adjusted Life Years),199,Western Sub-Saharan Africa,3,Both,22,All ages,559,Schizophrenia,3,Rate,1995,108.0699356968394,143.38450697827182,77.36227395060936
2,DALYs (Disability-Adjusted Life Years),199,Western Sub-Saharan Africa,1,Male,27,Age-standardized,559,Schizophrenia,3,Rate,1995,131.9226118288968,172.8394214070617,95.01845342057534
2,DALYs (Disability-Adjusted Life Years),199,Western Sub-Saharan Africa,2,Female,27,Age-standardized,559,Schizophrenia,3,Rate,1995,163.27522167687414,214.29348693062897,117.3084362362916
2,DALYs (Disability-Adjusted Life Years),199,Western Sub-Saharan Africa,3,Both,27,Age-standardized,559,Schizophrenia,3,Rate,1995,147.3916184475138,193.65442487528927,105.61097347699523
5,Prevalence,21,Oceania,1,Male,22,All ages,559,Schizophrenia,1,Number,1995,9169.308302172703,11792.780684590874,6994.2348499700665
5,Prevalence,21,Oceania,2,Female,22,All ages,559,Schizophrenia,1,Number,1995,7311.528779802065,9455.41359943289,5495.153493722206
5,Prevalence,21,Oceania,3,Both,22,All ages,559,Schizophrenia,1,Number,1995,16480.83708197477,21103.9798718542,12483.5149522532
5,Prevalence,21,Oceania,1,Male,22,All ages,559,Schizophrenia,2,Percent,1995,0.0024543108470787,0.0031538103671504,0.0018693701227307
5,Prevalence,21,Oceania,2,Female,22,All ages,559,Schizophrenia,2,Percent,1995,0.0020784253499517,0.0026881165834854,0.0015619636433192
5,Prevalence,21,Oceania,3,Both,22,All ages,559,Schizophrenia,2,Percent,1995,0.0022720214743358,0.0029091381041338,0.0017196691036705
5,Prevalence,21,Oceania,1,Male,22,All ages,559,Schizophrenia,3,Rate,1995,241.08462695267,310.06244292227996,183.89636863064
5,Prevalence,21,Oceania,2,Female,22,All ages,559,Schizophrenia,3,Rate,1995,205.44982336586,265.69177423209,154.41070515543
5,Prevalence,21,Oceania,3,Both,22,All ages,559,Schizophrenia,3,Rate,1995,223.85910877824,286.65522887513,169.56350686141002
5,Prevalence,21,Oceania,1,Male,27,Age-standardized,559,Schizophrenia,2,Percent,1995,0.003020762953498,0.0037825593359619,0.0023309124364173
5,Prevalence,21,Oceania,2,Female,27,Age-standardized,559,Schizophrenia,2,Percent,1995,0.0025059013564452,0.0031513429108224,0.0019242801123658
5,Prevalence,21,Oceania,3,Both,27,Age-standardized,559,Schizophrenia,2,Percent,1995,0.0027700261712018,0.0034776668180614,0.0021356765779081
5,Prevalence,21,Oceania,1,Male,27,Age-standardized,559,Schizophrenia,3,Rate,1995,298.17193203417,373.48467950328,230.29754381732997
5,Prevalence,21,Oceania,2,Female,27,Age-standardized,559,Schizophrenia,3,Rate,1995,248.56433284584,312.51425461581,190.98550340200998
5,Prevalence,21,Oceania,3,Both,27,Age-standardized,559,Schizophrenia,3,Rate,1995,274.07134627598003,343.6810962522,211.43309603316
5,Prevalence,5,East Asia,1,Male,22,All ages,559,Schizophrenia,1,Number,1995,2163231.644116341,2489795.855905889,1859603.070658412
5,Prevalence,5,East Asia,2,Female,22,All ages,559,Schizophrenia,1,Number,1995,1939145.3701749188,2228505.411765528,1672307.0130742686
5,Prevalence,5,East Asia,3,Both,22,All ages,559,Schizophrenia,1,Number,1995,4102377.014291256,4695846.183863312,3524687.0161808995
5,Prevalence,5,East Asia,1,Male,22,All ages,559,Schizophrenia,2,Percent,1995,0.0034201930120013,0.0039358748987751,0.0029400478559371
5,Prevalence,5,East Asia,2,Female,22,All ages,559,Schizophrenia,2,Percent,1995,0.003218840746482,0.0037011590185565,0.0027787170398251
5,Prevalence,5,East Asia,3,Both,22,All ages,559,Schizophrenia,2,Percent,1995,0.0033219645404678,0.0038076637888436,0.002857132516486
5,Prevalence,5,East Asia,1,Male,22,All ages,559,Schizophrenia,3,Rate,1995,328.0843920914,377.61243093791,282.03486419389
5,Prevalence,5,East Asia,2,Female,22,All ages,559,Schizophrenia,3,Rate,1995,313.80328276429003,360.62913313556,270.62201656656
5,Prevalence,5,East Asia,3,Both,22,All ages,559,Schizophrenia,3,Rate,1995,321.17529352353,367.63802331908,275.94791581974
5,Prevalence,5,East Asia,1,Male,27,Age-standardized,559,Schizophrenia,2,Percent,1995,0.0032078547011569,0.0036662561540387,0.0027891837581686
5,Prevalence,5,East Asia,2,Female,27,Age-standardized,559,Schizophrenia,2,Percent,1995,0.0030072925954649,0.0034354493840237,0.0026055019918183
5,Prevalence,5,East Asia,3,Both,27,Age-standardized,559,Schizophrenia,2,Percent,1995,0.0031105829636864,0.003544921618039,0.0026966183772102
5,Prevalence,5,East Asia,1,Male,27,Age-standardized,559,Schizophrenia,3,Rate,1995,307.40979683563,350.98499565935,267.22890228615
5,Prevalence,5,East Asia,2,Female,27,Age-standardized,559,Schizophrenia,3,Rate,1995,292.14538741792,333.07365055307,253.08918398183
5,Prevalence,5,East Asia,3,Both,27,Age-standardized,559,Schizophrenia,3,Rate,1995,300.0678056361,341.6817487286,260.06274763462
5,Prevalence,1,Global,1,Male,22,All ages,559,Schizophrenia,1,Number,1995,7958820.768789018,9426161.435152393,6608093.761191983
5,Prevalence,1,Global,2,Female,22,All ages,559,Schizophrenia,1,Number,1995,7104045.026763418,8403162.476484962,5909724.578148741
5,Prevalence,1,Global,3,Both,22,All ages,559,Schizophrenia,1,Number,1995,15062865.795552433,17826943.994918935,12518462.074334268
5,Prevalence,1,Global,1,Male,22,All ages,559,Schizophrenia,2,Percent,1995,0.0028550783708331,0.0033847796427669,0.0023716032394155
5,Prevalence,1,Global,2,Female,22,All ages,559,Schizophrenia,2,Percent,1995,0.0025555102563444,0.0030201007214077,0.002126831229656
5,Prevalence,1,Global,3,Both,22,All ages,559,Schizophrenia,2,Percent,1995,0.0027055012479746,0.0032008938722088,0.0022493797342014
5,Prevalence,1,Global,1,Male,22,All ages,559,Schizophrenia,3,Rate,1995,275.82902264498,326.68267969395004,229.01684767721
5,Prevalence,1,Global,2,Female,22,All ages,559,Schizophrenia,3,Rate,1995,250.26200528824,296.02744411181,208.18836565038998
5,Prevalence,1,Global,3,Both,22,All ages,559,Schizophrenia,3,Rate,1995,263.14997655669,311.43873669282004,218.69895450835
5,Prevalence,1,Global,1,Male,27,Age-standardized,559,Schizophrenia,2,Percent,1995,0.0029858005351757,0.0035109460647851,0.0024921957215649
5,Prevalence,1,Global,2,Female,27,Age-standardized,559,Schizophrenia,2,Percent,1995,0.002666722165407,0.0031425862537993,0.0022210679877132
5,Prevalence,1,Global,3,Both,27,Age-standardized,559,Schizophrenia,2,Percent,1995,0.0028276060194738,0.0033294983292834,0.0023575623028301
5,Prevalence,1,Global,1,Male,27,Age-standardized,559,Schizophrenia,3,Rate,1995,289.45368202682,340.65442237601,241.56580953562002
5,Prevalence,1,Global,2,Female,27,Age-standardized,559,Schizophrenia,3,Rate,1995,261.50612714595,307.88240331904996,217.72020241401
5,Prevalence,1,Global,3,Both,27,Age-standardized,559,Schizophrenia,3,Rate,1995,275.67092486088,324.3556971653,229.80805780316
5,Prevalence,65,High-income Asia Pacific,1,Male,22,All ages,559,Schizophrenia,1,Number,1995,290460.68240095454,349728.6076966088,240264.61406338317
5,Prevalence,65,High-income Asia Pacific,2,Female,22,All ages,559,Schizophrenia,1,Number,1995,281820.5624995141,334808.07811469224,234457.46175071652
5,Prevalence,65,High-income Asia Pacific,3,Both,22,All ages,559,Schizophrenia,1,Number,1995,572281.2449004687,680567.8333262503,473609.8367584208
5,Prevalence,65,High-income Asia Pacific,1,Male,22,All ages,559,Schizophrenia,2,Percent,1995,0.0035529543987856,0.0042872222712558,0.0029347728606801
5,Prevalence,65,High-income Asia Pacific,2,Female,22,All ages,559,Schizophrenia,2,Percent,1995,0.0032692800761261,0.003889877789381,0.0027128148442273
5,Prevalence,65,High-income Asia Pacific,3,Both,22,All ages,559,Schizophrenia,2,Percent,1995,0.0034073568545996,0.0040539846639731,0.0028213112500611
5,Prevalence,65,High-income Asia Pacific,1,Male,22,All ages,559,Schizophrenia,3,Rate,1995,332.09778613554,399.86167974357,274.7061865916
5,Prevalence,65,High-income Asia Pacific,2,Female,22,All ages,559,Schizophrenia,3,Rate,1995,314.94575243838,374.16142083125,262.0155926557
5,Prevalence,65,High-income Asia Pacific,3,Both,22,All ages,559,Schizophrenia,3,Rate,1995,323.42387232434,384.62187254109,267.65987657336
5,Prevalence,65,High-income Asia Pacific,1,Male,27,Age-standardized,559,Schizophrenia,2,Percent,1995,0.0031006241276702,0.003760004061482,0.0025444741529914
5,Prevalence,65,High-income Asia Pacific,2,Female,27,Age-standardized,559,Schizophrenia,2,Percent,1995,0.0028445347471389,0.0033897383672808,0.002343273792168
5,Prevalence,65,High-income Asia Pacific,3,Both,27,Age-standardized,559,Schizophrenia,2,Percent,1995,0.0029774682402171,0.0035731523087537,0.0024540665458137
5,Prevalence,65,High-income Asia Pacific,1,Male,27,Age-standardized,559,Schizophrenia,3,Rate,1995,283.23004206694003,342.31446756801,232.24542683214997
5,Prevalence,65,High-income Asia Pacific,2,Female,27,Age-standardized,559,Schizophrenia,3,Rate,1995,267.6447207456,318.10254306271,220.3472662175
5,Prevalence,65,High-income Asia Pacific,3,Both,27,Age-standardized,559,Schizophrenia,3,Rate,1995,275.96880639511,330.33711871052003,227.4985476769
5,Prevalence,32,Central Asia,1,Male,22,All ages,559,Schizophrenia,1,Number,1995,66789.80626066375,85596.4318094828,50983.03325452512
5,Prevalence,32,Central Asia,2,Female,22,All ages,559,Schizophrenia,1,Number,1995,70196.90138478305,89462.99828014849,54270.62318628428
5,Prevalence,32,Central Asia,3,Both,22,All ages,559,Schizophrenia,1,Number,1995,136986.70764544694,174689.7826553487,105004.23192469124
5,Prevalence,32,Central Asia,1,Male,22,All ages,559,Schizophrenia,2,Percent,1995,0.0019728695007254,0.0025256435506869,0.0015010094835989
5,Prevalence,32,Central Asia,2,Female,22,All ages,559,Schizophrenia,2,Percent,1995,0.0019582989976169,0.0024939114690388,0.0015147494881329
5,Prevalence,32,Central Asia,3,Both,22,All ages,559,Schizophrenia,2,Percent,1995,0.0019653731368514,0.0025073639715871,0.0015034998421603
5,Prevalence,32,Central Asia,1,Male,22,All ages,559,Schizophrenia,3,Rate,1995,188.50274833798,241.58121646649,143.89084839650002
5,Prevalence,32,Central Asia,2,Female,22,All ages,559,Schizophrenia,3,Rate,1995,190.16833992417,242.36155060917,147.02293284164
5,Prevalence,32,Central Asia,3,Both,22,All ages,559,Schizophrenia,3,Rate,1995,189.35259599359,241.46841987733998,145.14418403802
5,Prevalence,32,Central Asia,1,Male,27,Age-standardized,559,Schizophrenia,2,Percent,1995,0.0022267579068511,0.0028146015457002,0.0017295037831034
5,Prevalence,32,Central Asia,2,Female,27,Age-standardized,559,Schizophrenia,2,Percent,1995,0.0021558109473611,0.0027189215293945,0.0016777167123855
5,Prevalence,32,Central Asia,3,Both,27,Age-standardized,559,Schizophrenia,2,Percent,1995,0.0021904903069604,0.0027572939661024,0.0016991395793311
5,Prevalence,32,Central Asia,1,Male,27,Age-standardized,559,Schizophrenia,3,Rate,1995,214.62753277854,271.16275224315,166.81199321239
5,Prevalence,32,Central Asia,2,Female,27,Age-standardized,559,Schizophrenia,3,Rate,1995,210.24765029307,265.27848895258,163.59192660037
5,Prevalence,32,Central Asia,3,Both,27,Age-standardized,559,Schizophrenia,3,Rate,1995,212.37616808534003,267.31678388637,164.63041457354998
5,Prevalence,42,Central Europe,1,Male,22,All ages,559,Schizophrenia,1,Number,1995,149942.45279707102,184556.82061899625,121198.1746840369
5,Prevalence,42,Central Europe,2,Female,22,All ages,559,Schizophrenia,1,Number,1995,154462.53622660015,188671.1573154129,124457.58484829668
5,Prevalence,42,Central Europe,3,Both,22,All ages,559,Schizophrenia,1,Number,1995,304404.989023671,372896.7381665235,245673.93887575163
5,Prevalence,42,Central Europe,1,Male,22,All ages,559,Schizophrenia,2,Percent,1995,0.0025508289991321,0.0031358597869568,0.0020567256654081
5,Prevalence,42,Central Europe,2,Female,22,All ages,559,Schizophrenia,2,Percent,1995,0.0024778683954281,0.0030295641749898,0.0019949413710231
5,Prevalence,42,Central Europe,3,Both,22,All ages,559,Schizophrenia,2,Percent,1995,0.0025132770108554,0.0030773703362,0.0020254006763092
5,Prevalence,42,Central Europe,1,Male,22,All ages,559,Schizophrenia,3,Rate,1995,246.57308367625,303.49473097588,199.30451390053997
5,Prevalence,42,Central Europe,2,Female,22,All ages,559,Schizophrenia,3,Rate,1995,242.08091138486998,295.69426238055996,195.05574817596
5,Prevalence,42,Central Europe,3,Both,22,All ages,559,Schizophrenia,3,Rate,1995,244.27300480124003,299.23493371336997,197.14365208997
5,Prevalence,42,Central Europe,1,Male,27,Age-standardized,559,Schizophrenia,2,Percent,1995,0.0023125897647454,0.0028498728208758,0.0018528194538015
5,Prevalence,42,Central Europe,2,Female,27,Age-standardized,559,Schizophrenia,2,Percent,1995,0.0022520626048611,0.0027861474182957,0.0017852377493954
5,Prevalence,42,Central Europe,3,Both,27,Age-standardized,559,Schizophrenia,2,Percent,1995,0.0022822086775939,0.002813426433913,0.0018188749391914
5,Prevalence,42,Central Europe,1,Male,27,Age-standardized,559,Schizophrenia,3,Rate,1995,221.68989106197,273.2991809818,178.15215334883
5,Prevalence,42,Central Europe,2,Female,27,Age-standardized,559,Schizophrenia,3,Rate,1995,217.79729597129,269.47366328433,172.73720734716
5,Prevalence,42,Central Europe,3,Both,27,Age-standardized,559,Schizophrenia,3,Rate,1995,219.72756012282,271.08987075329003,175.41277636311
5,Prevalence,70,Australasia,1,Male,22,All ages,559,Schizophrenia,1,Number,1995,51518.85293656487,55732.30101940327,47356.37027540861
5,Prevalence,70,Australasia,2,Female,22,All ages,559,Schizophrenia,1,Number,1995,40550.53882914228,45019.05390932209,36021.60389178686
5,Prevalence,70,Australasia,3,Both,22,All ages,559,Schizophrenia,1,Number,1995,92069.39176570726,100284.19366843071,83713.19919226918
5,Prevalence,70,Australasia,1,Male,22,All ages,559,Schizophrenia,2,Percent,1995,0.0051972538737978,0.0056352673201224,0.0047807491695128
5,Prevalence,70,Australasia,2,Female,22,All ages,559,Schizophrenia,2,Percent,1995,0.0039486363461716,0.0043855259193676,0.0035028338709339
5,Prevalence,70,Australasia,3,Both,22,All ages,559,Schizophrenia,2,Percent,1995,0.0045618816413511,0.0049790353183418,0.0041381249767884
5,Prevalence,70,Australasia,1,Male,22,All ages,559,Schizophrenia,3,Rate,1995,482.94495582708,522.44240932728,443.92525934046
5,Prevalence,70,Australasia,2,Female,22,All ages,559,Schizophrenia,3,Rate,1995,372.93681283286,414.03303054576,331.28492336768
5,Prevalence,70,Australasia,3,Both,22,All ages,559,Schizophrenia,3,Rate,1995,427.41575076307004,465.55150527699004,388.62361524657
5,Prevalence,70,Australasia,1,Male,27,Age-standardized,559,Schizophrenia,2,Percent,1995,0.0047983848804865,0.0052059440270568,0.0044225717034077
5,Prevalence,70,Australasia,2,Female,27,Age-standardized,559,Schizophrenia,2,Percent,1995,0.0036052044672827,0.0040018838924112,0.0031919607527071
5,Prevalence,70,Australasia,3,Both,27,Age-standardized,559,Schizophrenia,2,Percent,1995,0.0041982399129012,0.0045860107735049,0.0038082740070488
5,Prevalence,70,Australasia,1,Male,27,Age-standardized,559,Schizophrenia,3,Rate,1995,438.7385024784,474.63107466671,403.96904019921
5,Prevalence,70,Australasia,2,Female,27,Age-standardized,559,Schizophrenia,3,Rate,1995,333.64462855682,370.74177450387003,295.70148231534
5,Prevalence,70,Australasia,3,Both,27,Age-standardized,559,Schizophrenia,3,Rate,1995,386.18338289343,421.39840432366,350.93949178737
5,Prevalence,9,Southeast Asia,1,Male,22,All ages,559,Schizophrenia,1,Number,1995,699798.8110812216,859575.2064738099,558323.7830515476
5,Prevalence,9,Southeast Asia,2,Female,22,All ages,559,Schizophrenia,1,Number,1995,596817.1706401269,735842.4528183992,476645.89065312425
5,Prevalence,9,Southeast Asia,3,Both,22,All ages,559,Schizophrenia,1,Number,1995,1296615.9817213516,1593091.6228562156,1036168.9824402856
5,Prevalence,9,Southeast Asia,1,Male,22,All ages,559,Schizophrenia,2,Percent,1995,0.0028419239326703,0.0034934076971803,0.0022672978298241
5,Prevalence,9,Southeast Asia,2,Female,22,All ages,559,Schizophrenia,2,Percent,1995,0.0023727032432182,0.0029268256532812,0.001894342520403
5,Prevalence,9,Southeast Asia,3,Both,22,All ages,559,Schizophrenia,2,Percent,1995,0.0026048180254948,0.0032009984119787,0.0020784289245266
5,Prevalence,9,Southeast Asia,1,Male,22,All ages,559,Schizophrenia,3,Rate,1995,278.75321502419,342.397484199,222.39899108948998
5,Prevalence,9,Southeast Asia,2,Female,22,All ages,559,Schizophrenia,3,Rate,1995,234.62615295930001,289.28102672338,187.38333471179
5,Prevalence,9,Southeast Asia,3,Both,22,All ages,559,Schizophrenia,3,Rate,1995,256.54460307466,315.20439652814,205.01333013457997
5,Prevalence,9,Southeast Asia,1,Male,27,Age-standardized,559,Schizophrenia,2,Percent,1995,0.0031322438803289,0.0037983200710936,0.0025380847914623
5,Prevalence,9,Southeast Asia,2,Female,27,Age-standardized,559,Schizophrenia,2,Percent,1995,0.0025452906318494,0.0030862905708729,0.0020518417856731
5,Prevalence,9,Southeast Asia,3,Both,27,Age-standardized,559,Schizophrenia,2,Percent,1995,0.0028313065848336,0.0034272676262839,0.0022827765258594
5,Prevalence,9,Southeast Asia,1,Male,27,Age-standardized,559,Schizophrenia,3,Rate,1995,308.20101877515003,373.20019765509,250.02134113608
5,Prevalence,9,Southeast Asia,2,Female,27,Age-standardized,559,Schizophrenia,3,Rate,1995,252.04543282922,305.57321456697997,203.04623166946
5,Prevalence,9,Southeast Asia,3,Both,27,Age-standardized,559,Schizophrenia,3,Rate,1995,279.47846334812,338.21669545493,225.35567222475
5,Prevalence,100,High-income North America,1,Male,22,All ages,559,Schizophrenia,1,Number,1995,605733.8540896304,702958.2141627038,512119.5274892778
5,Prevalence,100,High-income North America,2,Female,22,All ages,559,Schizophrenia,1,Number,1995,596133.3708075935,692760.594845297,510699.225100221
5,Prevalence,100,High-income North America,3,Both,22,All ages,559,Schizophrenia,1,Number,1995,1201867.224897222,1396441.9894273677,1020365.3606219464
5,Prevalence,100,High-income North America,1,Male,22,All ages,559,Schizophrenia,2,Percent,1995,0.0045221766811948,0.0052583414168252,0.0038231883813526
5,Prevalence,100,High-income North America,2,Female,22,All ages,559,Schizophrenia,2,Percent,1995,0.0041544652710955,0.004834994738101,0.0035641742502997
5,Prevalence,100,High-income North America,3,Both,22,All ages,559,Schizophrenia,2,Percent,1995,0.0043319907809277,0.0050434399948422,0.0036819772566365
5,Prevalence,100,High-income North America,1,Male,22,All ages,559,Schizophrenia,3,Rate,1995,416.55857669067,483.41903162194,352.18071439485
5,Prevalence,100,High-income North America,2,Female,22,All ages,559,Schizophrenia,3,Rate,1995,393.91838092313,457.76858879601997,337.46443621776
5,Prevalence,100,High-income North America,3,Both,22,All ages,559,Schizophrenia,3,Rate,1995,405.01263279378,470.58163744346,343.8490147299
5,Prevalence,100,High-income North America,1,Male,27,Age-standardized,559,Schizophrenia,2,Percent,1995,0.0041171693944461,0.0047953256405058,0.0034676133012815
5,Prevalence,100,High-income North America,2,Female,27,Age-standardized,559,Schizophrenia,2,Percent,1995,0.0037800172608188,0.0044139094064029,0.0032044906337442
5,Prevalence,100,High-income North America,3,Both,27,Age-standardized,559,Schizophrenia,2,Percent,1995,0.0039493183402126,0.0045899659370786,0.0033323669065127
5,Prevalence,100,High-income North America,1,Male,27,Age-standardized,559,Schizophrenia,3,Rate,1995,372.59476557153,432.79537188444,314.00257973883004
5,Prevalence,100,High-income North America,2,Female,27,Age-standardized,559,Schizophrenia,3,Rate,1995,351.35205913465,409.59472301899,298.18083529946
5,Prevalence,100,High-income North America,3,Both,27,Age-standardized,559,Schizophrenia,3,Rate,1995,362.15467838276,421.5315746489,305.6592234999
5,Prevalence,134,Tropical Latin America,1,Male,22,All ages,559,Schizophrenia,1,Number,1995,199782.8803658069,240626.9367997961,163567.02133711457
5,Prevalence,134,Tropical Latin America,2,Female,22,All ages,559,Schizophrenia,1,Number,1995,171691.5005455955,206197.6569775693,140142.80178680396
5,Prevalence,134,Tropical Latin America,3,Both,22,All ages,559,Schizophrenia,1,Number,1995,371474.3809114027,446528.85242267296,303829.95760742173
5,Prevalence,134,Tropical Latin America,1,Male,22,All ages,559,Schizophrenia,2,Percent,1995,0.0025268631019402,0.0030447553395259,0.002067608612287
5,Prevalence,134,Tropical Latin America,2,Female,22,All ages,559,Schizophrenia,2,Percent,1995,0.0020866098502706,0.002508173924293,0.001705158846654
5,Prevalence,134,Tropical Latin America,3,Both,22,All ages,559,Schizophrenia,2,Percent,1995,0.0023023426700394,0.0027725614870479,0.0018813343812945
5,Prevalence,134,Tropical Latin America,1,Male,22,All ages,559,Schizophrenia,3,Rate,1995,244.47659367049002,294.45793226358,200.15883312978
5,Prevalence,134,Tropical Latin America,2,Female,22,All ages,559,Schizophrenia,3,Rate,1995,204.63439455930998,245.76133682254,167.03236505218
5,Prevalence,134,Tropical Latin America,3,Both,22,All ages,559,Schizophrenia,3,Rate,1995,224.29292220275,269.61014353668,183.44982196971
5,Prevalence,134,Tropical Latin America,1,Male,27,Age-standardized,559,Schizophrenia,2,Percent,1995,0.0027445793231936,0.0032727639653234,0.002272457070255
5,Prevalence,134,Tropical Latin America,2,Female,27,Age-standardized,559,Schizophrenia,2,Percent,1995,0.0022190000362021,0.002632430698684,0.001835290088905
5,Prevalence,134,Tropical Latin America,3,Both,27,Age-standardized,559,Schizophrenia,2,Percent,1995,0.0024734772562221,0.0029469974574459,0.0020454281710246
5,Prevalence,134,Tropical Latin America,1,Male,27,Age-standardized,559,Schizophrenia,3,Rate,1995,266.65284314302,317.63126868951,221.15767583296
5,Prevalence,134,Tropical Latin America,2,Female,27,Age-standardized,559,Schizophrenia,3,Rate,1995,217.83631158826,258.32143777937,180.29067914898002
5,Prevalence,134,Tropical Latin America,3,Both,27,Age-standardized,559,Schizophrenia,3,Rate,1995,241.56270246426,287.39569947775,200.09563564361002
5,Prevalence,56,Eastern Europe,1,Male,22,All ages,559,Schizophrenia,1,Number,1995,228168.5936854496,274142.97666546743,187652.73766733755
5,Prevalence,56,Eastern Europe,2,Female,22,All ages,559,Schizophrenia,1,Number,1995,268982.4735288564,316627.5578874034,223804.6295241692
5,Prevalence,56,Eastern Europe,3,Both,22,All ages,559,Schizophrenia,1,Number,1995,497151.06721430586,590107.0129493435,412386.78335246793
5,Prevalence,56,Eastern Europe,1,Male,22,All ages,559,Schizophrenia,2,Percent,1995,0.0022782467136468,0.0027372378061286,0.0018774615323589
5,Prevalence,56,Eastern Europe,2,Female,22,All ages,559,Schizophrenia,2,Percent,1995,0.0023102629963965,0.0027161848821278,0.0019222153568702
5,Prevalence,56,Eastern Europe,3,Both,22,All ages,559,Schizophrenia,2,Percent,1995,0.0022954558788008,0.0027222462290774,0.0019001859232704
5,Prevalence,56,Eastern Europe,1,Male,22,All ages,559,Schizophrenia,3,Rate,1995,216.78057977107997,260.46035723759,178.28689132929
5,Prevalence,56,Eastern Europe,2,Female,22,All ages,559,Schizophrenia,3,Rate,1995,224.59830148151002,264.38158133794,186.8751483893
5,Prevalence,56,Eastern Europe,3,Both,22,All ages,559,Schizophrenia,3,Rate,1995,220.94147318986,262.2525050811,183.27094005542
5,Prevalence,56,Eastern Europe,1,Male,27,Age-standardized,559,Schizophrenia,2,Percent,1995,0.0020393447789855,0.0024455236959814,0.0016779352693648
5,Prevalence,56,Eastern Europe,2,Female,27,Age-standardized,559,Schizophrenia,2,Percent,1995,0.0020706637854368,0.0024740119191055,0.0017032929839568
5,Prevalence,56,Eastern Europe,3,Both,27,Age-standardized,559,Schizophrenia,2,Percent,1995,0.0020568725164288,0.0024583515851988,0.0016897232340983
5,Prevalence,56,Eastern Europe,1,Male,27,Age-standardized,559,Schizophrenia,3,Rate,1995,191.78066122856,229.36147681965002,157.7298825975
5,Prevalence,56,Eastern Europe,2,Female,27,Age-standardized,559,Schizophrenia,3,Rate,1995,198.22318799699,236.55450774028,163.16061123744
5,Prevalence,56,Eastern Europe,3,Both,27,Age-standardized,559,Schizophrenia,3,Rate,1995,195.13936262825,232.96443533427998,160.57619366463
5,Prevalence,96,Southern Latin America,1,Male,22,All ages,559,Schizophrenia,1,Number,1995,70410.98190100376,88921.08898919719,54422.84656286346
5,Prevalence,96,Southern Latin America,2,Female,22,All ages,559,Schizophrenia,1,Number,1995,72868.13284598984,92775.4854754323,57330.82884296141
5,Prevalence,96,Southern Latin America,3,Both,22,All ages,559,Schizophrenia,1,Number,1995,143279.11474699355,181170.68753334525,112693.71812033126
5,Prevalence,96,Southern Latin America,1,Male,22,All ages,559,Schizophrenia,2,Percent,1995,0.00289601192895,0.0036649872557532,0.0022408109097522
5,Prevalence,96,Southern Latin America,2,Female,22,All ages,559,Schizophrenia,2,Percent,1995,0.0028247898905771,0.0035936067065343,0.0022197113967551
5,Prevalence,96,Southern Latin America,3,Both,22,All ages,559,Schizophrenia,2,Percent,1995,0.002859330674843,0.0036179746941591,0.0022441127835357
5,Prevalence,96,Southern Latin America,1,Male,22,All ages,559,Schizophrenia,3,Rate,1995,274.11203270520997,346.17242644705,211.86974949340998
5,Prevalence,96,Southern Latin America,2,Female,22,All ages,559,Schizophrenia,3,Rate,1995,271.83816812995,346.10353022647,213.87548824643
5,Prevalence,96,Southern Latin America,3,Both,22,All ages,559,Schizophrenia,3,Rate,1995,272.95086915555004,345.13541429298004,214.68480150531002
5,Prevalence,96,Southern Latin America,1,Male,27,Age-standardized,559,Schizophrenia,2,Percent,1995,0.0029745958367633,0.0037541067055717,0.002311618848705
5,Prevalence,96,Southern Latin America,2,Female,27,Age-standardized,559,Schizophrenia,2,Percent,1995,0.0028630992294335,0.0036419408891839,0.0022479585447179
5,Prevalence,96,Southern Latin America,3,Both,27,Age-standardized,559,Schizophrenia,2,Percent,1995,0.0029206876585313,0.0036899325836588,0.0022952078453395
5,Prevalence,96,Southern Latin America,1,Male,27,Age-standardized,559,Schizophrenia,3,Rate,1995,282.30257872425,354.79506613406,219.10226679730002
5,Prevalence,96,Southern Latin America,2,Female,27,Age-standardized,559,Schizophrenia,3,Rate,1995,275.24445058656,350.27651856937,216.36191754576998
5,Prevalence,96,Southern Latin America,3,Both,27,Age-standardized,559,Schizophrenia,3,Rate,1995,278.98125158972,352.44181385466,219.69845557644
5,Prevalence,73,Western Europe,1,Male,22,All ages,559,Schizophrenia,1,Number,1995,601572.1309674564,714895.9105924384,504271.74375424086
5,Prevalence,73,Western Europe,2,Female,22,All ages,559,Schizophrenia,1,Number,1995,598037.7470492685,705201.1888728535,505208.3815465796
5,Prevalence,73,Western Europe,3,Both,22,All ages,559,Schizophrenia,1,Number,1995,1199609.8780167236,1417424.997171972,1014217.124003402
5,Prevalence,73,Western Europe,1,Male,22,All ages,559,Schizophrenia,2,Percent,1995,0.0033725636155834,0.0040133591004092,0.002826890411907
5,Prevalence,73,Western Europe,2,Female,22,All ages,559,Schizophrenia,2,Percent,1995,0.0030818224627099,0.0036295187383058,0.0026028698931529
5,Prevalence,73,Western Europe,3,Both,22,All ages,559,Schizophrenia,2,Percent,1995,0.0032210700889885,0.0038057828545603,0.0027246376334249
5,Prevalence,73,Western Europe,1,Male,22,All ages,559,Schizophrenia,3,Rate,1995,315.37793163993,374.78862802022,264.36759840239
5,Prevalence,73,Western Europe,2,Female,22,All ages,559,Schizophrenia,3,Rate,1995,298.47234712400996,351.95613500327,252.14249797932
5,Prevalence,73,Western Europe,3,Both,22,All ages,559,Schizophrenia,3,Rate,1995,306.71723485175,362.40838268278,259.3158638606
5,Prevalence,73,Western Europe,1,Male,27,Age-standardized,559,Schizophrenia,2,Percent,1995,0.0029611350048311,0.0035176057516075,0.0024657130998608
5,Prevalence,73,Western Europe,2,Female,27,Age-standardized,559,Schizophrenia,2,Percent,1995,0.0026642202880792,0.0031594193057615,0.0022245528014381
5,Prevalence,73,Western Europe,3,Both,27,Age-standardized,559,Schizophrenia,2,Percent,1995,0.0028160868888382,0.0033375071241453,0.0023608156324152
5,Prevalence,73,Western Europe,1,Male,27,Age-standardized,559,Schizophrenia,3,Rate,1995,268.37789860259,319.23802781160003,223.57234763705
5,Prevalence,73,Western Europe,2,Female,27,Age-standardized,559,Schizophrenia,3,Rate,1995,252.10075185764,298.11736889315,210.59191529422998
5,Prevalence,73,Western Europe,3,Both,27,Age-standardized,559,Schizophrenia,3,Rate,1995,260.72984389992,308.76088816169,218.53802766546997
5,Prevalence,124,Central Latin America,1,Male,22,All ages,559,Schizophrenia,1,Number,1995,200826.46887700696,247963.94305182985,160714.72283233528
5,Prevalence,124,Central Latin America,2,Female,22,All ages,559,Schizophrenia,1,Number,1995,173756.96062761435,215367.4809583248,137786.5636887805
5,Prevalence,124,Central Latin America,3,Both,22,All ages,559,Schizophrenia,1,Number,1995,374583.429504622,460947.26178671286,298273.0563905445
5,Prevalence,124,Central Latin America,1,Male,22,All ages,559,Schizophrenia,2,Percent,1995,0.002348299668045,0.002899712481852,0.0018766823841123
5,Prevalence,124,Central Latin America,2,Female,22,All ages,559,Schizophrenia,2,Percent,1995,0.0019283407730211,0.0023872080882931,0.0015290958852507
5,Prevalence,124,Central Latin America,3,Both,22,All ages,559,Schizophrenia,2,Percent,1995,0.0021328341733003,0.0026273710191949,0.0016984684538794
5,Prevalence,124,Central Latin America,1,Male,22,All ages,559,Schizophrenia,3,Rate,1995,223.26877188551998,275.67384591609004,178.67454918342
5,Prevalence,124,Central Latin America,2,Female,22,All ages,559,Schizophrenia,3,Rate,1995,187.57926617947,232.49988887445,148.74743672296998
5,Prevalence,124,Central Latin America,3,Both,22,All ages,559,Schizophrenia,3,Rate,1995,205.16179909079,252.4638359983,163.36610765276
5,Prevalence,124,Central Latin America,1,Male,27,Age-standardized,559,Schizophrenia,2,Percent,1995,0.0027982226564536,0.0033907441785464,0.0022703412317708
5,Prevalence,124,Central Latin America,2,Female,27,Age-standardized,559,Schizophrenia,2,Percent,1995,0.00224022926083,0.0027311862866231,0.0018248162665191
5,Prevalence,124,Central Latin America,3,Both,27,Age-standardized,559,Schizophrenia,2,Percent,1995,0.0025083605038644,0.0030414203790447,0.0020389539149302
5,Prevalence,124,Central Latin America,1,Male,27,Age-standardized,559,Schizophrenia,3,Rate,1995,269.17473762739,325.74696184686,218.19526882106
5,Prevalence,124,Central Latin America,2,Female,27,Age-standardized,559,Schizophrenia,3,Rate,1995,219.18944557623,267.16062692539,178.33649198919
5,Prevalence,124,Central Latin America,3,Both,27,Age-standardized,559,Schizophrenia,3,Rate,1995,243.36846606197003,295.13066853357,197.6203919684
5,Prevalence,104,Caribbean,1,Male,22,All ages,559,Schizophrenia,1,Number,1995,43070.133993989504,54735.87388254501,33611.10264148838
5,Prevalence,104,Caribbean,2,Female,22,All ages,559,Schizophrenia,1,Number,1995,35886.96886725555,45178.88470800931,27879.72309227056
5,Prevalence,104,Caribbean,3,Both,22,All ages,559,Schizophrenia,1,Number,1995,78957.1028612451,99873.81590490128,61539.79201577143
5,Prevalence,104,Caribbean,1,Male,22,All ages,559,Schizophrenia,2,Percent,1995,0.0023712316994389,0.0030114954629089,0.001847197406507
5,Prevalence,104,Caribbean,2,Female,22,All ages,559,Schizophrenia,2,Percent,1995,0.0019101811653641,0.0024048996761688,0.0014839316593224
5,Prevalence,104,Caribbean,3,Both,22,All ages,559,Schizophrenia,2,Percent,1995,0.0021368152807927,0.0027004008701108,0.0016627744829162
5,Prevalence,104,Caribbean,1,Male,22,All ages,559,Schizophrenia,3,Rate,1995,231.61393005419,294.34760678144,180.74704799702
5,Prevalence,104,Caribbean,2,Female,22,All ages,559,Schizophrenia,3,Rate,1995,187.67260100695,236.26511436807002,145.79833051473
5,Prevalence,104,Caribbean,3,Both,22,All ages,559,Schizophrenia,3,Rate,1995,209.33660391139003,264.79245924138,163.15860890481
5,Prevalence,104,Caribbean,1,Male,27,Age-standardized,559,Schizophrenia,2,Percent,1995,0.0025309237364539,0.003171071586492,0.0020064098755913
5,Prevalence,104,Caribbean,2,Female,27,Age-standardized,559,Schizophrenia,2,Percent,1995,0.0019997044531219,0.0024881495818703,0.0015785045601529
5,Prevalence,104,Caribbean,3,Both,27,Age-standardized,559,Schizophrenia,2,Percent,1995,0.0022581130649057,0.0028142099203129,0.0017765837903924
5,Prevalence,104,Caribbean,1,Male,27,Age-standardized,559,Schizophrenia,3,Rate,1995,247.82925409367,310.92384299714,196.82785383032
5,Prevalence,104,Caribbean,2,Female,27,Age-standardized,559,Schizophrenia,3,Rate,1995,196.68858041497003,244.61929263141,155.35504508501
5,Prevalence,104,Caribbean,3,Both,27,Age-standardized,559,Schizophrenia,3,Rate,1995,221.61938346988,275.93784080347996,174.54858370366
5,Prevalence,120,Andean Latin America,1,Male,22,All ages,559,Schizophrenia,1,Number,1995,45670.77750954516,58954.0202906097,35397.35515033078
5,Prevalence,120,Andean Latin America,2,Female,22,All ages,559,Schizophrenia,1,Number,1995,37899.848376653725,48984.99328571951,29000.09903144253
5,Prevalence,120,Andean Latin America,3,Both,22,All ages,559,Schizophrenia,1,Number,1995,83570.62588619882,107415.68960707964,64685.4122261373
5,Prevalence,120,Andean Latin America,1,Male,22,All ages,559,Schizophrenia,2,Percent,1995,0.0022553900864236,0.0029124723361476,0.0017513931317174
5,Prevalence,120,Andean Latin America,2,Female,22,All ages,559,Schizophrenia,2,Percent,1995,0.0018272996274381,0.0023620852758174,0.0013988414789098
5,Prevalence,120,Andean Latin America,3,Both,22,All ages,559,Schizophrenia,2,Percent,1995,0.002038778135393,0.0026188638552082,0.0015769302103544
5,Prevalence,120,Andean Latin America,1,Male,22,All ages,559,Schizophrenia,3,Rate,1995,217.83190237094,281.18782058472,168.83166067591
5,Prevalence,120,Andean Latin America,2,Female,22,All ages,559,Schizophrenia,3,Rate,1995,178.76857958998002,231.05574417831002,136.78963726444002
5,Prevalence,120,Andean Latin America,3,Both,22,All ages,559,Schizophrenia,3,Rate,1995,198.19164589350999,254.74132917233,153.40447888779002
5,Prevalence,120,Andean Latin America,1,Male,27,Age-standardized,559,Schizophrenia,2,Percent,1995,0.0027052703159374,0.0034256183867959,0.0021356117990967
5,Prevalence,120,Andean Latin America,2,Female,27,Age-standardized,559,Schizophrenia,2,Percent,1995,0.0021505885560061,0.0027186052349401,0.0016734516087202
5,Prevalence,120,Andean Latin America,3,Both,27,Age-standardized,559,Schizophrenia,2,Percent,1995,0.0024216360460068,0.0030627615190052,0.0019026594560042
5,Prevalence,120,Andean Latin America,1,Male,27,Age-standardized,559,Schizophrenia,3,Rate,1995,263.29791694971,333.9090629955,208.00336199659
5,Prevalence,120,Andean Latin America,2,Female,27,Age-standardized,559,Schizophrenia,3,Rate,1995,211.42964218281998,267.09078829409,164.61773332938
5,Prevalence,120,Andean Latin America,3,Both,27,Age-standardized,559,Schizophrenia,3,Rate,1995,236.89139779576,299.25600228678,186.1830671235
5,Prevalence,199,Western Sub-Saharan Africa,1,Male,22,All ages,559,Schizophrenia,1,Number,1995,166300.99940600176,205320.3472608848,133421.94886558503
5,Prevalence,199,Western Sub-Saharan Africa,2,Female,22,All ages,559,Schizophrenia,1,Number,1995,211148.45078355804,262856.4724510634,167567.61435861047
5,Prevalence,199,Western Sub-Saharan Africa,3,Both,22,All ages,559,Schizophrenia,1,Number,1995,377449.45018956007,468261.3731142701,301731.84966730874
5,Prevalence,199,Western Sub-Saharan Africa,1,Male,22,All ages,559,Schizophrenia,2,Percent,1995,0.0015054744488565,0.0018581749527355,0.0012075465999028
5,Prevalence,199,Western Sub-Saharan Africa,2,Female,22,All ages,559,Schizophrenia,2,Percent,1995,0.0018985806809574,0.0023628061830493,0.0015062402077922
5,Prevalence,199,Western Sub-Saharan Africa,3,Both,22,All ages,559,Schizophrenia,2,Percent,1995,0.001702692248839,0.0021122350991039,0.0013605525876022
5,Prevalence,199,Western Sub-Saharan Africa,1,Male,22,All ages,559,Schizophrenia,3,Rate,1995,149.78564742149,184.92998390342999,120.17181533755
5,Prevalence,199,Western Sub-Saharan Africa,2,Female,22,All ages,559,Schizophrenia,3,Rate,1995,188.91346714497,235.17637656328,149.9219098801
5,Prevalence,199,Western Sub-Saharan Africa,3,Both,22,All ages,559,Schizophrenia,3,Rate,1995,169.41488327275,210.17502033041,135.42970075963
5,Prevalence,199,Western Sub-Saharan Africa,1,Male,27,Age-standardized,559,Schizophrenia,2,Percent,1995,0.0020559253807566,0.0025035809696025,0.0016813924519139
5,Prevalence,199,Western Sub-Saharan Africa,2,Female,27,Age-standardized,559,Schizophrenia,2,Percent,1995,0.0026263842507391,0.0032025638877166,0.0021162814271951
5,Prevalence,199,Western Sub-Saharan Africa,3,Both,27,Age-standardized,559,Schizophrenia,2,Percent,1995,0.0023368053958504,0.0028536370976149,0.0018964616670349
5,Prevalence,199,Western Sub-Saharan Africa,1,Male,27,Age-standardized,559,Schizophrenia,3,Rate,1995,204.9276180135,249.56065986222,167.63928672227
5,Prevalence,199,Western Sub-Saharan Africa,2,Female,27,Age-standardized,559,Schizophrenia,3,Rate,1995,261.85899233156,319.28697009661,210.9789474048
5,Prevalence,199,Western Sub-Saharan Africa,3,Both,27,Age-standardized,559,Schizophrenia,3,Rate,1995,232.95804435905998,284.43225488359997,189.08052075084998
5,Prevalence,44636,Low-middle SDI,1,Male,22,All ages,559,Schizophrenia,1,Number,1995,1576177.338261932,1907822.5841090283,1276951.4766654377
5,Prevalence,44636,Low-middle SDI,2,Female,22,All ages,559,Schizophrenia,1,Number,1995,1254776.465327981,1534152.805940918,1009140.5384765496
5,Prevalence,44636,Low-middle SDI,3,Both,22,All ages,559,Schizophrenia,1,Number,1995,2830953.8035899173,3438566.397386452,2282977.858805526
5,Prevalence,44636,Low-middle SDI,1,Male,22,All ages,559,Schizophrenia,2,Percent,1995,0.0024703243565758,0.0029915621985772,0.0020016576561986
5,Prevalence,44636,Low-middle SDI,2,Female,22,All ages,559,Schizophrenia,2,Percent,1995,0.002026634151884,0.0024776405895603,0.0016298106167211
5,Prevalence,44636,Low-middle SDI,3,Both,22,All ages,559,Schizophrenia,2,Percent,1995,0.0022518145270404,0.0027379893358726,0.0018162865058596
5,Prevalence,44636,Low-middle SDI,1,Male,22,All ages,559,Schizophrenia,3,Rate,1995,243.18078693312998,294.348729721,197.0146743217
5,Prevalence,44636,Low-middle SDI,2,Female,22,All ages,559,Schizophrenia,3,Rate,1995,200.60414798707998,245.26871918762998,161.33373833036
5,Prevalence,44636,Low-middle SDI,3,Both,22,All ages,559,Schizophrenia,3,Rate,1995,222.27107728754999,269.97750952441004,179.24698999215
5,Prevalence,44636,Low-middle SDI,1,Male,27,Age-standardized,559,Schizophrenia,2,Percent,1995,0.0030038852458586,0.0036000582642127,0.0024550593625323
5,Prevalence,44636,Low-middle SDI,2,Female,27,Age-standardized,559,Schizophrenia,2,Percent,1995,0.0024423618410481,0.0029342718170437,0.0019889536813093
5,Prevalence,44636,Low-middle SDI,3,Both,27,Age-standardized,559,Schizophrenia,2,Percent,1995,0.0027260685245542,0.0032720501689624,0.0022203652398685
5,Prevalence,44636,Low-middle SDI,1,Male,27,Age-standardized,559,Schizophrenia,3,Rate,1995,296.76637750711,355.74745743159,242.53681253391
5,Prevalence,44636,Low-middle SDI,2,Female,27,Age-standardized,559,Schizophrenia,3,Rate,1995,242.39295013526,291.17889933092,197.32241054117003
5,Prevalence,44636,Low-middle SDI,3,Both,27,Age-standardized,559,Schizophrenia,3,Rate,1995,269.92655148091,324.09382996696,219.71750165003
5,Prevalence,44635,High SDI,1,Male,22,All ages,559,Schizophrenia,1,Number,1995,1588511.661517747,1870819.3565929737,1325058.0037049917
5,Prevalence,44635,High SDI,2,Female,22,All ages,559,Schizophrenia,1,Number,1995,1540346.1256667976,1809479.3548548932,1290687.4909963056
5,Prevalence,44635,High SDI,3,Both,22,All ages,559,Schizophrenia,1,Number,1995,3128857.787184547,3676136.1993492665,2610845.240917104
5,Prevalence,44635,High SDI,1,Male,22,All ages,559,Schizophrenia,2,Percent,1995,0.0037812752033533,0.0044538799190579,0.0031665998534618
5,Prevalence,44635,High SDI,2,Female,22,All ages,559,Schizophrenia,2,Percent,1995,0.0034718221065149,0.0040734294767025,0.0029108780343591
5,Prevalence,44635,High SDI,3,Both,22,All ages,559,Schizophrenia,2,Percent,1995,0.0036223243175842,0.0042560941464349,0.003029311694255
5,Prevalence,44635,High SDI,1,Male,22,All ages,559,Schizophrenia,3,Rate,1995,352.62655099359,415.29476504889004,294.14365977427
5,Prevalence,44635,High SDI,2,Female,22,All ages,559,Schizophrenia,3,Rate,1995,333.42132760762,391.6775578691,279.38054285574
5,Prevalence,44635,High SDI,3,Both,22,All ages,559,Schizophrenia,3,Rate,1995,342.90289393338,402.88112371653,286.13201673453
5,Prevalence,44635,High SDI,1,Male,27,Age-standardized,559,Schizophrenia,2,Percent,1995,0.0033692105097301,0.0039611201118379,0.0028335985775075
5,Prevalence,44635,High SDI,2,Female,27,Age-standardized,559,Schizophrenia,2,Percent,1995,0.0031025761796556,0.0036496115895284,0.0025944371153407
5,Prevalence,44635,High SDI,3,Both,27,Age-standardized,559,Schizophrenia,2,Percent,1995,0.0032398689007268,0.0038185101376455,0.0027192411425624
5,Prevalence,44635,High SDI,1,Male,27,Age-standardized,559,Schizophrenia,3,Rate,1995,307.85738322441,362.23924810523,257.75156609494
5,Prevalence,44635,High SDI,2,Female,27,Age-standardized,559,Schizophrenia,3,Rate,1995,292.23706165282,344.75432321115,243.8184220968
5,Prevalence,44635,High SDI,3,Both,27,Age-standardized,559,Schizophrenia,3,Rate,1995,300.49384563925,354.28893974778,251.15011294858
5,Prevalence,44637,Low SDI,1,Male,22,All ages,559,Schizophrenia,1,Number,1995,508520.4641245361,626619.9596933774,407087.89183422166
5,Prevalence,44637,Low SDI,2,Female,22,All ages,559,Schizophrenia,1,Number,1995,485931.39169478713,601046.2868891568,384567.5274754046
5,Prevalence,44637,Low SDI,3,Both,22,All ages,559,Schizophrenia,1,Number,1995,994451.8558193232,1225272.008329473,791450.5149348207
5,Prevalence,44637,Low SDI,1,Male,22,All ages,559,Schizophrenia,2,Percent,1995,0.001784909671711,0.0021991322796089,0.0014292517999451
5,Prevalence,44637,Low SDI,2,Female,22,All ages,559,Schizophrenia,2,Percent,1995,0.001731996113401,0.0021419465458942,0.0013708889592712
5,Prevalence,44637,Low SDI,3,Both,22,All ages,559,Schizophrenia,2,Percent,1995,0.0017586558810116,0.0021664220999071,0.0013998996084208
5,Prevalence,44637,Low SDI,1,Male,22,All ages,559,Schizophrenia,3,Rate,1995,177.60760825999,218.8554447277,142.18091880481
5,Prevalence,44637,Low SDI,2,Female,22,All ages,559,Schizophrenia,3,Rate,1995,172.44106606779,213.29155563663,136.47036504808
5,Prevalence,44637,Low SDI,3,Both,22,All ages,559,Schizophrenia,3,Rate,1995,175.04489553448,215.67420226960002,139.3122974197
5,Prevalence,44637,Low SDI,1,Male,27,Age-standardized,559,Schizophrenia,2,Percent,1995,0.0024958273950703,0.0030168702502636,0.002039021840084
5,Prevalence,44637,Low SDI,2,Female,27,Age-standardized,559,Schizophrenia,2,Percent,1995,0.0023678919902305,0.0028797566216531,0.0019063153753931
5,Prevalence,44637,Low SDI,3,Both,27,Age-standardized,559,Schizophrenia,2,Percent,1995,0.0024319438404871,0.002942844555038,0.0019727338475354
5,Prevalence,44637,Low SDI,1,Male,27,Age-standardized,559,Schizophrenia,3,Rate,1995,248.72889012366,300.71393621404,203.18038515394002
5,Prevalence,44637,Low SDI,2,Female,27,Age-standardized,559,Schizophrenia,3,Rate,1995,236.14948790051997,287.17345534486,190.11460364056
5,Prevalence,44637,Low SDI,3,Both,27,Age-standardized,559,Schizophrenia,3,Rate,1995,242.45155174878,293.42219113284,196.65800918502
5,Prevalence,44634,High-middle SDI,1,Male,22,All ages,559,Schizophrenia,1,Number,1995,1661128.776393379,1916301.0296972415,1415918.7861755083
5,Prevalence,44634,High-middle SDI,2,Female,22,All ages,559,Schizophrenia,1,Number,1995,1572600.5018456765,1816797.828743199,1346183.533832393
5,Prevalence,44634,High-middle SDI,3,Both,22,All ages,559,Schizophrenia,1,Number,1995,3233729.2782390537,3733327.5038464935,2761961.6472832263
5,Prevalence,44634,High-middle SDI,1,Male,22,All ages,559,Schizophrenia,2,Percent,1995,0.0031351268748569,0.0036152384232524,0.0026754657333734
5,Prevalence,44634,High-middle SDI,2,Female,22,All ages,559,Schizophrenia,2,Percent,1995,0.0028889896731795,0.0033355206729129,0.0024736115596295
5,Prevalence,44634,High-middle SDI,3,Both,22,All ages,559,Schizophrenia,2,Percent,1995,0.0030103955892285,0.003485699547233,0.0025729204592594
5,Prevalence,44634,High-middle SDI,1,Male,22,All ages,559,Schizophrenia,3,Rate,1995,299.39863114778,345.3903835223,255.20245776355998
5,Prevalence,44634,High-middle SDI,2,Female,22,All ages,559,Schizophrenia,3,Rate,1995,281.24469881436,324.91707687475,240.75216946528
5,Prevalence,44634,High-middle SDI,3,Both,22,All ages,559,Schizophrenia,3,Rate,1995,290.28633734416,335.13441415479,247.93656533657
5,Prevalence,44634,High-middle SDI,1,Male,27,Age-standardized,559,Schizophrenia,2,Percent,1995,0.0029109572507276,0.003350306268578,0.0024961631101611
5,Prevalence,44634,High-middle SDI,2,Female,27,Age-standardized,559,Schizophrenia,2,Percent,1995,0.002683045600524,0.0030935758230777,0.0022964925004528
5,Prevalence,44634,High-middle SDI,3,Both,27,Age-standardized,559,Schizophrenia,2,Percent,1995,0.0027964213652693,0.0032338089393964,0.0023950532403941
5,Prevalence,44634,High-middle SDI,1,Male,27,Age-standardized,559,Schizophrenia,3,Rate,1995,276.73641070131,318.29321529566,237.40955097949
5,Prevalence,44634,High-middle SDI,2,Female,27,Age-standardized,559,Schizophrenia,3,Rate,1995,259.4042933508,299.34361897262,221.99573860932003
5,Prevalence,44634,High-middle SDI,3,Both,27,Age-standardized,559,Schizophrenia,3,Rate,1995,268.05652255589,309.29132199336,229.51507695095
5,Prevalence,174,Eastern Sub-Saharan Africa,1,Male,22,All ages,559,Schizophrenia,1,Number,1995,149257.47352015044,186538.6315165764,117698.53241950436
5,Prevalence,174,Eastern Sub-Saharan Africa,2,Female,22,All ages,559,Schizophrenia,1,Number,1995,169077.6078179862,211490.26664424903,132334.49855544078
5,Prevalence,174,Eastern Sub-Saharan Africa,3,Both,22,All ages,559,Schizophrenia,1,Number,1995,318335.0813381367,398547.1411106703,250173.55136088456
5,Prevalence,174,Eastern Sub-Saharan Africa,1,Male,22,All ages,559,Schizophrenia,2,Percent,1995,0.0013961861931276,0.0017447711026739,0.0011012693363395
5,Prevalence,174,Eastern Sub-Saharan Africa,2,Female,22,All ages,559,Schizophrenia,2,Percent,1995,0.0015547999626318,0.0019452411799572,0.001216752433404
5,Prevalence,174,Eastern Sub-Saharan Africa,3,Both,22,All ages,559,Schizophrenia,2,Percent,1995,0.001476170448874,0.0018479733299083,0.001160071011927
5,Prevalence,174,Eastern Sub-Saharan Africa,1,Male,22,All ages,559,Schizophrenia,3,Rate,1995,138.86824633594,173.55440918083,109.50599931737
5,Prevalence,174,Eastern Sub-Saharan Africa,2,Female,22,All ages,559,Schizophrenia,3,Rate,1995,154.79286205023,193.62223118788998,121.15404306778998
5,Prevalence,174,Eastern Sub-Saharan Africa,3,Both,22,All ages,559,Schizophrenia,3,Rate,1995,146.89474002682002,183.90834725407,115.44181255257
5,Prevalence,174,Eastern Sub-Saharan Africa,1,Male,27,Age-standardized,559,Schizophrenia,2,Percent,1995,0.0020682524608134,0.0025454123978786,0.0016765574770715
5,Prevalence,174,Eastern Sub-Saharan Africa,2,Female,27,Age-standardized,559,Schizophrenia,2,Percent,1995,0.0022160934019436,0.0027403440191551,0.0017847054468373
5,Prevalence,174,Eastern Sub-Saharan Africa,3,Both,27,Age-standardized,559,Schizophrenia,2,Percent,1995,0.0021440084936186,0.002648938858746,0.0017347085716428
5,Prevalence,174,Eastern Sub-Saharan Africa,1,Male,27,Age-standardized,559,Schizophrenia,3,Rate,1995,206.12835505913998,253.65901991732002,167.09408324017
5,Prevalence,174,Eastern Sub-Saharan Africa,2,Female,27,Age-standardized,559,Schizophrenia,3,Rate,1995,221.02854799749,273.2859203721,177.97866531526998
5,Prevalence,174,Eastern Sub-Saharan Africa,3,Both,27,Age-standardized,559,Schizophrenia,3,Rate,1995,213.76111146634997,264.0897683554,172.93568587408
5,Prevalence,138,North Africa and Middle East,1,Male,22,All ages,559,Schizophrenia,1,Number,1995,408480.97102939134,512818.7719028177,322051.39930346404
5,Prevalence,138,North Africa and Middle East,2,Female,22,All ages,559,Schizophrenia,1,Number,1995,354591.95099812886,446361.0641281441,278218.8178403252
5,Prevalence,138,North Africa and Middle East,3,Both,22,All ages,559,Schizophrenia,1,Number,1995,763072.9220275199,957709.7131510208,600482.2165238977
5,Prevalence,138,North Africa and Middle East,1,Male,22,All ages,559,Schizophrenia,2,Percent,1995,0.0021969841002518,0.0027574457954737,0.001729658566277
5,Prevalence,138,North Africa and Middle East,2,Female,22,All ages,559,Schizophrenia,2,Percent,1995,0.0019712600717193,0.0024750797836614,0.0015477071052829
5,Prevalence,138,North Africa and Middle East,3,Both,22,All ages,559,Schizophrenia,2,Percent,1995,0.0020859866888169,0.0026191752658012,0.0016402484157425
5,Prevalence,138,North Africa and Middle East,1,Male,22,All ages,559,Schizophrenia,3,Rate,1995,209.82525258248998,263.42066332341,165.42879839201
5,Prevalence,138,North Africa and Middle East,2,Female,22,All ages,559,Schizophrenia,3,Rate,1995,191.44394502085999,240.99002467444998,150.21014412894002
5,Prevalence,138,North Africa and Middle East,3,Both,22,All ages,559,Schizophrenia,3,Rate,1995,200.86338792553002,252.0975546106,158.06469987107002
5,Prevalence,138,North Africa and Middle East,1,Male,27,Age-standardized,559,Schizophrenia,2,Percent,1995,0.0026234132984103,0.0032209198246132,0.0020829301056041
5,Prevalence,138,North Africa and Middle East,2,Female,27,Age-standardized,559,Schizophrenia,2,Percent,1995,0.0023816790093405,0.0029464822634082,0.0018997859229471
5,Prevalence,138,North Africa and Middle East,3,Both,27,Age-standardized,559,Schizophrenia,2,Percent,1995,0.0025051223547802,0.00308202274196,0.0019891290310335
5,Prevalence,138,North Africa and Middle East,1,Male,27,Age-standardized,559,Schizophrenia,3,Rate,1995,253.34502034385,311.17767954527,201.37698476029001
5,Prevalence,138,North Africa and Middle East,2,Female,27,Age-standardized,559,Schizophrenia,3,Rate,1995,233.06851940545002,287.9635371572,185.89938611971
5,Prevalence,138,North Africa and Middle East,3,Both,27,Age-standardized,559,Schizophrenia,3,Rate,1995,243.49539270625,299.67353665761,193.60699522408
5,Prevalence,159,South Asia,1,Male,22,All ages,559,Schizophrenia,1,Number,1995,1712560.128320746,2038276.1991971184,1405747.756957024
5,Prevalence,159,South Asia,2,Female,22,All ages,559,Schizophrenia,1,Number,1995,1212972.285583234,1453198.562897154,992528.3274861792
5,Prevalence,159,South Asia,3,Both,22,All ages,559,Schizophrenia,1,Number,1995,2925532.413903983,3484589.177594926,2396753.78971117
5,Prevalence,159,South Asia,1,Male,22,All ages,559,Schizophrenia,2,Percent,1995,0.0027679913218255,0.0032956791711065,0.0022746331801277
5,Prevalence,159,South Asia,2,Female,22,All ages,559,Schizophrenia,2,Percent,1995,0.0021114267154095,0.0025279692668641,0.001728538856049
5,Prevalence,159,South Asia,3,Both,22,All ages,559,Schizophrenia,2,Percent,1995,0.0024518755831489,0.0029212822576973,0.0020095962012296
5,Prevalence,159,South Asia,1,Male,22,All ages,559,Schizophrenia,3,Rate,1995,273.75428730917,325.82029618872,224.71005191484002
5,Prevalence,159,South Asia,2,Female,22,All ages,559,Schizophrenia,3,Rate,1995,209.79335388936997,251.34242884273002,171.66579082506001
5,Prevalence,159,South Asia,3,Both,22,All ages,559,Schizophrenia,3,Rate,1995,243.03332223658,289.47595331218,199.10599292227
5,Prevalence,159,South Asia,1,Male,27,Age-standardized,559,Schizophrenia,2,Percent,1995,0.0032618804837987,0.0038835629262491,0.0027091355549793
5,Prevalence,159,South Asia,2,Female,27,Age-standardized,559,Schizophrenia,2,Percent,1995,0.0025045562849426,0.002966003922428,0.0020628318863791
5,Prevalence,159,South Asia,3,Both,27,Age-standardized,559,Schizophrenia,2,Percent,1995,0.0028976596569524,0.0034369546182491,0.002394913682391
5,Prevalence,159,South Asia,1,Male,27,Age-standardized,559,Schizophrenia,3,Rate,1995,323.27399500126,384.75143875663,268.33883218191
5,Prevalence,159,South Asia,2,Female,27,Age-standardized,559,Schizophrenia,3,Rate,1995,249.23574592420002,295.22813798806,205.09764718518002
5,Prevalence,159,South Asia,3,Both,27,Age-standardized,559,Schizophrenia,3,Rate,1995,287.74576240554,341.29659300652,237.71509743489
5,Prevalence,167,Central Sub-Saharan Africa,1,Male,22,All ages,559,Schizophrenia,1,Number,1995,46226.87324971683,60921.53617095537,34754.79316660955
5,Prevalence,167,Central Sub-Saharan Africa,2,Female,22,All ages,559,Schizophrenia,1,Number,1995,51529.98037450786,65997.47124207532,39436.13228524276
5,Prevalence,167,Central Sub-Saharan Africa,3,Both,22,All ages,559,Schizophrenia,1,Number,1995,97756.85362422463,125998.62595825209,74718.25264797994
5,Prevalence,167,Central Sub-Saharan Africa,1,Male,22,All ages,559,Schizophrenia,2,Percent,1995,0.0014694490631093,0.0019360747472835,0.001104957442333
5,Prevalence,167,Central Sub-Saharan Africa,2,Female,22,All ages,559,Schizophrenia,2,Percent,1995,0.0016144267489467,0.0020680529993553,0.0012351359941809
5,Prevalence,167,Central Sub-Saharan Africa,3,Both,22,All ages,559,Schizophrenia,2,Percent,1995,0.00154246375743,0.0019875855836795,0.0011789277470796
5,Prevalence,167,Central Sub-Saharan Africa,1,Male,22,All ages,559,Schizophrenia,3,Rate,1995,146.50262535046,193.07308416069,110.14520525572
5,Prevalence,167,Central Sub-Saharan Africa,2,Female,22,All ages,559,Schizophrenia,3,Rate,1995,161.03858028209,206.25156450263,123.24357022604
5,Prevalence,167,Central Sub-Saharan Africa,3,Both,22,All ages,559,Schizophrenia,3,Rate,1995,153.82148460045,198.26022405567,117.56999251677999
5,Prevalence,167,Central Sub-Saharan Africa,1,Male,27,Age-standardized,559,Schizophrenia,2,Percent,1995,0.002071185568852,0.002620571978792,0.0016002914920728
5,Prevalence,167,Central Sub-Saharan Africa,2,Female,27,Age-standardized,559,Schizophrenia,2,Percent,1995,0.0022095376929979,0.0027952978715195,0.0017309360803225
5,Prevalence,167,Central Sub-Saharan Africa,3,Both,27,Age-standardized,559,Schizophrenia,2,Percent,1995,0.0021426455185251,0.0026962220887864,0.0016647406748801
5,Prevalence,167,Central Sub-Saharan Africa,1,Male,27,Age-standardized,559,Schizophrenia,3,Rate,1995,206.73783769498,261.61607589147,159.73581189347001
5,Prevalence,167,Central Sub-Saharan Africa,2,Female,27,Age-standardized,559,Schizophrenia,3,Rate,1995,220.63362955981,279.12669823653,172.80779114275
5,Prevalence,167,Central Sub-Saharan Africa,3,Both,27,Age-standardized,559,Schizophrenia,3,Rate,1995,213.91257370323999,269.17671240527,166.17750717081
5,Prevalence,44639,Middle SDI,1,Male,22,All ages,559,Schizophrenia,1,Number,1995,2617919.6492323917,3121797.02964626,2162268.349371735
5,Prevalence,44639,Middle SDI,2,Female,22,All ages,559,Schizophrenia,1,Number,1995,2244276.8146969606,2667645.6889646645,1860020.3367334688
5,Prevalence,44639,Middle SDI,3,Both,22,All ages,559,Schizophrenia,1,Number,1995,4862196.463929345,5787478.922466386,4025023.02790166
5,Prevalence,44639,Middle SDI,1,Male,22,All ages,559,Schizophrenia,2,Percent,1995,0.0028701453158322,0.0034225487994027,0.0023691902152339
5,Prevalence,44639,Middle SDI,2,Female,22,All ages,559,Schizophrenia,2,Percent,1995,0.0025230898461208,0.003002902541699,0.0020935872495833
5,Prevalence,44639,Middle SDI,3,Both,22,All ages,559,Schizophrenia,2,Percent,1995,0.0026987960996054,0.0032164065035981,0.0022349961139971
5,Prevalence,44639,Middle SDI,1,Male,22,All ages,559,Schizophrenia,3,Rate,1995,277.62151535557,331.05600557948,229.30123769611
5,Prevalence,44639,Middle SDI,2,Female,22,All ages,559,Schizophrenia,3,Rate,1995,247.30946729383,293.96286141985,204.96608779312
5,Prevalence,44639,Middle SDI,3,Both,22,All ages,559,Schizophrenia,3,Rate,1995,262.75628733259,312.75915853346004,217.51488552253
5,Prevalence,44639,Middle SDI,1,Male,27,Age-standardized,559,Schizophrenia,2,Percent,1995,0.0030135450471468,0.0035439470476827,0.002527644518849
5,Prevalence,44639,Middle SDI,2,Female,27,Age-standardized,559,Schizophrenia,2,Percent,1995,0.0026337490237031,0.0030969747725588,0.0021975450298699
5,Prevalence,44639,Middle SDI,3,Both,27,Age-standardized,559,Schizophrenia,2,Percent,1995,0.0028259642553121,0.0033196230559349,0.0023638083483551
5,Prevalence,44639,Middle SDI,1,Male,27,Age-standardized,559,Schizophrenia,3,Rate,1995,292.56611697698,344.22530513698996,245.4783311094
5,Prevalence,44639,Middle SDI,2,Female,27,Age-standardized,559,Schizophrenia,3,Rate,1995,258.53198271329,304.18120988352996,215.58975571371
5,Prevalence,44639,Middle SDI,3,Both,27,Age-standardized,559,Schizophrenia,3,Rate,1995,275.84307877704003,323.9194101152,230.65503359571
5,Prevalence,192,Southern Sub-Saharan Africa,1,Male,22,All ages,559,Schizophrenia,1,Number,1995,49846.9439781296,60855.9889128157,40202.905553528704
5,Prevalence,192,Southern Sub-Saharan Africa,2,Female,22,All ages,559,Schizophrenia,1,Number,1995,59163.14002229058,72273.71506288463,47761.974319511966
5,Prevalence,192,Southern Sub-Saharan Africa,3,Both,22,All ages,559,Schizophrenia,1,Number,1995,109010.08400042016,132825.34645939883,88099.411947911
5,Prevalence,192,Southern Sub-Saharan Africa,1,Male,22,All ages,559,Schizophrenia,2,Percent,1995,0.0018070387979136,0.0022068214872252,0.0014565319961161
5,Prevalence,192,Southern Sub-Saharan Africa,2,Female,22,All ages,559,Schizophrenia,2,Percent,1995,0.0019840922173878,0.0024234974809354,0.0016015801995683
5,Prevalence,192,Southern Sub-Saharan Africa,3,Both,22,All ages,559,Schizophrenia,2,Percent,1995,0.0018990101154299,0.002314377643548,0.0015344669826273
5,Prevalence,192,Southern Sub-Saharan Africa,1,Male,22,All ages,559,Schizophrenia,3,Rate,1995,176.79638264949,215.84309575857003,142.59105386644
5,Prevalence,192,Southern Sub-Saharan Africa,2,Female,22,All ages,559,Schizophrenia,3,Rate,1995,196.05827310205,239.50486334160001,158.27642348766
5,Prevalence,192,Southern Sub-Saharan Africa,3,Both,22,All ages,559,Schizophrenia,3,Rate,1995,186.75430895579,227.5542305769,150.93048453829
5,Prevalence,192,Southern Sub-Saharan Africa,1,Male,27,Age-standardized,559,Schizophrenia,2,Percent,1995,0.0021905103722891,0.0026565968073832,0.0018094004511429
5,Prevalence,192,Southern Sub-Saharan Africa,2,Female,27,Age-standardized,559,Schizophrenia,2,Percent,1995,0.0023247628122856,0.0027962536753153,0.0018915837102127
5,Prevalence,192,Southern Sub-Saharan Africa,3,Both,27,Age-standardized,559,Schizophrenia,2,Percent,1995,0.0022621303991929,0.0027282042070903,0.0018561401180749
5,Prevalence,192,Southern Sub-Saharan Africa,1,Male,27,Age-standardized,559,Schizophrenia,3,Rate,1995,215.42948622619,261.10531912548004,178.02478000262
5,Prevalence,192,Southern Sub-Saharan Africa,2,Female,27,Age-standardized,559,Schizophrenia,3,Rate,1995,230.2806332375,276.80020477931004,187.22651474162
5,Prevalence,192,Southern Sub-Saharan Africa,3,Both,27,Age-standardized,559,Schizophrenia,3,Rate,1995,223.28961896058001,269.43303657388,183.19648712703
6,Incidence,42,Central Europe,1,Male,22,All ages,559,Schizophrenia,1,Number,1995,8102.545402380517,10012.48715595152,6438.377099518792
6,Incidence,42,Central Europe,2,Female,22,All ages,559,Schizophrenia,1,Number,1995,7496.354814160606,9307.276493052788,5945.673164076847
6,Incidence,42,Central Europe,3,Both,22,All ages,559,Schizophrenia,1,Number,1995,15598.900216541131,19318.231437954557,12370.1570814886
6,Incidence,42,Central Europe,1,Male,22,All ages,559,Schizophrenia,2,Percent,1995,3.87269535349e-05,4.83134101984e-05,3.01941167746e-05
6,Incidence,42,Central Europe,2,Female,22,All ages,559,Schizophrenia,2,Percent,1995,3.23874781345e-05,4.02128494511e-05,2.53169605539e-05
6,Incidence,42,Central Europe,3,Both,22,All ages,559,Schizophrenia,2,Percent,1995,3.53969115432e-05,4.40946062764e-05,2.76023320638e-05
6,Incidence,42,Central Europe,1,Male,22,All ages,559,Schizophrenia,3,Rate,1995,13.324242522530001,16.46504900552,10.587598546539999
6,Incidence,42,Central Europe,2,Female,22,All ages,559,Schizophrenia,3,Rate,1995,11.74863788856,14.586799045190002,9.31833707718
6,Incidence,42,Central Europe,3,Both,22,All ages,559,Schizophrenia,3,Rate,1995,12.51750255378,15.502119252149999,9.92656345696
6,Incidence,42,Central Europe,1,Male,27,Age-standardized,559,Schizophrenia,2,Percent,1995,3.67104193501e-05,4.605903505e-05,2.84011945145e-05
6,Incidence,42,Central Europe,2,Female,27,Age-standardized,559,Schizophrenia,2,Percent,1995,3.32008480471e-05,4.12283760858e-05,2.56082659183e-05
6,Incidence,42,Central Europe,3,Both,27,Age-standardized,559,Schizophrenia,2,Percent,1995,3.48828743124e-05,4.34209889031e-05,2.69714197898e-05
6,Incidence,42,Central Europe,1,Male,27,Age-standardized,559,Schizophrenia,3,Rate,1995,12.849581996,16.09671356082,10.16468613077
6,Incidence,42,Central Europe,2,Female,27,Age-standardized,559,Schizophrenia,3,Rate,1995,12.17074576414,15.252860810780001,9.524886819679999
6,Incidence,42,Central Europe,3,Both,27,Age-standardized,559,Schizophrenia,3,Rate,1995,12.50876835742,15.71763985901,9.855224937220001
6,Incidence,1,Global,1,Male,22,All ages,559,Schizophrenia,1,Number,1995,509085.8565062898,612348.6387725685,418434.9573946893
6,Incidence,1,Global,2,Female,22,All ages,559,Schizophrenia,1,Number,1995,434587.8971166192,525931.0167554365,354366.9647576106
6,Incidence,1,Global,3,Both,22,All ages,559,Schizophrenia,1,Number,1995,943673.7536229092,1138803.4926939614,773909.6101302922
6,Incidence,1,Global,1,Male,22,All ages,559,Schizophrenia,2,Percent,1995,3.84677627762e-05,4.65317836664e-05,3.13402585263e-05
6,Incidence,1,Global,2,Female,22,All ages,559,Schizophrenia,2,Percent,1995,3.15777284724e-05,3.80572708151e-05,2.56667964487e-05
6,Incidence,1,Global,3,Both,22,All ages,559,Schizophrenia,2,Percent,1995,3.49551478884e-05,4.22597871761e-05,2.84374957071e-05
6,Incidence,1,Global,1,Male,22,All ages,559,Schizophrenia,3,Rate,1995,17.64339948364,21.2221799507,14.50170932247
6,Incidence,1,Global,2,Female,22,All ages,559,Schizophrenia,3,Rate,1995,15.309705695369999,18.52755020564,12.48367470561
6,Incidence,1,Global,3,Both,22,All ages,559,Schizophrenia,3,Rate,1995,16.486087675049998,19.89502638293,13.5202888034
6,Incidence,1,Global,1,Male,27,Age-standardized,559,Schizophrenia,2,Percent,1995,3.682894866e-05,4.45056122257e-05,3.01629398352e-05
6,Incidence,1,Global,2,Female,27,Age-standardized,559,Schizophrenia,2,Percent,1995,3.01560476424e-05,3.63313516857e-05,2.46590170501e-05
6,Incidence,1,Global,3,Both,27,Age-standardized,559,Schizophrenia,2,Percent,1995,3.34235932801e-05,4.03291429361e-05,2.73968807779e-05
6,Incidence,1,Global,1,Male,27,Age-standardized,559,Schizophrenia,3,Rate,1995,16.64292015972,19.88410367373,13.84898758234
6,Incidence,1,Global,2,Female,27,Age-standardized,559,Schizophrenia,3,Rate,1995,14.48768464191,17.38401672687,12.02474783444
6,Incidence,1,Global,3,Both,27,Age-standardized,559,Schizophrenia,3,Rate,1995,15.57630789,18.63333649138,12.96113777935
6,Incidence,5,East Asia,1,Male,22,All ages,559,Schizophrenia,1,Number,1995,143170.33281189727,167505.4233476819,122228.87383181031
6,Incidence,5,East Asia,2,Female,22,All ages,559,Schizophrenia,1,Number,1995,123278.29937445409,142915.4407523468,105716.50181684246
6,Incidence,5,East Asia,3,Both,22,All ages,559,Schizophrenia,1,Number,1995,266448.63218635134,310309.23467361555,227961.565556331
6,Incidence,5,East Asia,1,Male,22,All ages,559,Schizophrenia,2,Percent,1995,6.54568986529e-05,7.74848201355e-05,5.47010809937e-05
6,Incidence,5,East Asia,2,Female,22,All ages,559,Schizophrenia,2,Percent,1995,5.79417339494e-05,6.82219418025e-05,4.86098879327e-05
6,Incidence,5,East Asia,3,Both,22,All ages,559,Schizophrenia,2,Percent,1995,6.17504727355e-05,7.28130056488e-05,5.16837903342e-05
6,Incidence,5,East Asia,1,Male,22,All ages,559,Schizophrenia,3,Rate,1995,21.71378720992,25.40454469613,18.53772150393
6,Incidence,5,East Asia,2,Female,22,All ages,559,Schizophrenia,3,Rate,1995,19.94957966138,23.12737103446,17.10763196133
6,Incidence,5,East Asia,3,Both,22,All ages,559,Schizophrenia,3,Rate,1995,20.86027621383,24.29412488958,17.84712191848
6,Incidence,5,East Asia,1,Male,27,Age-standardized,559,Schizophrenia,2,Percent,1995,5.61548360564e-05,6.58927335244e-05,4.77906584379e-05
6,Incidence,5,East Asia,2,Female,27,Age-standardized,559,Schizophrenia,2,Percent,1995,4.9474890207e-05,5.76846456855e-05,4.2048292406e-05
6,Incidence,5,East Asia,3,Both,27,Age-standardized,559,Schizophrenia,2,Percent,1995,5.28690908596e-05,6.17196863734e-05,4.49941119243e-05
6,Incidence,5,East Asia,1,Male,27,Age-standardized,559,Schizophrenia,3,Rate,1995,18.93152835133,21.841527625450002,16.28839904615
6,Incidence,5,East Asia,2,Female,27,Age-standardized,559,Schizophrenia,3,Rate,1995,17.29148666793,19.90905250882,14.93389690955
6,Incidence,5,East Asia,3,Both,27,Age-standardized,559,Schizophrenia,3,Rate,1995,18.14148815639,20.893496237089998,15.614508361310001
6,Incidence,21,Oceania,1,Male,22,All ages,559,Schizophrenia,1,Number,1995,715.398300872113,908.8243498669974,553.1797385599501
6,Incidence,21,Oceania,2,Female,22,All ages,559,Schizophrenia,1,Number,1995,573.7600594222728,738.9129786294391,435.9784389386264
6,Incidence,21,Oceania,3,Both,22,All ages,559,Schizophrenia,1,Number,1995,1289.1583602943872,1654.2513408263703,987.2755726230154
6,Incidence,21,Oceania,1,Male,22,All ages,559,Schizophrenia,2,Percent,1995,3.32462451076e-05,4.28578168071e-05,2.46828179964e-05
6,Incidence,21,Oceania,2,Female,22,All ages,559,Schizophrenia,2,Percent,1995,2.76556672426e-05,3.54268918043e-05,2.03949516231e-05
6,Incidence,21,Oceania,3,Both,22,All ages,559,Schizophrenia,2,Percent,1995,3.05006552292e-05,3.90408513989e-05,2.26561537297e-05
6,Incidence,21,Oceania,1,Male,22,All ages,559,Schizophrenia,3,Rate,1995,18.8096557346,23.895322540440002,14.544513775030001
6,Incidence,21,Oceania,2,Female,22,All ages,559,Schizophrenia,3,Rate,1995,16.12233315532,20.763036775769997,12.25074754799
6,Incidence,21,Oceania,3,Both,22,All ages,559,Schizophrenia,3,Rate,1995,17.51063008353,22.46968579391,13.41015803424
6,Incidence,21,Oceania,1,Male,27,Age-standardized,559,Schizophrenia,2,Percent,1995,3.53361400332e-05,4.48495460108e-05,2.74192831433e-05
6,Incidence,21,Oceania,2,Female,27,Age-standardized,559,Schizophrenia,2,Percent,1995,2.80388037519e-05,3.52828129847e-05,2.15190987668e-05
6,Incidence,21,Oceania,3,Both,27,Age-standardized,559,Schizophrenia,2,Percent,1995,3.16724385771e-05,3.97914379158e-05,2.44524877313e-05
6,Incidence,21,Oceania,1,Male,27,Age-standardized,559,Schizophrenia,3,Rate,1995,18.489014027339998,23.039480417380002,14.60579473986
6,Incidence,21,Oceania,2,Female,27,Age-standardized,559,Schizophrenia,3,Rate,1995,15.364247875659998,19.35630048931,12.00147953525
6,Incidence,21,Oceania,3,Both,27,Age-standardized,559,Schizophrenia,3,Rate,1995,16.96006058211,21.27613167934,13.32305952278
6,Incidence,9,Southeast Asia,1,Male,22,All ages,559,Schizophrenia,1,Number,1995,51587.43049192162,63102.64902793104,41285.24296711372
6,Incidence,9,Southeast Asia,2,Female,22,All ages,559,Schizophrenia,1,Number,1995,42962.79246369793,52934.93918919316,34110.01154441809
6,Incidence,9,Southeast Asia,3,Both,22,All ages,559,Schizophrenia,1,Number,1995,94550.2229556195,116267.59377560834,75339.95370726498
6,Incidence,9,Southeast Asia,1,Male,22,All ages,559,Schizophrenia,2,Percent,1995,3.94978836112e-05,4.85492931203e-05,3.10316101895e-05
6,Incidence,9,Southeast Asia,2,Female,22,All ages,559,Schizophrenia,2,Percent,1995,3.28618206962e-05,4.04905814719e-05,2.56183431333e-05
6,Incidence,9,Southeast Asia,3,Both,22,All ages,559,Schizophrenia,2,Percent,1995,3.61779402076e-05,4.45395029739e-05,2.8434077558e-05
6,Incidence,9,Southeast Asia,1,Male,22,All ages,559,Schizophrenia,3,Rate,1995,20.54899476356,25.135890508159996,16.44528974314
6,Incidence,9,Southeast Asia,2,Female,22,All ages,559,Schizophrenia,3,Rate,1995,16.889920753,20.81026108175,13.409635613330002
6,Incidence,9,Southeast Asia,3,Both,22,All ages,559,Schizophrenia,3,Rate,1995,18.70742745787,23.00436221371,14.906540403600001
6,Incidence,9,Southeast Asia,1,Male,27,Age-standardized,559,Schizophrenia,2,Percent,1995,3.75090687425e-05,4.58120206342e-05,3.0043692827e-05
6,Incidence,9,Southeast Asia,2,Female,27,Age-standardized,559,Schizophrenia,2,Percent,1995,3.02668202893e-05,3.7171150412e-05,2.42029636329e-05
6,Incidence,9,Southeast Asia,3,Both,27,Age-standardized,559,Schizophrenia,2,Percent,1995,3.38249240108e-05,4.13704583366e-05,2.70533832551e-05
6,Incidence,9,Southeast Asia,1,Male,27,Age-standardized,559,Schizophrenia,3,Rate,1995,18.93619730464,23.00261010709,15.49518750487
6,Incidence,9,Southeast Asia,2,Female,27,Age-standardized,559,Schizophrenia,3,Rate,1995,15.278991414199998,18.5955980336,12.37258941995
6,Incidence,9,Southeast Asia,3,Both,27,Age-standardized,559,Schizophrenia,3,Rate,1995,17.08108499907,20.70342790697,13.93051820397
6,Incidence,32,Central Asia,1,Male,22,All ages,559,Schizophrenia,1,Number,1995,4705.691748266947,6005.254259676607,3583.400420636804
6,Incidence,32,Central Asia,2,Female,22,All ages,559,Schizophrenia,1,Number,1995,4568.796342702517,5847.779936482728,3456.335706126929
6,Incidence,32,Central Asia,3,Both,22,All ages,559,Schizophrenia,1,Number,1995,9274.488090969477,11851.7803430138,7051.252464034997
6,Incidence,32,Central Asia,1,Male,22,All ages,559,Schizophrenia,2,Percent,1995,3.9643380792e-05,5.10321451389e-05,2.94820997147e-05
6,Incidence,32,Central Asia,2,Female,22,All ages,559,Schizophrenia,2,Percent,1995,3.55268089234e-05,4.53756227758e-05,2.64608990518e-05
6,Incidence,32,Central Asia,3,Both,22,All ages,559,Schizophrenia,2,Percent,1995,3.75021199402e-05,4.81207244759e-05,2.80691980899e-05
6,Incidence,32,Central Asia,1,Male,22,All ages,559,Schizophrenia,3,Rate,1995,13.281006145120001,16.94879796476,10.11353177233
6,Incidence,32,Central Asia,2,Female,22,All ages,559,Schizophrenia,3,Rate,1995,12.377190428679999,15.84204688276,9.36345637042
6,Incidence,32,Central Asia,3,Both,22,All ages,559,Schizophrenia,3,Rate,1995,12.819845273470001,16.3823586512,9.74673369424
6,Incidence,32,Central Asia,1,Male,27,Age-standardized,559,Schizophrenia,2,Percent,1995,3.88062040477e-05,4.97918345689e-05,2.93782083275e-05
6,Incidence,32,Central Asia,2,Female,27,Age-standardized,559,Schizophrenia,2,Percent,1995,3.49365805278e-05,4.44134287183e-05,2.62929530742e-05
6,Incidence,32,Central Asia,3,Both,27,Age-standardized,559,Schizophrenia,2,Percent,1995,3.67891801694e-05,4.70695200736e-05,2.77032985259e-05
6,Incidence,32,Central Asia,1,Male,27,Age-standardized,559,Schizophrenia,3,Rate,1995,12.80819351769,16.23114403042,9.87221045053
6,Incidence,32,Central Asia,2,Female,27,Age-standardized,559,Schizophrenia,3,Rate,1995,12.07412185161,15.36606077847,9.208053849419999
6,Incidence,32,Central Asia,3,Both,27,Age-standardized,559,Schizophrenia,3,Rate,1995,12.43228188376,15.791882032560002,9.58333561557
6,Incidence,56,Eastern Europe,1,Male,22,All ages,559,Schizophrenia,1,Number,1995,12487.112666020716,15044.179540111782,10366.424039158364
6,Incidence,56,Eastern Europe,2,Female,22,All ages,559,Schizophrenia,1,Number,1995,12530.178553076774,15101.201330090154,10341.516426254962
6,Incidence,56,Eastern Europe,3,Both,22,All ages,559,Schizophrenia,1,Number,1995,25017.291219097515,30203.198742642737,20639.926758522302
6,Incidence,56,Eastern Europe,1,Male,22,All ages,559,Schizophrenia,2,Percent,1995,2.89798143246e-05,3.49471883277e-05,2.35231741298e-05
6,Incidence,56,Eastern Europe,2,Female,22,All ages,559,Schizophrenia,2,Percent,1995,2.40921835022e-05,2.92186166088e-05,1.96243108908e-05
6,Incidence,56,Eastern Europe,3,Both,22,All ages,559,Schizophrenia,2,Percent,1995,2.63062740152e-05,3.18397247448e-05,2.13912148127e-05
6,Incidence,56,Eastern Europe,1,Male,22,All ages,559,Schizophrenia,3,Rate,1995,11.86387433819,14.29331666645,9.84903039048
6,Incidence,56,Eastern Europe,2,Female,22,All ages,559,Schizophrenia,3,Rate,1995,10.46260294717,12.6093872384,8.63508686498
6,Incidence,56,Eastern Europe,3,Both,22,All ages,559,Schizophrenia,3,Rate,1995,11.11806358606,13.42275952988,9.17269644036
6,Incidence,56,Eastern Europe,1,Male,27,Age-standardized,559,Schizophrenia,2,Percent,1995,2.68704290358e-05,3.2402158582e-05,2.16919553916e-05
6,Incidence,56,Eastern Europe,2,Female,27,Age-standardized,559,Schizophrenia,2,Percent,1995,2.51066761539e-05,3.03178395556e-05,2.02509429332e-05
6,Incidence,56,Eastern Europe,3,Both,27,Age-standardized,559,Schizophrenia,2,Percent,1995,2.59089717567e-05,3.13317483705e-05,2.09144725166e-05
6,Incidence,56,Eastern Europe,1,Male,27,Age-standardized,559,Schizophrenia,3,Rate,1995,11.23891615822,13.58094032038,9.26256062449
6,Incidence,56,Eastern Europe,2,Female,27,Age-standardized,559,Schizophrenia,3,Rate,1995,11.19762988018,13.54722143407,9.15501931752
6,Incidence,56,Eastern Europe,3,Both,27,Age-standardized,559,Schizophrenia,3,Rate,1995,11.207206304,13.53852296789,9.20172524373
6,Incidence,73,Western Europe,1,Male,22,All ages,559,Schizophrenia,1,Number,1995,30430.78051244363,36732.77809918857,25653.32837742745
6,Incidence,73,Western Europe,2,Female,22,All ages,559,Schizophrenia,1,Number,1995,25468.918622654503,30942.21564557928,21080.072745251287
6,Incidence,73,Western Europe,3,Both,22,All ages,559,Schizophrenia,1,Number,1995,55899.69913509808,67221.35348671493,46830.22153489733
6,Incidence,73,Western Europe,1,Male,22,All ages,559,Schizophrenia,2,Percent,1995,4.17001718691e-05,5.07618244927e-05,3.43191448569e-05
6,Incidence,73,Western Europe,2,Female,22,All ages,559,Schizophrenia,2,Percent,1995,2.84862792546e-05,3.46410226274e-05,2.32667632131e-05
6,Incidence,73,Western Europe,3,Both,22,All ages,559,Schizophrenia,2,Percent,1995,3.44242831332e-05,4.18017690609e-05,2.83271464744e-05
6,Incidence,73,Western Europe,1,Male,22,All ages,559,Schizophrenia,3,Rate,1995,15.953525973300001,19.25738740868,13.44891697416
6,Incidence,73,Western Europe,2,Female,22,All ages,559,Schizophrenia,3,Rate,1995,12.71118413097,15.44283078203,10.52077200956
6,Incidence,73,Western Europe,3,Both,22,All ages,559,Schizophrenia,3,Rate,1995,14.29248079893,17.18721064428,11.973589347579999
6,Incidence,73,Western Europe,1,Male,27,Age-standardized,559,Schizophrenia,2,Percent,1995,3.82230454394e-05,4.62717375074e-05,3.10458439057e-05
6,Incidence,73,Western Europe,2,Female,27,Age-standardized,559,Schizophrenia,2,Percent,1995,2.79441858882e-05,3.36789035742e-05,2.27159129816e-05
6,Incidence,73,Western Europe,3,Both,27,Age-standardized,559,Schizophrenia,2,Percent,1995,3.27543671244e-05,3.97935910514e-05,2.66920234045e-05
6,Incidence,73,Western Europe,1,Male,27,Age-standardized,559,Schizophrenia,3,Rate,1995,15.40573842027,18.50369978756,12.76691944329
6,Incidence,73,Western Europe,2,Female,27,Age-standardized,559,Schizophrenia,3,Rate,1995,13.03529253241,15.68894418641,10.807093955260001
6,Incidence,73,Western Europe,3,Both,27,Age-standardized,559,Schizophrenia,3,Rate,1995,14.236475258719999,17.13015875333,11.82213082825
6,Incidence,96,Southern Latin America,1,Male,22,All ages,559,Schizophrenia,1,Number,1995,4192.699093523455,5371.975013515763,3177.917605041186
6,Incidence,96,Southern Latin America,2,Female,22,All ages,559,Schizophrenia,1,Number,1995,3930.28758455282,5006.628244029994,3034.3290599705742
6,Incidence,96,Southern Latin America,3,Both,22,All ages,559,Schizophrenia,1,Number,1995,8122.986678076288,10336.469857486314,6178.496394939336
6,Incidence,96,Southern Latin America,1,Male,22,All ages,559,Schizophrenia,2,Percent,1995,3.50396464364e-05,4.49345196961e-05,2.60907419248e-05
6,Incidence,96,Southern Latin America,2,Female,22,All ages,559,Schizophrenia,2,Percent,1995,2.85282030758e-05,3.61908119936e-05,2.16443466848e-05
6,Incidence,96,Southern Latin America,3,Both,22,All ages,559,Schizophrenia,2,Percent,1995,3.15533998413e-05,4.01188725343e-05,2.37497743501e-05
6,Incidence,96,Southern Latin America,1,Male,22,All ages,559,Schizophrenia,3,Rate,1995,16.32230143676,20.91325743286,12.371727122230002
6,Incidence,96,Southern Latin America,2,Female,22,All ages,559,Schizophrenia,3,Rate,1995,14.66213192901,18.67747391361,11.31971440669
6,Incidence,96,Southern Latin America,3,Both,22,All ages,559,Schizophrenia,3,Rate,1995,15.47452521489,19.69127486991,11.77021482894
6,Incidence,96,Southern Latin America,1,Male,27,Age-standardized,559,Schizophrenia,2,Percent,1995,3.438258383e-05,4.4129635698e-05,2.59056886075e-05
6,Incidence,96,Southern Latin America,2,Female,27,Age-standardized,559,Schizophrenia,2,Percent,1995,2.83865428829e-05,3.61086040525e-05,2.16313956488e-05
6,Incidence,96,Southern Latin America,3,Both,27,Age-standardized,559,Schizophrenia,2,Percent,1995,3.11867276254e-05,3.96227992726e-05,2.3687967442e-05
6,Incidence,96,Southern Latin America,1,Male,27,Age-standardized,559,Schizophrenia,3,Rate,1995,15.93620380708,20.383815271990002,12.09092264865
6,Incidence,96,Southern Latin America,2,Female,27,Age-standardized,559,Schizophrenia,3,Rate,1995,14.65208498214,18.62143119124,11.364052377170001
6,Incidence,96,Southern Latin America,3,Both,27,Age-standardized,559,Schizophrenia,3,Rate,1995,15.28980172556,19.34880912678,11.68611578473
6,Incidence,100,High-income North America,1,Male,22,All ages,559,Schizophrenia,1,Number,1995,26621.0863882555,31823.384947930477,22133.59850028327
6,Incidence,100,High-income North America,2,Female,22,All ages,559,Schizophrenia,1,Number,1995,23519.396926756148,28264.989305271654,19585.94144105437
6,Incidence,100,High-income North America,3,Both,22,All ages,559,Schizophrenia,1,Number,1995,50140.48331501161,60129.19731084806,41896.02947627999
6,Incidence,100,High-income North America,1,Male,22,All ages,559,Schizophrenia,2,Percent,1995,3.74861290386e-05,4.50695289804e-05,3.04684977636e-05
6,Incidence,100,High-income North America,2,Female,22,All ages,559,Schizophrenia,2,Percent,1995,2.92238326209e-05,3.54509583275e-05,2.40534071241e-05
6,Incidence,100,High-income North America,3,Both,22,All ages,559,Schizophrenia,2,Percent,1995,3.30965023522e-05,3.9906196159e-05,2.70588435188e-05
6,Incidence,100,High-income North America,1,Male,22,All ages,559,Schizophrenia,3,Rate,1995,18.30711917615,21.88470043384,15.22110779523
6,Incidence,100,High-income North America,2,Female,22,All ages,559,Schizophrenia,3,Rate,1995,15.54135905045,18.677194348060002,12.94217488758
6,Incidence,100,High-income North America,3,Both,22,All ages,559,Schizophrenia,3,Rate,1995,16.89664942706,20.2627078983,14.11838250539
6,Incidence,100,High-income North America,1,Male,27,Age-standardized,559,Schizophrenia,2,Percent,1995,3.66395803288e-05,4.40882545433e-05,2.98917952451e-05
6,Incidence,100,High-income North America,2,Female,27,Age-standardized,559,Schizophrenia,2,Percent,1995,3.0105596362e-05,3.62125601425e-05,2.46268855052e-05
6,Incidence,100,High-income North America,3,Both,27,Age-standardized,559,Schizophrenia,2,Percent,1995,3.32706816309e-05,4.00607711362e-05,2.72044198011e-05
6,Incidence,100,High-income North America,1,Male,27,Age-standardized,559,Schizophrenia,3,Rate,1995,18.30499674366,21.79293716337,15.101692718639999
6,Incidence,100,High-income North America,2,Female,27,Age-standardized,559,Schizophrenia,3,Rate,1995,16.441691101950003,19.630695495420003,13.654798874070002
6,Incidence,100,High-income North America,3,Both,27,Age-standardized,559,Schizophrenia,3,Rate,1995,17.38725659765,20.74840853469,14.376220001410001
6,Incidence,70,Australasia,1,Male,22,All ages,559,Schizophrenia,1,Number,1995,2488.8641118904725,2798.62611393034,2206.510663901506
6,Incidence,70,Australasia,2,Female,22,All ages,559,Schizophrenia,1,Number,1995,1893.5376409087112,2219.4148156364754,1632.7933646544336
6,Incidence,70,Australasia,3,Both,22,All ages,559,Schizophrenia,1,Number,1995,4382.401752799177,4969.5489450874575,3875.3279486723486
6,Incidence,70,Australasia,1,Male,22,All ages,559,Schizophrenia,2,Percent,1995,5.40426036478e-05,6.19429374055e-05,4.73380856789e-05
6,Incidence,70,Australasia,2,Female,22,All ages,559,Schizophrenia,2,Percent,1995,3.58751843941e-05,4.22632284638e-05,3.06905980609e-05
6,Incidence,70,Australasia,3,Both,22,All ages,559,Schizophrenia,2,Percent,1995,4.43388861125e-05,5.05680196345e-05,3.87417368072e-05
6,Incidence,70,Australasia,1,Male,22,All ages,559,Schizophrenia,3,Rate,1995,23.33096138721,26.23471385577,20.6841405499
6,Incidence,70,Australasia,2,Female,22,All ages,559,Schizophrenia,3,Rate,1995,17.41456249829,20.4116026962,15.016539138839999
6,Incidence,70,Australasia,3,Both,22,All ages,559,Schizophrenia,3,Rate,1995,20.34451949117,23.07024574164,17.99051968161
6,Incidence,70,Australasia,1,Male,27,Age-standardized,559,Schizophrenia,2,Percent,1995,5.26420956954e-05,5.98869246887e-05,4.62102545308e-05
6,Incidence,70,Australasia,2,Female,27,Age-standardized,559,Schizophrenia,2,Percent,1995,3.45464944169e-05,4.04207571206e-05,2.97192401027e-05
6,Incidence,70,Australasia,3,Both,27,Age-standardized,559,Schizophrenia,2,Percent,1995,4.31896561917e-05,4.90117764473e-05,3.77901499624e-05
6,Incidence,70,Australasia,1,Male,27,Age-standardized,559,Schizophrenia,3,Rate,1995,23.20560047331,25.94874889021,20.625416184509998
6,Incidence,70,Australasia,2,Female,27,Age-standardized,559,Schizophrenia,3,Rate,1995,17.04792619647,19.686135607140002,14.89039860788
6,Incidence,70,Australasia,3,Both,27,Age-standardized,559,Schizophrenia,3,Rate,1995,20.17995661451,22.6223367301,17.907814609389998
6,Incidence,104,Caribbean,1,Male,22,All ages,559,Schizophrenia,1,Number,1995,2785.935983789597,3553.989374828124,2145.1955914166087
6,Incidence,104,Caribbean,2,Female,22,All ages,559,Schizophrenia,1,Number,1995,2191.285216024125,2782.6998846240804,1673.0725280599506
6,Incidence,104,Caribbean,3,Both,22,All ages,559,Schizophrenia,1,Number,1995,4977.221199813726,6289.723826174125,3826.9713802634487
6,Incidence,104,Caribbean,1,Male,22,All ages,559,Schizophrenia,2,Percent,1995,3.40908289557e-05,4.33171958985e-05,2.58108800807e-05
6,Incidence,104,Caribbean,2,Female,22,All ages,559,Schizophrenia,2,Percent,1995,2.4285394217e-05,3.08146118509e-05,1.83783317724e-05
6,Incidence,104,Caribbean,3,Both,22,All ages,559,Schizophrenia,2,Percent,1995,2.89451076085e-05,3.68854415204e-05,2.20535842617e-05
6,Incidence,104,Caribbean,1,Male,22,All ages,559,Schizophrenia,3,Rate,1995,14.98164789027,19.11193140447,11.53600269115
6,Incidence,104,Caribbean,2,Female,22,All ages,559,Schizophrenia,3,Rate,1995,11.459429676560001,14.552260657640002,8.74941191539
6,Incidence,104,Caribbean,3,Both,22,All ages,559,Schizophrenia,3,Rate,1995,13.195957616569999,16.67575655132,10.14633469288
6,Incidence,104,Caribbean,1,Male,27,Age-standardized,559,Schizophrenia,2,Percent,1995,3.25839237941e-05,4.11512653985e-05,2.50628112276e-05
6,Incidence,104,Caribbean,2,Female,27,Age-standardized,559,Schizophrenia,2,Percent,1995,2.26978449623e-05,2.8610288278e-05,1.73589464976e-05
6,Incidence,104,Caribbean,3,Both,27,Age-standardized,559,Schizophrenia,2,Percent,1995,2.73443401237e-05,3.44509103012e-05,2.10300615888e-05
6,Incidence,104,Caribbean,1,Male,27,Age-standardized,559,Schizophrenia,3,Rate,1995,14.135674121500001,17.79820374521,11.025822446280001
6,Incidence,104,Caribbean,2,Female,27,Age-standardized,559,Schizophrenia,3,Rate,1995,10.643518782580001,13.38224276851,8.23016362151
6,Incidence,104,Caribbean,3,Both,27,Age-standardized,559,Schizophrenia,3,Rate,1995,12.35328086308,15.5093853618,9.62206872393
6,Incidence,138,North Africa and Middle East,1,Male,22,All ages,559,Schizophrenia,1,Number,1995,30703.196604159264,38648.16462559675,23519.93652647447
6,Incidence,138,North Africa and Middle East,2,Female,22,All ages,559,Schizophrenia,1,Number,1995,26206.12299488292,33235.95738857623,19966.77984113985
6,Incidence,138,North Africa and Middle East,3,Both,22,All ages,559,Schizophrenia,1,Number,1995,56909.31959904215,71770.46842435353,43445.83118522633
6,Incidence,138,North Africa and Middle East,1,Male,22,All ages,559,Schizophrenia,2,Percent,1995,3.75656360792e-05,4.74451733144e-05,2.85790481011e-05
6,Incidence,138,North Africa and Middle East,2,Female,22,All ages,559,Schizophrenia,2,Percent,1995,3.09205097853e-05,3.91965973181e-05,2.33196804964e-05
6,Incidence,138,North Africa and Middle East,3,Both,22,All ages,559,Schizophrenia,2,Percent,1995,3.41824152437e-05,4.32442494469e-05,2.59041211279e-05
6,Incidence,138,North Africa and Middle East,1,Male,22,All ages,559,Schizophrenia,3,Rate,1995,15.77137355094,19.85248146071,12.08153371246
6,Incidence,138,North Africa and Middle East,2,Female,22,All ages,559,Schizophrenia,3,Rate,1995,14.14866737871,17.944070025,10.78005039705
6,Incidence,138,North Africa and Middle East,3,Both,22,All ages,559,Schizophrenia,3,Rate,1995,14.98021802271,18.89211243718,11.43622921374
6,Incidence,138,North Africa and Middle East,1,Male,27,Age-standardized,559,Schizophrenia,2,Percent,1995,3.72645879669e-05,4.67976704454e-05,2.89380620294e-05
6,Incidence,138,North Africa and Middle East,2,Female,27,Age-standardized,559,Schizophrenia,2,Percent,1995,3.01684799277e-05,3.79488308291e-05,2.34715284864e-05
6,Incidence,138,North Africa and Middle East,3,Both,27,Age-standardized,559,Schizophrenia,2,Percent,1995,3.36388491088e-05,4.23282111011e-05,2.62213651482e-05
6,Incidence,138,North Africa and Middle East,1,Male,27,Age-standardized,559,Schizophrenia,3,Rate,1995,14.9673480924,18.58855896918,11.87985088441
6,Incidence,138,North Africa and Middle East,2,Female,27,Age-standardized,559,Schizophrenia,3,Rate,1995,13.36038287283,16.73234350607,10.56181647276
6,Incidence,138,North Africa and Middle East,3,Both,27,Age-standardized,559,Schizophrenia,3,Rate,1995,14.185214696449998,17.643822465499998,11.25271367934
6,Incidence,65,High-income Asia Pacific,1,Male,22,All ages,559,Schizophrenia,1,Number,1995,14774.481591019648,18030.02902104665,11990.386431501778
6,Incidence,65,High-income Asia Pacific,2,Female,22,All ages,559,Schizophrenia,1,Number,1995,13255.295628282587,16048.234497577889,10845.797604272864
6,Incidence,65,High-income Asia Pacific,3,Both,22,All ages,559,Schizophrenia,1,Number,1995,28029.77721930225,34024.4584107812,22933.691074791717
6,Incidence,65,High-income Asia Pacific,1,Male,22,All ages,559,Schizophrenia,2,Percent,1995,4.0800462658e-05,4.97678159031e-05,3.23795431464e-05
6,Incidence,65,High-income Asia Pacific,2,Female,22,All ages,559,Schizophrenia,2,Percent,1995,3.33353886675e-05,4.07779872704e-05,2.67305836091e-05
6,Incidence,65,High-income Asia Pacific,3,Both,22,All ages,559,Schizophrenia,2,Percent,1995,3.68930365594e-05,4.51166756149e-05,2.96757735665e-05
6,Incidence,65,High-income Asia Pacific,1,Male,22,All ages,559,Schizophrenia,3,Rate,1995,16.89238139606,20.61460667362,13.70919036578
6,Incidence,65,High-income Asia Pacific,2,Female,22,All ages,559,Schizophrenia,3,Rate,1995,14.813323124530001,17.93454403865,12.120612694030001
6,Incidence,65,High-income Asia Pacific,3,Both,22,All ages,559,Schizophrenia,3,Rate,1995,15.840985825470002,19.22887075369,12.96094051691
6,Incidence,65,High-income Asia Pacific,1,Male,27,Age-standardized,559,Schizophrenia,2,Percent,1995,3.58087542687e-05,4.38121798449e-05,2.83690591094e-05
6,Incidence,65,High-income Asia Pacific,2,Female,27,Age-standardized,559,Schizophrenia,2,Percent,1995,3.05025560768e-05,3.73544782727e-05,2.44088584133e-05
6,Incidence,65,High-income Asia Pacific,3,Both,27,Age-standardized,559,Schizophrenia,2,Percent,1995,3.3125559058e-05,4.05930304722e-05,2.63928420912e-05
6,Incidence,65,High-income Asia Pacific,1,Male,27,Age-standardized,559,Schizophrenia,3,Rate,1995,15.70444575511,19.23836992808,12.67583389986
6,Incidence,65,High-income Asia Pacific,2,Female,27,Age-standardized,559,Schizophrenia,3,Rate,1995,14.41524658158,17.48627452058,11.737985175970001
6,Incidence,65,High-income Asia Pacific,3,Both,27,Age-standardized,559,Schizophrenia,3,Rate,1995,15.07653025315,18.39748155664,12.29889395198
6,Incidence,124,Central Latin America,1,Male,22,All ages,559,Schizophrenia,1,Number,1995,14573.63940822824,18215.896954099524,11343.586587923848
6,Incidence,124,Central Latin America,2,Female,22,All ages,559,Schizophrenia,1,Number,1995,12074.435708602705,15090.93015352133,9395.645329680068
6,Incidence,124,Central Latin America,3,Both,22,All ages,559,Schizophrenia,1,Number,1995,26648.075116830943,33442.29520893724,20704.48411494166
6,Incidence,124,Central Latin America,1,Male,22,All ages,559,Schizophrenia,2,Percent,1995,3.49843193955e-05,4.34193980557e-05,2.70490276918e-05
6,Incidence,124,Central Latin America,2,Female,22,All ages,559,Schizophrenia,2,Percent,1995,2.66859885442e-05,3.31743860653e-05,2.07673459387e-05
6,Incidence,124,Central Latin America,3,Both,22,All ages,559,Schizophrenia,2,Percent,1995,3.06635090439e-05,3.78715842258e-05,2.37236106529e-05
6,Incidence,124,Central Latin America,1,Male,22,All ages,559,Schizophrenia,3,Rate,1995,16.20223962893,20.25151846007,12.61122928877
6,Incidence,124,Central Latin America,2,Female,22,All ages,559,Schizophrenia,3,Rate,1995,13.03495285351,16.29140837833,10.143065635220001
6,Incidence,124,Central Latin America,3,Both,22,All ages,559,Schizophrenia,3,Rate,1995,14.59532537385,18.31656424274,11.33998163209
6,Incidence,124,Central Latin America,1,Male,27,Age-standardized,559,Schizophrenia,2,Percent,1995,3.467139258e-05,4.26532261062e-05,2.73686296227e-05
6,Incidence,124,Central Latin America,2,Female,27,Age-standardized,559,Schizophrenia,2,Percent,1995,2.52209024502e-05,3.09959609214e-05,1.99521131002e-05
6,Incidence,124,Central Latin America,3,Both,27,Age-standardized,559,Schizophrenia,2,Percent,1995,2.96512112416e-05,3.64184768918e-05,2.34522375446e-05
6,Incidence,124,Central Latin America,1,Male,27,Age-standardized,559,Schizophrenia,3,Rate,1995,15.464357217189999,19.100684541190002,12.43895934295
6,Incidence,124,Central Latin America,2,Female,27,Age-standardized,559,Schizophrenia,3,Rate,1995,12.01878590488,14.84065672311,9.63881693341
6,Incidence,124,Central Latin America,3,Both,27,Age-standardized,559,Schizophrenia,3,Rate,1995,13.69006033879,16.93443192265,10.980086414399999
6,Incidence,167,Central Sub-Saharan Africa,1,Male,22,All ages,559,Schizophrenia,1,Number,1995,4016.8529063314113,5150.6913817687655,3010.0065237663403
6,Incidence,167,Central Sub-Saharan Africa,2,Female,22,All ages,559,Schizophrenia,1,Number,1995,4208.56358960805,5377.319529956716,3185.6525130137125
6,Incidence,167,Central Sub-Saharan Africa,3,Both,22,All ages,559,Schizophrenia,1,Number,1995,8225.416495939462,10585.004447919582,6201.046085010043
6,Incidence,167,Central Sub-Saharan Africa,1,Male,22,All ages,559,Schizophrenia,2,Percent,1995,1.97832501238e-05,2.56139015536e-05,1.47165289763e-05
6,Incidence,167,Central Sub-Saharan Africa,2,Female,22,All ages,559,Schizophrenia,2,Percent,1995,2.07383372472e-05,2.68350165491e-05,1.56087146126e-05
6,Incidence,167,Central Sub-Saharan Africa,3,Both,22,All ages,559,Schizophrenia,2,Percent,1995,2.02601436288e-05,2.6080400655e-05,1.52150520901e-05
6,Incidence,167,Central Sub-Saharan Africa,1,Male,22,All ages,559,Schizophrenia,3,Rate,1995,12.730246608829999,16.323617773640002,9.53933993484
6,Incidence,167,Central Sub-Saharan Africa,2,Female,22,All ages,559,Schizophrenia,3,Rate,1995,13.152364906239999,16.80489486962,9.95562106252
6,Incidence,167,Central Sub-Saharan Africa,3,Both,22,All ages,559,Schizophrenia,3,Rate,1995,12.94278334413,16.655620944389998,9.75741423245
6,Incidence,167,Central Sub-Saharan Africa,1,Male,27,Age-standardized,559,Schizophrenia,2,Percent,1995,2.39986119123e-05,3.03614667293e-05,1.82692142961e-05
6,Incidence,167,Central Sub-Saharan Africa,2,Female,27,Age-standardized,559,Schizophrenia,2,Percent,1995,2.46419509629e-05,3.14897836611e-05,1.87228484039e-05
6,Incidence,167,Central Sub-Saharan Africa,3,Both,27,Age-standardized,559,Schizophrenia,2,Percent,1995,2.43123527166e-05,3.08142887893e-05,1.84465423464e-05
6,Incidence,167,Central Sub-Saharan Africa,1,Male,27,Age-standardized,559,Schizophrenia,3,Rate,1995,13.71166614085,17.2128620507,10.72108002018
6,Incidence,167,Central Sub-Saharan Africa,2,Female,27,Age-standardized,559,Schizophrenia,3,Rate,1995,14.08023357726,17.78301389605,10.90946825236
6,Incidence,167,Central Sub-Saharan Africa,3,Both,27,Age-standardized,559,Schizophrenia,3,Rate,1995,13.88870139228,17.43303626225,10.82506281671
6,Incidence,120,Andean Latin America,1,Male,22,All ages,559,Schizophrenia,1,Number,1995,3277.550145343696,4195.038063304881,2484.104184252264
6,Incidence,120,Andean Latin America,2,Female,22,All ages,559,Schizophrenia,1,Number,1995,2612.038954608586,3378.746362757727,1945.3466404782089
6,Incidence,120,Andean Latin America,3,Both,22,All ages,559,Schizophrenia,1,Number,1995,5889.589099952283,7568.755603991866,4436.670102198315
6,Incidence,120,Andean Latin America,1,Male,22,All ages,559,Schizophrenia,2,Percent,1995,3.04787614172e-05,3.88881706821e-05,2.29724231229e-05
6,Incidence,120,Andean Latin America,2,Female,22,All ages,559,Schizophrenia,2,Percent,1995,2.21232870879e-05,2.85844050035e-05,1.64156834729e-05
6,Incidence,120,Andean Latin America,3,Both,22,All ages,559,Schizophrenia,2,Percent,1995,2.61052858202e-05,3.34909051177e-05,1.96261738094e-05
6,Incidence,120,Andean Latin America,1,Male,22,All ages,559,Schizophrenia,3,Rate,1995,15.632643502230001,20.008705165069998,11.848213883160001
6,Incidence,120,Andean Latin America,2,Female,22,All ages,559,Schizophrenia,3,Rate,1995,12.32064279277,15.937100382619999,9.17594319303
6,Incidence,120,Andean Latin America,3,Both,22,All ages,559,Schizophrenia,3,Rate,1995,13.967435866099999,17.94965772499,10.52177054457
6,Incidence,120,Andean Latin America,1,Male,27,Age-standardized,559,Schizophrenia,2,Percent,1995,3.11306700378e-05,3.99810693041e-05,2.38372550311e-05
6,Incidence,120,Andean Latin America,2,Female,27,Age-standardized,559,Schizophrenia,2,Percent,1995,2.15632716902e-05,2.77445463321e-05,1.62765260576e-05
6,Incidence,120,Andean Latin America,3,Both,27,Age-standardized,559,Schizophrenia,2,Percent,1995,2.60147943233e-05,3.33146707382e-05,1.97158910452e-05
6,Incidence,120,Andean Latin America,1,Male,27,Age-standardized,559,Schizophrenia,3,Rate,1995,15.14886356087,19.153489047409998,11.761125383120001
6,Incidence,120,Andean Latin America,2,Female,27,Age-standardized,559,Schizophrenia,3,Rate,1995,11.6363458707,14.88978561418,8.85414312743
6,Incidence,120,Andean Latin America,3,Both,27,Age-standardized,559,Schizophrenia,3,Rate,1995,13.36248007795,16.869652215360002,10.29262551525
6,Incidence,44634,High-middle SDI,1,Male,22,All ages,559,Schizophrenia,1,Number,1995,102933.91594654854,120941.3891781763,87487.32267368378
6,Incidence,44634,High-middle SDI,2,Female,22,All ages,559,Schizophrenia,1,Number,1995,90501.15879081003,106438.34121255005,77203.69916733372
6,Incidence,44634,High-middle SDI,3,Both,22,All ages,559,Schizophrenia,1,Number,1995,193435.0747373583,227647.90442191772,164648.0456787686
6,Incidence,44634,High-middle SDI,1,Male,22,All ages,559,Schizophrenia,2,Percent,1995,5.00299709902e-05,5.90205731699e-05,4.16723916757e-05
6,Incidence,44634,High-middle SDI,2,Female,22,All ages,559,Schizophrenia,2,Percent,1995,4.07503805029e-05,4.79457868942e-05,3.41463760793e-05
6,Incidence,44634,High-middle SDI,3,Both,22,All ages,559,Schizophrenia,2,Percent,1995,4.52125698458e-05,5.32277609503e-05,3.77231562877e-05
6,Incidence,44634,High-middle SDI,1,Male,22,All ages,559,Schizophrenia,3,Rate,1995,18.55260950929,21.79824158345,15.76854547553
6,Incidence,44634,High-middle SDI,2,Female,22,All ages,559,Schizophrenia,3,Rate,1995,16.18527471954,19.03548878528,13.807150063969999
6,Incidence,44634,High-middle SDI,3,Both,22,All ages,559,Schizophrenia,3,Rate,1995,17.36433526989,20.4355623779,14.78017298869
6,Incidence,44634,High-middle SDI,1,Male,27,Age-standardized,559,Schizophrenia,2,Percent,1995,4.39778571985e-05,5.18064208439e-05,3.68879315278e-05
6,Incidence,44634,High-middle SDI,2,Female,27,Age-standardized,559,Schizophrenia,2,Percent,1995,3.70564237985e-05,4.36584128203e-05,3.11866336236e-05
6,Incidence,44634,High-middle SDI,3,Both,27,Age-standardized,559,Schizophrenia,2,Percent,1995,4.04109784546e-05,4.75655535745e-05,3.39879277455e-05
6,Incidence,44634,High-middle SDI,1,Male,27,Age-standardized,559,Schizophrenia,3,Rate,1995,16.671663169880002,19.46219083523,14.240287396440001
6,Incidence,44634,High-middle SDI,2,Female,27,Age-standardized,559,Schizophrenia,3,Rate,1995,15.0293807272,17.63821222972,12.87398129117
6,Incidence,44634,High-middle SDI,3,Both,27,Age-standardized,559,Schizophrenia,3,Rate,1995,15.85714681929,18.57934324624,13.551838615700001
6,Incidence,159,South Asia,1,Male,22,All ages,559,Schizophrenia,1,Number,1995,109772.82620856036,133568.7026799929,89009.29878867013
6,Incidence,159,South Asia,2,Female,22,All ages,559,Schizophrenia,1,Number,1995,79283.08751441292,97751.07285176788,63388.33129851545
6,Incidence,159,South Asia,3,Both,22,All ages,559,Schizophrenia,1,Number,1995,189055.91372297332,231348.28499533693,152065.06906953923
6,Incidence,159,South Asia,1,Male,22,All ages,559,Schizophrenia,2,Percent,1995,3.33230722164e-05,4.08171263735e-05,2.66757180681e-05
6,Incidence,159,South Asia,2,Female,22,All ages,559,Schizophrenia,2,Percent,1995,2.42373815247e-05,3.00621562885e-05,1.90253368035e-05
6,Incidence,159,South Asia,3,Both,22,All ages,559,Schizophrenia,2,Percent,1995,2.87957350956e-05,3.53824492062e-05,2.27156565554e-05
6,Incidence,159,South Asia,1,Male,22,All ages,559,Schizophrenia,3,Rate,1995,17.54728567346,21.35107807562,14.228217013130001
6,Incidence,159,South Asia,2,Female,22,All ages,559,Schizophrenia,3,Rate,1995,13.712650349919999,16.90683757873,10.96352388148
6,Incidence,159,South Asia,3,Both,22,All ages,559,Schizophrenia,3,Rate,1995,15.70547862747,19.218840997599997,12.6325310075
6,Incidence,159,South Asia,1,Male,27,Age-standardized,559,Schizophrenia,2,Percent,1995,3.35917390079e-05,4.07144914395e-05,2.69062030244e-05
6,Incidence,159,South Asia,2,Female,27,Age-standardized,559,Schizophrenia,2,Percent,1995,2.37480100998e-05,2.90051717157e-05,1.88898174893e-05
6,Incidence,159,South Asia,3,Both,27,Age-standardized,559,Schizophrenia,2,Percent,1995,2.86152969605e-05,3.47400701384e-05,2.28476124317e-05
6,Incidence,159,South Asia,1,Male,27,Age-standardized,559,Schizophrenia,3,Rate,1995,17.11648249205,20.78293838812,14.038952481670002
6,Incidence,159,South Asia,2,Female,27,Age-standardized,559,Schizophrenia,3,Rate,1995,13.12786616486,15.88855378903,10.74560634362
6,Incidence,159,South Asia,3,Both,27,Age-standardized,559,Schizophrenia,3,Rate,1995,15.17683864985,18.444849664859998,12.41160400515
6,Incidence,134,Tropical Latin America,1,Male,22,All ages,559,Schizophrenia,1,Number,1995,13826.72813784268,16779.333566626585,11259.492945923976
6,Incidence,134,Tropical Latin America,2,Female,22,All ages,559,Schizophrenia,1,Number,1995,11159.37445910246,13591.516590114608,9043.601238451753
6,Incidence,134,Tropical Latin America,3,Both,22,All ages,559,Schizophrenia,1,Number,1995,24986.10259694514,30386.073791692528,20223.54874943809
6,Incidence,134,Tropical Latin America,1,Male,22,All ages,559,Schizophrenia,2,Percent,1995,3.06081314963e-05,3.70767243491e-05,2.45631402314e-05
6,Incidence,134,Tropical Latin America,2,Female,22,All ages,559,Schizophrenia,2,Percent,1995,2.3003795911e-05,2.77540571714e-05,1.84737304894e-05
6,Incidence,134,Tropical Latin America,3,Both,22,All ages,559,Schizophrenia,2,Percent,1995,2.6670164334e-05,3.21660640866e-05,2.13974038721e-05
6,Incidence,134,Tropical Latin America,1,Male,22,All ages,559,Schizophrenia,3,Rate,1995,16.91992522361,20.53306222694,13.77837018285
6,Incidence,134,Tropical Latin America,2,Female,22,All ages,559,Schizophrenia,3,Rate,1995,13.30055261234,16.19935616919,10.77882049015
6,Incidence,134,Tropical Latin America,3,Both,22,All ages,559,Schizophrenia,3,Rate,1995,15.08638617871,18.34684068464,12.210798589100001
6,Incidence,134,Tropical Latin America,1,Male,27,Age-standardized,559,Schizophrenia,2,Percent,1995,2.84056370746e-05,3.41652818583e-05,2.30662515363e-05
6,Incidence,134,Tropical Latin America,2,Female,27,Age-standardized,559,Schizophrenia,2,Percent,1995,2.10280541045e-05,2.54658592087e-05,1.70552596619e-05
6,Incidence,134,Tropical Latin America,3,Both,27,Age-standardized,559,Schizophrenia,2,Percent,1995,2.4547666167e-05,2.95621712898e-05,1.98664403037e-05
6,Incidence,134,Tropical Latin America,1,Male,27,Age-standardized,559,Schizophrenia,3,Rate,1995,15.510395249890001,18.65269368608,12.837794025710002
6,Incidence,134,Tropical Latin America,2,Female,27,Age-standardized,559,Schizophrenia,3,Rate,1995,12.10407991575,14.66197303795,9.95007209362
6,Incidence,134,Tropical Latin America,3,Both,27,Age-standardized,559,Schizophrenia,3,Rate,1995,13.77788741543,16.62113995611,11.341934048659999
6,Incidence,174,Eastern Sub-Saharan Africa,1,Male,22,All ages,559,Schizophrenia,1,Number,1995,13436.460088719086,16784.723471979163,10543.194441377633
6,Incidence,174,Eastern Sub-Saharan Africa,2,Female,22,All ages,559,Schizophrenia,1,Number,1995,14949.650263961012,18774.356187753616,11545.61412395814
6,Incidence,174,Eastern Sub-Saharan Africa,3,Both,22,All ages,559,Schizophrenia,1,Number,1995,28386.11035268009,35617.68710227856,22101.52663867261
6,Incidence,174,Eastern Sub-Saharan Africa,1,Male,22,All ages,559,Schizophrenia,2,Percent,1995,1.84890104614e-05,2.30326627076e-05,1.44310736558e-05
6,Incidence,174,Eastern Sub-Saharan Africa,2,Female,22,All ages,559,Schizophrenia,2,Percent,1995,2.03570411194e-05,2.54657057332e-05,1.55866671193e-05
6,Incidence,174,Eastern Sub-Saharan Africa,3,Both,22,All ages,559,Schizophrenia,2,Percent,1995,1.94277181036e-05,2.42890735505e-05,1.50146350098e-05
6,Incidence,174,Eastern Sub-Saharan Africa,1,Male,22,All ages,559,Schizophrenia,3,Rate,1995,12.50120081411,15.616404718739998,9.809324038
6,Incidence,174,Eastern Sub-Saharan Africa,2,Female,22,All ages,559,Schizophrenia,3,Rate,1995,13.686609249280002,17.18817982438,10.57016761379
6,Incidence,174,Eastern Sub-Saharan Africa,3,Both,22,All ages,559,Schizophrenia,3,Rate,1995,13.09868294471,16.4356716993,10.19868120138
6,Incidence,174,Eastern Sub-Saharan Africa,1,Male,27,Age-standardized,559,Schizophrenia,2,Percent,1995,2.28089489753e-05,2.81831036424e-05,1.82247206379e-05
6,Incidence,174,Eastern Sub-Saharan Africa,2,Female,27,Age-standardized,559,Schizophrenia,2,Percent,1995,2.30542326755e-05,2.88144172281e-05,1.83130860046e-05
6,Incidence,174,Eastern Sub-Saharan Africa,3,Both,27,Age-standardized,559,Schizophrenia,2,Percent,1995,2.29439816543e-05,2.85356521509e-05,1.82919088953e-05
6,Incidence,174,Eastern Sub-Saharan Africa,1,Male,27,Age-standardized,559,Schizophrenia,3,Rate,1995,14.09555723476,17.3754422829,11.493335121549999
6,Incidence,174,Eastern Sub-Saharan Africa,2,Female,27,Age-standardized,559,Schizophrenia,3,Rate,1995,14.43009710944,18.04558913328,11.627343594260001
6,Incidence,174,Eastern Sub-Saharan Africa,3,Both,27,Age-standardized,559,Schizophrenia,3,Rate,1995,14.277908336760001,17.78645729699,11.57793039846
6,Incidence,44635,High SDI,1,Male,22,All ages,559,Schizophrenia,1,Number,1995,77937.73964980207,93030.33338563234,64686.48086099037
6,Incidence,44635,High SDI,2,Female,22,All ages,559,Schizophrenia,1,Number,1995,67253.13306654613,80842.9646669961,55764.22720745306
6,Incidence,44635,High SDI,3,Both,22,All ages,559,Schizophrenia,1,Number,1995,145190.87271634847,173821.6245258456,120345.9578777198
6,Incidence,44635,High SDI,1,Male,22,All ages,559,Schizophrenia,2,Percent,1995,4.14817138094e-05,4.98618305101e-05,3.40266763935e-05
6,Incidence,44635,High SDI,2,Female,22,All ages,559,Schizophrenia,2,Percent,1995,3.14274765944e-05,3.80731419912e-05,2.58042579196e-05
6,Incidence,44635,High SDI,3,Both,22,All ages,559,Schizophrenia,2,Percent,1995,3.6127791532e-05,4.36599579681e-05,2.97299628881e-05
6,Incidence,44635,High SDI,1,Male,22,All ages,559,Schizophrenia,3,Rate,1995,17.30104788698,20.651384811499998,14.35946061619
6,Incidence,44635,High SDI,2,Female,22,All ages,559,Schizophrenia,3,Rate,1995,14.557526090509999,17.49916343986,12.07065240643
6,Incidence,44635,High SDI,3,Both,22,All ages,559,Schizophrenia,3,Rate,1995,15.91199530738,19.04974343105,13.18915081359
6,Incidence,44635,High SDI,1,Male,27,Age-standardized,559,Schizophrenia,2,Percent,1995,3.84837284281e-05,4.62555190024e-05,3.12365065344e-05
6,Incidence,44635,High SDI,2,Female,27,Age-standardized,559,Schizophrenia,2,Percent,1995,3.08869885192e-05,3.72267392641e-05,2.51715536822e-05
6,Incidence,44635,High SDI,3,Both,27,Age-standardized,559,Schizophrenia,2,Percent,1995,3.45617963972e-05,4.16161938153e-05,2.81282259934e-05
6,Incidence,44635,High SDI,1,Male,27,Age-standardized,559,Schizophrenia,3,Rate,1995,16.6286830038,19.97990997216,13.71346754193
6,Incidence,44635,High SDI,2,Female,27,Age-standardized,559,Schizophrenia,3,Rate,1995,14.78626452154,17.81657112272,12.21996615254
6,Incidence,44635,High SDI,3,Both,27,Age-standardized,559,Schizophrenia,3,Rate,1995,15.727434336810001,18.873840878019998,12.98776210452
6,Incidence,44636,Low-middle SDI,1,Male,22,All ages,559,Schizophrenia,1,Number,1995,108039.1312741096,133434.7024265478,86134.16841930333
6,Incidence,44636,Low-middle SDI,2,Female,22,All ages,559,Schizophrenia,1,Number,1995,87533.48518157646,108492.38952324628,68731.41335607345
6,Incidence,44636,Low-middle SDI,3,Both,22,All ages,559,Schizophrenia,1,Number,1995,195572.6164556863,242408.15558790887,154540.12642209674
6,Incidence,44636,Low-middle SDI,1,Male,22,All ages,559,Schizophrenia,2,Percent,1995,3.13785311839e-05,3.84754143364e-05,2.47671996142e-05
6,Incidence,44636,Low-middle SDI,2,Female,22,All ages,559,Schizophrenia,2,Percent,1995,2.50368269814e-05,3.0770099279e-05,1.9608711633e-05
6,Incidence,44636,Low-middle SDI,3,Both,22,All ages,559,Schizophrenia,2,Percent,1995,2.81831357002e-05,3.45557540701e-05,2.21672901297e-05
6,Incidence,44636,Low-middle SDI,1,Male,22,All ages,559,Schizophrenia,3,Rate,1995,16.66883562212,20.586995608029998,13.289224727170001
6,Incidence,44636,Low-middle SDI,2,Female,22,All ages,559,Schizophrenia,3,Rate,1995,13.99418996163,17.34494068447,10.9882572691
6,Incidence,44636,Low-middle SDI,3,Both,22,All ages,559,Schizophrenia,3,Rate,1995,15.355296894079999,19.03256839355,12.133649210529999
6,Incidence,44636,Low-middle SDI,1,Male,27,Age-standardized,559,Schizophrenia,2,Percent,1995,3.26392797033e-05,3.99606023065e-05,2.62280096358e-05
6,Incidence,44636,Low-middle SDI,2,Female,27,Age-standardized,559,Schizophrenia,2,Percent,1995,2.50336258541e-05,3.08037169955e-05,1.98577690843e-05
6,Incidence,44636,Low-middle SDI,3,Both,27,Age-standardized,559,Schizophrenia,2,Percent,1995,2.8737746983e-05,3.52594740099e-05,2.291158245e-05
6,Incidence,44636,Low-middle SDI,1,Male,27,Age-standardized,559,Schizophrenia,3,Rate,1995,16.55621221591,20.1934907527,13.53005948634
6,Incidence,44636,Low-middle SDI,2,Female,27,Age-standardized,559,Schizophrenia,3,Rate,1995,13.519834470089998,16.58647035834,10.98654713981
6,Incidence,44636,Low-middle SDI,3,Both,27,Age-standardized,559,Schizophrenia,3,Rate,1995,15.044121851849999,18.36293999935,12.28950914162
6,Incidence,199,Western Sub-Saharan Africa,1,Male,22,All ages,559,Schizophrenia,1,Number,1995,13405.901470048302,16592.68116319982,10636.28252919838
6,Incidence,199,Western Sub-Saharan Africa,2,Female,22,All ages,559,Schizophrenia,1,Number,1995,17913.083633799604,22238.85245278652,14033.537562858492
6,Incidence,199,Western Sub-Saharan Africa,3,Both,22,All ages,559,Schizophrenia,1,Number,1995,31318.985103847903,38895.7459695317,24625.354889255817
6,Incidence,199,Western Sub-Saharan Africa,1,Male,22,All ages,559,Schizophrenia,2,Percent,1995,1.90197212059e-05,2.35433062084e-05,1.49953003048e-05
6,Incidence,199,Western Sub-Saharan Africa,2,Female,22,All ages,559,Schizophrenia,2,Percent,1995,2.44715092165e-05,3.04232201803e-05,1.9027390764e-05
6,Incidence,199,Western Sub-Saharan Africa,3,Both,22,All ages,559,Schizophrenia,2,Percent,1995,2.17970568199e-05,2.7048641867e-05,1.70091442938e-05
6,Incidence,199,Western Sub-Saharan Africa,1,Male,22,All ages,559,Schizophrenia,3,Rate,1995,12.07456141654,14.94486202347,9.579993328270001
6,Incidence,199,Western Sub-Saharan Africa,2,Female,22,All ages,559,Schizophrenia,3,Rate,1995,16.02674669864,19.8969905135,12.55573615373
6,Incidence,199,Western Sub-Saharan Africa,3,Both,22,All ages,559,Schizophrenia,3,Rate,1995,14.05725244247,17.45801526515,11.0528750857
6,Incidence,199,Western Sub-Saharan Africa,1,Male,27,Age-standardized,559,Schizophrenia,2,Percent,1995,2.29390897e-05,2.82786068261e-05,1.84464382009e-05
6,Incidence,199,Western Sub-Saharan Africa,2,Female,27,Age-standardized,559,Schizophrenia,2,Percent,1995,2.70444308246e-05,3.36028237747e-05,2.15083020291e-05
6,Incidence,199,Western Sub-Saharan Africa,3,Both,27,Age-standardized,559,Schizophrenia,2,Percent,1995,2.51481424647e-05,3.12069252852e-05,2.01120500329e-05
6,Incidence,199,Western Sub-Saharan Africa,1,Male,27,Age-standardized,559,Schizophrenia,3,Rate,1995,13.364745068409999,16.429937591039998,10.862954796310001
6,Incidence,199,Western Sub-Saharan Africa,2,Female,27,Age-standardized,559,Schizophrenia,3,Rate,1995,16.57627219283,20.349883647829998,13.440428666690002
6,Incidence,199,Western Sub-Saharan Africa,3,Both,27,Age-standardized,559,Schizophrenia,3,Rate,1995,15.033792619149999,18.45133424405,12.24076546927
6,Incidence,192,Southern Sub-Saharan Africa,1,Male,22,All ages,559,Schizophrenia,1,Number,1995,4010.342434775263,4920.717120138287,3217.611035962892
6,Incidence,192,Southern Sub-Saharan Africa,2,Female,22,All ages,559,Schizophrenia,1,Number,1995,4512.636770947668,5547.113059621215,3585.9372842895
6,Incidence,192,Southern Sub-Saharan Africa,3,Both,22,All ages,559,Schizophrenia,1,Number,1995,8522.979205722926,10444.725349381672,6797.328556824217
6,Incidence,192,Southern Sub-Saharan Africa,1,Male,22,All ages,559,Schizophrenia,2,Percent,1995,2.14660704878e-05,2.62687601097e-05,1.69332578996e-05
6,Incidence,192,Southern Sub-Saharan Africa,2,Female,22,All ages,559,Schizophrenia,2,Percent,1995,2.21577822037e-05,2.72650825465e-05,1.74217286985e-05
6,Incidence,192,Southern Sub-Saharan Africa,3,Both,22,All ages,559,Schizophrenia,2,Percent,1995,2.18264840875e-05,2.67457091073e-05,1.72124516486e-05
6,Incidence,192,Southern Sub-Saharan Africa,1,Male,22,All ages,559,Schizophrenia,3,Rate,1995,14.2238215439,17.45272462969,11.41217387731
6,Incidence,192,Southern Sub-Saharan Africa,2,Female,22,All ages,559,Schizophrenia,3,Rate,1995,14.95423961803,18.38234763674,11.88328866833
6,Incidence,192,Southern Sub-Saharan Africa,3,Both,22,All ages,559,Schizophrenia,3,Rate,1995,14.60142982554,17.89373416911,11.645073105069999
6,Incidence,192,Southern Sub-Saharan Africa,1,Male,27,Age-standardized,559,Schizophrenia,2,Percent,1995,2.15211610702e-05,2.64036279565e-05,1.73590620856e-05
6,Incidence,192,Southern Sub-Saharan Africa,2,Female,27,Age-standardized,559,Schizophrenia,2,Percent,1995,2.14763827258e-05,2.63890179494e-05,1.70993917723e-05
6,Incidence,192,Southern Sub-Saharan Africa,3,Both,27,Age-standardized,559,Schizophrenia,2,Percent,1995,2.14862732551e-05,2.62832904626e-05,1.72153792532e-05
6,Incidence,192,Southern Sub-Saharan Africa,1,Male,27,Age-standardized,559,Schizophrenia,3,Rate,1995,13.682098589810002,16.557079108419998,11.25473745086
6,Incidence,192,Southern Sub-Saharan Africa,2,Female,27,Age-standardized,559,Schizophrenia,3,Rate,1995,14.10092201273,17.12719316544,11.51869749697
6,Incidence,192,Southern Sub-Saharan Africa,3,Both,27,Age-standardized,559,Schizophrenia,3,Rate,1995,13.895521418589999,16.8499721406,11.40592607522
6,Incidence,44639,Middle SDI,1,Male,22,All ages,559,Schizophrenia,1,Number,1995,180410.02234799732,216998.3304862388,148108.00532425847
6,Incidence,44639,Middle SDI,2,Female,22,All ages,559,Schizophrenia,1,Number,1995,150519.40313171406,181488.76857679812,122636.97873674004
6,Incidence,44639,Middle SDI,3,Both,22,All ages,559,Schizophrenia,1,Number,1995,330929.425479711,398418.77032142575,270744.98406099854
6,Incidence,44639,Middle SDI,1,Male,22,All ages,559,Schizophrenia,2,Percent,1995,4.42364109239e-05,5.34701748896e-05,3.6031597261e-05
6,Incidence,44639,Middle SDI,2,Female,22,All ages,559,Schizophrenia,2,Percent,1995,3.64702459278e-05,4.39655434067e-05,2.95810212356e-05
6,Incidence,44639,Middle SDI,3,Both,22,All ages,559,Schizophrenia,2,Percent,1995,4.0329950981e-05,4.8674543754e-05,3.27961895862e-05
6,Incidence,44639,Middle SDI,1,Male,22,All ages,559,Schizophrenia,3,Rate,1995,19.13187205889,23.01193826055,15.70635251791
6,Incidence,44639,Middle SDI,2,Female,22,All ages,559,Schizophrenia,3,Rate,1995,16.58657843012,19.99926674936,13.514057483139998
6,Incidence,44639,Middle SDI,3,Both,22,All ages,559,Schizophrenia,3,Rate,1995,17.8836432985,21.530811778150003,14.631236593079999
6,Incidence,44639,Middle SDI,1,Male,27,Age-standardized,559,Schizophrenia,2,Percent,1995,4.05708385459e-05,4.86549128976e-05,3.32227578534e-05
6,Incidence,44639,Middle SDI,2,Female,27,Age-standardized,559,Schizophrenia,2,Percent,1995,3.28954590729e-05,3.94504603211e-05,2.69570315131e-05
6,Incidence,44639,Middle SDI,3,Both,27,Age-standardized,559,Schizophrenia,2,Percent,1995,3.66891081227e-05,4.40220901549e-05,3.00400542092e-05
6,Incidence,44639,Middle SDI,1,Male,27,Age-standardized,559,Schizophrenia,3,Rate,1995,17.3242040114,20.6920929672,14.442368600919998
6,Incidence,44639,Middle SDI,2,Female,27,Age-standardized,559,Schizophrenia,3,Rate,1995,14.841920158739999,17.72517533152,12.407007381549999
6,Incidence,44639,Middle SDI,3,Both,27,Age-standardized,559,Schizophrenia,3,Rate,1995,16.10484525478,19.25277193314,13.423173138420001
6,Incidence,44637,Low SDI,1,Male,22,All ages,559,Schizophrenia,1,Number,1995,39353.49531034763,48809.327177749416,31241.880780733103
6,Incidence,44637,Low SDI,2,Female,22,All ages,559,Schizophrenia,1,Number,1995,38426.928032721305,48092.53466091333,29890.36470214064
6,Incidence,44637,Low SDI,3,Both,22,All ages,559,Schizophrenia,1,Number,1995,77780.42334306898,96925.32311055849,61057.39190741471
6,Incidence,44637,Low SDI,1,Male,22,All ages,559,Schizophrenia,2,Percent,1995,2.23106744429e-05,2.75050450804e-05,1.73788865141e-05
6,Incidence,44637,Low SDI,2,Female,22,All ages,559,Schizophrenia,2,Percent,1995,2.17716381148e-05,2.7055585044e-05,1.67044561177e-05
6,Incidence,44637,Low SDI,3,Both,22,All ages,559,Schizophrenia,2,Percent,1995,2.20409611574e-05,2.72911793703e-05,1.70123135871e-05
6,Incidence,44637,Low SDI,1,Male,22,All ages,559,Schizophrenia,3,Rate,1995,13.74473727576,17.0473136725,10.911646854879999
6,Incidence,44637,Low SDI,2,Female,22,All ages,559,Schizophrenia,3,Rate,1995,13.63645269461,17.06645853421,10.60710718115
6,Incidence,44637,Low SDI,3,Both,22,All ages,559,Schizophrenia,3,Rate,1995,13.69102586419,17.06093961135,10.74741298485
6,Incidence,44637,Low SDI,1,Male,27,Age-standardized,559,Schizophrenia,2,Percent,1995,2.64574841921e-05,3.26995735628e-05,2.11831915538e-05
6,Incidence,44637,Low SDI,2,Female,27,Age-standardized,559,Schizophrenia,2,Percent,1995,2.44027549291e-05,3.0380503411e-05,1.9401947219e-05
6,Incidence,44637,Low SDI,3,Both,27,Age-standardized,559,Schizophrenia,2,Percent,1995,2.54079238717e-05,3.15265240326e-05,2.02157791774e-05
6,Incidence,44637,Low SDI,1,Male,27,Age-standardized,559,Schizophrenia,3,Rate,1995,14.97502360886,18.34329748343,12.15610055518
6,Incidence,44637,Low SDI,2,Female,27,Age-standardized,559,Schizophrenia,3,Rate,1995,14.28385036577,17.58706721195,11.54074227903
6,Incidence,44637,Low SDI,3,Both,27,Age-standardized,559,Schizophrenia,3,Rate,1995,14.629615795330002,17.95459441177,11.84882219028
