measure_id,measure_name,location_id,location_name,sex_id,sex_name,age_id,age_name,cause_id,cause_name,metric_id,metric_name,year,val,upper,lower
2,DALYs (Disability-Adjusted Life Years),1,Global,1,Male,22,All ages,559,Schizophrenia,1,Number,2000,5639497.396357565,7261568.48640313,4151841.491774598
2,DALYs (Disability-Adjusted Life Years),1,Global,2,Female,22,All ages,559,Schizophrenia,1,Number,2000,4942127.359973297,6344348.042959189,3642915.0156832673
2,DALYs (Disability-Adjusted Life Years),1,Global,3,Both,22,All ages,559,Schizophrenia,1,Number,2000,10581624.75633086,13617049.6773756,7791888.117661501
2,DALYs (Disability-Adjusted Life Years),1,Global,1,Male,22,All ages,559,Schizophrenia,2,Percent,2000,0.003989158435660919,0.005095984794731887,0.002967438647863687
2,DALYs (Disability-Adjusted Life Years),1,Global,2,Female,22,All ages,559,Schizophrenia,2,Percent,2000,0.003994690323161028,0.005091048552074094,0.002974988694480177
2,DALYs (Disability-Adjusted Life Years),1,Global,3,Both,22,All ages,559,Schizophrenia,2,Percent,2000,0.003991472210202179,0.005097055907981666,0.002966637440761738
2,DALYs (Disability-Adjusted Life Years),1,Global,1,Male,22,All ages,559,Schizophrenia,3,Rate,2000,183.56609324004506,236.36463751273126,135.1427740509697
2,DALYs (Disability-Adjusted Life Years),1,Global,2,Female,22,All ages,559,Schizophrenia,3,Rate,2000,163.2903358679526,209.6204017703807,120.36371649729043
2,DALYs (Disability-Adjusted Life Years),1,Global,3,Both,22,All ages,559,Schizophrenia,3,Rate,2000,173.50401458474855,223.2750489863192,127.76146392836597
2,DALYs (Disability-Adjusted Life Years),1,Global,1,Male,27,Age-standardized,559,Schizophrenia,3,Rate,2000,187.03729023230844,240.04052801529426,138.01087078576708
2,DALYs (Disability-Adjusted Life Years),1,Global,2,Female,27,Age-standardized,559,Schizophrenia,3,Rate,2000,165.24851286484247,211.6798742195871,122.0427836847822
2,DALYs (Disability-Adjusted Life Years),1,Global,3,Both,27,Age-standardized,559,Schizophrenia,3,Rate,2000,176.24188067144604,225.98146107477183,130.06728074247945
2,DALYs (Disability-Adjusted Life Years),134,Tropical Latin America,1,Male,22,All ages,559,Schizophrenia,1,Number,2000,144449.82380564528,186579.19655244244,106221.16243685206
2,DALYs (Disability-Adjusted Life Years),134,Tropical Latin America,2,Female,22,All ages,559,Schizophrenia,1,Number,2000,121672.26911998322,156183.63218729012,89997.41802060248
2,DALYs (Disability-Adjusted Life Years),134,Tropical Latin America,3,Both,22,All ages,559,Schizophrenia,1,Number,2000,266122.09292562865,342045.90010565403,196536.67973922644
2,DALYs (Disability-Adjusted Life Years),134,Tropical Latin America,1,Male,22,All ages,559,Schizophrenia,2,Percent,2000,0.0044171534493034695,0.005625814961944648,0.003280582997428671
2,DALYs (Disability-Adjusted Life Years),134,Tropical Latin America,2,Female,22,All ages,559,Schizophrenia,2,Percent,2000,0.004617564782125406,0.005870504869259833,0.003422444336559167
2,DALYs (Disability-Adjusted Life Years),134,Tropical Latin America,3,Both,22,All ages,559,Schizophrenia,2,Percent,2000,0.004505689223438368,0.00573438315045704,0.003361358484796185
2,DALYs (Disability-Adjusted Life Years),134,Tropical Latin America,1,Male,22,All ages,559,Schizophrenia,3,Rate,2000,162.8231190104502,210.31113728464953,119.73196309435718
2,DALYs (Disability-Adjusted Life Years),134,Tropical Latin America,2,Female,22,All ages,559,Schizophrenia,3,Rate,2000,133.5419148351649,171.42000768995482,98.77704771693224
2,DALYs (Disability-Adjusted Life Years),134,Tropical Latin America,3,Both,22,All ages,559,Schizophrenia,3,Rate,2000,147.98745738309927,190.20781968333355,109.2918036130611
2,DALYs (Disability-Adjusted Life Years),134,Tropical Latin America,1,Male,27,Age-standardized,559,Schizophrenia,3,Rate,2000,169.60101194664574,217.7040469785712,124.23891453029181
2,DALYs (Disability-Adjusted Life Years),134,Tropical Latin America,2,Female,27,Age-standardized,559,Schizophrenia,3,Rate,2000,135.96505887006018,174.17593164049183,101.10858465763071
2,DALYs (Disability-Adjusted Life Years),134,Tropical Latin America,3,Both,27,Age-standardized,559,Schizophrenia,3,Rate,2000,152.32874765572527,195.98604858992027,112.62394671580115
2,DALYs (Disability-Adjusted Life Years),96,Southern Latin America,1,Male,22,All ages,559,Schizophrenia,1,Number,2000,49318.224801864635,66514.63107461832,35000.06253089068
2,DALYs (Disability-Adjusted Life Years),96,Southern Latin America,2,Female,22,All ages,559,Schizophrenia,1,Number,2000,48542.501824514344,65620.84704734778,34000.50366486517
2,DALYs (Disability-Adjusted Life Years),96,Southern Latin America,3,Both,22,All ages,559,Schizophrenia,1,Number,2000,97860.72662637907,132214.1359559728,69533.3118992717
2,DALYs (Disability-Adjusted Life Years),96,Southern Latin America,1,Male,22,All ages,559,Schizophrenia,2,Percent,2000,0.005684277933730697,0.007594260781184636,0.004028862628458044
2,DALYs (Disability-Adjusted Life Years),96,Southern Latin America,2,Female,22,All ages,559,Schizophrenia,2,Percent,2000,0.006440094749185442,0.008505021919268014,0.00461079902366502
2,DALYs (Disability-Adjusted Life Years),96,Southern Latin America,3,Both,22,All ages,559,Schizophrenia,2,Percent,2000,0.00603465538030981,0.007946049303780914,0.004306891238255176
2,DALYs (Disability-Adjusted Life Years),96,Southern Latin America,1,Male,22,All ages,559,Schizophrenia,3,Rate,2000,182.50471425402887,246.14093039144424,129.51959314707202
2,DALYs (Disability-Adjusted Life Years),96,Southern Latin America,2,Female,22,All ages,559,Schizophrenia,3,Rate,2000,172.02855993557583,232.55208106326012,120.49353582342967
2,DALYs (Disability-Adjusted Life Years),96,Southern Latin America,3,Both,22,All ages,559,Schizophrenia,3,Rate,2000,177.15335109073317,239.34195109330787,125.87336759129194
2,DALYs (Disability-Adjusted Life Years),96,Southern Latin America,1,Male,27,Age-standardized,559,Schizophrenia,3,Rate,2000,184.1852576182247,247.88997552173203,130.5521162712704
2,DALYs (Disability-Adjusted Life Years),96,Southern Latin America,2,Female,27,Age-standardized,559,Schizophrenia,3,Rate,2000,170.91364047182205,230.92212671545738,119.77813357392823
2,DALYs (Disability-Adjusted Life Years),96,Southern Latin America,3,Both,27,Age-standardized,559,Schizophrenia,3,Rate,2000,177.56651933994573,239.3956733048598,125.84044884045744
2,DALYs (Disability-Adjusted Life Years),120,Andean Latin America,1,Male,22,All ages,559,Schizophrenia,1,Number,2000,33964.63763330306,47213.00182636964,24056.835044459418
2,DALYs (Disability-Adjusted Life Years),120,Andean Latin America,2,Female,22,All ages,559,Schizophrenia,1,Number,2000,27535.07536177068,37848.40261040696,19490.59498105289
2,DALYs (Disability-Adjusted Life Years),120,Andean Latin America,3,Both,22,All ages,559,Schizophrenia,1,Number,2000,61499.71299507375,85591.68940806543,43507.97301603654
2,DALYs (Disability-Adjusted Life Years),120,Andean Latin America,1,Male,22,All ages,559,Schizophrenia,2,Percent,2000,0.0043375794810420285,0.005919409926570944,0.0030467430893941407
2,DALYs (Disability-Adjusted Life Years),120,Andean Latin America,2,Female,22,All ages,559,Schizophrenia,2,Percent,2000,0.003970733348396101,0.005450824492804462,0.002813704585969033
2,DALYs (Disability-Adjusted Life Years),120,Andean Latin America,3,Both,22,All ages,559,Schizophrenia,2,Percent,2000,0.004164880102797182,0.005630569438456941,0.0029396574205654774
2,DALYs (Disability-Adjusted Life Years),120,Andean Latin America,1,Male,22,All ages,559,Schizophrenia,3,Rate,2000,147.2746625017477,204.72112744860127,104.3132654699378
2,DALYs (Disability-Adjusted Life Years),120,Andean Latin America,2,Female,22,All ages,559,Schizophrenia,3,Rate,2000,118.54758390851033,162.9498603257778,83.91344180416189
2,DALYs (Disability-Adjusted Life Years),120,Andean Latin America,3,Both,22,All ages,559,Schizophrenia,3,Rate,2000,132.85994893392933,184.90667565936795,93.9917731582328
2,DALYs (Disability-Adjusted Life Years),120,Andean Latin America,1,Male,27,Age-standardized,559,Schizophrenia,3,Rate,2000,170.1017587475631,232.5575815264714,119.80972926664076
2,DALYs (Disability-Adjusted Life Years),120,Andean Latin America,2,Female,27,Age-standardized,559,Schizophrenia,3,Rate,2000,134.02717426554022,184.98326863484994,94.38514867246238
2,DALYs (Disability-Adjusted Life Years),120,Andean Latin America,3,Both,27,Age-standardized,559,Schizophrenia,3,Rate,2000,151.7691292786684,209.10486199639848,107.30619991718426
2,DALYs (Disability-Adjusted Life Years),5,East Asia,1,Male,22,All ages,559,Schizophrenia,1,Number,2000,1528304.4807158138,1913081.0919164685,1141924.096541645
2,DALYs (Disability-Adjusted Life Years),5,East Asia,2,Female,22,All ages,559,Schizophrenia,1,Number,2000,1361334.870157192,1707937.569375405,1020936.4157666857
2,DALYs (Disability-Adjusted Life Years),5,East Asia,3,Both,22,All ages,559,Schizophrenia,1,Number,2000,2889639.350873006,3628575.8990178118,2174134.9484863556
2,DALYs (Disability-Adjusted Life Years),5,East Asia,1,Male,22,All ages,559,Schizophrenia,2,Percent,2000,0.00690787424287852,0.008620402637375402,0.0052763823195659705
2,DALYs (Disability-Adjusted Life Years),5,East Asia,2,Female,22,All ages,559,Schizophrenia,2,Percent,2000,0.007783151483561699,0.009574140263916953,0.005832879782767206
2,DALYs (Disability-Adjusted Life Years),5,East Asia,3,Both,22,All ages,559,Schizophrenia,2,Percent,2000,0.007291061477694632,0.009042671368137925,0.0055297534812654035
2,DALYs (Disability-Adjusted Life Years),5,East Asia,1,Male,22,All ages,559,Schizophrenia,3,Rate,2000,227.6677702354886,284.9869983187506,170.10963202571034
2,DALYs (Disability-Adjusted Life Years),5,East Asia,2,Female,22,All ages,559,Schizophrenia,3,Rate,2000,214.90192897551776,269.61704006461696,161.16622729591725
2,DALYs (Disability-Adjusted Life Years),5,East Asia,3,Both,22,All ages,559,Schizophrenia,3,Rate,2000,221.469862759901,278.1039807360638,166.63164851949665
2,DALYs (Disability-Adjusted Life Years),5,East Asia,1,Male,27,Age-standardized,559,Schizophrenia,3,Rate,2000,202.01648587219546,252.09021821659556,151.1004775710287
2,DALYs (Disability-Adjusted Life Years),5,East Asia,2,Female,27,Age-standardized,559,Schizophrenia,3,Rate,2000,188.9570197045739,236.52096811743817,142.67237395383418
2,DALYs (Disability-Adjusted Life Years),5,East Asia,3,Both,27,Age-standardized,559,Schizophrenia,3,Rate,2000,195.678969246217,244.55796427449621,147.48183124264668
2,DALYs (Disability-Adjusted Life Years),65,High-income Asia Pacific,1,Male,22,All ages,559,Schizophrenia,1,Number,2000,195960.337275145,253393.47178807887,143100.48919584192
2,DALYs (Disability-Adjusted Life Years),65,High-income Asia Pacific,2,Female,22,All ages,559,Schizophrenia,1,Number,2000,186325.71710352052,241587.87107515265,137109.05640724886
2,DALYs (Disability-Adjusted Life Years),65,High-income Asia Pacific,3,Both,22,All ages,559,Schizophrenia,1,Number,2000,382286.05437866517,496072.0249146987,280329.6283486165
2,DALYs (Disability-Adjusted Life Years),65,High-income Asia Pacific,1,Male,22,All ages,559,Schizophrenia,2,Percent,2000,0.007765027598929405,0.009832116227000937,0.005694747646004555
2,DALYs (Disability-Adjusted Life Years),65,High-income Asia Pacific,2,Female,22,All ages,559,Schizophrenia,2,Percent,2000,0.008653475169994635,0.011012128123238263,0.006398915772931125
2,DALYs (Disability-Adjusted Life Years),65,High-income Asia Pacific,3,Both,22,All ages,559,Schizophrenia,2,Percent,2000,0.008172576409680376,0.010362643166952526,0.0060301616093424125
2,DALYs (Disability-Adjusted Life Years),65,High-income Asia Pacific,1,Male,22,All ages,559,Schizophrenia,3,Rate,2000,220.3780701662321,284.9676882672997,160.93159507346573
2,DALYs (Disability-Adjusted Life Years),65,High-income Asia Pacific,2,Female,22,All ages,559,Schizophrenia,3,Rate,2000,204.26878232909576,264.85265167439223,150.31258397379264
2,DALYs (Disability-Adjusted Life Years),65,High-income Asia Pacific,3,Both,22,All ages,559,Schizophrenia,3,Rate,2000,212.22076765124467,275.3874611220452,155.62108071199273
2,DALYs (Disability-Adjusted Life Years),65,High-income Asia Pacific,1,Male,27,Age-standardized,559,Schizophrenia,3,Rate,2000,185.08477199517273,239.65045025497034,135.27023189844303
2,DALYs (Disability-Adjusted Life Years),65,High-income Asia Pacific,2,Female,27,Age-standardized,559,Schizophrenia,3,Rate,2000,171.30195660927302,224.159096261271,125.35716292765534
2,DALYs (Disability-Adjusted Life Years),65,High-income Asia Pacific,3,Both,27,Age-standardized,559,Schizophrenia,3,Rate,2000,178.51620712968523,231.21843075910135,130.5526017055878
2,DALYs (Disability-Adjusted Life Years),44636,Low-middle SDI,1,Male,22,All ages,559,Schizophrenia,1,Number,2000,1136714.307672715,1494974.1739767552,827368.1557760893
2,DALYs (Disability-Adjusted Life Years),44636,Low-middle SDI,2,Female,22,All ages,559,Schizophrenia,1,Number,2000,891732.0089702624,1171829.0373426864,654185.7970578605
2,DALYs (Disability-Adjusted Life Years),44636,Low-middle SDI,3,Both,22,All ages,559,Schizophrenia,1,Number,2000,2028446.3166429778,2665462.1997647136,1481299.8082875635
2,DALYs (Disability-Adjusted Life Years),44636,Low-middle SDI,1,Male,22,All ages,559,Schizophrenia,2,Percent,2000,0.002950594324655317,0.0038549596748321544,0.0021394913079072334
2,DALYs (Disability-Adjusted Life Years),44636,Low-middle SDI,2,Female,22,All ages,559,Schizophrenia,2,Percent,2000,0.0025233590039320337,0.003293553806198898,0.0018459100846844774
2,DALYs (Disability-Adjusted Life Years),44636,Low-middle SDI,3,Both,22,All ages,559,Schizophrenia,2,Percent,2000,0.0027460509533348137,0.003589249462512749,0.0019991526413755626
2,DALYs (Disability-Adjusted Life Years),44636,Low-middle SDI,1,Male,22,All ages,559,Schizophrenia,3,Rate,2000,160.8190350806834,211.50459927060757,117.05364098109447
2,DALYs (Disability-Adjusted Life Years),44636,Low-middle SDI,2,Female,22,All ages,559,Schizophrenia,3,Rate,2000,130.3642271448939,171.31221629638566,95.6368336952434
2,DALYs (Disability-Adjusted Life Years),44636,Low-middle SDI,3,Both,22,All ages,559,Schizophrenia,3,Rate,2000,145.84121710771035,191.6413799955155,106.50248181061424
2,DALYs (Disability-Adjusted Life Years),44636,Low-middle SDI,1,Male,27,Age-standardized,559,Schizophrenia,3,Rate,2000,190.3164857526388,248.90211967438998,139.80537066017098
2,DALYs (Disability-Adjusted Life Years),44636,Low-middle SDI,2,Female,27,Age-standardized,559,Schizophrenia,3,Rate,2000,151.4554110759061,197.23489810284394,110.85700159474852
2,DALYs (Disability-Adjusted Life Years),44636,Low-middle SDI,3,Both,27,Age-standardized,559,Schizophrenia,3,Rate,2000,171.02870476950653,222.4522597421435,125.61232261391496
2,DALYs (Disability-Adjusted Life Years),73,Western Europe,1,Male,22,All ages,559,Schizophrenia,1,Number,2000,402739.1872446653,519048.0112609558,288722.84584240674
2,DALYs (Disability-Adjusted Life Years),73,Western Europe,2,Female,22,All ages,559,Schizophrenia,1,Number,2000,388281.75312911393,498689.9554528646,278958.2916511694
2,DALYs (Disability-Adjusted Life Years),73,Western Europe,3,Both,22,All ages,559,Schizophrenia,1,Number,2000,791020.9403737799,1015271.1926481656,569670.3729446686
2,DALYs (Disability-Adjusted Life Years),73,Western Europe,1,Male,22,All ages,559,Schizophrenia,2,Percent,2000,0.006363168906556941,0.008023380383777567,0.004650618575167199
2,DALYs (Disability-Adjusted Life Years),73,Western Europe,2,Female,22,All ages,559,Schizophrenia,2,Percent,2000,0.006262048796231346,0.007950775133654301,0.004604053928852919
2,DALYs (Disability-Adjusted Life Years),73,Western Europe,3,Both,22,All ages,559,Schizophrenia,2,Percent,2000,0.006312199049756237,0.007951477925718774,0.004624237118499091
2,DALYs (Disability-Adjusted Life Years),73,Western Europe,1,Male,22,All ages,559,Schizophrenia,3,Rate,2000,207.00671781957243,266.78909975709155,148.4026649759663
2,DALYs (Disability-Adjusted Life Years),73,Western Europe,2,Female,22,All ages,559,Schizophrenia,3,Rate,2000,190.4091701936598,244.55215790199136,136.79812765828723
2,DALYs (Disability-Adjusted Life Years),73,Western Europe,3,Both,22,All ages,559,Schizophrenia,3,Rate,2000,198.51288393563394,254.79023644320023,142.9632299904697
2,DALYs (Disability-Adjusted Life Years),73,Western Europe,1,Male,27,Age-standardized,559,Schizophrenia,3,Rate,2000,174.32851366240124,227.51888039011288,126.09626033698476
2,DALYs (Disability-Adjusted Life Years),73,Western Europe,2,Female,27,Age-standardized,559,Schizophrenia,3,Rate,2000,159.22143711373707,205.88879290382488,114.43924765267636
2,DALYs (Disability-Adjusted Life Years),73,Western Europe,3,Both,27,Age-standardized,559,Schizophrenia,3,Rate,2000,167.0318788228014,216.54869308987628,120.91108234504736
2,DALYs (Disability-Adjusted Life Years),167,Central Sub-Saharan Africa,1,Male,22,All ages,559,Schizophrenia,1,Number,2000,34101.029698021615,46592.80570162215,23829.72254097393
2,DALYs (Disability-Adjusted Life Years),167,Central Sub-Saharan Africa,2,Female,22,All ages,559,Schizophrenia,1,Number,2000,36551.52136103928,50014.72086084515,25357.28397679398
2,DALYs (Disability-Adjusted Life Years),167,Central Sub-Saharan Africa,3,Both,22,All ages,559,Schizophrenia,1,Number,2000,70652.55105906095,95844.52570502543,49442.732039915376
2,DALYs (Disability-Adjusted Life Years),167,Central Sub-Saharan Africa,1,Male,22,All ages,559,Schizophrenia,2,Percent,2000,0.0009036711430531079,0.0012578343506539304,0.0006304849579579501
2,DALYs (Disability-Adjusted Life Years),167,Central Sub-Saharan Africa,2,Female,22,All ages,559,Schizophrenia,2,Percent,2000,0.0010672623393971836,0.0014714276867923502,0.00074254571778377
2,DALYs (Disability-Adjusted Life Years),167,Central Sub-Saharan Africa,3,Both,22,All ages,559,Schizophrenia,2,Percent,2000,0.000981442595013187,0.001365832933131184,0.0006898636308750603
2,DALYs (Disability-Adjusted Life Years),167,Central Sub-Saharan Africa,1,Male,22,All ages,559,Schizophrenia,3,Rate,2000,93.29094172988285,127.46496983327047,65.19149939739938
2,DALYs (Disability-Adjusted Life Years),167,Central Sub-Saharan Africa,2,Female,22,All ages,559,Schizophrenia,3,Rate,2000,98.77240517560621,135.15372519836959,68.52245361744329
2,DALYs (Disability-Adjusted Life Years),167,Central Sub-Saharan Africa,3,Both,22,All ages,559,Schizophrenia,3,Rate,2000,96.04852871135479,130.29572946785657,67.21486480981932
2,DALYs (Disability-Adjusted Life Years),167,Central Sub-Saharan Africa,1,Male,27,Age-standardized,559,Schizophrenia,3,Rate,2000,128.85285185716484,174.3569395742956,91.04443850651487
2,DALYs (Disability-Adjusted Life Years),167,Central Sub-Saharan Africa,2,Female,27,Age-standardized,559,Schizophrenia,3,Rate,2000,134.11762607499278,181.0572003771192,93.2917654738938
2,DALYs (Disability-Adjusted Life Years),167,Central Sub-Saharan Africa,3,Both,27,Age-standardized,559,Schizophrenia,3,Rate,2000,131.56861216377126,176.61412864135926,92.11439162923409
2,DALYs (Disability-Adjusted Life Years),42,Central Europe,1,Male,22,All ages,559,Schizophrenia,1,Number,2000,97523.26314131798,130298.78389348865,69775.51230032109
2,DALYs (Disability-Adjusted Life Years),42,Central Europe,2,Female,22,All ages,559,Schizophrenia,1,Number,2000,99086.7513567776,131248.08515507012,71338.22732838389
2,DALYs (Disability-Adjusted Life Years),42,Central Europe,3,Both,22,All ages,559,Schizophrenia,1,Number,2000,196610.01449809544,262526.1976118335,140839.97728742968
2,DALYs (Disability-Adjusted Life Years),42,Central Europe,1,Male,22,All ages,559,Schizophrenia,2,Percent,2000,0.0038833117083696867,0.005073737629703647,0.002779656281794325
2,DALYs (Disability-Adjusted Life Years),42,Central Europe,2,Female,22,All ages,559,Schizophrenia,2,Percent,2000,0.004710416852184564,0.00616738709154988,0.00339622083593054
2,DALYs (Disability-Adjusted Life Years),42,Central Europe,3,Both,22,All ages,559,Schizophrenia,2,Percent,2000,0.0042598559639279955,0.005566034841096983,0.003062010918904831
2,DALYs (Disability-Adjusted Life Years),42,Central Europe,1,Male,22,All ages,559,Schizophrenia,3,Rate,2000,163.67878690892718,218.68778993264598,117.10817338747171
2,DALYs (Disability-Adjusted Life Years),42,Central Europe,2,Female,22,All ages,559,Schizophrenia,3,Rate,2000,157.59495240528014,208.74673404945185,113.46163222178048
2,DALYs (Disability-Adjusted Life Years),42,Central Europe,3,Both,22,All ages,559,Schizophrenia,3,Rate,2000,160.5550883531351,214.38336678922775,115.01232556623347
2,DALYs (Disability-Adjusted Life Years),42,Central Europe,1,Male,27,Age-standardized,559,Schizophrenia,3,Rate,2000,143.22988049047584,191.96302854212243,102.596595777354
2,DALYs (Disability-Adjusted Life Years),42,Central Europe,2,Female,27,Age-standardized,559,Schizophrenia,3,Rate,2000,138.9465763585786,185.13993673614672,100.00614212867612
2,DALYs (Disability-Adjusted Life Years),42,Central Europe,3,Both,27,Age-standardized,559,Schizophrenia,3,Rate,2000,141.08952702184664,188.370987463733,100.95363545353413
2,DALYs (Disability-Adjusted Life Years),70,Australasia,1,Male,22,All ages,559,Schizophrenia,1,Number,2000,34928.328522755655,42750.92303710864,26350.46933050228
2,DALYs (Disability-Adjusted Life Years),70,Australasia,2,Female,22,All ages,559,Schizophrenia,1,Number,2000,27378.791601412082,34214.75284410842,20347.323094936626
2,DALYs (Disability-Adjusted Life Years),70,Australasia,3,Both,22,All ages,559,Schizophrenia,1,Number,2000,62307.12012416777,76172.96170544667,47106.60523308594
2,DALYs (Disability-Adjusted Life Years),70,Australasia,1,Male,22,All ages,559,Schizophrenia,2,Percent,2000,0.01099772593795166,0.013327304548113008,0.008476377984147231
2,DALYs (Disability-Adjusted Life Years),70,Australasia,2,Female,22,All ages,559,Schizophrenia,2,Percent,2000,0.00912972469119053,0.011318961141926695,0.006858006260072802
2,DALYs (Disability-Adjusted Life Years),70,Australasia,3,Both,22,All ages,559,Schizophrenia,2,Percent,2000,0.010089005200584932,0.012359130072642732,0.007739796244494663
2,DALYs (Disability-Adjusted Life Years),70,Australasia,1,Male,22,All ages,559,Schizophrenia,3,Rate,2000,310.7970137065764,380.4035227301732,234.47005694393056
2,DALYs (Disability-Adjusted Life Years),70,Australasia,2,Female,22,All ages,559,Schizophrenia,3,Rate,2000,237.8539934029408,297.2415918037114,176.76792035412362
2,DALYs (Disability-Adjusted Life Years),70,Australasia,3,Both,22,All ages,559,Schizophrenia,3,Rate,2000,273.88871470358447,334.83997551313274,207.07051675037422
2,DALYs (Disability-Adjusted Life Years),70,Australasia,1,Male,27,Age-standardized,559,Schizophrenia,3,Rate,2000,283.49305580291195,346.5209255999139,215.07440107344115
2,DALYs (Disability-Adjusted Life Years),70,Australasia,2,Female,27,Age-standardized,559,Schizophrenia,3,Rate,2000,209.44763455428023,262.72249135213326,156.44773159554066
2,DALYs (Disability-Adjusted Life Years),70,Australasia,3,Both,27,Age-standardized,559,Schizophrenia,3,Rate,2000,246.28356151282557,302.52918775224003,186.71265582610434
2,DALYs (Disability-Adjusted Life Years),44634,High-middle SDI,1,Male,22,All ages,559,Schizophrenia,1,Number,2000,1174978.9451887552,1474506.6453901324,871678.6466653517
2,DALYs (Disability-Adjusted Life Years),44634,High-middle SDI,2,Female,22,All ages,559,Schizophrenia,1,Number,2000,1089233.3860392994,1363641.1472154646,806266.9111481977
2,DALYs (Disability-Adjusted Life Years),44634,High-middle SDI,3,Both,22,All ages,559,Schizophrenia,1,Number,2000,2264212.331228056,2844449.0635145656,1677331.289620499
2,DALYs (Disability-Adjusted Life Years),44634,High-middle SDI,1,Male,22,All ages,559,Schizophrenia,2,Percent,2000,0.0053359509514288505,0.00666587429193544,0.00398895359875214
2,DALYs (Disability-Adjusted Life Years),44634,High-middle SDI,2,Female,22,All ages,559,Schizophrenia,2,Percent,2000,0.00618061221201133,0.007645496725355947,0.004587020637260386
2,DALYs (Disability-Adjusted Life Years),44634,High-middle SDI,3,Both,22,All ages,559,Schizophrenia,2,Percent,2000,0.005710385132293054,0.007107822593725484,0.004289936206707576
2,DALYs (Disability-Adjusted Life Years),44634,High-middle SDI,1,Male,22,All ages,559,Schizophrenia,3,Rate,2000,204.77091933299081,256.9714824044245,151.91288198949542
2,DALYs (Disability-Adjusted Life Years),44634,High-middle SDI,2,Female,22,All ages,559,Schizophrenia,3,Rate,2000,188.0808680301143,235.46359663328556,139.2202832343598
2,DALYs (Disability-Adjusted Life Years),44634,High-middle SDI,3,Both,22,All ages,559,Schizophrenia,3,Rate,2000,196.38732419482704,246.71437951631017,145.4839721582853
2,DALYs (Disability-Adjusted Life Years),44634,High-middle SDI,1,Male,27,Age-standardized,559,Schizophrenia,3,Rate,2000,181.4984367350048,227.77956155807465,134.82741262994975
2,DALYs (Disability-Adjusted Life Years),44634,High-middle SDI,2,Female,27,Age-standardized,559,Schizophrenia,3,Rate,2000,166.88941834447684,209.04690489312503,123.60462180574473
2,DALYs (Disability-Adjusted Life Years),44634,High-middle SDI,3,Both,27,Age-standardized,559,Schizophrenia,3,Rate,2000,174.1843154410331,218.4057982274428,129.30179167689226
2,DALYs (Disability-Adjusted Life Years),159,South Asia,1,Male,22,All ages,559,Schizophrenia,1,Number,2000,1240981.4533959168,1616138.0137625393,917833.5476327797
2,DALYs (Disability-Adjusted Life Years),159,South Asia,2,Female,22,All ages,559,Schizophrenia,1,Number,2000,865825.0629345035,1123143.123524501,639388.2946864169
2,DALYs (Disability-Adjusted Life Years),159,South Asia,3,Both,22,All ages,559,Schizophrenia,1,Number,2000,2106806.516330422,2742950.5465164958,1560426.4800906596
2,DALYs (Disability-Adjusted Life Years),159,South Asia,1,Male,22,All ages,559,Schizophrenia,2,Percent,2000,0.003603301364083379,0.004685669288177933,0.002633102415614652
2,DALYs (Disability-Adjusted Life Years),159,South Asia,2,Female,22,All ages,559,Schizophrenia,2,Percent,2000,0.0027301078401416267,0.003513179508673597,0.002015748264628164
2,DALYs (Disability-Adjusted Life Years),159,South Asia,3,Both,22,All ages,559,Schizophrenia,2,Percent,2000,0.0031844637653124083,0.004119730225256859,0.00233713580985808
2,DALYs (Disability-Adjusted Life Years),159,South Asia,1,Male,22,All ages,559,Schizophrenia,3,Rate,2000,180.66979755426132,235.2874226824321,133.623915801117
2,DALYs (Disability-Adjusted Life Years),159,South Asia,2,Female,22,All ages,559,Schizophrenia,3,Rate,2000,135.66516546078267,175.98404598345272,100.18504026474697
2,DALYs (Disability-Adjusted Life Years),159,South Asia,3,Both,22,All ages,559,Schizophrenia,3,Rate,2000,158.9939992770729,207.00176965918047,117.76043254298966
2,DALYs (Disability-Adjusted Life Years),159,South Asia,1,Male,27,Age-standardized,559,Schizophrenia,3,Rate,2000,207.54607756022278,268.19478995672296,153.34684243741134
2,DALYs (Disability-Adjusted Life Years),159,South Asia,2,Female,27,Age-standardized,559,Schizophrenia,3,Rate,2000,154.80886193933327,199.70520394618137,113.66570445789772
2,DALYs (Disability-Adjusted Life Years),159,South Asia,3,Both,27,Age-standardized,559,Schizophrenia,3,Rate,2000,182.0228371553145,233.94571342838844,134.22413575642145
2,DALYs (Disability-Adjusted Life Years),44639,Middle SDI,1,Male,22,All ages,559,Schizophrenia,1,Number,2000,1882531.2762707153,2423848.2386660897,1387820.3938091751
2,DALYs (Disability-Adjusted Life Years),44639,Middle SDI,2,Female,22,All ages,559,Schizophrenia,1,Number,2000,1594788.2591432263,2051775.5415073626,1179237.709152933
2,DALYs (Disability-Adjusted Life Years),44639,Middle SDI,3,Both,22,All ages,559,Schizophrenia,1,Number,2000,3477319.5354139423,4478545.331862352,2576874.4779146276
2,DALYs (Disability-Adjusted Life Years),44639,Middle SDI,1,Male,22,All ages,559,Schizophrenia,2,Percent,2000,0.005248899793366628,0.006668667465470777,0.003917692590927347
2,DALYs (Disability-Adjusted Life Years),44639,Middle SDI,2,Female,22,All ages,559,Schizophrenia,2,Percent,2000,0.005421185638788135,0.006911042574560779,0.00399925523960199
2,DALYs (Disability-Adjusted Life Years),44639,Middle SDI,3,Both,22,All ages,559,Schizophrenia,2,Percent,2000,0.005325788961747947,0.006797177704952428,0.003956576097744703
2,DALYs (Disability-Adjusted Life Years),44639,Middle SDI,1,Male,22,All ages,559,Schizophrenia,3,Rate,2000,189.25392420845168,243.67339689677223,139.51983636904794
2,DALYs (Disability-Adjusted Life Years),44639,Middle SDI,2,Female,22,All ages,559,Schizophrenia,3,Rate,2000,165.9507561650769,213.50401888278336,122.70932420673586
2,DALYs (Disability-Adjusted Life Years),44639,Middle SDI,3,Both,22,All ages,559,Schizophrenia,3,Rate,2000,177.80318070971197,228.99811100131365,131.7613966150388
2,DALYs (Disability-Adjusted Life Years),44639,Middle SDI,1,Male,27,Age-standardized,559,Schizophrenia,3,Rate,2000,190.03624905878405,242.90038760078173,140.69649241755636
2,DALYs (Disability-Adjusted Life Years),44639,Middle SDI,2,Female,27,Age-standardized,559,Schizophrenia,3,Rate,2000,164.47596508659328,209.60288798028458,122.65057979377629
2,DALYs (Disability-Adjusted Life Years),44639,Middle SDI,3,Both,27,Age-standardized,559,Schizophrenia,3,Rate,2000,177.40617608754079,227.18664170192847,131.51002309706567
2,DALYs (Disability-Adjusted Life Years),32,Central Asia,1,Male,22,All ages,559,Schizophrenia,1,Number,2000,46265.33055416991,63114.23442431587,32505.19224860968
2,DALYs (Disability-Adjusted Life Years),32,Central Asia,2,Female,22,All ages,559,Schizophrenia,1,Number,2000,47592.191533692574,64134.90503948773,33083.07648025763
2,DALYs (Disability-Adjusted Life Years),32,Central Asia,3,Both,22,All ages,559,Schizophrenia,1,Number,2000,93857.52208786238,126774.52860200382,65769.97060982458
2,DALYs (Disability-Adjusted Life Years),32,Central Asia,1,Male,22,All ages,559,Schizophrenia,2,Percent,2000,0.002987892774942141,0.004027795642024522,0.0021112046305112224
2,DALYs (Disability-Adjusted Life Years),32,Central Asia,2,Female,22,All ages,559,Schizophrenia,2,Percent,2000,0.003781768696085971,0.005092595201576126,0.0026802543449349226
2,DALYs (Disability-Adjusted Life Years),32,Central Asia,3,Both,22,All ages,559,Schizophrenia,2,Percent,2000,0.0033434667702721957,0.004484056238655601,0.0023624900505038143
2,DALYs (Disability-Adjusted Life Years),32,Central Asia,1,Male,22,All ages,559,Schizophrenia,3,Rate,2000,126.78260006282578,172.95427581395037,89.07518306814129
2,DALYs (Disability-Adjusted Life Years),32,Central Asia,2,Female,22,All ages,559,Schizophrenia,3,Rate,2000,125.54899916523159,169.18895473776303,87.27371040399952
2,DALYs (Disability-Adjusted Life Years),32,Central Asia,3,Both,22,All ages,559,Schizophrenia,3,Rate,2000,126.15406531619259,170.3978733501524,88.4015365373561
2,DALYs (Disability-Adjusted Life Years),32,Central Asia,1,Male,27,Age-standardized,559,Schizophrenia,3,Rate,2000,138.16497566782388,187.63180449793003,98.76160865769441
2,DALYs (Disability-Adjusted Life Years),32,Central Asia,2,Female,27,Age-standardized,559,Schizophrenia,3,Rate,2000,133.0089959379047,180.02689202701157,92.89541247693802
2,DALYs (Disability-Adjusted Life Years),32,Central Asia,3,Both,27,Age-standardized,559,Schizophrenia,3,Rate,2000,135.51227501293735,183.47567563832644,95.78384380533687
2,DALYs (Disability-Adjusted Life Years),44635,High SDI,1,Male,22,All ages,559,Schizophrenia,1,Number,2000,1066831.088873481,1368060.9219449237,787971.3960101077
2,DALYs (Disability-Adjusted Life Years),44635,High SDI,2,Female,22,All ages,559,Schizophrenia,1,Number,2000,1013075.7132232503,1289628.770488925,748614.983046823
2,DALYs (Disability-Adjusted Life Years),44635,High SDI,3,Both,22,All ages,559,Schizophrenia,1,Number,2000,2079906.802096731,2649816.4421006753,1541027.7729410832
2,DALYs (Disability-Adjusted Life Years),44635,High SDI,1,Male,22,All ages,559,Schizophrenia,2,Percent,2000,0.007282701004729591,0.009158601155509751,0.005430328150427854
2,DALYs (Disability-Adjusted Life Years),44635,High SDI,2,Female,22,All ages,559,Schizophrenia,2,Percent,2000,0.0074217322002178504,0.009294395683021692,0.005590740581361559
2,DALYs (Disability-Adjusted Life Years),44635,High SDI,3,Both,22,All ages,559,Schizophrenia,2,Percent,2000,0.0073488016330975035,0.009208517994281703,0.005471786213086064
2,DALYs (Disability-Adjusted Life Years),44635,High SDI,1,Male,22,All ages,559,Schizophrenia,3,Rate,2000,228.67991034127323,293.2498426738918,168.90511541180743
2,DALYs (Disability-Adjusted Life Years),44635,High SDI,2,Female,22,All ages,559,Schizophrenia,3,Rate,2000,212.2502323210654,270.1910652593879,156.8428716597842
2,DALYs (Disability-Adjusted Life Years),44635,High SDI,3,Both,22,All ages,559,Schizophrenia,3,Rate,2000,220.37119770149596,280.75451383022323,163.2756504627756
2,DALYs (Disability-Adjusted Life Years),44635,High SDI,1,Male,27,Age-standardized,559,Schizophrenia,3,Rate,2000,197.58859391495938,254.79546486866906,147.0892307158776
2,DALYs (Disability-Adjusted Life Years),44635,High SDI,2,Female,27,Age-standardized,559,Schizophrenia,3,Rate,2000,184.3231386276481,236.83691880908938,136.5910190128799
2,DALYs (Disability-Adjusted Life Years),44635,High SDI,3,Both,27,Age-standardized,559,Schizophrenia,3,Rate,2000,191.23195624432003,245.67341844060846,142.09493178658946
2,DALYs (Disability-Adjusted Life Years),56,Eastern Europe,1,Male,22,All ages,559,Schizophrenia,1,Number,2000,143713.51306081808,186348.539044532,105612.21654394583
2,DALYs (Disability-Adjusted Life Years),56,Eastern Europe,2,Female,22,All ages,559,Schizophrenia,1,Number,2000,167809.7961596596,218191.59418139595,123969.41428033072
2,DALYs (Disability-Adjusted Life Years),56,Eastern Europe,3,Both,22,All ages,559,Schizophrenia,1,Number,2000,311523.3092204778,404195.19428466377,229645.45517658678
2,DALYs (Disability-Adjusted Life Years),56,Eastern Europe,1,Male,22,All ages,559,Schizophrenia,2,Percent,2000,0.0021245370819111004,0.002712335282000859,0.0015457883683781186
2,DALYs (Disability-Adjusted Life Years),56,Eastern Europe,2,Female,22,All ages,559,Schizophrenia,2,Percent,2000,0.003340912652208631,0.004236133165658684,0.0024437065113639142
2,DALYs (Disability-Adjusted Life Years),56,Eastern Europe,3,Both,22,All ages,559,Schizophrenia,2,Percent,2000,0.002642534333163097,0.003362161774935554,0.0019355480744912413
2,DALYs (Disability-Adjusted Life Years),56,Eastern Europe,1,Male,22,All ages,559,Schizophrenia,3,Rate,2000,139.51628776842065,180.90613641571287,102.52775874298163
2,DALYs (Disability-Adjusted Life Years),56,Eastern Europe,2,Female,22,All ages,559,Schizophrenia,3,Rate,2000,142.77768414721177,185.64405195968473,105.47695236570986
2,DALYs (Disability-Adjusted Life Years),56,Eastern Europe,3,Both,22,All ages,559,Schizophrenia,3,Rate,2000,141.25437642724808,183.2746970569788,104.12840583740183
2,DALYs (Disability-Adjusted Life Years),56,Eastern Europe,1,Male,27,Age-standardized,559,Schizophrenia,3,Rate,2000,120.27723882714015,155.9277372449035,88.53742522355714
2,DALYs (Disability-Adjusted Life Years),56,Eastern Europe,2,Female,27,Age-standardized,559,Schizophrenia,3,Rate,2000,124.1096748125043,161.494147094363,91.87913058601559
2,DALYs (Disability-Adjusted Life Years),56,Eastern Europe,3,Both,27,Age-standardized,559,Schizophrenia,3,Rate,2000,122.29785422123494,159.51413321124204,89.97587093460555
2,DALYs (Disability-Adjusted Life Years),192,Southern Sub-Saharan Africa,1,Male,22,All ages,559,Schizophrenia,1,Number,2000,36256.87737816169,47380.6351135102,26815.05621308579
2,DALYs (Disability-Adjusted Life Years),192,Southern Sub-Saharan Africa,2,Female,22,All ages,559,Schizophrenia,1,Number,2000,42002.03344906695,55162.179033790315,30356.201745198538
2,DALYs (Disability-Adjusted Life Years),192,Southern Sub-Saharan Africa,3,Both,22,All ages,559,Schizophrenia,1,Number,2000,78258.91082722873,102681.86115058266,57101.92476534855
2,DALYs (Disability-Adjusted Life Years),192,Southern Sub-Saharan Africa,1,Male,22,All ages,559,Schizophrenia,2,Percent,2000,0.0015506509268354849,0.002020086463248228,0.0011427215333863145
2,DALYs (Disability-Adjusted Life Years),192,Southern Sub-Saharan Africa,2,Female,22,All ages,559,Schizophrenia,2,Percent,2000,0.0018211026021881973,0.0023938078696999687,0.0013299663196818393
2,DALYs (Disability-Adjusted Life Years),192,Southern Sub-Saharan Africa,3,Both,22,All ages,559,Schizophrenia,2,Percent,2000,0.0016847771932333741,0.0022056464254870513,0.0012311590607621613
2,DALYs (Disability-Adjusted Life Years),192,Southern Sub-Saharan Africa,1,Male,22,All ages,559,Schizophrenia,3,Rate,2000,118.40095125253679,154.72684560992937,87.56761180520027
2,DALYs (Disability-Adjusted Life Years),192,Southern Sub-Saharan Africa,2,Female,22,All ages,559,Schizophrenia,3,Rate,2000,127.11477632561459,166.94258524451323,91.86988052888805
2,DALYs (Disability-Adjusted Life Years),192,Southern Sub-Saharan Africa,3,Both,22,All ages,559,Schizophrenia,3,Rate,2000,122.92351056976199,161.28533749124077,89.69162716745733
2,DALYs (Disability-Adjusted Life Years),192,Southern Sub-Saharan Africa,1,Male,27,Age-standardized,559,Schizophrenia,3,Rate,2000,138.08274250686463,181.07985473984593,101.86601910627633
2,DALYs (Disability-Adjusted Life Years),192,Southern Sub-Saharan Africa,2,Female,27,Age-standardized,559,Schizophrenia,3,Rate,2000,142.51272734914338,186.97933038220424,103.73005517569621
2,DALYs (Disability-Adjusted Life Years),192,Southern Sub-Saharan Africa,3,Both,27,Age-standardized,559,Schizophrenia,3,Rate,2000,140.47253219444875,184.25660206641618,103.45453493827354
2,DALYs (Disability-Adjusted Life Years),21,Oceania,1,Male,22,All ages,559,Schizophrenia,1,Number,2000,6927.53087535287,9576.124555856126,4899.961164128394
2,DALYs (Disability-Adjusted Life Years),21,Oceania,2,Female,22,All ages,559,Schizophrenia,1,Number,2000,5478.9816261822,7641.919400822696,3912.482080412233
2,DALYs (Disability-Adjusted Life Years),21,Oceania,3,Both,22,All ages,559,Schizophrenia,1,Number,2000,12406.512501535082,17270.63501476874,8858.72145143232
2,DALYs (Disability-Adjusted Life Years),21,Oceania,1,Male,22,All ages,559,Schizophrenia,2,Percent,2000,0.003445300070147874,0.004708818087428715,0.0023899676324293
2,DALYs (Disability-Adjusted Life Years),21,Oceania,2,Female,22,All ages,559,Schizophrenia,2,Percent,2000,0.003225684367312688,0.004436692405147791,0.0022866898323863445
2,DALYs (Disability-Adjusted Life Years),21,Oceania,3,Both,22,All ages,559,Schizophrenia,2,Percent,2000,0.003344572166737824,0.004601384836673548,0.0023530229198253406
2,DALYs (Disability-Adjusted Life Years),21,Oceania,1,Male,22,All ages,559,Schizophrenia,3,Rate,2000,160.8217169250176,222.30847040175166,113.75195310708696
2,DALYs (Disability-Adjusted Life Years),21,Oceania,2,Female,22,All ages,559,Schizophrenia,3,Rate,2000,135.68823940676742,189.2538905826889,96.89351806999613
2,DALYs (Disability-Adjusted Life Years),21,Oceania,3,Both,22,All ages,559,Schizophrenia,3,Rate,2000,148.6610421281429,206.94539252611392,106.14963413206698
2,DALYs (Disability-Adjusted Life Years),21,Oceania,1,Male,27,Age-standardized,559,Schizophrenia,3,Rate,2000,193.8315725993395,264.76409218373874,138.27139872542418
2,DALYs (Disability-Adjusted Life Years),21,Oceania,2,Female,27,Age-standardized,559,Schizophrenia,3,Rate,2000,158.77505557288976,215.44592437543537,111.53038752582684
2,DALYs (Disability-Adjusted Life Years),21,Oceania,3,Both,27,Age-standardized,559,Schizophrenia,3,Rate,2000,176.74405522894978,240.08300627255318,126.32781563493933
2,DALYs (Disability-Adjusted Life Years),124,Central Latin America,1,Male,22,All ages,559,Schizophrenia,1,Number,2000,147046.97807356765,195355.9221155212,106608.65978742437
2,DALYs (Disability-Adjusted Life Years),124,Central Latin America,2,Female,22,All ages,559,Schizophrenia,1,Number,2000,127675.78973471864,168711.5905556074,93534.493412701
2,DALYs (Disability-Adjusted Life Years),124,Central Latin America,3,Both,22,All ages,559,Schizophrenia,1,Number,2000,274722.7678082861,364045.6869473845,200376.4370433272
2,DALYs (Disability-Adjusted Life Years),124,Central Latin America,1,Male,22,All ages,559,Schizophrenia,2,Percent,2000,0.004700251535718886,0.006155184570716074,0.003412160845890825
2,DALYs (Disability-Adjusted Life Years),124,Central Latin America,2,Female,22,All ages,559,Schizophrenia,2,Percent,2000,0.0050890600052613325,0.006657079570051827,0.0037011552021759646
2,DALYs (Disability-Adjusted Life Years),124,Central Latin America,3,Both,22,All ages,559,Schizophrenia,2,Percent,2000,0.004872507163926966,0.006368038001287623,0.003517356034487896
2,DALYs (Disability-Adjusted Life Years),124,Central Latin America,1,Male,22,All ages,559,Schizophrenia,3,Rate,2000,150.48457546777558,199.92286403847166,109.10090856319911
2,DALYs (Disability-Adjusted Life Years),124,Central Latin America,2,Female,22,All ages,559,Schizophrenia,3,Rate,2000,126.05245051544125,166.56649991418965,92.3452451470153
2,DALYs (Disability-Adjusted Life Years),124,Central Latin America,3,Both,22,All ages,559,Schizophrenia,3,Rate,2000,138.04923049840286,182.9343354039732,100.68991792899608
2,DALYs (Disability-Adjusted Life Years),124,Central Latin America,1,Male,27,Age-standardized,559,Schizophrenia,3,Rate,2000,172.25672115817954,226.91207206684862,123.42456285946372
2,DALYs (Disability-Adjusted Life Years),124,Central Latin America,2,Female,27,Age-standardized,559,Schizophrenia,3,Rate,2000,139.0967479413244,182.5207286973655,101.63594816192544
2,DALYs (Disability-Adjusted Life Years),124,Central Latin America,3,Both,27,Age-standardized,559,Schizophrenia,3,Rate,2000,155.0414905874886,203.73565370940088,111.65682322828063
2,DALYs (Disability-Adjusted Life Years),100,High-income North America,1,Male,22,All ages,559,Schizophrenia,1,Number,2000,397871.30534109054,498401.5727905722,296444.6268661625
2,DALYs (Disability-Adjusted Life Years),100,High-income North America,2,Female,22,All ages,559,Schizophrenia,1,Number,2000,386571.3177951175,483456.0128653642,288197.5836220942
2,DALYs (Disability-Adjusted Life Years),100,High-income North America,3,Both,22,All ages,559,Schizophrenia,1,Number,2000,784442.6231362086,976546.140172261,586067.2570439773
2,DALYs (Disability-Adjusted Life Years),100,High-income North America,1,Male,22,All ages,559,Schizophrenia,2,Percent,2000,0.008059104026008857,0.009945992301898613,0.006071413690754765
2,DALYs (Disability-Adjusted Life Years),100,High-income North America,2,Female,22,All ages,559,Schizophrenia,2,Percent,2000,0.008011325830037955,0.009929978989123654,0.006104147058216579
2,DALYs (Disability-Adjusted Life Years),100,High-income North America,3,Both,22,All ages,559,Schizophrenia,2,Percent,2000,0.008034621195503815,0.009962881633226176,0.006052456188175587
2,DALYs (Disability-Adjusted Life Years),100,High-income North America,1,Male,22,All ages,559,Schizophrenia,3,Rate,2000,260.0267371810789,325.7277743805815,193.73985518454927
2,DALYs (Disability-Adjusted Life Years),100,High-income North America,2,Female,22,All ages,559,Schizophrenia,3,Rate,2000,244.02583172867583,305.18496901579994,181.9267281564064
2,DALYs (Disability-Adjusted Life Years),100,High-income North America,3,Both,22,All ages,559,Schizophrenia,3,Rate,2000,251.88749793610782,313.5726649881995,188.188416392887
2,DALYs (Disability-Adjusted Life Years),100,High-income North America,1,Male,27,Age-standardized,559,Schizophrenia,3,Rate,2000,232.35202893485274,292.676030279462,173.16708913995208
2,DALYs (Disability-Adjusted Life Years),100,High-income North America,2,Female,27,Age-standardized,559,Schizophrenia,3,Rate,2000,217.8442681990976,273.27650784788443,163.34964963457907
2,DALYs (Disability-Adjusted Life Years),100,High-income North America,3,Both,27,Age-standardized,559,Schizophrenia,3,Rate,2000,225.22714144452075,282.94900701161316,168.00816190565672
2,DALYs (Disability-Adjusted Life Years),174,Eastern Sub-Saharan Africa,1,Male,22,All ages,559,Schizophrenia,1,Number,2000,112160.2750610116,150540.60176957847,80624.72810545919
2,DALYs (Disability-Adjusted Life Years),174,Eastern Sub-Saharan Africa,2,Female,22,All ages,559,Schizophrenia,1,Number,2000,122844.43830629988,165031.1061957769,88891.19561278867
2,DALYs (Disability-Adjusted Life Years),174,Eastern Sub-Saharan Africa,3,Both,22,All ages,559,Schizophrenia,1,Number,2000,235004.71336731134,314727.1889339712,169053.30004358437
2,DALYs (Disability-Adjusted Life Years),174,Eastern Sub-Saharan Africa,1,Male,22,All ages,559,Schizophrenia,2,Percent,2000,0.0009071149800747809,0.0012213481025702307,0.0006468156583333799
2,DALYs (Disability-Adjusted Life Years),174,Eastern Sub-Saharan Africa,2,Female,22,All ages,559,Schizophrenia,2,Percent,2000,0.0011029613600467625,0.0014853100499963782,0.0007980531714491486
2,DALYs (Disability-Adjusted Life Years),174,Eastern Sub-Saharan Africa,3,Both,22,All ages,559,Schizophrenia,2,Percent,2000,0.0009998310176976494,0.0013502266357633855,0.0007232964219276334
2,DALYs (Disability-Adjusted Life Years),174,Eastern Sub-Saharan Africa,1,Male,22,All ages,559,Schizophrenia,3,Rate,2000,90.4580867737207,121.41210255086395,65.02443621062817
2,DALYs (Disability-Adjusted Life Years),174,Eastern Sub-Saharan Africa,2,Female,22,All ages,559,Schizophrenia,3,Rate,2000,97.6281985164909,131.155222159139,70.64452743082393
2,DALYs (Disability-Adjusted Life Years),174,Eastern Sub-Saharan Africa,3,Both,22,All ages,559,Schizophrenia,3,Rate,2000,94.06951060146325,125.98144186886373,67.66996700958228
2,DALYs (Disability-Adjusted Life Years),174,Eastern Sub-Saharan Africa,1,Male,27,Age-standardized,559,Schizophrenia,3,Rate,2000,132.13068656980053,176.68214440056514,95.26633610493704
2,DALYs (Disability-Adjusted Life Years),174,Eastern Sub-Saharan Africa,2,Female,27,Age-standardized,559,Schizophrenia,3,Rate,2000,137.94829753314934,183.62517040830434,99.67312627923407
2,DALYs (Disability-Adjusted Life Years),174,Eastern Sub-Saharan Africa,3,Both,27,Age-standardized,559,Schizophrenia,3,Rate,2000,135.10016716495772,180.55544379313824,97.19383413560689
2,DALYs (Disability-Adjusted Life Years),138,North Africa and Middle East,1,Male,22,All ages,559,Schizophrenia,1,Number,2000,312108.51690150343,421894.9018691557,223790.23353210074
2,DALYs (Disability-Adjusted Life Years),138,North Africa and Middle East,2,Female,22,All ages,559,Schizophrenia,1,Number,2000,261143.00902272624,349697.8030283693,188438.90841797282
2,DALYs (Disability-Adjusted Life Years),138,North Africa and Middle East,3,Both,22,All ages,559,Schizophrenia,1,Number,2000,573251.5259242294,766026.9143757995,414264.46854531695
2,DALYs (Disability-Adjusted Life Years),138,North Africa and Middle East,1,Male,22,All ages,559,Schizophrenia,2,Percent,2000,0.00380771290326727,0.005069453991161388,0.0027338869751756833
2,DALYs (Disability-Adjusted Life Years),138,North Africa and Middle East,2,Female,22,All ages,559,Schizophrenia,2,Percent,2000,0.0037055141845179565,0.004924756594979377,0.0026603885180032467
2,DALYs (Disability-Adjusted Life Years),138,North Africa and Middle East,3,Both,22,All ages,559,Schizophrenia,2,Percent,2000,0.0037601400311706897,0.004999856685498382,0.0026963911388026294
2,DALYs (Disability-Adjusted Life Years),138,North Africa and Middle East,1,Male,22,All ages,559,Schizophrenia,3,Rate,2000,144.7605832928086,195.68114542069725,103.79724674916329
2,DALYs (Disability-Adjusted Life Years),138,North Africa and Middle East,2,Female,22,All ages,559,Schizophrenia,3,Rate,2000,127.425832413438,170.6365175571769,91.94955995222574
2,DALYs (Disability-Adjusted Life Years),138,North Africa and Middle East,3,Both,22,All ages,559,Schizophrenia,3,Rate,2000,136.31303474082142,182.1529445095875,98.50762595295676
2,DALYs (Disability-Adjusted Life Years),138,North Africa and Middle East,1,Male,27,Age-standardized,559,Schizophrenia,3,Rate,2000,164.7737139612089,220.55727974040397,116.90945307575669
2,DALYs (Disability-Adjusted Life Years),138,North Africa and Middle East,2,Female,27,Age-standardized,559,Schizophrenia,3,Rate,2000,146.25005510531403,193.87118979185334,105.99170172137704
2,DALYs (Disability-Adjusted Life Years),138,North Africa and Middle East,3,Both,27,Age-standardized,559,Schizophrenia,3,Rate,2000,155.78040929203894,207.90793602858338,111.8522013104689
2,DALYs (Disability-Adjusted Life Years),9,Southeast Asia,1,Male,22,All ages,559,Schizophrenia,1,Number,2000,518357.4911797631,693585.63535833,378776.84951307945
2,DALYs (Disability-Adjusted Life Years),9,Southeast Asia,2,Female,22,All ages,559,Schizophrenia,1,Number,2000,436471.28023690905,579792.1479266625,318744.49773990834
2,DALYs (Disability-Adjusted Life Years),9,Southeast Asia,3,Both,22,All ages,559,Schizophrenia,1,Number,2000,954828.7714166733,1274641.5689093964,697030.8642448079
2,DALYs (Disability-Adjusted Life Years),9,Southeast Asia,1,Male,22,All ages,559,Schizophrenia,2,Percent,2000,0.004848879047393726,0.006381753459410746,0.003542966545925545
2,DALYs (Disability-Adjusted Life Years),9,Southeast Asia,2,Female,22,All ages,559,Schizophrenia,2,Percent,2000,0.004843731051893811,0.006377776024335211,0.0035016807099032847
2,DALYs (Disability-Adjusted Life Years),9,Southeast Asia,3,Both,22,All ages,559,Schizophrenia,2,Percent,2000,0.004845782334916483,0.0063385908796976306,0.003538892262349983
2,DALYs (Disability-Adjusted Life Years),9,Southeast Asia,1,Male,22,All ages,559,Schizophrenia,3,Rate,2000,192.00154196936606,256.9066980656779,140.30035333971645
2,DALYs (Disability-Adjusted Life Years),9,Southeast Asia,2,Female,22,All ages,559,Schizophrenia,3,Rate,2000,159.9612518277211,212.48655291109256,116.81586207458892
2,DALYs (Disability-Adjusted Life Years),9,Southeast Asia,3,Both,22,All ages,559,Schizophrenia,3,Rate,2000,175.89625680346202,234.811400168225,128.40534718621382
2,DALYs (Disability-Adjusted Life Years),9,Southeast Asia,1,Male,27,Age-standardized,559,Schizophrenia,3,Rate,2000,200.80965238209126,265.9314018281241,146.75147012608068
2,DALYs (Disability-Adjusted Life Years),9,Southeast Asia,2,Female,27,Age-standardized,559,Schizophrenia,3,Rate,2000,163.4728147063161,216.3112550083137,119.90852801891184
2,DALYs (Disability-Adjusted Life Years),9,Southeast Asia,3,Both,27,Age-standardized,559,Schizophrenia,3,Rate,2000,181.78585447447873,240.7232219404249,133.34596254522174
2,DALYs (Disability-Adjusted Life Years),104,Caribbean,1,Male,22,All ages,559,Schizophrenia,1,Number,2000,30819.963916191646,42030.82566842195,21606.786972416736
2,DALYs (Disability-Adjusted Life Years),104,Caribbean,2,Female,22,All ages,559,Schizophrenia,1,Number,2000,24768.075500017992,33858.24424933159,17465.840353668158
2,DALYs (Disability-Adjusted Life Years),104,Caribbean,3,Both,22,All ages,559,Schizophrenia,1,Number,2000,55588.03941620961,75707.85791805442,39297.26352589921
2,DALYs (Disability-Adjusted Life Years),104,Caribbean,1,Male,22,All ages,559,Schizophrenia,2,Percent,2000,0.0038712970606958235,0.005201307080599824,0.002745496465447946
2,DALYs (Disability-Adjusted Life Years),104,Caribbean,2,Female,22,All ages,559,Schizophrenia,2,Percent,2000,0.003331144138952747,0.004601655368877128,0.002364256806123252
2,DALYs (Disability-Adjusted Life Years),104,Caribbean,3,Both,22,All ages,559,Schizophrenia,2,Percent,2000,0.0036100686005883036,0.004864381334797815,0.0025445396460849687
2,DALYs (Disability-Adjusted Life Years),104,Caribbean,1,Male,22,All ages,559,Schizophrenia,3,Rate,2000,155.4639941762104,212.01452586724153,108.99030943646505
2,DALYs (Disability-Adjusted Life Years),104,Caribbean,2,Female,22,All ages,559,Schizophrenia,3,Rate,2000,121.88490622901064,166.61806951475592,85.95025131105433
2,DALYs (Disability-Adjusted Life Years),104,Caribbean,3,Both,22,All ages,559,Schizophrenia,3,Rate,2000,138.4668594576833,188.584260791983,97.88740029074523
2,DALYs (Disability-Adjusted Life Years),104,Caribbean,1,Male,27,Age-standardized,559,Schizophrenia,3,Rate,2000,160.25453722806432,216.94683656915637,111.9500178614885
2,DALYs (Disability-Adjusted Life Years),104,Caribbean,2,Female,27,Age-standardized,559,Schizophrenia,3,Rate,2000,123.36492167123255,167.38697142510995,87.0497356303592
2,DALYs (Disability-Adjusted Life Years),104,Caribbean,3,Both,27,Age-standardized,559,Schizophrenia,3,Rate,2000,141.4021963554493,190.9980214192743,99.9340085242001
2,DALYs (Disability-Adjusted Life Years),44637,Low SDI,1,Male,22,All ages,559,Schizophrenia,1,Number,2000,374095.9963969254,495275.03896419145,268325.3203963744
2,DALYs (Disability-Adjusted Life Years),44637,Low SDI,2,Female,22,All ages,559,Schizophrenia,1,Number,2000,349378.14520359994,462051.9673017198,252877.8896294039
2,DALYs (Disability-Adjusted Life Years),44637,Low SDI,3,Both,22,All ages,559,Schizophrenia,1,Number,2000,723474.1416005254,953559.8349945585,520857.4058553524
2,DALYs (Disability-Adjusted Life Years),44637,Low SDI,1,Male,22,All ages,559,Schizophrenia,2,Percent,2000,0.0012401439428456184,0.0016474642035067132,0.0008968092949731964
2,DALYs (Disability-Adjusted Life Years),44637,Low SDI,2,Female,22,All ages,559,Schizophrenia,2,Percent,2000,0.0012684460035538075,0.0016740774739074323,0.0009118552503477465
2,DALYs (Disability-Adjusted Life Years),44637,Low SDI,3,Both,22,All ages,559,Schizophrenia,2,Percent,2000,0.0012535932306204757,0.0016700079887605216,0.0009069793043955143
2,DALYs (Disability-Adjusted Life Years),44637,Low SDI,1,Male,22,All ages,559,Schizophrenia,3,Rate,2000,114.1633381409046,151.14369651266145,81.88517006120402
2,DALYs (Disability-Adjusted Life Years),44637,Low SDI,2,Female,22,All ages,559,Schizophrenia,3,Rate,2000,108.36081548732156,143.30698316907717,78.43093426174846
2,DALYs (Disability-Adjusted Life Years),44637,Low SDI,3,Both,22,All ages,559,Schizophrenia,3,Rate,2000,111.28556770110441,146.677595607743,80.11884429442796
2,DALYs (Disability-Adjusted Life Years),44637,Low SDI,1,Male,27,Age-standardized,559,Schizophrenia,3,Rate,2000,158.28530343225987,207.50501316277047,113.80822694747859
2,DALYs (Disability-Adjusted Life Years),44637,Low SDI,2,Female,27,Age-standardized,559,Schizophrenia,3,Rate,2000,146.4942342728385,191.5701960583046,106.15129215024074
2,DALYs (Disability-Adjusted Life Years),44637,Low SDI,3,Both,27,Age-standardized,559,Schizophrenia,3,Rate,2000,152.39202759166233,198.91798041134635,110.12387976454063
2,DALYs (Disability-Adjusted Life Years),199,Western Sub-Saharan Africa,1,Male,22,All ages,559,Schizophrenia,1,Number,2000,125698.84778148892,166718.59006592265,90938.46099418646
2,DALYs (Disability-Adjusted Life Years),199,Western Sub-Saharan Africa,2,Female,22,All ages,559,Schizophrenia,1,Number,2000,157236.13265907863,207481.35692316978,112835.3459855341
2,DALYs (Disability-Adjusted Life Years),199,Western Sub-Saharan Africa,3,Both,22,All ages,559,Schizophrenia,1,Number,2000,282934.9804405679,374116.21843505907,203607.28421378921
2,DALYs (Disability-Adjusted Life Years),199,Western Sub-Saharan Africa,1,Male,22,All ages,559,Schizophrenia,2,Percent,2000,0.0009385306196064882,0.0012523470284105543,0.0006781655933028744
2,DALYs (Disability-Adjusted Life Years),199,Western Sub-Saharan Africa,2,Female,22,All ages,559,Schizophrenia,2,Percent,2000,0.0012954516011288676,0.0017073695994649185,0.0009290210886554338
2,DALYs (Disability-Adjusted Life Years),199,Western Sub-Saharan Africa,3,Both,22,All ages,559,Schizophrenia,2,Percent,2000,0.0011081084771760422,0.0014716966101654431,0.0008035161701502112
2,DALYs (Disability-Adjusted Life Years),199,Western Sub-Saharan Africa,1,Male,22,All ages,559,Schizophrenia,3,Rate,2000,96.82322094550834,128.41987947047554,70.04801441450661
2,DALYs (Disability-Adjusted Life Years),199,Western Sub-Saharan Africa,2,Female,22,All ages,559,Schizophrenia,3,Rate,2000,121.26686926110311,160.01801976821574,87.02318556337893
2,DALYs (Disability-Adjusted Life Years),199,Western Sub-Saharan Africa,3,Both,22,All ages,559,Schizophrenia,3,Rate,2000,109.0374245476946,144.17683128527221,78.46613329766568
2,DALYs (Disability-Adjusted Life Years),199,Western Sub-Saharan Africa,1,Male,27,Age-standardized,559,Schizophrenia,3,Rate,2000,131.5759066657976,173.44587230525374,94.69833231907846
2,DALYs (Disability-Adjusted Life Years),199,Western Sub-Saharan Africa,2,Female,27,Age-standardized,559,Schizophrenia,3,Rate,2000,163.3082956079867,216.09227869250998,118.2448347930567
2,DALYs (Disability-Adjusted Life Years),199,Western Sub-Saharan Africa,3,Both,27,Age-standardized,559,Schizophrenia,3,Rate,2000,147.32804599485223,194.62330711578244,106.24065073588781
5,Prevalence,21,Oceania,1,Male,22,All ages,559,Schizophrenia,1,Number,2000,10582.89060625948,13618.47279202347,7952.855663462007
5,Prevalence,21,Oceania,2,Female,22,All ages,559,Schizophrenia,1,Number,2000,8532.099632553187,11018.546297376402,6376.681504218674
5,Prevalence,21,Oceania,3,Both,22,All ages,559,Schizophrenia,1,Number,2000,19114.990238812647,24534.208642416517,14279.361201621849
5,Prevalence,21,Oceania,1,Male,22,All ages,559,Schizophrenia,2,Percent,2000,0.0025083208060353,0.0032291172196375,0.0018834666895885
5,Prevalence,21,Oceania,2,Female,22,All ages,559,Schizophrenia,2,Percent,2000,0.0021405709446927,0.0027633781218947,0.0015984120035404
5,Prevalence,21,Oceania,3,Both,22,All ages,559,Schizophrenia,2,Percent,2000,0.0023296717228161,0.0029890323468671,0.0017375701704182
5,Prevalence,21,Oceania,1,Male,22,All ages,559,Schizophrenia,3,Rate,2000,245.68041167215,316.15105233266,184.6244968471
5,Prevalence,21,Oceania,2,Female,22,All ages,559,Schizophrenia,3,Rate,2000,211.29940864411,272.87683184926,157.91998323747
5,Prevalence,21,Oceania,3,Both,22,All ages,559,Schizophrenia,3,Rate,2000,229.04537990184997,293.98116707814,171.10245259452
5,Prevalence,21,Oceania,1,Male,27,Age-standardized,559,Schizophrenia,2,Percent,2000,0.0030373628896797,0.0038362958277011,0.0023640113378578
5,Prevalence,21,Oceania,2,Female,27,Age-standardized,559,Schizophrenia,2,Percent,2000,0.0025223700209799,0.0031872118946596,0.0019235769619943
5,Prevalence,21,Oceania,3,Both,27,Age-standardized,559,Schizophrenia,2,Percent,2000,0.0027858252409677,0.0034980898679966,0.0021498457614413
5,Prevalence,21,Oceania,1,Male,27,Age-standardized,559,Schizophrenia,3,Rate,2000,299.11614384023,377.77961551709,232.97537529815
5,Prevalence,21,Oceania,2,Female,27,Age-standardized,559,Schizophrenia,3,Rate,2000,249.89541915011,316.14515480115,190.72045192447
5,Prevalence,21,Oceania,3,Both,27,Age-standardized,559,Schizophrenia,3,Rate,2000,275.14379680183,345.11525557439,212.51941613044
5,Prevalence,5,East Asia,1,Male,22,All ages,559,Schizophrenia,1,Number,2000,2314097.361139744,2652507.42028878,1986957.7413182256
5,Prevalence,5,East Asia,2,Female,22,All ages,559,Schizophrenia,1,Number,2000,2100295.0444946475,2409234.36668416,1808099.486883029
5,Prevalence,5,East Asia,3,Both,22,All ages,559,Schizophrenia,1,Number,2000,4414392.405634392,5044649.509249852,3790808.309310781
5,Prevalence,5,East Asia,1,Male,22,All ages,559,Schizophrenia,2,Percent,2000,0.003640974643499,0.0041750721927522,0.0031277015484227
5,Prevalence,5,East Asia,2,Female,22,All ages,559,Schizophrenia,2,Percent,2000,0.003411848362938,0.0039072632059135,0.0029350503364356
5,Prevalence,5,East Asia,3,Both,22,All ages,559,Schizophrenia,2,Percent,2000,0.0035282396649169,0.0040351962362414,0.0030291009350164
5,Prevalence,5,East Asia,1,Male,22,All ages,559,Schizophrenia,3,Rate,2000,344.72540842892,395.13752496974996,295.99222159328997
5,Prevalence,5,East Asia,2,Female,22,All ages,559,Schizophrenia,3,Rate,2000,331.55505406799,380.32458001663,285.42871855323
5,Prevalence,5,East Asia,3,Both,22,All ages,559,Schizophrenia,3,Rate,2000,338.33110694205,386.63573506078,290.53791635226
5,Prevalence,5,East Asia,1,Male,27,Age-standardized,559,Schizophrenia,2,Percent,2000,0.0032650431787381,0.0037306418514028,0.0028258302182031
5,Prevalence,5,East Asia,2,Female,27,Age-standardized,559,Schizophrenia,2,Percent,2000,0.0030363793932922,0.0034643489586518,0.0026261861401658
5,Prevalence,5,East Asia,3,Both,27,Age-standardized,559,Schizophrenia,2,Percent,2000,0.0031532498467863,0.0035842057707467,0.0027298526543832
5,Prevalence,5,East Asia,1,Male,27,Age-standardized,559,Schizophrenia,3,Rate,2000,307.09182700619,350.57655301408,265.87390090061
5,Prevalence,5,East Asia,2,Female,27,Age-standardized,559,Schizophrenia,3,Rate,2000,292.45845053815003,334.11289287649004,252.57450761408
5,Prevalence,5,East Asia,3,Both,27,Age-standardized,559,Schizophrenia,3,Rate,2000,300.00984200714,341.25278745301,259.77164740855
5,Prevalence,1,Global,1,Male,22,All ages,559,Schizophrenia,1,Number,2000,8661713.948210746,10240548.578756358,7179672.375883869
5,Prevalence,1,Global,2,Female,22,All ages,559,Schizophrenia,1,Number,2000,7781249.329513358,9199979.411696631,6465647.420012308
5,Prevalence,1,Global,3,Both,22,All ages,559,Schizophrenia,1,Number,2000,16442963.277724097,19442023.638815645,13629566.54218043
5,Prevalence,1,Global,1,Male,22,All ages,559,Schizophrenia,2,Percent,2000,0.0029300360910059,0.003469317664678,0.0024284014368876
5,Prevalence,1,Global,2,Female,22,All ages,559,Schizophrenia,2,Percent,2000,0.0026272544688123,0.0031096128306786,0.002183827209225
5,Prevalence,1,Global,3,Both,22,All ages,559,Schizophrenia,2,Percent,2000,0.0027785024656905,0.0032897712124577,0.0023040763828816
5,Prevalence,1,Global,1,Male,22,All ages,559,Schizophrenia,3,Rate,2000,281.93948476025,333.33067880327997,233.69891253708
5,Prevalence,1,Global,2,Female,22,All ages,559,Schizophrenia,3,Rate,2000,257.09633199242,303.97187662163,213.62819326923
5,Prevalence,1,Global,3,Both,22,All ages,559,Schizophrenia,3,Rate,2000,269.61078341469,318.78555804654,223.48028460406002
5,Prevalence,1,Global,1,Male,27,Age-standardized,559,Schizophrenia,2,Percent,2000,0.0029898615908822,0.0035237073402282,0.0024915395720519
5,Prevalence,1,Global,2,Female,27,Age-standardized,559,Schizophrenia,2,Percent,2000,0.002665221726883,0.0031409901157053,0.0022170827872079
5,Prevalence,1,Global,3,Both,27,Age-standardized,559,Schizophrenia,2,Percent,2000,0.0028282381074889,0.0033349559285875,0.002354575979177
5,Prevalence,1,Global,1,Male,27,Age-standardized,559,Schizophrenia,3,Rate,2000,288.4558041093,339.39737135483,240.41381410521998
5,Prevalence,1,Global,2,Female,27,Age-standardized,559,Schizophrenia,3,Rate,2000,260.88146917985,307.33201131566,216.90495165881998
5,Prevalence,1,Global,3,Both,27,Age-standardized,559,Schizophrenia,3,Rate,2000,274.8098859101,323.62720924453,228.70650980426998
5,Prevalence,65,High-income Asia Pacific,1,Male,22,All ages,559,Schizophrenia,1,Number,2000,301042.9585958192,358457.9571519699,248100.14767125735
5,Prevalence,65,High-income Asia Pacific,2,Female,22,All ages,559,Schizophrenia,1,Number,2000,291971.67250796343,346235.2811277164,242014.2974970056
5,Prevalence,65,High-income Asia Pacific,3,Both,22,All ages,559,Schizophrenia,1,Number,2000,593014.6311037827,704400.8563495791,490932.4811216868
5,Prevalence,65,High-income Asia Pacific,1,Male,22,All ages,559,Schizophrenia,2,Percent,2000,0.0036192800899191,0.0043063064129396,0.0029796337979958
5,Prevalence,65,High-income Asia Pacific,2,Female,22,All ages,559,Schizophrenia,2,Percent,2000,0.0033208885596035,0.0039417314365995,0.0027510989037939
5,Prevalence,65,High-income Asia Pacific,3,Both,22,All ages,559,Schizophrenia,2,Percent,2000,0.0034659497483123,0.0041143159981696,0.0028702063020297
5,Prevalence,65,High-income Asia Pacific,1,Male,22,All ages,559,Schizophrenia,3,Rate,2000,338.55456249459,403.12378479918,279.01478693098
5,Prevalence,65,High-income Asia Pacific,2,Female,22,All ages,559,Schizophrenia,3,Rate,2000,320.08838578442,379.57755040349997,265.32014272876
5,Prevalence,65,High-income Asia Pacific,3,Both,22,All ages,559,Schizophrenia,3,Rate,2000,329.20379595277,391.03830431813,272.53431511622
5,Prevalence,65,High-income Asia Pacific,1,Male,27,Age-standardized,559,Schizophrenia,2,Percent,2000,0.0031180210434141,0.003738271562389,0.0025519557323187
5,Prevalence,65,High-income Asia Pacific,2,Female,27,Age-standardized,559,Schizophrenia,2,Percent,2000,0.0028464674083673,0.0034134844619734,0.0023549855527998
5,Prevalence,65,High-income Asia Pacific,3,Both,27,Age-standardized,559,Schizophrenia,2,Percent,2000,0.0029867608548623,0.003572552366669,0.002461264885557
5,Prevalence,65,High-income Asia Pacific,1,Male,27,Age-standardized,559,Schizophrenia,3,Rate,2000,283.21733670762995,339.50709331208,231.40635012015
5,Prevalence,65,High-income Asia Pacific,2,Female,27,Age-standardized,559,Schizophrenia,3,Rate,2000,266.82426539826,319.48152694625,220.25872792753
5,Prevalence,65,High-income Asia Pacific,3,Both,27,Age-standardized,559,Schizophrenia,3,Rate,2000,275.51817320399,329.51188136854,226.82759412899
5,Prevalence,32,Central Asia,1,Male,22,All ages,559,Schizophrenia,1,Number,2000,70833.35542663213,90504.09513359483,54712.98757218008
5,Prevalence,32,Central Asia,2,Female,22,All ages,559,Schizophrenia,1,Number,2000,74560.54928187781,95033.76665298938,57364.5143634586
5,Prevalence,32,Central Asia,3,Both,22,All ages,559,Schizophrenia,1,Number,2000,145393.90470850992,185202.2817852065,111942.02581793806
5,Prevalence,32,Central Asia,1,Male,22,All ages,559,Schizophrenia,2,Percent,2000,0.0020321403956644,0.0025974783716854,0.0015677820043845
5,Prevalence,32,Central Asia,2,Female,22,All ages,559,Schizophrenia,2,Percent,2000,0.0020233915058682,0.0025814761592135,0.0015565104003669
5,Prevalence,32,Central Asia,3,Both,22,All ages,559,Schizophrenia,2,Percent,2000,0.0020276426412647,0.002579370202945,0.0015591318250828
5,Prevalence,32,Central Asia,1,Male,22,All ages,559,Schizophrenia,3,Rate,2000,194.10726919259002,248.01172627386,149.93202768721
5,Prevalence,32,Central Asia,2,Female,22,All ages,559,Schizophrenia,3,Rate,2000,196.69197903866998,250.70066970415002,151.32855062648
5,Prevalence,32,Central Asia,3,Both,22,All ages,559,Schizophrenia,3,Rate,2000,195.42421047514,248.9307221553,150.46147951192
5,Prevalence,32,Central Asia,1,Male,27,Age-standardized,559,Schizophrenia,2,Percent,2000,0.0022137605065553,0.0028180924499013,0.0017328771157466
5,Prevalence,32,Central Asia,2,Female,27,Age-standardized,559,Schizophrenia,2,Percent,2000,0.0021477382101009,0.0027174797780161,0.0016667559809174
5,Prevalence,32,Central Asia,3,Both,27,Age-standardized,559,Schizophrenia,2,Percent,2000,0.0021802609657561,0.0027575249070492,0.0016988726038549
5,Prevalence,32,Central Asia,1,Male,27,Age-standardized,559,Schizophrenia,3,Rate,2000,212.91699959267999,270.63108552382,166.69832944147
5,Prevalence,32,Central Asia,2,Female,27,Age-standardized,559,Schizophrenia,3,Rate,2000,209.19696512861998,264.6236159495,162.42188010076
5,Prevalence,32,Central Asia,3,Both,27,Age-standardized,559,Schizophrenia,3,Rate,2000,211.02184147084998,266.94952380525996,164.49057012273002
5,Prevalence,42,Central Europe,1,Male,22,All ages,559,Schizophrenia,1,Number,2000,151826.8978284649,186642.06593455496,121272.7894175216
5,Prevalence,42,Central Europe,2,Female,22,All ages,559,Schizophrenia,1,Number,2000,156899.2498711316,191618.2821470669,126425.767896921
5,Prevalence,42,Central Europe,3,Both,22,All ages,559,Schizophrenia,1,Number,2000,308726.147699597,378124.1294977976,247295.5623363873
5,Prevalence,42,Central Europe,1,Male,22,All ages,559,Schizophrenia,2,Percent,2000,0.0026388855600366,0.0032471293402291,0.0021105750601862
5,Prevalence,42,Central Europe,2,Female,22,All ages,559,Schizophrenia,2,Percent,2000,0.0025525066803071,0.0031184498026616,0.0020558166515873
5,Prevalence,42,Central Europe,3,Both,22,All ages,559,Schizophrenia,2,Percent,2000,0.002594267023455,0.0031814944087753,0.0020810571273152
5,Prevalence,42,Central Europe,1,Male,22,All ages,559,Schizophrenia,3,Rate,2000,254.81963642559998,313.25189451542,203.53895488667
5,Prevalence,42,Central Europe,2,Female,22,All ages,559,Schizophrenia,3,Rate,2000,249.54425770639003,304.76399358593,201.07696136667
5,Prevalence,42,Central Europe,3,Both,22,All ages,559,Schizophrenia,3,Rate,2000,252.11103334368,308.7826079203,201.94577047163003
5,Prevalence,42,Central Europe,1,Male,27,Age-standardized,559,Schizophrenia,2,Percent,2000,0.0023308648097067,0.0028732616913725,0.0018427367163105
5,Prevalence,42,Central Europe,2,Female,27,Age-standardized,559,Schizophrenia,2,Percent,2000,0.0022658582467186,0.002796601306033,0.0018017650651712
5,Prevalence,42,Central Europe,3,Both,27,Age-standardized,559,Schizophrenia,2,Percent,2000,0.002298372245813,0.0028268674940536,0.0018251108343759
5,Prevalence,42,Central Europe,1,Male,27,Age-standardized,559,Schizophrenia,3,Rate,2000,222.29754652922,273.51915257935,176.41765017133
5,Prevalence,42,Central Europe,2,Female,27,Age-standardized,559,Schizophrenia,3,Rate,2000,218.46086840854997,269.20285117416,173.77489421768
5,Prevalence,42,Central Europe,3,Both,27,Age-standardized,559,Schizophrenia,3,Rate,2000,220.37500923792,271.12880285935,175.50571608388
5,Prevalence,70,Australasia,1,Male,22,All ages,559,Schizophrenia,1,Number,2000,54271.83532146898,58842.86348006057,50001.04040798495
5,Prevalence,70,Australasia,2,Female,22,All ages,559,Schizophrenia,1,Number,2000,43870.40828842612,49366.83675580263,39082.14360168461
5,Prevalence,70,Australasia,3,Both,22,All ages,559,Schizophrenia,1,Number,2000,98142.24360989514,108321.05803358812,89678.68327642189
5,Prevalence,70,Australasia,1,Male,22,All ages,559,Schizophrenia,2,Percent,2000,0.0051947968228219,0.0056493605093661,0.0047835964310183
5,Prevalence,70,Australasia,2,Female,22,All ages,559,Schizophrenia,2,Percent,2000,0.0040278731320283,0.004535260627549,0.0035821587777317
5,Prevalence,70,Australasia,3,Both,22,All ages,559,Schizophrenia,2,Percent,2000,0.0045991652065565,0.0050739574866227,0.0041910036010497
5,Prevalence,70,Australasia,1,Male,22,All ages,559,Schizophrenia,3,Rate,2000,482.91816584634,523.59179557166,444.91605233554003
5,Prevalence,70,Australasia,2,Female,22,All ages,559,Schizophrenia,3,Rate,2000,381.12535993303,428.8757310762,339.52718080985
5,Prevalence,70,Australasia,3,Both,22,All ages,559,Schizophrenia,3,Rate,2000,431.41221913118,476.15610063549997,394.20822612152
5,Prevalence,70,Australasia,1,Male,27,Age-standardized,559,Schizophrenia,2,Percent,2000,0.0048217170063884,0.0052403025543602,0.00443550421549
5,Prevalence,70,Australasia,2,Female,27,Age-standardized,559,Schizophrenia,2,Percent,2000,0.00362007219235,0.0040912454763617,0.0032086101810974
5,Prevalence,70,Australasia,3,Both,27,Age-standardized,559,Schizophrenia,2,Percent,2000,0.0042142410785407,0.0046260359634388,0.0038337659085133
5,Prevalence,70,Australasia,1,Male,27,Age-standardized,559,Schizophrenia,3,Rate,2000,439.41478170861,477.54419859177995,404.22939022967
5,Prevalence,70,Australasia,2,Female,27,Age-standardized,559,Schizophrenia,3,Rate,2000,334.57134417326,377.46830495856,296.9788099215
5,Prevalence,70,Australasia,3,Both,27,Age-standardized,559,Schizophrenia,3,Rate,2000,386.75382039027,425.50114130987,352.28124804668
5,Prevalence,9,Southeast Asia,1,Male,22,All ages,559,Schizophrenia,1,Number,2000,787923.653718644,966454.3512388684,627427.5879475502
5,Prevalence,9,Southeast Asia,2,Female,22,All ages,559,Schizophrenia,1,Number,2000,676184.52079693,834119.1512901348,539260.7700679176
5,Prevalence,9,Southeast Asia,3,Both,22,All ages,559,Schizophrenia,1,Number,2000,1464108.1745155756,1802975.7918641532,1168475.8045338222
5,Prevalence,9,Southeast Asia,1,Male,22,All ages,559,Schizophrenia,2,Percent,2000,0.0030031941656237,0.003684337346284,0.0023868223262131
5,Prevalence,9,Southeast Asia,2,Female,22,All ages,559,Schizophrenia,2,Percent,2000,0.0025183930560089,0.0031064093277388,0.0020093097819667
5,Prevalence,9,Southeast Asia,3,Both,22,All ages,559,Schizophrenia,2,Percent,2000,0.0027579903845317,0.003395048646734,0.0021969283138923
5,Prevalence,9,Southeast Asia,1,Male,22,All ages,559,Schizophrenia,3,Rate,2000,291.84985081203,357.97828494488,232.40151133124
5,Prevalence,9,Southeast Asia,2,Female,22,All ages,559,Schizophrenia,3,Rate,2000,247.81314902207,305.69421094882,197.63231109919
5,Prevalence,9,Southeast Asia,3,Both,22,All ages,559,Schizophrenia,3,Rate,2000,269.71448196993,332.13985835976,215.25379872871002
5,Prevalence,9,Southeast Asia,1,Male,27,Age-standardized,559,Schizophrenia,2,Percent,2000,0.0031521941118543,0.0038223724592183,0.0025284469041551
5,Prevalence,9,Southeast Asia,2,Female,27,Age-standardized,559,Schizophrenia,2,Percent,2000,0.0025868385660722,0.0031554082696744,0.0020964354116663
5,Prevalence,9,Southeast Asia,3,Both,27,Age-standardized,559,Schizophrenia,2,Percent,2000,0.002862872915677,0.0034802077924837,0.0023047791061748
5,Prevalence,9,Southeast Asia,1,Male,27,Age-standardized,559,Schizophrenia,3,Rate,2000,307.44524693198,372.72293053919,247.02771700048
5,Prevalence,9,Southeast Asia,2,Female,27,Age-standardized,559,Schizophrenia,3,Rate,2000,254.83969313434,310.56088100848,206.72026906257
5,Prevalence,9,Southeast Asia,3,Both,27,Age-standardized,559,Schizophrenia,3,Rate,2000,280.62112478456,340.90093896207003,226.01145580819
5,Prevalence,100,High-income North America,1,Male,22,All ages,559,Schizophrenia,1,Number,2000,621596.6008128987,723282.8778883233,526389.3944668244
5,Prevalence,100,High-income North America,2,Female,22,All ages,559,Schizophrenia,1,Number,2000,620069.5134323281,720926.4327506537,531672.0927585927
5,Prevalence,100,High-income North America,3,Both,22,All ages,559,Schizophrenia,1,Number,2000,1241666.114245227,1439372.3970717457,1058985.570832949
5,Prevalence,100,High-income North America,1,Male,22,All ages,559,Schizophrenia,2,Percent,2000,0.0044277972171644,0.0051550739395013,0.0037556720712649
5,Prevalence,100,High-income North America,2,Female,22,All ages,559,Schizophrenia,2,Percent,2000,0.0041236866068385,0.004796075981322,0.0035353278717126
5,Prevalence,100,High-income North America,3,Both,22,All ages,559,Schizophrenia,2,Percent,2000,0.0042705146821716,0.0049531355176387,0.0036469135694862
5,Prevalence,100,High-income North America,1,Male,22,All ages,559,Schizophrenia,3,Rate,2000,406.24124882205,472.69779014349,344.01907072084
5,Prevalence,100,High-income North America,2,Female,22,All ages,559,Schizophrenia,3,Rate,2000,391.42319095984993,455.08982241772,335.62170463743996
5,Prevalence,100,High-income North America,3,Both,22,All ages,559,Schizophrenia,3,Rate,2000,398.70369299779,462.18792936975,340.04427847265
5,Prevalence,100,High-income North America,1,Male,27,Age-standardized,559,Schizophrenia,2,Percent,2000,0.004039218237675,0.0047130278025523,0.0033930821638854
5,Prevalence,100,High-income North America,2,Female,27,Age-standardized,559,Schizophrenia,2,Percent,2000,0.0037473522620751,0.0043570497675438,0.0031992612822968
5,Prevalence,100,High-income North America,3,Both,27,Age-standardized,559,Schizophrenia,2,Percent,2000,0.0038946256369683,0.0045389680982428,0.0032954661315921
5,Prevalence,100,High-income North America,1,Male,27,Age-standardized,559,Schizophrenia,3,Rate,2000,362.33373983459,422.30101148912,305.03738973336
5,Prevalence,100,High-income North America,2,Female,27,Age-standardized,559,Schizophrenia,3,Rate,2000,347.8018124868,403.56360011446,296.40404231098
5,Prevalence,100,High-income North America,3,Both,27,Age-standardized,559,Schizophrenia,3,Rate,2000,355.29510637613,412.83959925846005,300.56299197370004
5,Prevalence,134,Tropical Latin America,1,Male,22,All ages,559,Schizophrenia,1,Number,2000,224951.87339481025,271371.88674931065,184632.71189116465
5,Prevalence,134,Tropical Latin America,2,Female,22,All ages,559,Schizophrenia,1,Number,2000,195305.756889861,234636.67425239563,160978.04536221756
5,Prevalence,134,Tropical Latin America,3,Both,22,All ages,559,Schizophrenia,1,Number,2000,420257.6302846716,505139.9912445006,346478.04771698464
5,Prevalence,134,Tropical Latin America,1,Male,22,All ages,559,Schizophrenia,2,Percent,2000,0.0026225060694295,0.0031715484534688,0.0021572384973002
5,Prevalence,134,Tropical Latin America,2,Female,22,All ages,559,Schizophrenia,2,Percent,2000,0.002186013489993,0.0026228022937869,0.0018010429435846
5,Prevalence,134,Tropical Latin America,3,Both,22,All ages,559,Schizophrenia,2,Percent,2000,0.0023998141704242,0.0028842641193745,0.0019777772946337
5,Prevalence,134,Tropical Latin America,1,Male,22,All ages,559,Schizophrenia,3,Rate,2000,253.56462672234,305.88903363235,208.11706950868
5,Prevalence,134,Tropical Latin America,2,Female,22,All ages,559,Schizophrenia,3,Rate,2000,214.3586615261,257.52647663142,176.6821361973
5,Prevalence,134,Tropical Latin America,3,Both,22,All ages,559,Schizophrenia,3,Rate,2000,233.70046984056,280.90258161198,192.67248636521
5,Prevalence,134,Tropical Latin America,1,Male,27,Age-standardized,559,Schizophrenia,2,Percent,2000,0.0027427377160684,0.0032868125469428,0.002271242991996
5,Prevalence,134,Tropical Latin America,2,Female,27,Age-standardized,559,Schizophrenia,2,Percent,2000,0.0022360281525083,0.0026673610082674,0.0018478002598555
5,Prevalence,134,Tropical Latin America,3,Both,27,Age-standardized,559,Schizophrenia,2,Percent,2000,0.0024813660590729,0.0029641789605798,0.0020494560882187
5,Prevalence,134,Tropical Latin America,1,Male,27,Age-standardized,559,Schizophrenia,3,Rate,2000,265.90099974515,318.24101019981003,220.16108661754998
5,Prevalence,134,Tropical Latin America,2,Female,27,Age-standardized,559,Schizophrenia,3,Rate,2000,219.22123036488,261.55387104637003,181.17140467007
5,Prevalence,134,Tropical Latin America,3,Both,27,Age-standardized,559,Schizophrenia,3,Rate,2000,241.90791052183,289.04195826092,199.78187865254998
5,Prevalence,56,Eastern Europe,1,Male,22,All ages,559,Schizophrenia,1,Number,2000,226457.7724105628,271574.7905251898,187696.3314725596
5,Prevalence,56,Eastern Europe,2,Female,22,All ages,559,Schizophrenia,1,Number,2000,268606.80909925787,317991.55128781026,224695.47803407448
5,Prevalence,56,Eastern Europe,3,Both,22,All ages,559,Schizophrenia,1,Number,2000,495064.5815098207,590619.9633562425,412811.2415399193
5,Prevalence,56,Eastern Europe,1,Male,22,All ages,559,Schizophrenia,2,Percent,2000,0.002302399512857,0.0027687409559734,0.0019036827908573
5,Prevalence,56,Eastern Europe,2,Female,22,All ages,559,Schizophrenia,2,Percent,2000,0.002342789868894,0.0027701805909542,0.0019604221643745
5,Prevalence,56,Eastern Europe,3,Both,22,All ages,559,Schizophrenia,2,Percent,2000,0.0023241369583249,0.0027669910406788,0.0019318403920787
5,Prevalence,56,Eastern Europe,1,Male,22,All ages,559,Schizophrenia,3,Rate,2000,219.84395948665002,263.64331243873,182.21456588929
5,Prevalence,56,Eastern Europe,2,Female,22,All ages,559,Schizophrenia,3,Rate,2000,228.53885188486998,270.55689423551,191.17775437574
5,Prevalence,56,Eastern Europe,3,Both,22,All ages,559,Schizophrenia,3,Rate,2000,224.47770899510002,267.80549692454,187.1814813851
5,Prevalence,56,Eastern Europe,1,Male,27,Age-standardized,559,Schizophrenia,2,Percent,2000,0.0020167371680215,0.0024234299710124,0.0016622346357318
5,Prevalence,56,Eastern Europe,2,Female,27,Age-standardized,559,Schizophrenia,2,Percent,2000,0.0020594907444768,0.0024573605562805,0.0016935142668802
5,Prevalence,56,Eastern Europe,3,Both,27,Age-standardized,559,Schizophrenia,2,Percent,2000,0.0020406764382905,0.0024462845304024,0.0016764761961137
5,Prevalence,56,Eastern Europe,1,Male,27,Age-standardized,559,Schizophrenia,3,Rate,2000,189.31020497609,227.17936259636002,156.15416036079
5,Prevalence,56,Eastern Europe,2,Female,27,Age-standardized,559,Schizophrenia,3,Rate,2000,196.94564357926,234.9916394118,161.90503290627
5,Prevalence,56,Eastern Europe,3,Both,27,Age-standardized,559,Schizophrenia,3,Rate,2000,193.32197707217,231.67133384239003,159.04992473483
5,Prevalence,96,Southern Latin America,1,Male,22,All ages,559,Schizophrenia,1,Number,2000,76130.90575928865,96182.28557676249,59715.31000807657
5,Prevalence,96,Southern Latin America,2,Female,22,All ages,559,Schizophrenia,1,Number,2000,77066.10296260077,95363.94043569508,60200.08955482267
5,Prevalence,96,Southern Latin America,3,Both,22,All ages,559,Schizophrenia,1,Number,2000,153197.0087218893,191431.80548181236,121394.41409824332
5,Prevalence,96,Southern Latin America,1,Male,22,All ages,559,Schizophrenia,2,Percent,2000,0.0029785268126653,0.0037613882219091,0.0023316565715669
5,Prevalence,96,Southern Latin America,2,Female,22,All ages,559,Schizophrenia,2,Percent,2000,0.0028375419416775,0.003517460737056,0.0022144688175335
5,Prevalence,96,Southern Latin America,3,Both,22,All ages,559,Schizophrenia,2,Percent,2000,0.0029058877131383,0.0036350926872066,0.0022996072116868
5,Prevalence,96,Southern Latin America,1,Male,22,All ages,559,Schizophrenia,3,Rate,2000,281.72646637868996,355.92766398239,220.97968110974003
5,Prevalence,96,Southern Latin America,2,Female,22,All ages,559,Schizophrenia,3,Rate,2000,273.11263767224,337.95788693053,213.34159396124997
5,Prevalence,96,Southern Latin America,3,Both,22,All ages,559,Schizophrenia,3,Rate,2000,277.32640465438004,346.54132475357,219.75544227568
5,Prevalence,96,Southern Latin America,1,Male,27,Age-standardized,559,Schizophrenia,2,Percent,2000,0.0030072825922369,0.0037963989940016,0.0023591859687552
5,Prevalence,96,Southern Latin America,2,Female,27,Age-standardized,559,Schizophrenia,2,Percent,2000,0.0028255554464676,0.0035142721180792,0.0021992343972411
5,Prevalence,96,Southern Latin America,3,Both,27,Age-standardized,559,Schizophrenia,2,Percent,2000,0.002917335751738,0.0036473370009715,0.0023061304118738
5,Prevalence,96,Southern Latin America,1,Male,27,Age-standardized,559,Schizophrenia,3,Rate,2000,284.62035783911,358.87160771232,223.37096525451
5,Prevalence,96,Southern Latin America,2,Female,27,Age-standardized,559,Schizophrenia,3,Rate,2000,271.08953063876,336.39236434187,211.39762253491
5,Prevalence,96,Southern Latin America,3,Both,27,Age-standardized,559,Schizophrenia,3,Rate,2000,277.98940710628,347.45043004403,220.06593191666997
5,Prevalence,73,Western Europe,1,Male,22,All ages,559,Schizophrenia,1,Number,2000,624514.7913918498,741372.4869535363,527050.9454447638
5,Prevalence,73,Western Europe,2,Female,22,All ages,559,Schizophrenia,1,Number,2000,622050.2282207124,731655.6916731801,523384.6706823893
5,Prevalence,73,Western Europe,3,Both,22,All ages,559,Schizophrenia,1,Number,2000,1246565.0196125635,1471609.5134404465,1048022.4935722942
5,Prevalence,73,Western Europe,1,Male,22,All ages,559,Schizophrenia,2,Percent,2000,0.0034338000048153,0.0040755878044267,0.002889744016562
5,Prevalence,73,Western Europe,2,Female,22,All ages,559,Schizophrenia,2,Percent,2000,0.0031508872239363,0.0037073701671679,0.0026547522906973
5,Prevalence,73,Western Europe,3,Both,22,All ages,559,Schizophrenia,2,Percent,2000,0.0032865423193023,0.0038861520381676,0.0027672427938647
5,Prevalence,73,Western Europe,1,Male,22,All ages,559,Schizophrenia,3,Rate,2000,320.99870409994,381.06320434309,270.90258359672
5,Prevalence,73,Western Europe,2,Female,22,All ages,559,Schizophrenia,3,Rate,2000,305.04670080362,358.79603405578996,256.66217903259
5,Prevalence,73,Western Europe,3,Both,22,All ages,559,Schizophrenia,3,Rate,2000,312.83522903911,369.31190266864,263.00943124229
5,Prevalence,73,Western Europe,1,Male,27,Age-standardized,559,Schizophrenia,2,Percent,2000,0.0029840979872852,0.0035548020947363,0.0024866234980953
5,Prevalence,73,Western Europe,2,Female,27,Age-standardized,559,Schizophrenia,2,Percent,2000,0.0026832410251391,0.0031978622569351,0.0022331927525322
5,Prevalence,73,Western Europe,3,Both,27,Age-standardized,559,Schizophrenia,2,Percent,2000,0.0028363603425328,0.003368921960853,0.0023723162718845
5,Prevalence,73,Western Europe,1,Male,27,Age-standardized,559,Schizophrenia,3,Rate,2000,269.13218413023,320.28367281060997,224.53576516624003
5,Prevalence,73,Western Europe,2,Female,27,Age-standardized,559,Schizophrenia,3,Rate,2000,253.1057933766,301.029565088,210.92656226738
5,Prevalence,73,Western Europe,3,Both,27,Age-standardized,559,Schizophrenia,3,Rate,2000,261.55241590329,311.27738362546,218.69468795500998
5,Prevalence,124,Central Latin America,1,Male,22,All ages,559,Schizophrenia,1,Number,2000,225986.9187242656,280249.55572686484,181986.2081646204
5,Prevalence,124,Central Latin America,2,Female,22,All ages,559,Schizophrenia,1,Number,2000,200315.13865657992,247557.58609456845,160785.0586402191
5,Prevalence,124,Central Latin America,3,Both,22,All ages,559,Schizophrenia,1,Number,2000,426302.057380845,527000.6727221662,343016.9122356769
5,Prevalence,124,Central Latin America,1,Male,22,All ages,559,Schizophrenia,2,Percent,2000,0.002443379934856,0.0030320126436374,0.001967470887461
5,Prevalence,124,Central Latin America,2,Female,22,All ages,559,Schizophrenia,2,Percent,2000,0.0020352156641993,0.002513376019751,0.0016327706603481
5,Prevalence,124,Central Latin America,3,Both,22,All ages,559,Schizophrenia,2,Percent,2000,0.0022329512862838,0.0027626612844323,0.0017993594936695
5,Prevalence,124,Central Latin America,1,Male,22,All ages,559,Schizophrenia,3,Rate,2000,231.26993815864998,286.80110241701,186.24059899374998
5,Prevalence,124,Central Latin America,2,Female,22,All ages,559,Schizophrenia,3,Rate,2000,197.76822336847002,244.41000471385,158.74075022351
5,Prevalence,124,Central Latin America,3,Both,22,All ages,559,Schizophrenia,3,Rate,2000,214.21839715294,264.81983245089,172.36729652898
5,Prevalence,124,Central Latin America,1,Male,27,Age-standardized,559,Schizophrenia,2,Percent,2000,0.002788397963304,0.0034190475139354,0.0022660690725843
5,Prevalence,124,Central Latin America,2,Female,27,Age-standardized,559,Schizophrenia,2,Percent,2000,0.0022515833582482,0.0027386174573305,0.0018363081023667
5,Prevalence,124,Central Latin America,3,Both,27,Age-standardized,559,Schizophrenia,2,Percent,2000,0.0025078907790113,0.0030612993560325,0.0020408384422297
5,Prevalence,124,Central Latin America,1,Male,27,Age-standardized,559,Schizophrenia,3,Rate,2000,266.73178916802,326.61246298976,216.4435119015
5,Prevalence,124,Central Latin America,2,Female,27,Age-standardized,559,Schizophrenia,3,Rate,2000,219.74450165940002,267.25488459011,179.14853067432
5,Prevalence,124,Central Latin America,3,Both,27,Age-standardized,559,Schizophrenia,3,Rate,2000,242.33700252759002,296.00068487934,197.12233600164998
5,Prevalence,104,Caribbean,1,Male,22,All ages,559,Schizophrenia,1,Number,2000,47442.15644071569,59689.41823646614,36947.40307717221
5,Prevalence,104,Caribbean,2,Female,22,All ages,559,Schizophrenia,1,Number,2000,39093.39510845497,49174.62444907751,30702.676901022925
5,Prevalence,104,Caribbean,3,Both,22,All ages,559,Schizophrenia,1,Number,2000,86535.55154917063,108603.42265909424,67763.45048149372
5,Prevalence,104,Caribbean,1,Male,22,All ages,559,Schizophrenia,2,Percent,2000,0.0024497753006364,0.0030851797718893,0.0019062447085556
5,Prevalence,104,Caribbean,2,Female,22,All ages,559,Schizophrenia,2,Percent,2000,0.0019577072588681,0.0024626208614935,0.0015364791972345
5,Prevalence,104,Caribbean,3,Both,22,All ages,559,Schizophrenia,2,Percent,2000,0.0021999685512221,0.002762858579881,0.001723275969104
5,Prevalence,104,Caribbean,1,Male,22,All ages,559,Schizophrenia,3,Rate,2000,239.31069980038,301.08910556576,186.37240693841
5,Prevalence,104,Caribbean,2,Female,22,All ages,559,Schizophrenia,3,Rate,2000,192.38050194752,241.99072268728,151.0893688554
5,Prevalence,104,Caribbean,3,Both,22,All ages,559,Schizophrenia,3,Rate,2000,215.55547164986,270.52536876439996,168.79516300141998
5,Prevalence,104,Caribbean,1,Male,27,Age-standardized,559,Schizophrenia,2,Percent,2000,0.0025304417693487,0.0031535334878237,0.0019823221635323
5,Prevalence,104,Caribbean,2,Female,27,Age-standardized,559,Schizophrenia,2,Percent,2000,0.0019867002502802,0.002479832047005,0.0015735553281997
5,Prevalence,104,Caribbean,3,Both,27,Age-standardized,559,Schizophrenia,2,Percent,2000,0.0022519129113217,0.0028024666593762,0.0017767499462599
5,Prevalence,104,Caribbean,1,Male,27,Age-standardized,559,Schizophrenia,3,Rate,2000,247.56919175433,308.41288313121004,194.08877169236
5,Prevalence,104,Caribbean,2,Female,27,Age-standardized,559,Schizophrenia,3,Rate,2000,195.26057441048,243.83363140685,154.75806040255
5,Prevalence,104,Caribbean,3,Both,27,Age-standardized,559,Schizophrenia,3,Rate,2000,220.8300343726,275.02177623564,174.32866505148
5,Prevalence,120,Andean Latin America,1,Male,22,All ages,559,Schizophrenia,1,Number,2000,51874.43457232654,66624.81655388586,40060.43239882317
5,Prevalence,120,Andean Latin America,2,Female,22,All ages,559,Schizophrenia,1,Number,2000,43194.01037822238,55399.035170188414,33430.28118882648
5,Prevalence,120,Andean Latin America,3,Both,22,All ages,559,Schizophrenia,1,Number,2000,95068.444950549,121375.54792558467,73773.91788674291
5,Prevalence,120,Andean Latin America,1,Male,22,All ages,559,Schizophrenia,2,Percent,2000,0.0023261690186448,0.002993282106727,0.0017983877376003
5,Prevalence,120,Andean Latin America,2,Female,22,All ages,559,Schizophrenia,2,Percent,2000,0.0018987354523774,0.0024348626807526,0.00146853362725
5,Prevalence,120,Andean Latin America,3,Both,22,All ages,559,Schizophrenia,2,Percent,2000,0.0021103230598472,0.0026921600085018,0.0016359397401328
5,Prevalence,120,Andean Latin America,1,Male,22,All ages,559,Schizophrenia,3,Rate,2000,224.93364794850999,288.89303864067,173.7067453776
5,Prevalence,120,Andean Latin America,2,Female,22,All ages,559,Schizophrenia,3,Rate,2000,185.96446540933002,238.51112386663,143.92838996255998
5,Prevalence,120,Andean Latin America,3,Both,22,All ages,559,Schizophrenia,3,Rate,2000,205.37963717602,262.21177813483996,159.37633666475
5,Prevalence,120,Andean Latin America,1,Male,27,Age-standardized,559,Schizophrenia,2,Percent,2000,0.002686546603231,0.0034205257107582,0.0021243678078863
5,Prevalence,120,Andean Latin America,2,Female,27,Age-standardized,559,Schizophrenia,2,Percent,2000,0.0021516893062286,0.0027339575411304,0.0017024990598829
5,Prevalence,120,Andean Latin America,3,Both,27,Age-standardized,559,Schizophrenia,2,Percent,2000,0.0024135908963736,0.003068923551365,0.0019161189333353
5,Prevalence,120,Andean Latin America,1,Male,27,Age-standardized,559,Schizophrenia,3,Rate,2000,261.40073768023996,332.45809757259,206.98307144763
5,Prevalence,120,Andean Latin America,2,Female,27,Age-standardized,559,Schizophrenia,3,Rate,2000,211.49345103142,268.49489045411,167.51569019699
5,Prevalence,120,Andean Latin America,3,Both,27,Age-standardized,559,Schizophrenia,3,Rate,2000,236.03946796703002,299.98321395114,187.54048811307
5,Prevalence,199,Western Sub-Saharan Africa,1,Male,22,All ages,559,Schizophrenia,1,Number,2000,193729.24569698813,239484.33186717084,155072.64270160085
5,Prevalence,199,Western Sub-Saharan Africa,2,Female,22,All ages,559,Schizophrenia,1,Number,2000,249435.468681028,310071.44795631606,198241.06467544092
5,Prevalence,199,Western Sub-Saharan Africa,3,Both,22,All ages,559,Schizophrenia,1,Number,2000,443164.7143780164,549622.5675040103,353359.0109996492
5,Prevalence,199,Western Sub-Saharan Africa,1,Male,22,All ages,559,Schizophrenia,2,Percent,2000,0.0015015106649111,0.0018552295817335,0.0012024537677172
5,Prevalence,199,Western Sub-Saharan Africa,2,Female,22,All ages,559,Schizophrenia,2,Percent,2000,0.0019347050223637,0.0024047399030755,0.0015371350966341
5,Prevalence,199,Western Sub-Saharan Africa,3,Both,22,All ages,559,Schizophrenia,2,Percent,2000,0.0017180273010258,0.0021298457764504,0.0013698415933281
5,Prevalence,199,Western Sub-Saharan Africa,1,Male,22,All ages,559,Schizophrenia,3,Rate,2000,149.22562848255,184.46982439863,119.44924724371
5,Prevalence,199,Western Sub-Saharan Africa,2,Female,22,All ages,559,Schizophrenia,3,Rate,2000,192.37472874767,239.13965006025,152.89153240815
5,Prevalence,199,Western Sub-Saharan Africa,3,Both,22,All ages,559,Schizophrenia,3,Rate,2000,170.78672644488,211.81343197863998,136.17742295464998
5,Prevalence,199,Western Sub-Saharan Africa,1,Male,27,Age-standardized,559,Schizophrenia,2,Percent,2000,0.0020525224616267,0.002493061522468,0.0016684202651227
5,Prevalence,199,Western Sub-Saharan Africa,2,Female,27,Age-standardized,559,Schizophrenia,2,Percent,2000,0.0026256897706246,0.0031979388665211,0.0021264563279005
5,Prevalence,199,Western Sub-Saharan Africa,3,Both,27,Age-standardized,559,Schizophrenia,2,Percent,2000,0.0023366339272305,0.0028433073397475,0.0018995147732028
5,Prevalence,199,Western Sub-Saharan Africa,1,Male,27,Age-standardized,559,Schizophrenia,3,Rate,2000,204.43659962604,248.35455041889,166.165128281
5,Prevalence,199,Western Sub-Saharan Africa,2,Female,27,Age-standardized,559,Schizophrenia,3,Rate,2000,261.66278960511,318.64145614058003,211.89181023941
5,Prevalence,199,Western Sub-Saharan Africa,3,Both,27,Age-standardized,559,Schizophrenia,3,Rate,2000,232.79825138380997,283.1957654147,189.23564361407
5,Prevalence,44636,Low-middle SDI,1,Male,22,All ages,559,Schizophrenia,1,Number,2000,1753627.124978902,2124304.725060802,1413389.3728443617
5,Prevalence,44636,Low-middle SDI,2,Female,22,All ages,559,Schizophrenia,1,Number,2000,1415033.9127767626,1719444.741261986,1136019.7667429554
5,Prevalence,44636,Low-middle SDI,3,Both,22,All ages,559,Schizophrenia,1,Number,2000,3168661.037755666,3842981.71057542,2542784.0587880407
5,Prevalence,44636,Low-middle SDI,1,Male,22,All ages,559,Schizophrenia,2,Percent,2000,0.002528000784165,0.0030633400152832,0.0020404785107291
5,Prevalence,44636,Low-middle SDI,2,Female,22,All ages,559,Schizophrenia,2,Percent,2000,0.0020924361620438,0.0025423491608049,0.0016802855831095
5,Prevalence,44636,Low-middle SDI,3,Both,22,All ages,559,Schizophrenia,2,Percent,2000,0.0023129874259408,0.0028050739591948,0.0018566074919445
5,Prevalence,44636,Low-middle SDI,1,Male,22,All ages,559,Schizophrenia,3,Rate,2000,248.09806670579002,300.54045576416996,199.96221882655
5,Prevalence,44636,Low-middle SDI,2,Female,22,All ages,559,Schizophrenia,3,Rate,2000,206.86686198017,251.36933805013,166.0771817351
5,Prevalence,44636,Low-middle SDI,3,Both,22,All ages,559,Schizophrenia,3,Rate,2000,227.820366039,276.3026683992,182.82106799329
5,Prevalence,44636,Low-middle SDI,1,Male,27,Age-standardized,559,Schizophrenia,2,Percent,2000,0.0030025372501124,0.0036224911483053,0.0024509712953611
5,Prevalence,44636,Low-middle SDI,2,Female,27,Age-standardized,559,Schizophrenia,2,Percent,2000,0.002444238050761,0.0029311458315521,0.0019831872736738
5,Prevalence,44636,Low-middle SDI,3,Both,27,Age-standardized,559,Schizophrenia,2,Percent,2000,0.0027246708757814,0.0032771016817732,0.0022230836775481
5,Prevalence,44636,Low-middle SDI,1,Male,27,Age-standardized,559,Schizophrenia,3,Rate,2000,295.84809160973,356.73233448975003,241.3627908223
5,Prevalence,44636,Low-middle SDI,2,Female,27,Age-standardized,559,Schizophrenia,3,Rate,2000,242.26394040775,290.40787858252,196.42567068209001
5,Prevalence,44636,Low-middle SDI,3,Both,27,Age-standardized,559,Schizophrenia,3,Rate,2000,269.25159177840004,323.81067753779996,219.48433280812
5,Prevalence,44635,High SDI,1,Male,22,All ages,559,Schizophrenia,1,Number,2000,1652508.3117529536,1948070.906672804,1374937.4624922485
5,Prevalence,44635,High SDI,2,Female,22,All ages,559,Schizophrenia,1,Number,2000,1612299.498633138,1894389.502375164,1350176.904384961
5,Prevalence,44635,High SDI,3,Both,22,All ages,559,Schizophrenia,1,Number,2000,3264807.8103860905,3837681.014689142,2726367.6716218838
5,Prevalence,44635,High SDI,1,Male,22,All ages,559,Schizophrenia,2,Percent,2000,0.0038035594747291,0.0044779328942923,0.0031710729370511
5,Prevalence,44635,High SDI,2,Female,22,All ages,559,Schizophrenia,2,Percent,2000,0.0035153687314898,0.0041275324300095,0.0029463168754482
5,Prevalence,44635,High SDI,3,Both,22,All ages,559,Schizophrenia,2,Percent,2000,0.0036555607375683,0.004289946988255,0.003053814770449
5,Prevalence,44635,High SDI,1,Male,22,All ages,559,Schizophrenia,3,Rate,2000,354.22238488467,417.57751993034,294.72385921898
5,Prevalence,44635,High SDI,2,Female,22,All ages,559,Schizophrenia,3,Rate,2000,337.79404509385,396.89492773093997,282.87654899796
5,Prevalence,44635,High SDI,3,Both,22,All ages,559,Schizophrenia,3,Rate,2000,345.91434900577,406.61166199888,288.8653032743
5,Prevalence,44635,High SDI,1,Male,27,Age-standardized,559,Schizophrenia,2,Percent,2000,0.0033647443269115,0.0039528228018558,0.0028097438263268
5,Prevalence,44635,High SDI,2,Female,27,Age-standardized,559,Schizophrenia,2,Percent,2000,0.0031065471347136,0.003659777645389,0.0025946645491839
5,Prevalence,44635,High SDI,3,Both,27,Age-standardized,559,Schizophrenia,2,Percent,2000,0.0032393431478159,0.0038072695729456,0.0027038808319586
5,Prevalence,44635,High SDI,1,Male,27,Age-standardized,559,Schizophrenia,3,Rate,2000,305.32344871954996,359.90864559707995,254.29504806646
5,Prevalence,44635,High SDI,2,Female,27,Age-standardized,559,Schizophrenia,3,Rate,2000,291.76468581105996,343.43145036528,243.18323407949
5,Prevalence,44635,High SDI,3,Both,27,Age-standardized,559,Schizophrenia,3,Rate,2000,298.9641010337,351.52885895721,248.88232711607
5,Prevalence,44637,Low SDI,1,Male,22,All ages,559,Schizophrenia,1,Number,2000,579511.8744091666,712683.7924432689,462830.8585576647
5,Prevalence,44637,Low SDI,2,Female,22,All ages,559,Schizophrenia,1,Number,2000,556537.1885446426,690598.0736388869,442091.5273966511
5,Prevalence,44637,Low SDI,3,Both,22,All ages,559,Schizophrenia,1,Number,2000,1136049.0629538095,1403248.4381814245,904930.1436457328
5,Prevalence,44637,Low SDI,1,Male,22,All ages,559,Schizophrenia,2,Percent,2000,0.0017799680913473,0.0021895020579371,0.0014215569537438
5,Prevalence,44637,Low SDI,2,Female,22,All ages,559,Schizophrenia,2,Percent,2000,0.0017355158520341,0.0021540434235199,0.0013786575195277
5,Prevalence,44637,Low SDI,3,Both,22,All ages,559,Schizophrenia,2,Percent,2000,0.0017579104305674,0.002171268411305,0.001400268484266
5,Prevalence,44637,Low SDI,1,Male,22,All ages,559,Schizophrenia,3,Rate,2000,176.85035582323002,217.49059484162999,141.24266583035
5,Prevalence,44637,Low SDI,2,Female,22,All ages,559,Schizophrenia,3,Rate,2000,172.61189466952,214.19133240252,137.11618510316
5,Prevalence,44637,Low SDI,3,Both,22,All ages,559,Schizophrenia,3,Rate,2000,174.74828419911,215.84917841463002,139.19732437522
5,Prevalence,44637,Low SDI,1,Male,27,Age-standardized,559,Schizophrenia,2,Percent,2000,0.0024858211352921,0.0030029354563617,0.0020167913275795
5,Prevalence,44637,Low SDI,2,Female,27,Age-standardized,559,Schizophrenia,2,Percent,2000,0.0023648200381819,0.0028894994147125,0.0019054210230198
5,Prevalence,44637,Low SDI,3,Both,27,Age-standardized,559,Schizophrenia,2,Percent,2000,0.0024253437734374,0.0029415549703247,0.0019630391162507
5,Prevalence,44637,Low SDI,1,Male,27,Age-standardized,559,Schizophrenia,3,Rate,2000,247.47496499512002,299.03579839733,200.75598763959002
5,Prevalence,44637,Low SDI,2,Female,27,Age-standardized,559,Schizophrenia,3,Rate,2000,235.67828207132,287.9765280015,189.85666136548
5,Prevalence,44637,Low SDI,3,Both,27,Age-standardized,559,Schizophrenia,3,Rate,2000,241.58378588912,292.99954827161,195.48878743170002
5,Prevalence,44634,High-middle SDI,1,Male,22,All ages,559,Schizophrenia,1,Number,2000,1798045.4786024836,2071353.6848690745,1534700.9449702394
5,Prevalence,44634,High-middle SDI,2,Female,22,All ages,559,Schizophrenia,1,Number,2000,1702553.232572654,1953180.9997394304,1462583.683910102
5,Prevalence,44634,High-middle SDI,3,Both,22,All ages,559,Schizophrenia,1,Number,2000,3500598.7111751395,4027449.131320265,2991930.0414856663
5,Prevalence,44634,High-middle SDI,1,Male,22,All ages,559,Schizophrenia,2,Percent,2000,0.0032990973305605,0.0038118805406327,0.0028163387969131
5,Prevalence,44634,High-middle SDI,2,Female,22,All ages,559,Schizophrenia,2,Percent,2000,0.0030209068755986,0.0034642684605366,0.0025969288473543
5,Prevalence,44634,High-middle SDI,3,Both,22,All ages,559,Schizophrenia,2,Percent,2000,0.0031576691969371,0.0036351023559321,0.0027039044138912
5,Prevalence,44634,High-middle SDI,1,Male,22,All ages,559,Schizophrenia,3,Rate,2000,313.35661559178,360.98774369636,267.46191894722
5,Prevalence,44634,High-middle SDI,2,Female,22,All ages,559,Schizophrenia,3,Rate,2000,293.98446095572,337.26103382371,252.54827143773
5,Prevalence,44634,High-middle SDI,3,Both,22,All ages,559,Schizophrenia,3,Rate,2000,303.62577064257,349.32234372285,259.50619865531
5,Prevalence,44634,High-middle SDI,1,Male,27,Age-standardized,559,Schizophrenia,2,Percent,2000,0.0029596693578576,0.0034065762558603,0.0025366325382814
5,Prevalence,44634,High-middle SDI,2,Female,27,Age-standardized,559,Schizophrenia,2,Percent,2000,0.0027089477126775,0.0031053779743973,0.0023298882714476
5,Prevalence,44634,High-middle SDI,3,Both,27,Age-standardized,559,Schizophrenia,2,Percent,2000,0.0028335187022579,0.0032602068193231,0.0024305638136125
5,Prevalence,44634,High-middle SDI,1,Male,27,Age-standardized,559,Schizophrenia,3,Rate,2000,278.31936673411,320.60657589927,238.54907850850998
5,Prevalence,44634,High-middle SDI,2,Female,27,Age-standardized,559,Schizophrenia,3,Rate,2000,260.64896477287,298.97915578554,224.00315316648
5,Prevalence,44634,High-middle SDI,3,Both,27,Age-standardized,559,Schizophrenia,3,Rate,2000,269.46660844187,309.69740688759,230.79090475142
5,Prevalence,174,Eastern Sub-Saharan Africa,1,Male,22,All ages,559,Schizophrenia,1,Number,2000,173524.9339626496,218153.84475200457,136010.83731361642
5,Prevalence,174,Eastern Sub-Saharan Africa,2,Female,22,All ages,559,Schizophrenia,1,Number,2000,194902.00538516912,244722.11686312308,152315.0358216621
5,Prevalence,174,Eastern Sub-Saharan Africa,3,Both,22,All ages,559,Schizophrenia,1,Number,2000,368426.9393478183,462832.03515375534,288325.87313527847
5,Prevalence,174,Eastern Sub-Saharan Africa,1,Male,22,All ages,559,Schizophrenia,2,Percent,2000,0.0014088897804215,0.0017705675928634,0.0011044183937914
5,Prevalence,174,Eastern Sub-Saharan Africa,2,Female,22,All ages,559,Schizophrenia,2,Percent,2000,0.0015574258415823,0.001955566593239,0.0012168298069338
5,Prevalence,174,Eastern Sub-Saharan Africa,3,Both,22,All ages,559,Schizophrenia,2,Percent,2000,0.0014837497763859,0.0018637685144298,0.0011610817774095
5,Prevalence,174,Eastern Sub-Saharan Africa,1,Male,22,All ages,559,Schizophrenia,3,Rate,2000,139.94913551396,175.9426803105,109.69374065094
5,Prevalence,174,Eastern Sub-Saharan Africa,2,Female,22,All ages,559,Schizophrenia,3,Rate,2000,154.89453112693,194.48808375774,121.04937561085
5,Prevalence,174,Eastern Sub-Saharan Africa,3,Both,22,All ages,559,Schizophrenia,3,Rate,2000,147.47679474272,185.26599919527,115.41331827324001
5,Prevalence,174,Eastern Sub-Saharan Africa,1,Male,27,Age-standardized,559,Schizophrenia,2,Percent,2000,0.0020729658696132,0.0025466397873515,0.0016843572097652
5,Prevalence,174,Eastern Sub-Saharan Africa,2,Female,27,Age-standardized,559,Schizophrenia,2,Percent,2000,0.0022185415527743,0.0027357958570365,0.0017783987768087
5,Prevalence,174,Eastern Sub-Saharan Africa,3,Both,27,Age-standardized,559,Schizophrenia,2,Percent,2000,0.0021473179855981,0.0026465358410588,0.0017348406675597
5,Prevalence,174,Eastern Sub-Saharan Africa,1,Male,27,Age-standardized,559,Schizophrenia,3,Rate,2000,206.42556730597997,253.54038629521,167.76518186066002
5,Prevalence,174,Eastern Sub-Saharan Africa,2,Female,27,Age-standardized,559,Schizophrenia,3,Rate,2000,221.12670563856,272.6117830925,177.25655322388
5,Prevalence,174,Eastern Sub-Saharan Africa,3,Both,27,Age-standardized,559,Schizophrenia,3,Rate,2000,213.93108576571,263.60913536413,172.84360516118
5,Prevalence,138,North Africa and Middle East,1,Male,22,All ages,559,Schizophrenia,1,Number,2000,476978.8012236377,599059.523001912,373615.599657245
5,Prevalence,138,North Africa and Middle East,2,Female,22,All ages,559,Schizophrenia,1,Number,2000,413423.6784222846,521791.8509769062,322555.5588037403
5,Prevalence,138,North Africa and Middle East,3,Both,22,All ages,559,Schizophrenia,1,Number,2000,890402.4796459236,1118446.6934392038,696975.7590940911
5,Prevalence,138,North Africa and Middle East,1,Male,22,All ages,559,Schizophrenia,2,Percent,2000,0.0023177968298764,0.0029103731608552,0.0018123592314141
5,Prevalence,138,North Africa and Middle East,2,Female,22,All ages,559,Schizophrenia,2,Percent,2000,0.0020751807598426,0.0026169234787461,0.0016203933184304
5,Prevalence,138,North Africa and Middle East,3,Both,22,All ages,559,Schizophrenia,2,Percent,2000,0.0021984536021351,0.002759645721533,0.0017208009808518
5,Prevalence,138,North Africa and Middle East,1,Male,22,All ages,559,Schizophrenia,3,Rate,2000,221.22987917445,277.85273800854003,173.28848526983
5,Prevalence,138,North Africa and Middle East,2,Female,22,All ages,559,Schizophrenia,3,Rate,2000,201.73182716831002,254.61053392202,157.39234503716
5,Prevalence,138,North Africa and Middle East,3,Both,22,All ages,559,Schizophrenia,3,Rate,2000,211.72811349364002,265.9545698247,165.73332397105
5,Prevalence,138,North Africa and Middle East,1,Male,27,Age-standardized,559,Schizophrenia,2,Percent,2000,0.0026334380055889,0.0032545672519222,0.0020821285566227
5,Prevalence,138,North Africa and Middle East,2,Female,27,Age-standardized,559,Schizophrenia,2,Percent,2000,0.0023866703374894,0.0029372362603815,0.0019017964509499
5,Prevalence,138,North Africa and Middle East,3,Both,27,Age-standardized,559,Schizophrenia,2,Percent,2000,0.00251262099199,0.0030909213045242,0.0019905786865594
5,Prevalence,138,North Africa and Middle East,1,Male,27,Age-standardized,559,Schizophrenia,3,Rate,2000,253.70143320789,313.33252383183003,200.51338335778001
5,Prevalence,138,North Africa and Middle East,2,Female,27,Age-standardized,559,Schizophrenia,3,Rate,2000,233.35868219137,287.64231121553996,185.99362458299998
5,Prevalence,138,North Africa and Middle East,3,Both,27,Age-standardized,559,Schizophrenia,3,Rate,2000,243.82273726260001,300.09662247909,193.14146023997
5,Prevalence,159,South Asia,1,Male,22,All ages,559,Schizophrenia,1,Number,2000,1918179.8357767065,2295051.7375763822,1575232.396912659
5,Prevalence,159,South Asia,2,Female,22,All ages,559,Schizophrenia,1,Number,2000,1379273.0038815788,1641728.1038317354,1130203.4134822856
5,Prevalence,159,South Asia,3,Both,22,All ages,559,Schizophrenia,1,Number,2000,3297452.8396582827,3933117.983730752,2702532.582332643
5,Prevalence,159,South Asia,1,Male,22,All ages,559,Schizophrenia,2,Percent,2000,0.0028305814864101,0.0033897292500371,0.0023253815623352
5,Prevalence,159,South Asia,2,Female,22,All ages,559,Schizophrenia,2,Percent,2000,0.0021766490840673,0.0025901965223833,0.0017835866603912
5,Prevalence,159,South Asia,3,Both,22,All ages,559,Schizophrenia,2,Percent,2000,0.0025145843916623,0.0029996966731364,0.0020611950898877
5,Prevalence,159,South Asia,1,Male,22,All ages,559,Schizophrenia,3,Rate,2000,279.26054950627,334.12790470785,229.33212859251
5,Prevalence,159,South Asia,2,Female,22,All ages,559,Schizophrenia,3,Rate,2000,216.11675186785,257.24054937041,177.09031495894
5,Prevalence,159,South Asia,3,Both,22,All ages,559,Schizophrenia,3,Rate,2000,248.8482973358,296.81992770324,203.95155421774
5,Prevalence,159,South Asia,1,Male,27,Age-standardized,559,Schizophrenia,2,Percent,2000,0.0032692350895889,0.003891652036399,0.0027124270724213
5,Prevalence,159,South Asia,2,Female,27,Age-standardized,559,Schizophrenia,2,Percent,2000,0.0025021151982787,0.0029558509286695,0.002074691947176
5,Prevalence,159,South Asia,3,Both,27,Age-standardized,559,Schizophrenia,2,Percent,2000,0.0028969438147408,0.0034354846097729,0.0023957139743526
5,Prevalence,159,South Asia,1,Male,27,Age-standardized,559,Schizophrenia,3,Rate,2000,323.32554879783004,385.07866188938,267.92399755546
5,Prevalence,159,South Asia,2,Female,27,Age-standardized,559,Schizophrenia,3,Rate,2000,248.78502033232002,293.94315592983,206.12320373368
5,Prevalence,159,South Asia,3,Both,27,Age-standardized,559,Schizophrenia,3,Rate,2000,287.24718366181,340.70331330604,237.41506229178
5,Prevalence,167,Central Sub-Saharan Africa,1,Male,22,All ages,559,Schizophrenia,1,Number,2000,53298.97790423829,68920.47534766213,40250.43594588927
5,Prevalence,167,Central Sub-Saharan Africa,2,Female,22,All ages,559,Schizophrenia,1,Number,2000,58867.76077578066,75300.2157437674,44681.52576130738
5,Prevalence,167,Central Sub-Saharan Africa,3,Both,22,All ages,559,Schizophrenia,1,Number,2000,112166.73868001884,144098.95915635448,84805.21636009085
5,Prevalence,167,Central Sub-Saharan Africa,1,Male,22,All ages,559,Schizophrenia,2,Percent,2000,0.0014628371558314,0.0018921116167475,0.0011043732654285
5,Prevalence,167,Central Sub-Saharan Africa,2,Female,22,All ages,559,Schizophrenia,2,Percent,2000,0.0015949878385867,0.0020405960206736,0.001210945524314
5,Prevalence,167,Central Sub-Saharan Africa,3,Both,22,All ages,559,Schizophrenia,2,Percent,2000,0.0015293383227669,0.0019648804256281,0.0011561687763331
5,Prevalence,167,Central Sub-Saharan Africa,1,Male,22,All ages,559,Schizophrenia,3,Rate,2000,145.81119356096,188.54726987987,110.11400851183001
5,Prevalence,167,Central Sub-Saharan Africa,2,Female,22,All ages,559,Schizophrenia,3,Rate,2000,159.07710821918,203.48218466172,120.74194457646001
5,Prevalence,167,Central Sub-Saharan Africa,3,Both,22,All ages,559,Schizophrenia,3,Rate,2000,152.48494299322002,195.89516313764,115.288353164
5,Prevalence,167,Central Sub-Saharan Africa,1,Male,27,Age-standardized,559,Schizophrenia,2,Percent,2000,0.0020406172834346,0.0025627390089631,0.0016071986731998
5,Prevalence,167,Central Sub-Saharan Africa,2,Female,27,Age-standardized,559,Schizophrenia,2,Percent,2000,0.0021795724906592,0.0027558359243931,0.0016946410696036
5,Prevalence,167,Central Sub-Saharan Africa,3,Both,27,Age-standardized,559,Schizophrenia,2,Percent,2000,0.0021118423593605,0.002652815669448,0.0016569880922598
5,Prevalence,167,Central Sub-Saharan Africa,1,Male,27,Age-standardized,559,Schizophrenia,3,Rate,2000,203.65168808841,255.68960655622,160.42307237349002
5,Prevalence,167,Central Sub-Saharan Africa,2,Female,27,Age-standardized,559,Schizophrenia,3,Rate,2000,217.61640090348,275.14445578988,169.16321606265998
5,Prevalence,167,Central Sub-Saharan Africa,3,Both,27,Age-standardized,559,Schizophrenia,3,Rate,2000,210.80708655439,264.80849707304,165.41276755613
5,Prevalence,44639,Middle SDI,1,Male,22,All ages,559,Schizophrenia,1,Number,2000,2871322.622812712,3417956.628044242,2380278.323492317
5,Prevalence,44639,Middle SDI,2,Female,22,All ages,559,Schizophrenia,1,Number,2000,2488646.608419456,2970008.700932013,2056545.2166408624
5,Prevalence,44639,Middle SDI,3,Both,22,All ages,559,Schizophrenia,1,Number,2000,5359969.23123217,6397811.889221912,4433339.482721309
5,Prevalence,44639,Middle SDI,1,Male,22,All ages,559,Schizophrenia,2,Percent,2000,0.0030069859132973,0.0035791727415387,0.0024938027488854
5,Prevalence,44639,Middle SDI,2,Female,22,All ages,559,Schizophrenia,2,Percent,2000,0.0026477150773138,0.0031555732847092,0.0021904530267809
5,Prevalence,44639,Middle SDI,3,Both,22,All ages,559,Schizophrenia,2,Percent,2000,0.0028287682305851,0.0033790781381583,0.0023418947301487
5,Prevalence,44639,Middle SDI,1,Male,22,All ages,559,Schizophrenia,3,Rate,2000,288.65872290435,343.61272653758,239.29324261832
5,Prevalence,44639,Middle SDI,2,Female,22,All ages,559,Schizophrenia,3,Rate,2000,258.9640249275,309.05368591145003,214.00034257373002
5,Prevalence,44639,Middle SDI,3,Both,22,All ages,559,Schizophrenia,3,Rate,2000,274.06730043456,327.13453333837003,226.68663410592998
5,Prevalence,44639,Middle SDI,1,Male,27,Age-standardized,559,Schizophrenia,2,Percent,2000,0.0030299094833835,0.0035689413072884,0.0025301496317681
5,Prevalence,44639,Middle SDI,2,Female,27,Age-standardized,559,Schizophrenia,2,Percent,2000,0.0026391097067469,0.0031164688291213,0.0021972000383553
5,Prevalence,44639,Middle SDI,3,Both,27,Age-standardized,559,Schizophrenia,2,Percent,2000,0.0028355641166978,0.0033481561237615,0.00236452258263
5,Prevalence,44639,Middle SDI,1,Male,27,Age-standardized,559,Schizophrenia,3,Rate,2000,291.61286233518,342.80710279825,243.50600791023
5,Prevalence,44639,Middle SDI,2,Female,27,Age-standardized,559,Schizophrenia,3,Rate,2000,258.07720460186,304.82013887426,214.78458254217
5,Prevalence,44639,Middle SDI,3,Both,27,Age-standardized,559,Schizophrenia,3,Rate,2000,275.04167407951996,324.22703006114,229.30641733747999
5,Prevalence,192,Southern Sub-Saharan Africa,1,Male,22,All ages,559,Schizophrenia,1,Number,2000,56467.74750277158,69204.42653102757,45520.525018798886
5,Prevalence,192,Southern Sub-Saharan Africa,2,Female,22,All ages,559,Schizophrenia,1,Number,2000,67332.91274596972,82201.11625959139,54250.63251755794
5,Prevalence,192,Southern Sub-Saharan Africa,3,Both,22,All ages,559,Schizophrenia,1,Number,2000,123800.66024874136,151216.27634280035,99743.97344449152
5,Prevalence,192,Southern Sub-Saharan Africa,1,Male,22,All ages,559,Schizophrenia,2,Percent,2000,0.0018936118594875,0.0023235568442464,0.0015272880688117
5,Prevalence,192,Southern Sub-Saharan Africa,2,Female,22,All ages,559,Schizophrenia,2,Percent,2000,0.0020665234071492,0.0025225476780134,0.0016641373640958
5,Prevalence,192,Southern Sub-Saharan Africa,3,Both,22,All ages,559,Schizophrenia,2,Percent,2000,0.0019838938845919,0.0024238565235226,0.001598540120257
5,Prevalence,192,Southern Sub-Saharan Africa,1,Male,22,All ages,559,Schizophrenia,3,Rate,2000,184.40184326086,225.99491530109003,148.65244481829
5,Prevalence,192,Southern Sub-Saharan Africa,2,Female,22,All ages,559,Schizophrenia,3,Rate,2000,203.7760422584,248.77311046677,164.18388472441
5,Prevalence,192,Southern Sub-Saharan Africa,3,Both,22,All ages,559,Schizophrenia,3,Rate,2000,194.45723953693,237.51973221785,156.67071320532
5,Prevalence,192,Southern Sub-Saharan Africa,1,Male,27,Age-standardized,559,Schizophrenia,2,Percent,2000,0.0022162571718908,0.0026835096718524,0.0018178324746873
5,Prevalence,192,Southern Sub-Saharan Africa,2,Female,27,Age-standardized,559,Schizophrenia,2,Percent,2000,0.0023259482089013,0.0028201466035021,0.0019125218436812
5,Prevalence,192,Southern Sub-Saharan Africa,3,Both,27,Age-standardized,559,Schizophrenia,2,Percent,2000,0.0022758202199119,0.0027546664595781,0.0018681008473682
5,Prevalence,192,Southern Sub-Saharan Africa,1,Male,27,Age-standardized,559,Schizophrenia,3,Rate,2000,217.04218151291002,262.6754020372,177.98378936026
5,Prevalence,192,Southern Sub-Saharan Africa,2,Female,27,Age-standardized,559,Schizophrenia,3,Rate,2000,229.8313745513,278.51524742751,188.83990413116
5,Prevalence,192,Southern Sub-Saharan Africa,3,Both,27,Age-standardized,559,Schizophrenia,3,Rate,2000,223.8907507547,270.83389901144,183.66721310986
6,Incidence,42,Central Europe,1,Male,22,All ages,559,Schizophrenia,1,Number,2000,8122.021877731928,10048.83756120313,6499.805947396693
6,Incidence,42,Central Europe,2,Female,22,All ages,559,Schizophrenia,1,Number,2000,7540.919283432658,9362.319752132778,5932.310475172344
6,Incidence,42,Central Europe,3,Both,22,All ages,559,Schizophrenia,1,Number,2000,15662.941161164574,19404.93043236469,12442.078553482374
6,Incidence,42,Central Europe,1,Male,22,All ages,559,Schizophrenia,2,Percent,2000,4.01129668229e-05,4.96139373639e-05,3.13265065314e-05
6,Incidence,42,Central Europe,2,Female,22,All ages,559,Schizophrenia,2,Percent,2000,3.33393239163e-05,4.1638947202e-05,2.58198309798e-05
6,Incidence,42,Central Europe,3,Both,22,All ages,559,Schizophrenia,2,Percent,2000,3.65384545144e-05,4.54519165963e-05,2.83829539398e-05
6,Incidence,42,Central Europe,1,Male,22,All ages,559,Schizophrenia,3,Rate,2000,13.63164690529,16.86553022204,10.90899051513
6,Incidence,42,Central Europe,2,Female,22,All ages,559,Schizophrenia,3,Rate,2000,11.99363990939,14.890530929079999,9.43518860177
6,Incidence,42,Central Europe,3,Both,22,All ages,559,Schizophrenia,3,Rate,2000,12.79062467097,15.84639687865,10.16041337746
6,Incidence,42,Central Europe,1,Male,27,Age-standardized,559,Schizophrenia,2,Percent,2000,3.69935933793e-05,4.60755866193e-05,2.8754621195e-05
6,Incidence,42,Central Europe,2,Female,27,Age-standardized,559,Schizophrenia,2,Percent,2000,3.34533029847e-05,4.15947476074e-05,2.56876580696e-05
6,Incidence,42,Central Europe,3,Both,27,Age-standardized,559,Schizophrenia,2,Percent,2000,3.51514813496e-05,4.38139145512e-05,2.71607678756e-05
6,Incidence,42,Central Europe,1,Male,27,Age-standardized,559,Schizophrenia,3,Rate,2000,12.84834960599,16.0443426326,10.24985985442
6,Incidence,42,Central Europe,2,Female,27,Age-standardized,559,Schizophrenia,3,Rate,2000,12.19452344766,15.28611880392,9.49341571175
6,Incidence,42,Central Europe,3,Both,27,Age-standardized,559,Schizophrenia,3,Rate,2000,12.52027375995,15.622091929719998,9.877150408750001
6,Incidence,1,Global,1,Male,22,All ages,559,Schizophrenia,1,Number,2000,538471.2046389543,646783.0293180133,444280.06753705
6,Incidence,1,Global,2,Female,22,All ages,559,Schizophrenia,1,Number,2000,461908.3348381792,556225.9141162091,379411.5900329429
6,Incidence,1,Global,3,Both,22,All ages,559,Schizophrenia,1,Number,2000,1000379.5394771332,1203485.2150210803,823721.141318212
6,Incidence,1,Global,1,Male,22,All ages,559,Schizophrenia,2,Percent,2000,3.89816403747e-05,4.70103298567e-05,3.18825238302e-05
6,Incidence,1,Global,2,Female,22,All ages,559,Schizophrenia,2,Percent,2000,3.19765543437e-05,3.85044962803e-05,2.60249984876e-05
6,Incidence,1,Global,3,Both,22,All ages,559,Schizophrenia,2,Percent,2000,3.54006029048e-05,4.27098514276e-05,2.88414342354e-05
6,Incidence,1,Global,1,Male,22,All ages,559,Schizophrenia,3,Rate,2000,17.52728096331,21.05283955668,14.461351884809998
6,Incidence,1,Global,2,Female,22,All ages,559,Schizophrenia,3,Rate,2000,15.261680171739998,18.3779797077,12.535946861749999
6,Incidence,1,Global,3,Both,22,All ages,559,Schizophrenia,3,Rate,2000,16.40295041684,19.73321877385,13.506330852589999
6,Incidence,1,Global,1,Male,27,Age-standardized,559,Schizophrenia,2,Percent,2000,3.70101432921e-05,4.46096016638e-05,3.02364405343e-05
6,Incidence,1,Global,2,Female,27,Age-standardized,559,Schizophrenia,2,Percent,2000,3.02529257501e-05,3.64707370078e-05,2.47065930997e-05
6,Incidence,1,Global,3,Both,27,Age-standardized,559,Schizophrenia,2,Percent,2000,3.35486383458e-05,4.04370550177e-05,2.7450777136e-05
6,Incidence,1,Global,1,Male,27,Age-standardized,559,Schizophrenia,3,Rate,2000,16.56421503073,19.79364241736,13.763705409209999
6,Incidence,1,Global,2,Female,27,Age-standardized,559,Schizophrenia,3,Rate,2000,14.432440727440001,17.29177258715,11.95539663015
6,Incidence,1,Global,3,Both,27,Age-standardized,559,Schizophrenia,3,Rate,2000,15.50663005777,18.551515934810002,12.868132426949998
6,Incidence,5,East Asia,1,Male,22,All ages,559,Schizophrenia,1,Number,2000,142044.40179574394,166024.97266111147,122187.9398383404
6,Incidence,5,East Asia,2,Female,22,All ages,559,Schizophrenia,1,Number,2000,123137.16568266512,142814.814074845,106057.3436510611
6,Incidence,5,East Asia,3,Both,22,All ages,559,Schizophrenia,1,Number,2000,265181.56747840927,308469.35415630846,227418.6074893754
6,Incidence,5,East Asia,1,Male,22,All ages,559,Schizophrenia,2,Percent,2000,6.667867946e-05,7.89984832223e-05,5.59081240244e-05
6,Incidence,5,East Asia,2,Female,22,All ages,559,Schizophrenia,2,Percent,2000,5.82449269538e-05,6.80709360787e-05,4.91632765746e-05
6,Incidence,5,East Asia,3,Both,22,All ages,559,Schizophrenia,2,Percent,2000,6.24770474533e-05,7.38519036423e-05,5.2510449587e-05
6,Incidence,5,East Asia,1,Male,22,All ages,559,Schizophrenia,3,Rate,2000,21.16000616325,24.7323329913,18.20203772459
6,Incidence,5,East Asia,2,Female,22,All ages,559,Schizophrenia,3,Rate,2000,19.438578276279998,22.54491507105,16.74233741621
6,Incidence,5,East Asia,3,Both,22,All ages,559,Schizophrenia,3,Rate,2000,20.324240579759998,23.64193493904,17.429984047829997
6,Incidence,5,East Asia,1,Male,27,Age-standardized,559,Schizophrenia,2,Percent,2000,5.75041745201e-05,6.76324437219e-05,4.8868511006e-05
6,Incidence,5,East Asia,2,Female,27,Age-standardized,559,Schizophrenia,2,Percent,2000,5.04069727301e-05,5.86433042636e-05,4.28386335884e-05
6,Incidence,5,East Asia,3,Both,27,Age-standardized,559,Schizophrenia,2,Percent,2000,5.39741277417e-05,6.30368564409e-05,4.59678923609e-05
6,Incidence,5,East Asia,1,Male,27,Age-standardized,559,Schizophrenia,3,Rate,2000,18.89915683959,21.95496359159,16.2116337697
6,Incidence,5,East Asia,2,Female,27,Age-standardized,559,Schizophrenia,3,Rate,2000,17.33876456137,19.98706783994,14.97517137697
6,Incidence,5,East Asia,3,Both,27,Age-standardized,559,Schizophrenia,3,Rate,2000,18.142284017279998,20.922110514059998,15.679030512959999
6,Incidence,21,Oceania,1,Male,22,All ages,559,Schizophrenia,1,Number,2000,817.340040642862,1038.8730198409048,618.8983230030988
6,Incidence,21,Oceania,2,Female,22,All ages,559,Schizophrenia,1,Number,2000,659.9493830295582,840.8602745603149,504.93225636588846
6,Incidence,21,Oceania,3,Both,22,All ages,559,Schizophrenia,1,Number,2000,1477.2894236724203,1881.6026553336524,1123.419027049074
6,Incidence,21,Oceania,1,Male,22,All ages,559,Schizophrenia,2,Percent,2000,3.43219135299e-05,4.41697832053e-05,2.55108605436e-05
6,Incidence,21,Oceania,2,Female,22,All ages,559,Schizophrenia,2,Percent,2000,2.86268003726e-05,3.6517865229e-05,2.1734455059e-05
6,Incidence,21,Oceania,3,Both,22,All ages,559,Schizophrenia,2,Percent,2000,3.15193176098e-05,4.01884262635e-05,2.36511237678e-05
6,Incidence,21,Oceania,1,Male,22,All ages,559,Schizophrenia,3,Rate,2000,18.97444140096,24.11730033745,14.36764306045
6,Incidence,21,Oceania,2,Female,22,All ages,559,Schizophrenia,3,Rate,2000,16.343798170979998,20.82409798509,12.504763395909999
6,Incidence,21,Oceania,3,Both,22,All ages,559,Schizophrenia,3,Rate,2000,17.70162124294,22.54630473941,13.46136904202
6,Incidence,21,Oceania,1,Male,27,Age-standardized,559,Schizophrenia,2,Percent,2000,3.60128276357e-05,4.53579075981e-05,2.75523717295e-05
6,Incidence,21,Oceania,2,Female,27,Age-standardized,559,Schizophrenia,2,Percent,2000,2.85548991673e-05,3.61210947327e-05,2.21778869584e-05
6,Incidence,21,Oceania,3,Both,27,Age-standardized,559,Schizophrenia,2,Percent,2000,3.22527553146e-05,4.07062476391e-05,2.48575176036e-05
6,Incidence,21,Oceania,1,Male,27,Age-standardized,559,Schizophrenia,3,Rate,2000,18.56692509059,23.20189560176,14.42391020725
6,Incidence,21,Oceania,2,Female,27,Age-standardized,559,Schizophrenia,3,Rate,2000,15.43105480363,19.3145123075,12.18085395267
6,Incidence,21,Oceania,3,Both,27,Age-standardized,559,Schizophrenia,3,Rate,2000,17.02658640511,21.25701416766,13.337540045359999
6,Incidence,9,Southeast Asia,1,Male,22,All ages,559,Schizophrenia,1,Number,2000,55944.07584415846,68309.5482601934,44880.3624395532
6,Incidence,9,Southeast Asia,2,Female,22,All ages,559,Schizophrenia,1,Number,2000,46692.36852477824,57593.99471478292,37209.75840412588
6,Incidence,9,Southeast Asia,3,Both,22,All ages,559,Schizophrenia,1,Number,2000,102636.44436893667,125793.78345502936,82175.93478195055
6,Incidence,9,Southeast Asia,1,Male,22,All ages,559,Schizophrenia,2,Percent,2000,4.16090481959e-05,5.09008458885e-05,3.28334951341e-05
6,Incidence,9,Southeast Asia,2,Female,22,All ages,559,Schizophrenia,2,Percent,2000,3.43267125719e-05,4.24911950784e-05,2.7058189367e-05
6,Incidence,9,Southeast Asia,3,Both,22,All ages,559,Schizophrenia,2,Percent,2000,3.79464020218e-05,4.67112805194e-05,2.99309265032e-05
6,Incidence,9,Southeast Asia,1,Male,22,All ages,559,Schizophrenia,3,Rate,2000,20.72189369094,25.30211064826,16.62385311134
6,Incidence,9,Southeast Asia,2,Female,22,All ages,559,Schizophrenia,3,Rate,2000,17.11216764587,21.10747696236,13.636909927489999
6,Incidence,9,Southeast Asia,3,Both,22,All ages,559,Schizophrenia,3,Rate,2000,18.90743860737,23.17342784513,15.13825280529
6,Incidence,9,Southeast Asia,1,Male,27,Age-standardized,559,Schizophrenia,2,Percent,2000,3.8487683197e-05,4.70795100106e-05,3.07767493243e-05
6,Incidence,9,Southeast Asia,2,Female,27,Age-standardized,559,Schizophrenia,2,Percent,2000,3.1091267533e-05,3.82775933945e-05,2.46814338931e-05
6,Incidence,9,Southeast Asia,3,Both,27,Age-standardized,559,Schizophrenia,2,Percent,2000,3.47190358399e-05,4.23838911328e-05,2.76375371105e-05
6,Incidence,9,Southeast Asia,1,Male,27,Age-standardized,559,Schizophrenia,3,Rate,2000,18.840258996670002,22.81335627709,15.358134700550002
6,Incidence,9,Southeast Asia,2,Female,27,Age-standardized,559,Schizophrenia,3,Rate,2000,15.38910469607,18.81916508798,12.469779235539999
6,Incidence,9,Southeast Asia,3,Both,27,Age-standardized,559,Schizophrenia,3,Rate,2000,17.09650770437,20.79015514659,13.94590762532
6,Incidence,32,Central Asia,1,Male,22,All ages,559,Schizophrenia,1,Number,2000,4975.642774694436,6333.343085562786,3785.512352614399
6,Incidence,32,Central Asia,2,Female,22,All ages,559,Schizophrenia,1,Number,2000,4805.158742713247,6117.433065187666,3665.9005737708935
6,Incidence,32,Central Asia,3,Both,22,All ages,559,Schizophrenia,1,Number,2000,9780.80151740768,12382.900854739486,7451.412926385292
6,Incidence,32,Central Asia,1,Male,22,All ages,559,Schizophrenia,2,Percent,2000,4.18676409135e-05,5.34254382453e-05,3.16614466068e-05
6,Incidence,32,Central Asia,2,Female,22,All ages,559,Schizophrenia,2,Percent,2000,3.72404921728e-05,4.76818033703e-05,2.78847524368e-05
6,Incidence,32,Central Asia,3,Both,22,All ages,559,Schizophrenia,2,Percent,2000,3.94583664118e-05,5.04989356403e-05,2.9699297016e-05
6,Incidence,32,Central Asia,1,Male,22,All ages,559,Schizophrenia,3,Rate,2000,13.634938309170002,17.35549479188,10.3735798034
6,Incidence,32,Central Asia,2,Female,22,All ages,559,Schizophrenia,3,Rate,2000,12.6760893234,16.13789098682,9.67070717368
6,Incidence,32,Central Asia,3,Both,22,All ages,559,Schizophrenia,3,Rate,2000,13.146393022349999,16.643879451340002,10.01545760107
6,Incidence,32,Central Asia,1,Male,27,Age-standardized,559,Schizophrenia,2,Percent,2000,3.93925088879e-05,5.02506187996e-05,2.97645730469e-05
6,Incidence,32,Central Asia,2,Female,27,Age-standardized,559,Schizophrenia,2,Percent,2000,3.54475161018e-05,4.52916683393e-05,2.66862908505e-05
6,Incidence,32,Central Asia,3,Both,27,Age-standardized,559,Schizophrenia,2,Percent,2000,3.73315691812e-05,4.76775786017e-05,2.81881800319e-05
6,Incidence,32,Central Asia,1,Male,27,Age-standardized,559,Schizophrenia,3,Rate,2000,12.810632728389999,16.25662133333,9.85832819392
6,Incidence,32,Central Asia,2,Female,27,Age-standardized,559,Schizophrenia,3,Rate,2000,12.06371669509,15.24956549536,9.23006082539
6,Incidence,32,Central Asia,3,Both,27,Age-standardized,559,Schizophrenia,3,Rate,2000,12.42747301204,15.740181622749999,9.52228310886
6,Incidence,56,Eastern Europe,1,Male,22,All ages,559,Schizophrenia,1,Number,2000,12563.661462790256,15158.623933891417,10432.313052364329
6,Incidence,56,Eastern Europe,2,Female,22,All ages,559,Schizophrenia,1,Number,2000,12692.729792224498,15201.64669649777,10544.265441897189
6,Incidence,56,Eastern Europe,3,Both,22,All ages,559,Schizophrenia,1,Number,2000,25256.39125501475,30338.947172706048,21015.91048283046
6,Incidence,56,Eastern Europe,1,Male,22,All ages,559,Schizophrenia,2,Percent,2000,3.00380366716e-05,3.62139277416e-05,2.42119787808e-05
6,Incidence,56,Eastern Europe,2,Female,22,All ages,559,Schizophrenia,2,Percent,2000,2.50806432444e-05,3.02007638401e-05,2.03068845867e-05
6,Incidence,56,Eastern Europe,3,Both,22,All ages,559,Schizophrenia,2,Percent,2000,2.73233127011e-05,3.27910337326e-05,2.20036004887e-05
6,Incidence,56,Eastern Europe,1,Male,22,All ages,559,Schizophrenia,3,Rate,2000,12.196733422869999,14.71590871234,10.1276321127
6,Incidence,56,Eastern Europe,2,Female,22,All ages,559,Schizophrenia,3,Rate,2000,10.79936098316,12.934023878340001,8.97138209616
6,Incidence,56,Eastern Europe,3,Both,22,All ages,559,Schizophrenia,3,Rate,2000,11.452034862029999,13.75662410322,9.52926873347
6,Incidence,56,Eastern Europe,1,Male,27,Age-standardized,559,Schizophrenia,2,Percent,2000,2.6738839006e-05,3.23565990891e-05,2.14691854155e-05
6,Incidence,56,Eastern Europe,2,Female,27,Age-standardized,559,Schizophrenia,2,Percent,2000,2.51039948087e-05,3.02843567793e-05,2.03131203607e-05
6,Incidence,56,Eastern Europe,3,Both,27,Age-standardized,559,Schizophrenia,2,Percent,2000,2.58470519112e-05,3.11700985923e-05,2.08227456967e-05
6,Incidence,56,Eastern Europe,1,Male,27,Age-standardized,559,Schizophrenia,3,Rate,2000,11.19302863184,13.542343216519999,9.20735498482
6,Incidence,56,Eastern Europe,2,Female,27,Age-standardized,559,Schizophrenia,3,Rate,2000,11.19099046924,13.540410588719999,9.19534983918
6,Incidence,56,Eastern Europe,3,Both,27,Age-standardized,559,Schizophrenia,3,Rate,2000,11.18150927612,13.52377655166,9.197862350360001
6,Incidence,73,Western Europe,1,Male,22,All ages,559,Schizophrenia,1,Number,2000,30126.812223700043,36594.88643595784,25244.872046489618
6,Incidence,73,Western Europe,2,Female,22,All ages,559,Schizophrenia,1,Number,2000,25555.09113382713,30988.17613666497,21312.58024679437
6,Incidence,73,Western Europe,3,Both,22,All ages,559,Schizophrenia,1,Number,2000,55681.90335752718,67330.06771611465,46686.41227709741
6,Incidence,73,Western Europe,1,Male,22,All ages,559,Schizophrenia,2,Percent,2000,4.01918967874e-05,4.88129307189e-05,3.31934771716e-05
6,Incidence,73,Western Europe,2,Female,22,All ages,559,Schizophrenia,2,Percent,2000,2.77845974213e-05,3.37847096952e-05,2.2799939148e-05
6,Incidence,73,Western Europe,3,Both,22,All ages,559,Schizophrenia,2,Percent,2000,3.33553207133e-05,4.07469484773e-05,2.74558184386e-05
6,Incidence,73,Western Europe,1,Male,22,All ages,559,Schizophrenia,3,Rate,2000,15.48508989021,18.8096603708,12.975787481400001
6,Incidence,73,Western Europe,2,Female,22,All ages,559,Schizophrenia,3,Rate,2000,12.53194016407,15.196266258829999,10.45145873267
6,Incidence,73,Western Europe,3,Both,22,All ages,559,Schizophrenia,3,Rate,2000,13.973808598920002,16.89700643271,11.71631984528
6,Incidence,73,Western Europe,1,Male,27,Age-standardized,559,Schizophrenia,2,Percent,2000,3.77891722247e-05,4.58399058743e-05,3.07651491258e-05
6,Incidence,73,Western Europe,2,Female,27,Age-standardized,559,Schizophrenia,2,Percent,2000,2.76914554464e-05,3.33226611656e-05,2.2504539684e-05
6,Incidence,73,Western Europe,3,Both,27,Age-standardized,559,Schizophrenia,2,Percent,2000,3.24063988189e-05,3.92963506601e-05,2.65018065911e-05
6,Incidence,73,Western Europe,1,Male,27,Age-standardized,559,Schizophrenia,3,Rate,2000,15.392001863720001,18.47160407362,12.7610213077
6,Incidence,73,Western Europe,2,Female,27,Age-standardized,559,Schizophrenia,3,Rate,2000,13.09044309428,15.68051351614,10.81482263058
6,Incidence,73,Western Europe,3,Both,27,Age-standardized,559,Schizophrenia,3,Rate,2000,14.25571290974,17.1495407359,11.84218892024
6,Incidence,96,Southern Latin America,1,Male,22,All ages,559,Schizophrenia,1,Number,2000,4481.787060743783,5686.808544084679,3363.5376984813065
6,Incidence,96,Southern Latin America,2,Female,22,All ages,559,Schizophrenia,1,Number,2000,4094.352006767333,5194.845241157946,3112.7697289618745
6,Incidence,96,Southern Latin America,3,Both,22,All ages,559,Schizophrenia,1,Number,2000,8576.13906751112,10819.73701329163,6498.895736090879
6,Incidence,96,Southern Latin America,1,Male,22,All ages,559,Schizophrenia,2,Percent,2000,3.59679365319e-05,4.62373705007e-05,2.67611426856e-05
6,Incidence,96,Southern Latin America,2,Female,22,All ages,559,Schizophrenia,2,Percent,2000,2.82827067441e-05,3.61524433755e-05,2.15356917606e-05
6,Incidence,96,Southern Latin America,3,Both,22,All ages,559,Schizophrenia,2,Percent,2000,3.18365634306e-05,4.06483099492e-05,2.38979828917e-05
6,Incidence,96,Southern Latin America,1,Male,22,All ages,559,Schizophrenia,3,Rate,2000,16.5850914171,21.044337514680002,12.44695016923
6,Incidence,96,Southern Latin America,2,Female,22,All ages,559,Schizophrenia,3,Rate,2000,14.509871826129999,18.40988231622,11.03126690544
6,Incidence,96,Southern Latin America,3,Both,22,All ages,559,Schizophrenia,3,Rate,2000,15.525040816729998,19.58653625312,11.76469047111
6,Incidence,96,Southern Latin America,1,Male,27,Age-standardized,559,Schizophrenia,2,Percent,2000,3.46047281787e-05,4.45390966965e-05,2.59469940187e-05
6,Incidence,96,Southern Latin America,2,Female,27,Age-standardized,559,Schizophrenia,2,Percent,2000,2.78105709601e-05,3.5501888931e-05,2.12430569853e-05
6,Incidence,96,Southern Latin America,3,Both,27,Age-standardized,559,Schizophrenia,2,Percent,2000,3.09802550324e-05,3.9558214151e-05,2.33361525329e-05
6,Incidence,96,Southern Latin America,1,Male,27,Age-standardized,559,Schizophrenia,3,Rate,2000,16.00789261464,20.369946799050002,12.13866449323
6,Incidence,96,Southern Latin America,2,Female,27,Age-standardized,559,Schizophrenia,3,Rate,2000,14.41475886753,18.34345869616,11.01024030311
6,Incidence,96,Southern Latin America,3,Both,27,Age-standardized,559,Schizophrenia,3,Rate,2000,15.20919998276,19.21899938574,11.57150763958
6,Incidence,100,High-income North America,1,Male,22,All ages,559,Schizophrenia,1,Number,2000,26268.95902359198,31250.299213655308,22003.75908972972
6,Incidence,100,High-income North America,2,Female,22,All ages,559,Schizophrenia,1,Number,2000,23522.39515264906,28071.81071870642,19600.283237602023
6,Incidence,100,High-income North America,3,Both,22,All ages,559,Schizophrenia,1,Number,2000,49791.354176241046,59381.03521609027,41541.62324193011
6,Incidence,100,High-income North America,1,Male,22,All ages,559,Schizophrenia,2,Percent,2000,3.54158487946e-05,4.24132843269e-05,2.88839353571e-05
6,Incidence,100,High-income North America,2,Female,22,All ages,559,Schizophrenia,2,Percent,2000,2.77777922886e-05,3.35247310898e-05,2.28692568338e-05
6,Incidence,100,High-income North America,3,Both,22,All ages,559,Schizophrenia,2,Percent,2000,3.13437651086e-05,3.76649775706e-05,2.5735571054e-05
6,Incidence,100,High-income North America,1,Male,22,All ages,559,Schizophrenia,3,Rate,2000,17.16794252903,20.42347168889,14.380443135790001
6,Incidence,100,High-income North America,2,Female,22,All ages,559,Schizophrenia,3,Rate,2000,14.848675463340001,17.72052566608,12.37281505118
6,Incidence,100,High-income North America,3,Both,22,All ages,559,Schizophrenia,3,Rate,2000,15.98819244696,19.067475356750002,13.3391725921
6,Incidence,100,High-income North America,1,Male,27,Age-standardized,559,Schizophrenia,2,Percent,2000,3.55175688121e-05,4.27695100855e-05,2.89137492826e-05
6,Incidence,100,High-income North America,2,Female,27,Age-standardized,559,Schizophrenia,2,Percent,2000,2.94554402657e-05,3.55028781964e-05,2.41158548317e-05
6,Incidence,100,High-income North America,3,Both,27,Age-standardized,559,Schizophrenia,2,Percent,2000,3.2373900238e-05,3.89383725048e-05,2.64489574838e-05
6,Incidence,100,High-income North America,1,Male,27,Age-standardized,559,Schizophrenia,3,Rate,2000,17.70389342973,21.0986939356,14.64877188905
6,Incidence,100,High-income North America,2,Female,27,Age-standardized,559,Schizophrenia,3,Rate,2000,16.24508062583,19.43329977627,13.417985383529999
6,Incidence,100,High-income North America,3,Both,27,Age-standardized,559,Schizophrenia,3,Rate,2000,16.98554757885,20.30048814061,14.000541500499999
6,Incidence,70,Australasia,1,Male,22,All ages,559,Schizophrenia,1,Number,2000,2481.567859763654,2792.665403821613,2186.35136531596
6,Incidence,70,Australasia,2,Female,22,All ages,559,Schizophrenia,1,Number,2000,1929.3739443255968,2288.0568573874307,1648.7896515931734
6,Incidence,70,Australasia,3,Both,22,All ages,559,Schizophrenia,1,Number,2000,4410.941804089254,5073.683219971249,3854.4516678697855
6,Incidence,70,Australasia,1,Male,22,All ages,559,Schizophrenia,2,Percent,2000,5.13188483848e-05,5.87761879805e-05,4.47035510448e-05
6,Incidence,70,Australasia,2,Female,22,All ages,559,Schizophrenia,2,Percent,2000,3.44407539088e-05,4.04249824279e-05,2.91527091845e-05
6,Incidence,70,Australasia,3,Both,22,All ages,559,Schizophrenia,2,Percent,2000,4.22593626129e-05,4.90626870396e-05,3.65809597839e-05
6,Incidence,70,Australasia,1,Male,22,All ages,559,Schizophrenia,3,Rate,2000,22.08132804357,24.849516266539997,19.454451558160002
6,Incidence,70,Australasia,2,Female,22,All ages,559,Schizophrenia,3,Rate,2000,16.761488385110002,19.87755590478,14.3239047443
6,Incidence,70,Australasia,3,Both,22,All ages,559,Schizophrenia,3,Rate,2000,19.38955257355,22.30282146184,16.94334148482
6,Incidence,70,Australasia,1,Male,27,Age-standardized,559,Schizophrenia,2,Percent,2000,5.25339803886e-05,6.0108027574e-05,4.59691344843e-05
6,Incidence,70,Australasia,2,Female,27,Age-standardized,559,Schizophrenia,2,Percent,2000,3.4275512948e-05,3.99758484166e-05,2.92010019902e-05
6,Incidence,70,Australasia,3,Both,27,Age-standardized,559,Schizophrenia,2,Percent,2000,4.29907915964e-05,4.97788887213e-05,3.75012562416e-05
6,Incidence,70,Australasia,1,Male,27,Age-standardized,559,Schizophrenia,3,Rate,2000,23.18885630399,26.048194152879997,20.40966108372
6,Incidence,70,Australasia,2,Female,27,Age-standardized,559,Schizophrenia,3,Rate,2000,17.04307577672,19.77451320143,14.65913142148
6,Incidence,70,Australasia,3,Both,27,Age-standardized,559,Schizophrenia,3,Rate,2000,20.18521212957,22.95302247904,17.856742252140002
6,Incidence,104,Caribbean,1,Male,22,All ages,559,Schizophrenia,1,Number,2000,2934.8325450095103,3690.203953880297,2297.8607356110288
6,Incidence,104,Caribbean,2,Female,22,All ages,559,Schizophrenia,1,Number,2000,2270.10482238848,2879.977493265877,1765.7405835594775
6,Incidence,104,Caribbean,3,Both,22,All ages,559,Schizophrenia,1,Number,2000,5204.937367397987,6541.30448361951,4057.906154809587
6,Incidence,104,Caribbean,1,Male,22,All ages,559,Schizophrenia,2,Percent,2000,3.39260922888e-05,4.2696211677e-05,2.60854354141e-05
6,Incidence,104,Caribbean,2,Female,22,All ages,559,Schizophrenia,2,Percent,2000,2.38725119215e-05,3.04766308755e-05,1.83450156417e-05
6,Incidence,104,Caribbean,3,Both,22,All ages,559,Schizophrenia,2,Percent,2000,2.86611999392e-05,3.61793559807e-05,2.20484344751e-05
6,Incidence,104,Caribbean,1,Male,22,All ages,559,Schizophrenia,3,Rate,2000,14.804066316430001,18.61435813342,11.59101318191
6,Incidence,104,Caribbean,2,Female,22,All ages,559,Schizophrenia,3,Rate,2000,11.17129642981,14.172509556019998,8.68929543806
6,Incidence,104,Caribbean,3,Both,22,All ages,559,Schizophrenia,3,Rate,2000,12.96522306788,16.29404271342,10.108029121569999
6,Incidence,104,Caribbean,1,Male,27,Age-standardized,559,Schizophrenia,2,Percent,2000,3.25160939795e-05,4.0855593328e-05,2.51552161638e-05
6,Incidence,104,Caribbean,2,Female,27,Age-standardized,559,Schizophrenia,2,Percent,2000,2.25554084884e-05,2.86044421469e-05,1.73613588711e-05
6,Incidence,104,Caribbean,3,Both,27,Age-standardized,559,Schizophrenia,2,Percent,2000,2.72612717873e-05,3.43766826727e-05,2.10345153052e-05
6,Incidence,104,Caribbean,1,Male,27,Age-standardized,559,Schizophrenia,3,Rate,2000,14.12564567798,17.66508236258,11.129807974490001
6,Incidence,104,Caribbean,2,Female,27,Age-standardized,559,Schizophrenia,3,Rate,2000,10.554744301460001,13.365408817959999,8.21543208246
6,Incidence,104,Caribbean,3,Both,27,Age-standardized,559,Schizophrenia,3,Rate,2000,12.30921897003,15.43008987273,9.64163458114
6,Incidence,138,North Africa and Middle East,1,Male,22,All ages,559,Schizophrenia,1,Number,2000,35366.903162071874,44878.97529398155,27076.8680795178
6,Incidence,138,North Africa and Middle East,2,Female,22,All ages,559,Schizophrenia,1,Number,2000,30178.27545909,38367.77541990155,23067.2327119129
6,Incidence,138,North Africa and Middle East,3,Both,22,All ages,559,Schizophrenia,1,Number,2000,65545.17862116189,83373.45941344452,50138.7569708524
6,Incidence,138,North Africa and Middle East,1,Male,22,All ages,559,Schizophrenia,2,Percent,2000,3.99715643908e-05,5.05082967966e-05,3.02250470363e-05
6,Incidence,138,North Africa and Middle East,2,Female,22,All ages,559,Schizophrenia,2,Percent,2000,3.28098362088e-05,4.14267083524e-05,2.47867354467e-05
6,Incidence,138,North Africa and Middle East,3,Both,22,All ages,559,Schizophrenia,2,Percent,2000,3.63208731678e-05,4.59200051262e-05,2.74986100151e-05
6,Incidence,138,North Africa and Middle East,1,Male,22,All ages,559,Schizophrenia,3,Rate,2000,16.40369696357,20.81553783164,12.55865509806
6,Incidence,138,North Africa and Middle East,2,Female,22,All ages,559,Schizophrenia,3,Rate,2000,14.72561676288,18.7217178014,11.25575346929
6,Incidence,138,North Africa and Middle East,3,Both,22,All ages,559,Schizophrenia,3,Rate,2000,15.58593707373,19.825310104779998,11.92245604546
6,Incidence,138,North Africa and Middle East,1,Male,27,Age-standardized,559,Schizophrenia,2,Percent,2000,3.74874561871e-05,4.70395878954e-05,2.90109807567e-05
6,Incidence,138,North Africa and Middle East,2,Female,27,Age-standardized,559,Schizophrenia,2,Percent,2000,3.04073292062e-05,3.80475684273e-05,2.37772942298e-05
6,Incidence,138,North Africa and Middle East,3,Both,27,Age-standardized,559,Schizophrenia,2,Percent,2000,3.38717606319e-05,4.24870896729e-05,2.64046170001e-05
6,Incidence,138,North Africa and Middle East,1,Male,27,Age-standardized,559,Schizophrenia,3,Rate,2000,14.938985440520002,18.621231331849998,11.8637088886
6,Incidence,138,North Africa and Middle East,2,Female,27,Age-standardized,559,Schizophrenia,3,Rate,2000,13.354455129369999,16.68761090464,10.56402183499
6,Incidence,138,North Africa and Middle East,3,Both,27,Age-standardized,559,Schizophrenia,3,Rate,2000,14.16801250398,17.66359351379,11.197465838420001
6,Incidence,65,High-income Asia Pacific,1,Male,22,All ages,559,Schizophrenia,1,Number,2000,14445.734127427946,17654.100915161616,11689.747588557164
6,Incidence,65,High-income Asia Pacific,2,Female,22,All ages,559,Schizophrenia,1,Number,2000,12977.59159650509,16000.98537806881,10709.816828900244
6,Incidence,65,High-income Asia Pacific,3,Both,22,All ages,559,Schizophrenia,1,Number,2000,27423.32572393305,33449.816690526466,22414.56617025529
6,Incidence,65,High-income Asia Pacific,1,Male,22,All ages,559,Schizophrenia,2,Percent,2000,3.94448623593e-05,4.8625821732e-05,3.1597903334e-05
6,Incidence,65,High-income Asia Pacific,2,Female,22,All ages,559,Schizophrenia,2,Percent,2000,3.21255752327e-05,3.9737956003e-05,2.59200360645e-05
6,Incidence,65,High-income Asia Pacific,3,Both,22,All ages,559,Schizophrenia,2,Percent,2000,3.56056327912e-05,4.40142902222e-05,2.86131123251e-05
6,Incidence,65,High-income Asia Pacific,1,Male,22,All ages,559,Schizophrenia,3,Rate,2000,16.24575183633,19.85389872411,13.14635425779
6,Incidence,65,High-income Asia Pacific,2,Female,22,All ages,559,Schizophrenia,3,Rate,2000,14.2273266095,17.54187156799,11.74116636508
6,Incidence,65,High-income Asia Pacific,3,Both,22,All ages,559,Schizophrenia,3,Rate,2000,15.223676537560001,18.56919888797,12.4431335769
6,Incidence,65,High-income Asia Pacific,1,Male,27,Age-standardized,559,Schizophrenia,2,Percent,2000,3.58387930189e-05,4.39745133673e-05,2.82164445224e-05
6,Incidence,65,High-income Asia Pacific,2,Female,27,Age-standardized,559,Schizophrenia,2,Percent,2000,3.03051761759e-05,3.72738764561e-05,2.40765092294e-05
6,Incidence,65,High-income Asia Pacific,3,Both,27,Age-standardized,559,Schizophrenia,2,Percent,2000,3.30429726552e-05,4.07926129714e-05,2.61960026904e-05
6,Incidence,65,High-income Asia Pacific,1,Male,27,Age-standardized,559,Schizophrenia,3,Rate,2000,15.68274433815,19.25834399247,12.57907592844
6,Incidence,65,High-income Asia Pacific,2,Female,27,Age-standardized,559,Schizophrenia,3,Rate,2000,14.377305716010001,17.51207013275,11.699048649209999
6,Incidence,65,High-income Asia Pacific,3,Both,27,Age-standardized,559,Schizophrenia,3,Rate,2000,15.04974761301,18.36462853617,12.15742617952
6,Incidence,124,Central Latin America,1,Male,22,All ages,559,Schizophrenia,1,Number,2000,15727.65374848194,19504.492555118733,12385.76735656564
6,Incidence,124,Central Latin America,2,Female,22,All ages,559,Schizophrenia,1,Number,2000,13250.744174335012,16555.40921968797,10383.984603499235
6,Incidence,124,Central Latin America,3,Both,22,All ages,559,Schizophrenia,1,Number,2000,28978.39792281696,36090.75511300223,22757.424893005536
6,Incidence,124,Central Latin America,1,Male,22,All ages,559,Schizophrenia,2,Percent,2000,3.59776040584e-05,4.42463587912e-05,2.79842691737e-05
6,Incidence,124,Central Latin America,2,Female,22,All ages,559,Schizophrenia,2,Percent,2000,2.7815046056e-05,3.43337392507e-05,2.15500298122e-05
6,Incidence,124,Central Latin America,3,Both,22,All ages,559,Schizophrenia,2,Percent,2000,3.17207405342e-05,3.91323053556e-05,2.46705625969e-05
6,Incidence,124,Central Latin America,1,Male,22,All ages,559,Schizophrenia,3,Rate,2000,16.09532768677,19.96045971378,12.675316194270001
6,Incidence,124,Central Latin America,2,Female,22,All ages,559,Schizophrenia,3,Rate,2000,13.082267028059999,16.34491477016,10.25195699282
6,Incidence,124,Central Latin America,3,Both,22,All ages,559,Schizophrenia,3,Rate,2000,14.56175462353,18.135741027959998,11.43569213308
6,Incidence,124,Central Latin America,1,Male,27,Age-standardized,559,Schizophrenia,2,Percent,2000,3.50942011971e-05,4.32159410164e-05,2.7830523163e-05
6,Incidence,124,Central Latin America,2,Female,27,Age-standardized,559,Schizophrenia,2,Percent,2000,2.5974321677e-05,3.20030027618e-05,2.04015713811e-05
6,Incidence,124,Central Latin America,3,Both,27,Age-standardized,559,Schizophrenia,2,Percent,2000,3.02438737162e-05,3.7255274157e-05,2.38730621593e-05
6,Incidence,124,Central Latin America,1,Male,27,Age-standardized,559,Schizophrenia,3,Rate,2000,15.303253690150001,18.93045902937,12.3212622723
6,Incidence,124,Central Latin America,2,Female,27,Age-standardized,559,Schizophrenia,3,Rate,2000,12.03823029692,14.84215156626,9.65986666959
6,Incidence,124,Central Latin America,3,Both,27,Age-standardized,559,Schizophrenia,3,Rate,2000,13.6159418162,16.849822517870003,10.927089192339999
6,Incidence,167,Central Sub-Saharan Africa,1,Male,22,All ages,559,Schizophrenia,1,Number,2000,4651.178531348825,5959.743161594852,3532.9393202138053
6,Incidence,167,Central Sub-Saharan Africa,2,Female,22,All ages,559,Schizophrenia,1,Number,2000,4851.66196079974,6182.372203385803,3686.212239189169
6,Incidence,167,Central Sub-Saharan Africa,3,Both,22,All ages,559,Schizophrenia,1,Number,2000,9502.840492148567,12123.887677060093,7220.850981060556
6,Incidence,167,Central Sub-Saharan Africa,1,Male,22,All ages,559,Schizophrenia,2,Percent,2000,1.98427897628e-05,2.54717963575e-05,1.49551615199e-05
6,Incidence,167,Central Sub-Saharan Africa,2,Female,22,All ages,559,Schizophrenia,2,Percent,2000,2.08340280123e-05,2.69101752613e-05,1.56741878214e-05
6,Incidence,167,Central Sub-Saharan Africa,3,Both,22,All ages,559,Schizophrenia,2,Percent,2000,2.03363158963e-05,2.62353675296e-05,1.53463722651e-05
6,Incidence,167,Central Sub-Saharan Africa,1,Male,22,All ages,559,Schizophrenia,3,Rate,2000,12.72433205641,16.30420127887,9.66514029564
6,Incidence,167,Central Sub-Saharan Africa,2,Female,22,All ages,559,Schizophrenia,3,Rate,2000,13.110543778290001,16.70649399754,9.96117357896
6,Incidence,167,Central Sub-Saharan Africa,3,Both,22,All ages,559,Schizophrenia,3,Rate,2000,12.91862550138,16.48180506136,9.81637750341
6,Incidence,167,Central Sub-Saharan Africa,1,Male,27,Age-standardized,559,Schizophrenia,2,Percent,2000,2.38813333389e-05,3.05968832936e-05,1.86083594886e-05
6,Incidence,167,Central Sub-Saharan Africa,2,Female,27,Age-standardized,559,Schizophrenia,2,Percent,2000,2.45620937018e-05,3.12469711673e-05,1.88284050152e-05
6,Incidence,167,Central Sub-Saharan Africa,3,Both,27,Age-standardized,559,Schizophrenia,2,Percent,2000,2.42161244449e-05,3.08371972485e-05,1.87588253821e-05
6,Incidence,167,Central Sub-Saharan Africa,1,Male,27,Age-standardized,559,Schizophrenia,3,Rate,2000,13.65960113971,17.2319155414,10.77113368063
6,Incidence,167,Central Sub-Saharan Africa,2,Female,27,Age-standardized,559,Schizophrenia,3,Rate,2000,13.986465090780001,17.78857367961,10.978215507089999
6,Incidence,167,Central Sub-Saharan Africa,3,Both,27,Age-standardized,559,Schizophrenia,3,Rate,2000,13.815544946020001,17.41583070368,10.83411762707
6,Incidence,120,Andean Latin America,1,Male,22,All ages,559,Schizophrenia,1,Number,2000,3615.62300241997,4642.943188120451,2725.246119924904
6,Incidence,120,Andean Latin America,2,Female,22,All ages,559,Schizophrenia,1,Number,2000,2871.837281957916,3691.5117327259063,2155.0918502683485
6,Incidence,120,Andean Latin America,3,Both,22,All ages,559,Schizophrenia,1,Number,2000,6487.460284377881,8371.38097867489,4857.503117590311
6,Incidence,120,Andean Latin America,1,Male,22,All ages,559,Schizophrenia,2,Percent,2000,3.15652902713e-05,4.06054331267e-05,2.36693250765e-05
6,Incidence,120,Andean Latin America,2,Female,22,All ages,559,Schizophrenia,2,Percent,2000,2.29171882627e-05,2.94090025216e-05,1.71877509801e-05
6,Incidence,120,Andean Latin America,3,Both,22,All ages,559,Schizophrenia,2,Percent,2000,2.70463904009e-05,3.47481640541e-05,2.04324956823e-05
6,Incidence,120,Andean Latin America,1,Male,22,All ages,559,Schizophrenia,3,Rate,2000,15.67776648065,20.13234760304,11.816987623400001
6,Incidence,120,Andean Latin America,2,Female,22,All ages,559,Schizophrenia,3,Rate,2000,12.36420698623,15.89317592688,9.278381431449999
6,Incidence,120,Andean Latin America,3,Both,22,All ages,559,Schizophrenia,3,Rate,2000,14.01508397547,18.08498276117,10.49383134846
6,Incidence,120,Andean Latin America,1,Male,27,Age-standardized,559,Schizophrenia,2,Percent,2000,3.1323662601e-05,4.0164768717e-05,2.4028223257e-05
6,Incidence,120,Andean Latin America,2,Female,27,Age-standardized,559,Schizophrenia,2,Percent,2000,2.19214217924e-05,2.80253072034e-05,1.66322091334e-05
6,Incidence,120,Andean Latin America,3,Both,27,Age-standardized,559,Schizophrenia,2,Percent,2000,2.63220310221e-05,3.36094450668e-05,2.00760479516e-05
6,Incidence,120,Andean Latin America,1,Male,27,Age-standardized,559,Schizophrenia,3,Rate,2000,15.020683571320001,19.157791741009998,11.65167869595
6,Incidence,120,Andean Latin America,2,Female,27,Age-standardized,559,Schizophrenia,3,Rate,2000,11.61034457315,14.79905169438,8.93006715586
6,Incidence,120,Andean Latin America,3,Both,27,Age-standardized,559,Schizophrenia,3,Rate,2000,13.293406373140002,16.8914272723,10.24756623937
6,Incidence,44634,High-middle SDI,1,Male,22,All ages,559,Schizophrenia,1,Number,2000,106777.17737063052,124494.26290910297,91035.26795146304
6,Incidence,44634,High-middle SDI,2,Female,22,All ages,559,Schizophrenia,1,Number,2000,94119.28202607892,110044.95772954682,80619.77136109208
6,Incidence,44634,High-middle SDI,3,Both,22,All ages,559,Schizophrenia,1,Number,2000,200896.4593967092,234591.49941011792,171723.79142756603
6,Incidence,44634,High-middle SDI,1,Male,22,All ages,559,Schizophrenia,2,Percent,2000,5.13147312685e-05,6.03157033904e-05,4.30174025052e-05
6,Incidence,44634,High-middle SDI,2,Female,22,All ages,559,Schizophrenia,2,Percent,2000,4.15496655754e-05,4.87304810776e-05,3.48094194226e-05
6,Incidence,44634,High-middle SDI,3,Both,22,All ages,559,Schizophrenia,2,Percent,2000,4.62245902701e-05,5.4305149105e-05,3.87799694984e-05
6,Incidence,44634,High-middle SDI,1,Male,22,All ages,559,Schizophrenia,3,Rate,2000,18.60872559759,21.69639274981,15.86528472401
6,Incidence,44634,High-middle SDI,2,Female,22,All ages,559,Schizophrenia,3,Rate,2000,16.25183040542,19.00175980408,13.92083347088
6,Incidence,44634,High-middle SDI,3,Both,22,All ages,559,Schizophrenia,3,Rate,2000,17.42483138926,20.34738359675,14.89452885399
6,Incidence,44634,High-middle SDI,1,Male,27,Age-standardized,559,Schizophrenia,2,Percent,2000,4.44464639783e-05,5.20258078186e-05,3.73159587063e-05
6,Incidence,44634,High-middle SDI,2,Female,27,Age-standardized,559,Schizophrenia,2,Percent,2000,3.73158154256e-05,4.36255341937e-05,3.15603811997e-05
6,Incidence,44634,High-middle SDI,3,Both,27,Age-standardized,559,Schizophrenia,2,Percent,2000,4.07643501696e-05,4.76616304536e-05,3.42670197771e-05
6,Incidence,44634,High-middle SDI,1,Male,27,Age-standardized,559,Schizophrenia,3,Rate,2000,16.717659245,19.47469870391,14.26715853572
6,Incidence,44634,High-middle SDI,2,Female,27,Age-standardized,559,Schizophrenia,3,Rate,2000,15.0723834657,17.54249998993,12.952285730540002
6,Incidence,44634,High-middle SDI,3,Both,27,Age-standardized,559,Schizophrenia,3,Rate,2000,15.90038380465,18.48206473368,13.64542364668
6,Incidence,159,South Asia,1,Male,22,All ages,559,Schizophrenia,1,Number,2000,122487.5088555832,149517.82709804818,99356.31112863988
6,Incidence,159,South Asia,2,Female,22,All ages,559,Schizophrenia,1,Number,2000,89023.4194496,109377.71692979502,71994.3089915413
6,Incidence,159,South Asia,3,Both,22,All ages,559,Schizophrenia,1,Number,2000,211510.9283051831,259240.8176768234,170739.7333024905
6,Incidence,159,South Asia,1,Male,22,All ages,559,Schizophrenia,2,Percent,2000,3.52588103748e-05,4.29945035916e-05,2.83640383601e-05
6,Incidence,159,South Asia,2,Female,22,All ages,559,Schizophrenia,2,Percent,2000,2.56730427958e-05,3.1507152444e-05,2.03649697892e-05
6,Incidence,159,South Asia,3,Both,22,All ages,559,Schizophrenia,2,Percent,2000,3.04698834971e-05,3.72591564871e-05,2.42309129452e-05
6,Incidence,159,South Asia,1,Male,22,All ages,559,Schizophrenia,3,Rate,2000,17.83249327965,21.76773510888,14.464909663410001
6,Incidence,159,South Asia,2,Female,22,All ages,559,Schizophrenia,3,Rate,2000,13.94898051181,17.13827272995,11.28070814728
6,Incidence,159,South Asia,3,Both,22,All ages,559,Schizophrenia,3,Rate,2000,15.962058272260002,19.564081494339998,12.88518562233
6,Incidence,159,South Asia,1,Male,27,Age-standardized,559,Schizophrenia,2,Percent,2000,3.45524815506e-05,4.190500597e-05,2.79246565366e-05
6,Incidence,159,South Asia,2,Female,27,Age-standardized,559,Schizophrenia,2,Percent,2000,2.43458407616e-05,2.95674502499e-05,1.94537254362e-05
6,Incidence,159,South Asia,3,Both,27,Age-standardized,559,Schizophrenia,2,Percent,2000,2.9364608883e-05,3.55656103382e-05,2.36445517101e-05
6,Incidence,159,South Asia,1,Male,27,Age-standardized,559,Schizophrenia,3,Rate,2000,17.10189618064,20.82293530994,14.00953841175
6,Incidence,159,South Asia,2,Female,27,Age-standardized,559,Schizophrenia,3,Rate,2000,13.0616085401,15.82781145995,10.67243745801
6,Incidence,159,South Asia,3,Both,27,Age-standardized,559,Schizophrenia,3,Rate,2000,15.12567201032,18.34838982056,12.38691212741
6,Incidence,134,Tropical Latin America,1,Male,22,All ages,559,Schizophrenia,1,Number,2000,15165.198510319304,18427.022899259773,12310.841602530032
6,Incidence,134,Tropical Latin America,2,Female,22,All ages,559,Schizophrenia,1,Number,2000,12204.753961043838,14806.679501231574,9891.00797318602
6,Incidence,134,Tropical Latin America,3,Both,22,All ages,559,Schizophrenia,1,Number,2000,27369.952471363165,33255.30227373156,22185.38805667188
6,Incidence,134,Tropical Latin America,1,Male,22,All ages,559,Schizophrenia,2,Percent,2000,3.11295931775e-05,3.77841412058e-05,2.50135189571e-05
6,Incidence,134,Tropical Latin America,2,Female,22,All ages,559,Schizophrenia,2,Percent,2000,2.33987746766e-05,2.83075756708e-05,1.88453494119e-05
6,Incidence,134,Tropical Latin America,3,Both,22,All ages,559,Schizophrenia,2,Percent,2000,2.71318015982e-05,3.2851337348e-05,2.1814725182e-05
6,Incidence,134,Tropical Latin America,1,Male,22,All ages,559,Schizophrenia,3,Rate,2000,17.094135920750002,20.77084805981,13.87671908873
6,Incidence,134,Tropical Latin America,2,Female,22,All ages,559,Schizophrenia,3,Rate,2000,13.3953794553,16.2511338635,10.85591773657
6,Incidence,134,Tropical Latin America,3,Both,22,All ages,559,Schizophrenia,3,Rate,2000,15.220118068380001,18.492893896520002,12.337040992990001
6,Incidence,134,Tropical Latin America,1,Male,27,Age-standardized,559,Schizophrenia,2,Percent,2000,2.81593240967e-05,3.41844042264e-05,2.2873440032e-05
6,Incidence,134,Tropical Latin America,2,Female,27,Age-standardized,559,Schizophrenia,2,Percent,2000,2.11262258521e-05,2.53889630353e-05,1.70452131949e-05
6,Incidence,134,Tropical Latin America,3,Both,27,Age-standardized,559,Schizophrenia,2,Percent,2000,2.45032649563e-05,2.96340527126e-05,1.99051465671e-05
6,Incidence,134,Tropical Latin America,1,Male,27,Age-standardized,559,Schizophrenia,3,Rate,2000,15.434203969310001,18.58246134269,12.68017285275
6,Incidence,134,Tropical Latin America,2,Female,27,Age-standardized,559,Schizophrenia,3,Rate,2000,12.127562571679999,14.71015972361,9.93607250443
6,Incidence,134,Tropical Latin America,3,Both,27,Age-standardized,559,Schizophrenia,3,Rate,2000,13.758356672059998,16.66614453608,11.280782686330001
6,Incidence,174,Eastern Sub-Saharan Africa,1,Male,22,All ages,559,Schizophrenia,1,Number,2000,15837.51687446088,19811.44584918637,12262.529616989244
6,Incidence,174,Eastern Sub-Saharan Africa,2,Female,22,All ages,559,Schizophrenia,1,Number,2000,17459.384289105343,21879.37531159546,13429.445119983146
6,Incidence,174,Eastern Sub-Saharan Africa,3,Both,22,All ages,559,Schizophrenia,1,Number,2000,33296.90116356625,41766.384764705,25774.64463773492
6,Incidence,174,Eastern Sub-Saharan Africa,1,Male,22,All ages,559,Schizophrenia,2,Percent,2000,1.92445787849e-05,2.39444290185e-05,1.47482647023e-05
6,Incidence,174,Eastern Sub-Saharan Africa,2,Female,22,All ages,559,Schizophrenia,2,Percent,2000,2.11142517188e-05,2.63853562875e-05,1.61257918802e-05
6,Incidence,174,Eastern Sub-Saharan Africa,3,Both,22,All ages,559,Schizophrenia,2,Percent,2000,2.01813990503e-05,2.5188291623e-05,1.55038138702e-05
6,Incidence,174,Eastern Sub-Saharan Africa,1,Male,22,All ages,559,Schizophrenia,3,Rate,2000,12.77307384393,15.97807679023,9.88982032681
6,Incidence,174,Eastern Sub-Saharan Africa,2,Female,22,All ages,559,Schizophrenia,3,Rate,2000,13.875501885579999,17.38820272034,10.67278708109
6,Incidence,174,Eastern Sub-Saharan Africa,3,Both,22,All ages,559,Schizophrenia,3,Rate,2000,13.32834202395,16.71857265376,10.31727479954
6,Incidence,174,Eastern Sub-Saharan Africa,1,Male,27,Age-standardized,559,Schizophrenia,2,Percent,2000,2.30962275683e-05,2.87954332592e-05,1.84756751594e-05
6,Incidence,174,Eastern Sub-Saharan Africa,2,Female,27,Age-standardized,559,Schizophrenia,2,Percent,2000,2.34371530094e-05,2.91693456668e-05,1.86102350273e-05
6,Incidence,174,Eastern Sub-Saharan Africa,3,Both,27,Age-standardized,559,Schizophrenia,2,Percent,2000,2.32759018192e-05,2.89941347613e-05,1.85308291178e-05
6,Incidence,174,Eastern Sub-Saharan Africa,1,Male,27,Age-standardized,559,Schizophrenia,3,Rate,2000,14.106421038619999,17.42464214428,11.47493467059
6,Incidence,174,Eastern Sub-Saharan Africa,2,Female,27,Age-standardized,559,Schizophrenia,3,Rate,2000,14.434309981750001,17.98473424969,11.63259179538
6,Incidence,174,Eastern Sub-Saharan Africa,3,Both,27,Age-standardized,559,Schizophrenia,3,Rate,2000,14.281975827060002,17.71577743577,11.55683469761
6,Incidence,44635,High SDI,1,Male,22,All ages,559,Schizophrenia,1,Number,2000,78010.98760298578,92987.08878597476,64864.98240205664
6,Incidence,44635,High SDI,2,Female,22,All ages,559,Schizophrenia,1,Number,2000,67997.41408708542,81345.28282399758,56789.29287461587
6,Incidence,44635,High SDI,3,Both,22,All ages,559,Schizophrenia,1,Number,2000,146008.40169007113,174162.5575024844,121501.5220125491
6,Incidence,44635,High SDI,1,Male,22,All ages,559,Schizophrenia,2,Percent,2000,4.01797094359e-05,4.84364004495e-05,3.30272011415e-05
6,Incidence,44635,High SDI,2,Female,22,All ages,559,Schizophrenia,2,Percent,2000,3.05906522724e-05,3.6904074116e-05,2.51515955386e-05
6,Incidence,44635,High SDI,3,Both,22,All ages,559,Schizophrenia,2,Percent,2000,3.50611304356e-05,4.2310606155e-05,2.88838381586e-05
6,Incidence,44635,High SDI,1,Male,22,All ages,559,Schizophrenia,3,Rate,2000,16.72199642168,19.93218921743,13.904092704730001
6,Incidence,44635,High SDI,2,Female,22,All ages,559,Schizophrenia,3,Rate,2000,14.246187870099998,17.042709594410002,11.89796621186
6,Incidence,44635,High SDI,3,Both,22,All ages,559,Schizophrenia,3,Rate,2000,15.46994621224,18.45294767673,12.87338254842
6,Incidence,44635,High SDI,1,Male,27,Age-standardized,559,Schizophrenia,2,Percent,2000,3.80351053343e-05,4.5975070702e-05,3.09253626307e-05
6,Incidence,44635,High SDI,2,Female,27,Age-standardized,559,Schizophrenia,2,Percent,2000,3.06525882857e-05,3.67496739848e-05,2.49590095933e-05
6,Incidence,44635,High SDI,3,Both,27,Age-standardized,559,Schizophrenia,2,Percent,2000,3.42119908237e-05,4.11783063656e-05,2.78542645914e-05
6,Incidence,44635,High SDI,1,Male,27,Age-standardized,559,Schizophrenia,3,Rate,2000,16.50147242823,19.864729787839998,13.62317929235
6,Incidence,44635,High SDI,2,Female,27,Age-standardized,559,Schizophrenia,3,Rate,2000,14.829038394880001,17.762174292770002,12.22908169806
6,Incidence,44635,High SDI,3,Both,27,Age-standardized,559,Schizophrenia,3,Rate,2000,15.68345074997,18.845592677550002,12.930506320730002
6,Incidence,44636,Low-middle SDI,1,Male,22,All ages,559,Schizophrenia,1,Number,2000,119397.79146425116,146149.5709076494,95854.7074397739
6,Incidence,44636,Low-middle SDI,2,Female,22,All ages,559,Schizophrenia,1,Number,2000,97372.9752950607,120213.40553164728,76883.31479984368
6,Incidence,44636,Low-middle SDI,3,Both,22,All ages,559,Schizophrenia,1,Number,2000,216770.76675931187,266255.24960647675,172748.95185409946
6,Incidence,44636,Low-middle SDI,1,Male,22,All ages,559,Schizophrenia,2,Percent,2000,3.29075188318e-05,4.01229606607e-05,2.61868562015e-05
6,Incidence,44636,Low-middle SDI,2,Female,22,All ages,559,Schizophrenia,2,Percent,2000,2.62974511515e-05,3.21941203608e-05,2.06423624284e-05
6,Incidence,44636,Low-middle SDI,3,Both,22,All ages,559,Schizophrenia,2,Percent,2000,2.95686704631e-05,3.61325131549e-05,2.34123664073e-05
6,Incidence,44636,Low-middle SDI,1,Male,22,All ages,559,Schizophrenia,3,Rate,2000,16.89205236921,20.67681634002,13.561245296509998
6,Incidence,44636,Low-middle SDI,2,Female,22,All ages,559,Schizophrenia,3,Rate,2000,14.235165432489998,17.57425722856,11.239737738910001
6,Incidence,44636,Low-middle SDI,3,Both,22,All ages,559,Schizophrenia,3,Rate,2000,15.585382860840001,19.1432178142,12.42030276363
6,Incidence,44636,Low-middle SDI,1,Male,27,Age-standardized,559,Schizophrenia,2,Percent,2000,3.32960708795e-05,4.07225542591e-05,2.68901910057e-05
6,Incidence,44636,Low-middle SDI,2,Female,27,Age-standardized,559,Schizophrenia,2,Percent,2000,2.55469796053e-05,3.12740604821e-05,2.02291509783e-05
6,Incidence,44636,Low-middle SDI,3,Both,27,Age-standardized,559,Schizophrenia,2,Percent,2000,2.93057806665e-05,3.58677438836e-05,2.33785086623e-05
6,Incidence,44636,Low-middle SDI,1,Male,27,Age-standardized,559,Schizophrenia,3,Rate,2000,16.49007733701,19.948632999330002,13.5051106558
6,Incidence,44636,Low-middle SDI,2,Female,27,Age-standardized,559,Schizophrenia,3,Rate,2000,13.488094631840001,16.47912988622,10.94988344733
6,Incidence,44636,Low-middle SDI,3,Both,27,Age-standardized,559,Schizophrenia,3,Rate,2000,14.990536550909999,18.218844296580002,12.240554731949999
6,Incidence,199,Western Sub-Saharan Africa,1,Male,22,All ages,559,Schizophrenia,1,Number,2000,15903.719761196076,19712.963545150877,12575.190707863763
6,Incidence,199,Western Sub-Saharan Africa,2,Female,22,All ages,559,Schizophrenia,1,Number,2000,21176.49916333896,26325.313862686984,16526.0049910364
6,Incidence,199,Western Sub-Saharan Africa,3,Both,22,All ages,559,Schizophrenia,1,Number,2000,37080.21892453498,46067.27802541149,29018.84955962132
6,Incidence,199,Western Sub-Saharan Africa,1,Male,22,All ages,559,Schizophrenia,2,Percent,2000,1.97544894697e-05,2.44678983425e-05,1.55087011118e-05
6,Incidence,199,Western Sub-Saharan Africa,2,Female,22,All ages,559,Schizophrenia,2,Percent,2000,2.54865008202e-05,3.15971652263e-05,1.98210337304e-05
6,Incidence,199,Western Sub-Saharan Africa,3,Both,22,All ages,559,Schizophrenia,2,Percent,2000,2.26656252966e-05,2.81204916974e-05,1.75633312607e-05
6,Incidence,199,Western Sub-Saharan Africa,1,Male,22,All ages,559,Schizophrenia,3,Rate,2000,12.25030618395,15.18448783349,9.6864091424
6,Incidence,199,Western Sub-Saharan Africa,2,Female,22,All ages,559,Schizophrenia,3,Rate,2000,16.33217322265,20.30314750468,12.7455238994
6,Incidence,199,Western Sub-Saharan Africa,3,Both,22,All ages,559,Schizophrenia,3,Rate,2000,14.289967139800002,17.75339812698,11.18327827259
6,Incidence,199,Western Sub-Saharan Africa,1,Male,27,Age-standardized,559,Schizophrenia,2,Percent,2000,2.3526911025e-05,2.901349115e-05,1.88257503525e-05
6,Incidence,199,Western Sub-Saharan Africa,2,Female,27,Age-standardized,559,Schizophrenia,2,Percent,2000,2.77035782177e-05,3.43382822186e-05,2.20111476465e-05
6,Incidence,199,Western Sub-Saharan Africa,3,Both,27,Age-standardized,559,Schizophrenia,2,Percent,2000,2.57664731763e-05,3.18378324355e-05,2.05150871833e-05
6,Incidence,199,Western Sub-Saharan Africa,1,Male,27,Age-standardized,559,Schizophrenia,3,Rate,2000,13.365651774029999,16.40938895568,10.87335915363
6,Incidence,199,Western Sub-Saharan Africa,2,Female,27,Age-standardized,559,Schizophrenia,3,Rate,2000,16.57681729098,20.4050352165,13.458050490399998
6,Incidence,199,Western Sub-Saharan Africa,3,Both,27,Age-standardized,559,Schizophrenia,3,Rate,2000,15.030301600869999,18.519360302069998,12.21480563985
6,Incidence,192,Southern Sub-Saharan Africa,1,Male,22,All ages,559,Schizophrenia,1,Number,2000,4509.065557073703,5532.809411423871,3600.599906135839
6,Incidence,192,Southern Sub-Saharan Africa,2,Female,22,All ages,559,Schizophrenia,1,Number,2000,5014.559033602498,6174.845603749041,3977.271742010105
6,Incidence,192,Southern Sub-Saharan Africa,3,Both,22,All ages,559,Schizophrenia,1,Number,2000,9523.6245906762,11653.89054710449,7562.82326942239
6,Incidence,192,Southern Sub-Saharan Africa,1,Male,22,All ages,559,Schizophrenia,2,Percent,2000,2.30155518363e-05,2.83703026401e-05,1.83217834829e-05
6,Incidence,192,Southern Sub-Saharan Africa,2,Female,22,All ages,559,Schizophrenia,2,Percent,2000,2.31544502348e-05,2.84291008703e-05,1.82956173021e-05
6,Incidence,192,Southern Sub-Saharan Africa,3,Both,22,All ages,559,Schizophrenia,2,Percent,2000,2.30880320259e-05,2.82739598693e-05,1.82703679299e-05
6,Incidence,192,Southern Sub-Saharan Africa,1,Male,22,All ages,559,Schizophrenia,3,Rate,2000,14.72486573096,18.0680175675,11.75816796134
6,Incidence,192,Southern Sub-Saharan Africa,2,Female,22,All ages,559,Schizophrenia,3,Rate,2000,15.1760402434,18.68752661029,12.03679837274
6,Incidence,192,Southern Sub-Saharan Africa,3,Both,22,All ages,559,Schizophrenia,3,Rate,2000,14.95902965758,18.30509935166,11.87914291509
6,Incidence,192,Southern Sub-Saharan Africa,1,Male,27,Age-standardized,559,Schizophrenia,2,Percent,2000,2.21451485841e-05,2.70983314058e-05,1.78711400383e-05
6,Incidence,192,Southern Sub-Saharan Africa,2,Female,27,Age-standardized,559,Schizophrenia,2,Percent,2000,2.18767060331e-05,2.67609692711e-05,1.74715998643e-05
6,Incidence,192,Southern Sub-Saharan Africa,3,Both,27,Age-standardized,559,Schizophrenia,2,Percent,2000,2.1988312564e-05,2.69574414139e-05,1.75901846416e-05
6,Incidence,192,Southern Sub-Saharan Africa,1,Male,27,Age-standardized,559,Schizophrenia,3,Rate,2000,13.75778268208,16.71450616645,11.36768296864
6,Incidence,192,Southern Sub-Saharan Africa,2,Female,27,Age-standardized,559,Schizophrenia,3,Rate,2000,14.043133868830001,17.16670314188,11.32968435715
6,Incidence,192,Southern Sub-Saharan Africa,3,Both,27,Age-standardized,559,Schizophrenia,3,Rate,2000,13.89965804839,16.95676390663,11.335443291839999
6,Incidence,44639,Middle SDI,1,Male,22,All ages,559,Schizophrenia,1,Number,2000,188409.13687249436,226777.7063663288,155991.58061192144
6,Incidence,44639,Middle SDI,2,Female,22,All ages,559,Schizophrenia,1,Number,2000,157518.83265128176,189968.24076306837,129692.6371806415
6,Incidence,44639,Middle SDI,3,Both,22,All ages,559,Schizophrenia,1,Number,2000,345927.9695237767,416024.6459337019,285964.5123396654
6,Incidence,44639,Middle SDI,1,Male,22,All ages,559,Schizophrenia,2,Percent,2000,4.51655428472e-05,5.43749446533e-05,3.67862433192e-05
6,Incidence,44639,Middle SDI,2,Female,22,All ages,559,Schizophrenia,2,Percent,2000,3.69095494283e-05,4.45505182026e-05,2.99940469619e-05
6,Incidence,44639,Middle SDI,3,Both,22,All ages,559,Schizophrenia,2,Percent,2000,4.09902370059e-05,4.94867285848e-05,3.33527431033e-05
6,Incidence,44639,Middle SDI,1,Male,22,All ages,559,Schizophrenia,3,Rate,2000,18.94107628346,22.79833083986,15.6820867448
6,Incidence,44639,Middle SDI,2,Female,22,All ages,559,Schizophrenia,3,Rate,2000,16.391122294040002,19.767748490269998,13.49557916906
6,Incidence,44639,Middle SDI,3,Both,22,All ages,559,Schizophrenia,3,Rate,2000,17.68807630457,21.27227726624,14.62200966758
6,Incidence,44639,Middle SDI,1,Male,27,Age-standardized,559,Schizophrenia,2,Percent,2000,4.0911245352e-05,4.93518395223e-05,3.33646912818e-05
6,Incidence,44639,Middle SDI,2,Female,27,Age-standardized,559,Schizophrenia,2,Percent,2000,3.30105744288e-05,3.97597781755e-05,2.68213649796e-05
6,Incidence,44639,Middle SDI,3,Both,27,Age-standardized,559,Schizophrenia,2,Percent,2000,3.68909313251e-05,4.4308680881e-05,3.00428855484e-05
6,Incidence,44639,Middle SDI,1,Male,27,Age-standardized,559,Schizophrenia,3,Rate,2000,17.19684371624,20.5460723698,14.330978158819999
6,Incidence,44639,Middle SDI,2,Female,27,Age-standardized,559,Schizophrenia,3,Rate,2000,14.73234401713,17.6682549798,12.25365342095
6,Incidence,44639,Middle SDI,3,Both,27,Age-standardized,559,Schizophrenia,3,Rate,2000,15.98123591524,19.05880599786,13.30602542995
6,Incidence,44637,Low SDI,1,Male,22,All ages,559,Schizophrenia,1,Number,2000,45460.04541899876,56421.4877276386,35856.98733768005
6,Incidence,44637,Low SDI,2,Female,22,All ages,559,Schizophrenia,1,Number,2000,44544.03098704527,55774.359419567205,34661.31348236205
6,Incidence,44637,Low SDI,3,Both,22,All ages,559,Schizophrenia,1,Number,2000,90004.07640604404,112215.68340070432,70368.4807567549
6,Incidence,44637,Low SDI,1,Male,22,All ages,559,Schizophrenia,2,Percent,2000,2.29744716578e-05,2.82403166851e-05,1.77849222341e-05
6,Incidence,44637,Low SDI,2,Female,22,All ages,559,Schizophrenia,2,Percent,2000,2.25715435192e-05,2.80516114615e-05,1.73210958728e-05
6,Incidence,44637,Low SDI,3,Both,22,All ages,559,Schizophrenia,2,Percent,2000,2.27731125801e-05,2.81278139189e-05,1.7582556123e-05
6,Incidence,44637,Low SDI,1,Male,22,All ages,559,Schizophrenia,3,Rate,2000,13.87309831448,17.21821522791,10.94252119662
6,Incidence,44637,Low SDI,2,Female,22,All ages,559,Schizophrenia,3,Rate,2000,13.815482133359998,17.29860654697,10.75032381496
6,Incidence,44637,Low SDI,3,Both,22,All ages,559,Schizophrenia,3,Rate,2000,13.844523476809998,17.26113666562,10.82415511348
6,Incidence,44637,Low SDI,1,Male,27,Age-standardized,559,Schizophrenia,2,Percent,2000,2.67751167402e-05,3.29413604794e-05,2.13412213111e-05
6,Incidence,44637,Low SDI,2,Female,27,Age-standardized,559,Schizophrenia,2,Percent,2000,2.4828175107e-05,3.07585448024e-05,1.96884147182e-05
6,Incidence,44637,Low SDI,3,Both,27,Age-standardized,559,Schizophrenia,2,Percent,2000,2.57812759583e-05,3.17411251606e-05,2.05193603377e-05
6,Incidence,44637,Low SDI,1,Male,27,Age-standardized,559,Schizophrenia,3,Rate,2000,14.93258124506,18.2451863609,12.13283184084
6,Incidence,44637,Low SDI,2,Female,27,Age-standardized,559,Schizophrenia,3,Rate,2000,14.277737408550001,17.64837489404,11.543908938740001
6,Incidence,44637,Low SDI,3,Both,27,Age-standardized,559,Schizophrenia,3,Rate,2000,14.6052976321,17.910910932300002,11.84932320277
