measure_id,measure_name,location_id,location_name,sex_id,sex_name,age_id,age_name,cause_id,cause_name,metric_id,metric_name,year,val,upper,lower
2,DALYs (Disability-Adjusted Life Years),1,Global,1,Male,22,All ages,559,Schizophrenia,1,Number,2001,5736185.156138279,7388326.415822623,4232362.061013505
2,DALYs (Disability-Adjusted Life Years),1,Global,2,Female,22,All ages,559,Schizophrenia,1,Number,2001,5031394.408750186,6490537.67600731,3712030.9352376955
2,DALYs (Disability-Adjusted Life Years),1,Global,3,Both,22,All ages,559,Schizophrenia,1,Number,2001,10767579.564888455,13883182.163421031,7944541.981118772
2,DALYs (Disability-Adjusted Life Years),1,Global,1,Male,22,All ages,559,Schizophrenia,2,Percent,2001,0.0040606156626742645,0.005191689188062357,0.003004091787314398
2,DALYs (Disability-Adjusted Life Years),1,Global,2,Female,22,All ages,559,Schizophrenia,2,Percent,2001,0.004063397874077484,0.005159281105662937,0.0030380140798978474
2,DALYs (Disability-Adjusted Life Years),1,Global,3,Both,22,All ages,559,Schizophrenia,2,Percent,2001,0.004061626466262004,0.005182016821460326,0.0030073964520966876
2,DALYs (Disability-Adjusted Life Years),1,Global,1,Male,22,All ages,559,Schizophrenia,3,Rate,2001,184.41463933353955,237.52991128509282,136.06770035579135
2,DALYs (Disability-Adjusted Life Years),1,Global,2,Female,22,All ages,559,Schizophrenia,3,Rate,2001,164.11785221779766,211.71329786281234,121.08185027151623
2,DALYs (Disability-Adjusted Life Years),1,Global,3,Both,22,All ages,559,Schizophrenia,3,Rate,2001,174.3397965033368,224.78507250432833,128.6314927095512
2,DALYs (Disability-Adjusted Life Years),1,Global,1,Male,27,Age-standardized,559,Schizophrenia,3,Rate,2001,187.0115185896207,239.81251521143872,138.33350662837213
2,DALYs (Disability-Adjusted Life Years),1,Global,2,Female,27,Age-standardized,559,Schizophrenia,3,Rate,2001,165.19966545124004,212.02847531771326,122.01964653127317
2,DALYs (Disability-Adjusted Life Years),1,Global,3,Both,27,Age-standardized,559,Schizophrenia,3,Rate,2001,176.1967982687592,226.02576798857066,130.2768203416127
2,DALYs (Disability-Adjusted Life Years),5,East Asia,1,Male,22,All ages,559,Schizophrenia,1,Number,2001,1546883.2925624882,1932222.7586156707,1151631.023430837
2,DALYs (Disability-Adjusted Life Years),5,East Asia,2,Female,22,All ages,559,Schizophrenia,1,Number,2001,1380983.2339449145,1743972.636630281,1037426.2485905399
2,DALYs (Disability-Adjusted Life Years),5,East Asia,3,Both,22,All ages,559,Schizophrenia,1,Number,2001,2927866.526507409,3662020.3216783497,2189057.272021377
2,DALYs (Disability-Adjusted Life Years),5,East Asia,1,Male,22,All ages,559,Schizophrenia,2,Percent,2001,0.006997036195752949,0.008795381085174563,0.005148603623351396
2,DALYs (Disability-Adjusted Life Years),5,East Asia,2,Female,22,All ages,559,Schizophrenia,2,Percent,2001,0.00792500509989584,0.00990092407058026,0.005876243158958421
2,DALYs (Disability-Adjusted Life Years),5,East Asia,3,Both,22,All ages,559,Schizophrenia,2,Percent,2001,0.007402661212208106,0.009241704192778515,0.005511040819512076
2,DALYs (Disability-Adjusted Life Years),5,East Asia,1,Male,22,All ages,559,Schizophrenia,3,Rate,2001,229.55387691345274,286.7373559681237,170.89936097533786
2,DALYs (Disability-Adjusted Life Years),5,East Asia,2,Female,22,All ages,559,Schizophrenia,3,Rate,2001,216.79255081608324,273.7761524942665,162.85953166356404
2,DALYs (Disability-Adjusted Life Years),5,East Asia,3,Both,22,All ages,559,Schizophrenia,3,Rate,2001,223.35262125457388,279.35762458067376,166.99247570059083
2,DALYs (Disability-Adjusted Life Years),5,East Asia,1,Male,27,Age-standardized,559,Schizophrenia,3,Rate,2001,202.01388398725788,251.13807844303972,150.93372458509617
2,DALYs (Disability-Adjusted Life Years),5,East Asia,2,Female,27,Age-standardized,559,Schizophrenia,3,Rate,2001,189.03846857532977,237.18066288669513,142.787309532486
2,DALYs (Disability-Adjusted Life Years),5,East Asia,3,Both,27,Age-standardized,559,Schizophrenia,3,Rate,2001,195.7084618599469,244.22662937728376,147.0680096335656
2,DALYs (Disability-Adjusted Life Years),65,High-income Asia Pacific,1,Male,22,All ages,559,Schizophrenia,1,Number,2001,196622.6758607363,253993.7663792951,143701.3949110494
2,DALYs (Disability-Adjusted Life Years),65,High-income Asia Pacific,2,Female,22,All ages,559,Schizophrenia,1,Number,2001,187500.01392720034,239556.73057098553,138509.38119000767
2,DALYs (Disability-Adjusted Life Years),65,High-income Asia Pacific,3,Both,22,All ages,559,Schizophrenia,1,Number,2001,384122.68978793646,496206.4937882172,283173.42179774033
2,DALYs (Disability-Adjusted Life Years),65,High-income Asia Pacific,1,Male,22,All ages,559,Schizophrenia,2,Percent,2001,0.007810009606964162,0.00995320661418804,0.00576662939559055
2,DALYs (Disability-Adjusted Life Years),65,High-income Asia Pacific,2,Female,22,All ages,559,Schizophrenia,2,Percent,2001,0.008697686789625134,0.01104894449830559,0.006371817551070389
2,DALYs (Disability-Adjusted Life Years),65,High-income Asia Pacific,3,Both,22,All ages,559,Schizophrenia,2,Percent,2001,0.008217989233184337,0.010421972134812139,0.006006168424105255
2,DALYs (Disability-Adjusted Life Years),65,High-income Asia Pacific,1,Male,22,All ages,559,Schizophrenia,3,Rate,2001,220.53401409582887,284.8820188705899,161.17696146781034
2,DALYs (Disability-Adjusted Life Years),65,High-income Asia Pacific,2,Female,22,All ages,559,Schizophrenia,3,Rate,2001,204.80459501056023,261.66568289266263,151.29256326773873
2,DALYs (Disability-Adjusted Life Years),65,High-income Asia Pacific,3,Both,22,All ages,559,Schizophrenia,3,Rate,2001,212.56515046506615,274.5898922869299,156.7020189444552
2,DALYs (Disability-Adjusted Life Years),65,High-income Asia Pacific,1,Male,27,Age-standardized,559,Schizophrenia,3,Rate,2001,184.73496453072227,241.14796436923277,135.17226432449425
2,DALYs (Disability-Adjusted Life Years),65,High-income Asia Pacific,2,Female,27,Age-standardized,559,Schizophrenia,3,Rate,2001,171.33733953588688,221.45324917410687,125.59699437956161
2,DALYs (Disability-Adjusted Life Years),65,High-income Asia Pacific,3,Both,27,Age-standardized,559,Schizophrenia,3,Rate,2001,178.3534056053892,231.95512325844834,131.35767337352598
2,DALYs (Disability-Adjusted Life Years),120,Andean Latin America,1,Male,22,All ages,559,Schizophrenia,1,Number,2001,34808.310101910436,48378.351498300224,24512.151623609065
2,DALYs (Disability-Adjusted Life Years),120,Andean Latin America,2,Female,22,All ages,559,Schizophrenia,1,Number,2001,28278.53709640117,39047.86322920952,19817.60556308263
2,DALYs (Disability-Adjusted Life Years),120,Andean Latin America,3,Both,22,All ages,559,Schizophrenia,1,Number,2001,63086.847198311545,87385.36489711277,44815.34935936607
2,DALYs (Disability-Adjusted Life Years),120,Andean Latin America,1,Male,22,All ages,559,Schizophrenia,2,Percent,2001,0.004528060527066405,0.0061966673254810175,0.0031728499645717516
2,DALYs (Disability-Adjusted Life Years),120,Andean Latin America,2,Female,22,All ages,559,Schizophrenia,2,Percent,2001,0.00412425367381726,0.005640709581069914,0.0029207232449904993
2,DALYs (Disability-Adjusted Life Years),120,Andean Latin America,3,Both,22,All ages,559,Schizophrenia,2,Percent,2001,0.004337321944140888,0.0059128015480105905,0.0030335786030967647
2,DALYs (Disability-Adjusted Life Years),120,Andean Latin America,1,Male,22,All ages,559,Schizophrenia,3,Rate,2001,148.33445411937342,206.1627335451045,104.45771770402038
2,DALYs (Disability-Adjusted Life Years),120,Andean Latin America,2,Female,22,All ages,559,Schizophrenia,3,Rate,2001,119.73562546208137,165.3345896489892,83.91075497178036
2,DALYs (Disability-Adjusted Life Years),120,Andean Latin America,3,Both,22,All ages,559,Schizophrenia,3,Rate,2001,133.98906508520807,185.59626712503174,95.1825464229118
2,DALYs (Disability-Adjusted Life Years),120,Andean Latin America,1,Male,27,Age-standardized,559,Schizophrenia,3,Rate,2001,169.90772195842763,232.72878308560513,119.43779230100763
2,DALYs (Disability-Adjusted Life Years),120,Andean Latin America,2,Female,27,Age-standardized,559,Schizophrenia,3,Rate,2001,134.252922051919,181.75907732091812,92.27626747654412
2,DALYs (Disability-Adjusted Life Years),120,Andean Latin America,3,Both,27,Age-standardized,559,Schizophrenia,3,Rate,2001,151.79514749939946,207.0629594114762,105.80020811322838
2,DALYs (Disability-Adjusted Life Years),134,Tropical Latin America,1,Male,22,All ages,559,Schizophrenia,1,Number,2001,147864.01126968337,190943.70062821172,108611.20300059648
2,DALYs (Disability-Adjusted Life Years),134,Tropical Latin America,2,Female,22,All ages,559,Schizophrenia,1,Number,2001,124347.46369998528,158835.35437683988,90621.21570057684
2,DALYs (Disability-Adjusted Life Years),134,Tropical Latin America,3,Both,22,All ages,559,Schizophrenia,1,Number,2001,272211.4749696684,349403.4221637641,198661.27264054347
2,DALYs (Disability-Adjusted Life Years),134,Tropical Latin America,1,Male,22,All ages,559,Schizophrenia,2,Percent,2001,0.004488544039386127,0.005738126396698941,0.0032700519045070955
2,DALYs (Disability-Adjusted Life Years),134,Tropical Latin America,2,Female,22,All ages,559,Schizophrenia,2,Percent,2001,0.004675438280172231,0.005910470429196426,0.0034452723099605057
2,DALYs (Disability-Adjusted Life Years),134,Tropical Latin America,3,Both,22,All ages,559,Schizophrenia,2,Percent,2001,0.004571093870619565,0.005791238173136362,0.0033855381048620748
2,DALYs (Disability-Adjusted Life Years),134,Tropical Latin America,1,Male,22,All ages,559,Schizophrenia,3,Rate,2001,164.1888594380971,212.02473917643158,120.6023655772676
2,DALYs (Disability-Adjusted Life Years),134,Tropical Latin America,2,Female,22,All ages,559,Schizophrenia,3,Rate,2001,134.441912616845,171.7295085737987,97.9777890109927
2,DALYs (Disability-Adjusted Life Years),134,Tropical Latin America,3,Both,22,All ages,559,Schizophrenia,3,Rate,2001,149.11704601497678,191.40268126606304,108.82635324993049
2,DALYs (Disability-Adjusted Life Years),134,Tropical Latin America,1,Male,27,Age-standardized,559,Schizophrenia,3,Rate,2001,169.51228400438958,219.8486987089247,124.23016875586084
2,DALYs (Disability-Adjusted Life Years),134,Tropical Latin America,2,Female,27,Age-standardized,559,Schizophrenia,3,Rate,2001,135.75138781940507,173.52652618414098,99.6210172589892
2,DALYs (Disability-Adjusted Life Years),134,Tropical Latin America,3,Both,27,Age-standardized,559,Schizophrenia,3,Rate,2001,152.182929216434,195.737290660241,111.75544148712369
2,DALYs (Disability-Adjusted Life Years),73,Western Europe,1,Male,22,All ages,559,Schizophrenia,1,Number,2001,405499.89356563234,521794.67340608395,294339.72653255856
2,DALYs (Disability-Adjusted Life Years),73,Western Europe,2,Female,22,All ages,559,Schizophrenia,1,Number,2001,391119.9829098538,502974.78405985644,279251.9078943303
2,DALYs (Disability-Adjusted Life Years),73,Western Europe,3,Both,22,All ages,559,Schizophrenia,1,Number,2001,796619.8764754874,1028815.3504190973,572583.3526995339
2,DALYs (Disability-Adjusted Life Years),73,Western Europe,1,Male,22,All ages,559,Schizophrenia,2,Percent,2001,0.0064307129791730195,0.008094799130485213,0.004726990194772262
2,DALYs (Disability-Adjusted Life Years),73,Western Europe,2,Female,22,All ages,559,Schizophrenia,2,Percent,2001,0.006317878442680621,0.007986011867582332,0.004650983176051289
2,DALYs (Disability-Adjusted Life Years),73,Western Europe,3,Both,22,All ages,559,Schizophrenia,2,Percent,2001,0.0063738712833354355,0.008044468431355574,0.004655575810145635
2,DALYs (Disability-Adjusted Life Years),73,Western Europe,1,Male,22,All ages,559,Schizophrenia,3,Rate,2001,207.25168640976506,266.6901465056489,150.43753566704277
2,DALYs (Disability-Adjusted Life Years),73,Western Europe,2,Female,22,All ages,559,Schizophrenia,3,Rate,2001,190.87255295851148,245.4594122064788,136.27921586049706
2,DALYs (Disability-Adjusted Life Years),73,Western Europe,3,Both,22,All ages,559,Schizophrenia,3,Rate,2001,198.8728853158307,256.83953317898346,142.94308590311996
2,DALYs (Disability-Adjusted Life Years),73,Western Europe,1,Male,27,Age-standardized,559,Schizophrenia,3,Rate,2001,174.20801975085828,227.33937720257657,127.53900286486792
2,DALYs (Disability-Adjusted Life Years),73,Western Europe,2,Female,27,Age-standardized,559,Schizophrenia,3,Rate,2001,159.1883502032673,206.23801035254573,113.66426744475679
2,DALYs (Disability-Adjusted Life Years),73,Western Europe,3,Both,27,Age-standardized,559,Schizophrenia,3,Rate,2001,166.95116020970406,216.49156573219076,121.07791685037901
2,DALYs (Disability-Adjusted Life Years),44639,Middle SDI,1,Male,22,All ages,559,Schizophrenia,1,Number,2001,1916301.3202535545,2467286.5516474294,1410719.7160646855
2,DALYs (Disability-Adjusted Life Years),44639,Middle SDI,2,Female,22,All ages,559,Schizophrenia,1,Number,2001,1626771.367281935,2094747.0852255593,1202687.0401282415
2,DALYs (Disability-Adjusted Life Years),44639,Middle SDI,3,Both,22,All ages,559,Schizophrenia,1,Number,2001,3543072.6875354834,4566531.582563896,2620574.377548849
2,DALYs (Disability-Adjusted Life Years),44639,Middle SDI,1,Male,22,All ages,559,Schizophrenia,2,Percent,2001,0.005332413829526914,0.006836255181790261,0.003962510945173244
2,DALYs (Disability-Adjusted Life Years),44639,Middle SDI,2,Female,22,All ages,559,Schizophrenia,2,Percent,2001,0.0055103078763676615,0.006987851587294315,0.004099297349362824
2,DALYs (Disability-Adjusted Life Years),44639,Middle SDI,3,Both,22,All ages,559,Schizophrenia,2,Percent,2001,0.005411830195041232,0.006916756688903549,0.004009382200866817
2,DALYs (Disability-Adjusted Life Years),44639,Middle SDI,1,Male,22,All ages,559,Schizophrenia,3,Rate,2001,190.6231914652638,245.43219365529043,140.330694185213
2,DALYs (Disability-Adjusted Life Years),44639,Middle SDI,2,Female,22,All ages,559,Schizophrenia,3,Rate,2001,167.3037936694068,215.43232268817695,123.68923406039566
2,DALYs (Disability-Adjusted Life Years),44639,Middle SDI,3,Both,22,All ages,559,Schizophrenia,3,Rate,2001,179.15768008149476,230.90951738845195,132.5109777212147
2,DALYs (Disability-Adjusted Life Years),44639,Middle SDI,1,Male,27,Age-standardized,559,Schizophrenia,3,Rate,2001,189.90037807033582,242.69709178824922,140.3912622276852
2,DALYs (Disability-Adjusted Life Years),44639,Middle SDI,2,Female,27,Age-standardized,559,Schizophrenia,3,Rate,2001,164.41932454711952,210.3323076569792,122.65471748406411
2,DALYs (Disability-Adjusted Life Years),44639,Middle SDI,3,Both,27,Age-standardized,559,Schizophrenia,3,Rate,2001,177.29518794086778,226.863439382301,131.69839702211547
2,DALYs (Disability-Adjusted Life Years),159,South Asia,1,Male,22,All ages,559,Schizophrenia,1,Number,2001,1269524.6161846316,1647013.6571756331,936679.9942278382
2,DALYs (Disability-Adjusted Life Years),159,South Asia,2,Female,22,All ages,559,Schizophrenia,1,Number,2001,888848.8118569948,1153525.6990703568,654118.2533169079
2,DALYs (Disability-Adjusted Life Years),159,South Asia,3,Both,22,All ages,559,Schizophrenia,1,Number,2001,2158373.428041625,2819228.663153483,1597659.4960352248
2,DALYs (Disability-Adjusted Life Years),159,South Asia,1,Male,22,All ages,559,Schizophrenia,2,Percent,2001,0.003696344966887031,0.004848213418801522,0.0027311377434941636
2,DALYs (Disability-Adjusted Life Years),159,South Asia,2,Female,22,All ages,559,Schizophrenia,2,Percent,2001,0.0028242415552850336,0.003624901179317156,0.002068605234035305
2,DALYs (Disability-Adjusted Life Years),159,South Asia,3,Both,22,All ages,559,Schizophrenia,2,Percent,2001,0.003279073502767222,0.004249998743769339,0.002417049857261071
2,DALYs (Disability-Adjusted Life Years),159,South Asia,1,Male,22,All ages,559,Schizophrenia,3,Rate,2001,181.51386252525194,235.48642281884835,133.92446395675006
2,DALYs (Disability-Adjusted Life Years),159,South Asia,2,Female,22,All ages,559,Schizophrenia,3,Rate,2001,136.5524570971034,177.21435460280924,100.49116737398539
2,DALYs (Disability-Adjusted Life Years),159,South Asia,3,Both,22,All ages,559,Schizophrenia,3,Rate,2001,159.84040316239734,208.78066801179534,118.31619804280594
2,DALYs (Disability-Adjusted Life Years),159,South Asia,1,Male,27,Age-standardized,559,Schizophrenia,3,Rate,2001,207.4728722467572,266.7113684967481,153.8286351069384
2,DALYs (Disability-Adjusted Life Years),159,South Asia,2,Female,27,Age-standardized,559,Schizophrenia,3,Rate,2001,154.79226479945652,200.07842656555263,113.66037381615413
2,DALYs (Disability-Adjusted Life Years),159,South Asia,3,Both,27,Age-standardized,559,Schizophrenia,3,Rate,2001,181.9302072339072,233.6521281365145,134.57252041101606
2,DALYs (Disability-Adjusted Life Years),56,Eastern Europe,1,Male,22,All ages,559,Schizophrenia,1,Number,2001,143773.64896980196,184953.0627849324,105562.92930566959
2,DALYs (Disability-Adjusted Life Years),56,Eastern Europe,2,Female,22,All ages,559,Schizophrenia,1,Number,2001,168003.74680181703,215701.438266829,124155.88542154897
2,DALYs (Disability-Adjusted Life Years),56,Eastern Europe,3,Both,22,All ages,559,Schizophrenia,1,Number,2001,311777.3957716194,401149.6743909193,229401.33399521533
2,DALYs (Disability-Adjusted Life Years),56,Eastern Europe,1,Male,22,All ages,559,Schizophrenia,2,Percent,2001,0.0021074182845708432,0.0026844583846634884,0.0015368342730859449
2,DALYs (Disability-Adjusted Life Years),56,Eastern Europe,2,Female,22,All ages,559,Schizophrenia,2,Percent,2001,0.003321672597077695,0.004178332119512856,0.0024354297612054353
2,DALYs (Disability-Adjusted Life Years),56,Eastern Europe,3,Both,22,All ages,559,Schizophrenia,2,Percent,2001,0.002624037135605418,0.003328396895174616,0.0019238598189881433
2,DALYs (Disability-Adjusted Life Years),56,Eastern Europe,1,Male,22,All ages,559,Schizophrenia,3,Rate,2001,140.3601930743981,180.56193042472586,103.05666751182551
2,DALYs (Disability-Adjusted Life Years),56,Eastern Europe,2,Female,22,All ages,559,Schizophrenia,3,Rate,2001,143.54529676707853,184.2990264117299,106.08092829762356
2,DALYs (Disability-Adjusted Life Years),56,Eastern Europe,3,Both,22,All ages,559,Schizophrenia,3,Rate,2001,142.05873746323212,182.78046147868994,104.52478057008663
2,DALYs (Disability-Adjusted Life Years),56,Eastern Europe,1,Male,27,Age-standardized,559,Schizophrenia,3,Rate,2001,120.34953941539753,155.21879287187437,88.53810779040086
2,DALYs (Disability-Adjusted Life Years),56,Eastern Europe,2,Female,27,Age-standardized,559,Schizophrenia,3,Rate,2001,124.08829061522671,160.5656127719449,91.85646356604077
2,DALYs (Disability-Adjusted Life Years),56,Eastern Europe,3,Both,27,Age-standardized,559,Schizophrenia,3,Rate,2001,122.32223012481208,157.82961339836254,90.08290021614057
2,DALYs (Disability-Adjusted Life Years),32,Central Asia,1,Male,22,All ages,559,Schizophrenia,1,Number,2001,46945.89197981318,63689.26267585522,33120.56261142917
2,DALYs (Disability-Adjusted Life Years),32,Central Asia,2,Female,22,All ages,559,Schizophrenia,1,Number,2001,48304.779682764776,65910.77822731897,33642.417553688545
2,DALYs (Disability-Adjusted Life Years),32,Central Asia,3,Both,22,All ages,559,Schizophrenia,1,Number,2001,95250.67166257802,130288.15331608025,66789.93719197361
2,DALYs (Disability-Adjusted Life Years),32,Central Asia,1,Male,22,All ages,559,Schizophrenia,2,Percent,2001,0.003063060280811328,0.004160164964663518,0.002186774528515003
2,DALYs (Disability-Adjusted Life Years),32,Central Asia,2,Female,22,All ages,559,Schizophrenia,2,Percent,2001,0.003865832774593485,0.005194775869895466,0.002706692253076677
2,DALYs (Disability-Adjusted Life Years),32,Central Asia,3,Both,22,All ages,559,Schizophrenia,2,Percent,2001,0.003423212378222015,0.004623142728958229,0.002432407531841697
2,DALYs (Disability-Adjusted Life Years),32,Central Asia,1,Male,22,All ages,559,Schizophrenia,3,Rate,2001,127.7644892632346,173.33201637390664,90.13848896469665
2,DALYs (Disability-Adjusted Life Years),32,Central Asia,2,Female,22,All ages,559,Schizophrenia,3,Rate,2001,126.68046155053473,172.85262166242413,88.22805965302233
2,DALYs (Disability-Adjusted Life Years),32,Central Asia,3,Both,22,All ages,559,Schizophrenia,3,Rate,2001,127.21243423519624,174.00688988378766,89.20158088444147
2,DALYs (Disability-Adjusted Life Years),32,Central Asia,1,Male,27,Age-standardized,559,Schizophrenia,3,Rate,2001,137.9673163554934,187.4142287521718,99.66118487087185
2,DALYs (Disability-Adjusted Life Years),32,Central Asia,2,Female,27,Age-standardized,559,Schizophrenia,3,Rate,2001,132.9898206777115,180.93462924701538,92.72551878385894
2,DALYs (Disability-Adjusted Life Years),32,Central Asia,3,Both,27,Age-standardized,559,Schizophrenia,3,Rate,2001,135.40907612709535,183.68117210073265,96.09710646022825
2,DALYs (Disability-Adjusted Life Years),42,Central Europe,1,Male,22,All ages,559,Schizophrenia,1,Number,2001,97919.67877650079,131044.42221074151,69824.60511529756
2,DALYs (Disability-Adjusted Life Years),42,Central Europe,2,Female,22,All ages,559,Schizophrenia,1,Number,2001,99487.3762109148,132528.47139217996,71297.85556724711
2,DALYs (Disability-Adjusted Life Years),42,Central Europe,3,Both,22,All ages,559,Schizophrenia,1,Number,2001,197407.05498741573,264549.2675558567,141117.50491036935
2,DALYs (Disability-Adjusted Life Years),42,Central Europe,1,Male,22,All ages,559,Schizophrenia,2,Percent,2001,0.003932908009393893,0.005140652992433374,0.0028311481821811954
2,DALYs (Disability-Adjusted Life Years),42,Central Europe,2,Female,22,All ages,559,Schizophrenia,2,Percent,2001,0.004762293222558166,0.006227463917201541,0.0034533126566410714
2,DALYs (Disability-Adjusted Life Years),42,Central Europe,3,Both,22,All ages,559,Schizophrenia,2,Percent,2001,0.004310827816955895,0.005607197383948437,0.0031097082291277715
2,DALYs (Disability-Adjusted Life Years),42,Central Europe,1,Male,22,All ages,559,Schizophrenia,3,Rate,2001,164.9154300524322,220.7038208753122,117.59796319505512
2,DALYs (Disability-Adjusted Life Years),42,Central Europe,2,Female,22,All ages,559,Schizophrenia,3,Rate,2001,158.65816700374302,211.3506773192437,113.70273804000462
2,DALYs (Disability-Adjusted Life Years),42,Central Europe,3,Both,22,All ages,559,Schizophrenia,3,Rate,2001,161.70146432945657,216.6994687894731,115.5931695955886
2,DALYs (Disability-Adjusted Life Years),42,Central Europe,1,Male,27,Age-standardized,559,Schizophrenia,3,Rate,2001,143.3768794469094,192.01597220980153,102.24989239936907
2,DALYs (Disability-Adjusted Life Years),42,Central Europe,2,Female,27,Age-standardized,559,Schizophrenia,3,Rate,2001,139.11045689380737,186.3975790169111,99.59423443061932
2,DALYs (Disability-Adjusted Life Years),42,Central Europe,3,Both,27,Age-standardized,559,Schizophrenia,3,Rate,2001,141.24384449497134,189.26685774641226,100.70865281103659
2,DALYs (Disability-Adjusted Life Years),70,Australasia,1,Male,22,All ages,559,Schizophrenia,1,Number,2001,35265.70306357219,42959.3048129702,26194.57375818141
2,DALYs (Disability-Adjusted Life Years),70,Australasia,2,Female,22,All ages,559,Schizophrenia,1,Number,2001,27734.208674964197,34356.587124552,20492.93589742477
2,DALYs (Disability-Adjusted Life Years),70,Australasia,3,Both,22,All ages,559,Schizophrenia,1,Number,2001,62999.91173853648,76532.35446943114,47159.7773398585
2,DALYs (Disability-Adjusted Life Years),70,Australasia,1,Male,22,All ages,559,Schizophrenia,2,Percent,2001,0.011113624033878881,0.013240880476489423,0.008682053230512085
2,DALYs (Disability-Adjusted Life Years),70,Australasia,2,Female,22,All ages,559,Schizophrenia,2,Percent,2001,0.0091752172696018,0.01142094051030326,0.006942585003086935
2,DALYs (Disability-Adjusted Life Years),70,Australasia,3,Both,22,All ages,559,Schizophrenia,2,Percent,2001,0.010166454183157633,0.012314820480607742,0.007832804987173259
2,DALYs (Disability-Adjusted Life Years),70,Australasia,1,Male,22,All ages,559,Schizophrenia,3,Rate,2001,310.70396722339666,378.4874616135601,230.78394245313626
2,DALYs (Disability-Adjusted Life Years),70,Australasia,2,Female,22,All ages,559,Schizophrenia,3,Rate,2001,238.32523408975135,295.23256873649933,176.09962491371954
2,DALYs (Disability-Adjusted Life Years),70,Australasia,3,Both,22,All ages,559,Schizophrenia,3,Rate,2001,274.0629802874035,332.9319768153623,205.15503547199475
2,DALYs (Disability-Adjusted Life Years),70,Australasia,1,Male,27,Age-standardized,559,Schizophrenia,3,Rate,2001,283.69885802725685,345.7606731588932,210.79323241177923
2,DALYs (Disability-Adjusted Life Years),70,Australasia,2,Female,27,Age-standardized,559,Schizophrenia,3,Rate,2001,209.21496805714114,259.12792284211866,155.9061630852484
2,DALYs (Disability-Adjusted Life Years),70,Australasia,3,Both,27,Age-standardized,559,Schizophrenia,3,Rate,2001,246.23981546733586,299.0899146028922,183.42021536270988
2,DALYs (Disability-Adjusted Life Years),167,Central Sub-Saharan Africa,1,Male,22,All ages,559,Schizophrenia,1,Number,2001,35160.16752334553,48792.009426879195,25149.524267543384
2,DALYs (Disability-Adjusted Life Years),167,Central Sub-Saharan Africa,2,Female,22,All ages,559,Schizophrenia,1,Number,2001,37791.86337176858,51894.13381431937,26059.620446191308
2,DALYs (Disability-Adjusted Life Years),167,Central Sub-Saharan Africa,3,Both,22,All ages,559,Schizophrenia,1,Number,2001,72952.03089511424,100274.68560287602,51678.29844314979
2,DALYs (Disability-Adjusted Life Years),167,Central Sub-Saharan Africa,1,Male,22,All ages,559,Schizophrenia,2,Percent,2001,0.0009256431679573917,0.001292626545326675,0.0006520464721738427
2,DALYs (Disability-Adjusted Life Years),167,Central Sub-Saharan Africa,2,Female,22,All ages,559,Schizophrenia,2,Percent,2001,0.0010921535676554613,0.0015100728655223687,0.0007547181741813153
2,DALYs (Disability-Adjusted Life Years),167,Central Sub-Saharan Africa,3,Both,22,All ages,559,Schizophrenia,2,Percent,2001,0.0010049595513934642,0.0013917020690400466,0.0007071084815896201
2,DALYs (Disability-Adjusted Life Years),167,Central Sub-Saharan Africa,1,Male,22,All ages,559,Schizophrenia,3,Rate,2001,93.31361324418981,129.4919511985717,66.74578496301794
2,DALYs (Disability-Adjusted Life Years),167,Central Sub-Saharan Africa,2,Female,22,All ages,559,Schizophrenia,3,Rate,2001,99.13547810060376,136.1285024686651,68.35950126723117
2,DALYs (Disability-Adjusted Life Years),167,Central Sub-Saharan Africa,3,Both,22,All ages,559,Schizophrenia,3,Rate,2001,96.24151419685109,132.28675692262743,68.17627463224751
2,DALYs (Disability-Adjusted Life Years),167,Central Sub-Saharan Africa,1,Male,27,Age-standardized,559,Schizophrenia,3,Rate,2001,128.66057864454632,173.84916697404867,90.75165228331495
2,DALYs (Disability-Adjusted Life Years),167,Central Sub-Saharan Africa,2,Female,27,Age-standardized,559,Schizophrenia,3,Rate,2001,134.417055410083,180.98856091341491,93.96464368965627
2,DALYs (Disability-Adjusted Life Years),167,Central Sub-Saharan Africa,3,Both,27,Age-standardized,559,Schizophrenia,3,Rate,2001,131.61376828063362,176.8751353831181,92.54432003497266
2,DALYs (Disability-Adjusted Life Years),44635,High SDI,1,Male,22,All ages,559,Schizophrenia,1,Number,2001,1077910.313287832,1380106.0715679792,797538.5444086907
2,DALYs (Disability-Adjusted Life Years),44635,High SDI,2,Female,22,All ages,559,Schizophrenia,1,Number,2001,1022618.6557296731,1301728.850207471,753367.8619534804
2,DALYs (Disability-Adjusted Life Years),44635,High SDI,3,Both,22,All ages,559,Schizophrenia,1,Number,2001,2100528.9690175033,2680320.9539540806,1550476.615550787
2,DALYs (Disability-Adjusted Life Years),44635,High SDI,1,Male,22,All ages,559,Schizophrenia,2,Percent,2001,0.007333240647676481,0.00921441682304263,0.005489925063169038
2,DALYs (Disability-Adjusted Life Years),44635,High SDI,2,Female,22,All ages,559,Schizophrenia,2,Percent,2001,0.007456297852269164,0.009320251976054118,0.005604677790408267
2,DALYs (Disability-Adjusted Life Years),44635,High SDI,3,Both,22,All ages,559,Schizophrenia,2,Percent,2001,0.007391668865797833,0.009248552506230651,0.005512705234476939
2,DALYs (Disability-Adjusted Life Years),44635,High SDI,1,Male,22,All ages,559,Schizophrenia,3,Rate,2001,229.32378272439493,293.61547152055294,169.67511454125122
2,DALYs (Disability-Adjusted Life Years),44635,High SDI,2,Female,22,All ages,559,Schizophrenia,3,Rate,2001,212.7638741489296,270.83495075097375,156.74412359917918
2,DALYs (Disability-Adjusted Life Years),44635,High SDI,3,Both,22,All ages,559,Schizophrenia,3,Rate,2001,220.95153436779256,281.9389954194745,163.09234114850884
2,DALYs (Disability-Adjusted Life Years),44635,High SDI,1,Male,27,Age-standardized,559,Schizophrenia,3,Rate,2001,197.75725331511933,255.17881367456457,147.41082955649688
2,DALYs (Disability-Adjusted Life Years),44635,High SDI,2,Female,27,Age-standardized,559,Schizophrenia,3,Rate,2001,184.3283442045645,236.01743916681644,136.14720867343038
2,DALYs (Disability-Adjusted Life Years),44635,High SDI,3,Both,27,Age-standardized,559,Schizophrenia,3,Rate,2001,191.31619934257822,245.3142608964026,141.96510358412874
2,DALYs (Disability-Adjusted Life Years),44634,High-middle SDI,1,Male,22,All ages,559,Schizophrenia,1,Number,2001,1192631.3948024812,1496802.1945244316,880284.6639105708
2,DALYs (Disability-Adjusted Life Years),44634,High-middle SDI,2,Female,22,All ages,559,Schizophrenia,1,Number,2001,1105255.5980747691,1387905.962625911,818368.4546503488
2,DALYs (Disability-Adjusted Life Years),44634,High-middle SDI,3,Both,22,All ages,559,Schizophrenia,1,Number,2001,2297886.9928772473,2885819.272935945,1698509.8299677384
2,DALYs (Disability-Adjusted Life Years),44634,High-middle SDI,1,Male,22,All ages,559,Schizophrenia,2,Percent,2001,0.005394458683909964,0.006754499733260729,0.0040205264405960605
2,DALYs (Disability-Adjusted Life Years),44634,High-middle SDI,2,Female,22,All ages,559,Schizophrenia,2,Percent,2001,0.006240605729836745,0.007766648757528202,0.004686718228154687
2,DALYs (Disability-Adjusted Life Years),44634,High-middle SDI,3,Both,22,All ages,559,Schizophrenia,2,Percent,2001,0.005769692070774771,0.007209795721916263,0.004347440538840114
2,DALYs (Disability-Adjusted Life Years),44634,High-middle SDI,1,Male,22,All ages,559,Schizophrenia,3,Rate,2001,206.52562961693909,259.1982879063577,152.4371614302301
2,DALYs (Disability-Adjusted Life Years),44634,High-middle SDI,2,Female,22,All ages,559,Schizophrenia,3,Rate,2001,189.6132759937639,238.10365385453107,140.3960531179408
2,DALYs (Disability-Adjusted Life Years),44634,High-middle SDI,3,Both,22,All ages,559,Schizophrenia,3,Rate,2001,198.02991028870863,248.6974048333713,146.37610565515251
2,DALYs (Disability-Adjusted Life Years),44634,High-middle SDI,1,Male,27,Age-standardized,559,Schizophrenia,3,Rate,2001,181.78922161640224,227.95771560440176,134.5988331077278
2,DALYs (Disability-Adjusted Life Years),44634,High-middle SDI,2,Female,27,Age-standardized,559,Schizophrenia,3,Rate,2001,167.09858943893101,209.9631939168716,124.36452195026231
2,DALYs (Disability-Adjusted Life Years),44634,High-middle SDI,3,Both,27,Age-standardized,559,Schizophrenia,3,Rate,2001,174.435506624958,218.87480598552395,129.4750207107955
2,DALYs (Disability-Adjusted Life Years),192,Southern Sub-Saharan Africa,1,Male,22,All ages,559,Schizophrenia,1,Number,2001,36996.90776599235,48067.63307872678,26994.786203164134
2,DALYs (Disability-Adjusted Life Years),192,Southern Sub-Saharan Africa,2,Female,22,All ages,559,Schizophrenia,1,Number,2001,42847.64320237683,56311.988708850055,31648.97265108941
2,DALYs (Disability-Adjusted Life Years),192,Southern Sub-Saharan Africa,3,Both,22,All ages,559,Schizophrenia,1,Number,2001,79844.55096836915,104338.45051388475,58453.564710612205
2,DALYs (Disability-Adjusted Life Years),192,Southern Sub-Saharan Africa,1,Male,22,All ages,559,Schizophrenia,2,Percent,2001,0.001514417420976709,0.001983931434890001,0.0011093484031535934
2,DALYs (Disability-Adjusted Life Years),192,Southern Sub-Saharan Africa,2,Female,22,All ages,559,Schizophrenia,2,Percent,2001,0.0017369223264064972,0.002258427141331918,0.0012779046962143694
2,DALYs (Disability-Adjusted Life Years),192,Southern Sub-Saharan Africa,3,Both,22,All ages,559,Schizophrenia,2,Percent,2001,0.0016260493384598947,0.0021287561102684804,0.0011896395766729166
2,DALYs (Disability-Adjusted Life Years),192,Southern Sub-Saharan Africa,1,Male,22,All ages,559,Schizophrenia,3,Rate,2001,119.18005057289243,154.8427500340375,86.95969958480732
2,DALYs (Disability-Adjusted Life Years),192,Southern Sub-Saharan Africa,2,Female,22,All ages,559,Schizophrenia,3,Rate,2001,127.90069578033393,168.09191820932423,94.47253851718389
2,DALYs (Disability-Adjusted Life Years),192,Southern Sub-Saharan Africa,3,Both,22,All ages,559,Schizophrenia,3,Rate,2001,123.70641577066166,161.65581224510294,90.56448926906613
2,DALYs (Disability-Adjusted Life Years),192,Southern Sub-Saharan Africa,1,Male,27,Age-standardized,559,Schizophrenia,3,Rate,2001,138.0821543844696,179.43244868430796,101.01801321854758
2,DALYs (Disability-Adjusted Life Years),192,Southern Sub-Saharan Africa,2,Female,27,Age-standardized,559,Schizophrenia,3,Rate,2001,142.46096466458823,186.44919340299145,105.80317934761214
2,DALYs (Disability-Adjusted Life Years),192,Southern Sub-Saharan Africa,3,Both,27,Age-standardized,559,Schizophrenia,3,Rate,2001,140.44741075911506,183.29929177626423,103.46007640759414
2,DALYs (Disability-Adjusted Life Years),96,Southern Latin America,1,Male,22,All ages,559,Schizophrenia,1,Number,2001,50074.49923006621,68314.00354152563,34820.47258013318
2,DALYs (Disability-Adjusted Life Years),96,Southern Latin America,2,Female,22,All ages,559,Schizophrenia,1,Number,2001,49319.176181448674,66761.9436808967,34074.45756295846
2,DALYs (Disability-Adjusted Life Years),96,Southern Latin America,3,Both,22,All ages,559,Schizophrenia,1,Number,2001,99393.67541151484,134201.7016252243,68978.38430357356
2,DALYs (Disability-Adjusted Life Years),96,Southern Latin America,1,Male,22,All ages,559,Schizophrenia,2,Percent,2001,0.005730704490627267,0.007667855669333531,0.004005432702373685
2,DALYs (Disability-Adjusted Life Years),96,Southern Latin America,2,Female,22,All ages,559,Schizophrenia,2,Percent,2001,0.006472392167950825,0.008498038888671063,0.004550902143496136
2,DALYs (Disability-Adjusted Life Years),96,Southern Latin America,3,Both,22,All ages,559,Schizophrenia,2,Percent,2001,0.0060752847205920064,0.008024645836064492,0.00421949951960134
2,DALYs (Disability-Adjusted Life Years),96,Southern Latin America,1,Male,22,All ages,559,Schizophrenia,3,Rate,2001,183.49577384050008,250.3336256325122,127.59807206912741
2,DALYs (Disability-Adjusted Life Years),96,Southern Latin America,2,Female,22,All ages,559,Schizophrenia,3,Rate,2001,173.03491933477838,234.23237032499932,119.5492599894773
2,DALYs (Disability-Adjusted Life Years),96,Southern Latin America,3,Both,22,All ages,559,Schizophrenia,3,Rate,2001,178.1516045341988,240.5409436442242,123.6357322634492
2,DALYs (Disability-Adjusted Life Years),96,Southern Latin America,1,Male,27,Age-standardized,559,Schizophrenia,3,Rate,2001,184.19954041116088,250.18257827018687,128.22599928541283
2,DALYs (Disability-Adjusted Life Years),96,Southern Latin America,2,Female,27,Age-standardized,559,Schizophrenia,3,Rate,2001,171.06460993926422,231.79190863719643,117.86231285619789
2,DALYs (Disability-Adjusted Life Years),96,Southern Latin America,3,Both,27,Age-standardized,559,Schizophrenia,3,Rate,2001,177.6544046295662,239.5783851083082,123.08947489451235
2,DALYs (Disability-Adjusted Life Years),100,High-income North America,1,Male,22,All ages,559,Schizophrenia,1,Number,2001,402976.15759011277,504256.2273834843,299417.487699453
2,DALYs (Disability-Adjusted Life Years),100,High-income North America,2,Female,22,All ages,559,Schizophrenia,1,Number,2001,390133.79040641093,489660.68689790764,291356.5337931878
2,DALYs (Disability-Adjusted Life Years),100,High-income North America,3,Both,22,All ages,559,Schizophrenia,1,Number,2001,793109.9479965233,988064.4975216191,592421.8701371029
2,DALYs (Disability-Adjusted Life Years),100,High-income North America,1,Male,22,All ages,559,Schizophrenia,2,Percent,2001,0.008066019894391818,0.009909578258844361,0.006101533916872822
2,DALYs (Disability-Adjusted Life Years),100,High-income North America,2,Female,22,All ages,559,Schizophrenia,2,Percent,2001,0.007991550389330495,0.009833677576170674,0.006049861164592043
2,DALYs (Disability-Adjusted Life Years),100,High-income North America,3,Both,22,All ages,559,Schizophrenia,2,Percent,2001,0.008028366887395553,0.009967747581186126,0.006038260922295247
2,DALYs (Disability-Adjusted Life Years),100,High-income North America,1,Male,22,All ages,559,Schizophrenia,3,Rate,2001,260.7496318087836,326.2838834283327,193.74098989289413
2,DALYs (Disability-Adjusted Life Years),100,High-income North America,2,Female,22,All ages,559,Schizophrenia,3,Rate,2001,244.048026698935,306.30703447910247,182.25795582586542
2,DALYs (Disability-Adjusted Life Years),100,High-income North America,3,Both,22,All ages,559,Schizophrenia,3,Rate,2001,252.2576808152678,314.265202788503,188.4265446455911
2,DALYs (Disability-Adjusted Life Years),100,High-income North America,1,Male,27,Age-standardized,559,Schizophrenia,3,Rate,2001,232.93167541829294,294.1731507649705,172.5550777284699
2,DALYs (Disability-Adjusted Life Years),100,High-income North America,2,Female,27,Age-standardized,559,Schizophrenia,3,Rate,2001,217.69197089814466,273.48961083053945,162.7661256713152
2,DALYs (Disability-Adjusted Life Years),100,High-income North America,3,Both,27,Age-standardized,559,Schizophrenia,3,Rate,2001,225.43341565268915,283.12464774690324,167.37167899595937
2,DALYs (Disability-Adjusted Life Years),21,Oceania,1,Male,22,All ages,559,Schizophrenia,1,Number,2001,7099.565041041891,9722.245196558779,5047.334107213683
2,DALYs (Disability-Adjusted Life Years),21,Oceania,2,Female,22,All ages,559,Schizophrenia,1,Number,2001,5631.100292264561,7821.59064312587,3900.828867676885
2,DALYs (Disability-Adjusted Life Years),21,Oceania,3,Both,22,All ages,559,Schizophrenia,1,Number,2001,12730.665333306457,17511.272019973007,9019.118072145735
2,DALYs (Disability-Adjusted Life Years),21,Oceania,1,Male,22,All ages,559,Schizophrenia,2,Percent,2001,0.003458158091898088,0.004742374960138487,0.0024158481150945866
2,DALYs (Disability-Adjusted Life Years),21,Oceania,2,Female,22,All ages,559,Schizophrenia,2,Percent,2001,0.003245148833325309,0.004543717591200935,0.0022298191481817634
2,DALYs (Disability-Adjusted Life Years),21,Oceania,3,Both,22,All ages,559,Schizophrenia,2,Percent,2001,0.0033604651775199475,0.004594368881183815,0.002330708711118793
2,DALYs (Disability-Adjusted Life Years),21,Oceania,1,Male,22,All ages,559,Schizophrenia,3,Rate,2001,160.72115369562022,220.0938304627907,114.26240285272293
2,DALYs (Disability-Adjusted Life Years),21,Oceania,2,Female,22,All ages,559,Schizophrenia,3,Rate,2001,136.07197321495678,189.00378562814907,94.26105976620757
2,DALYs (Disability-Adjusted Life Years),21,Oceania,3,Both,22,All ages,559,Schizophrenia,3,Rate,2001,148.79845967539492,204.67510811959085,105.4171829695916
2,DALYs (Disability-Adjusted Life Years),21,Oceania,1,Male,27,Age-standardized,559,Schizophrenia,3,Rate,2001,192.95460048108671,261.56860623908574,137.095765388067
2,DALYs (Disability-Adjusted Life Years),21,Oceania,2,Female,27,Age-standardized,559,Schizophrenia,3,Rate,2001,158.50972807962123,217.83399112222926,110.86367745611592
2,DALYs (Disability-Adjusted Life Years),21,Oceania,3,Both,27,Age-standardized,559,Schizophrenia,3,Rate,2001,176.1608677483134,238.68976663121086,123.96881337700422
2,DALYs (Disability-Adjusted Life Years),124,Central Latin America,1,Male,22,All ages,559,Schizophrenia,1,Number,2001,150667.32113342977,199578.77977424936,108764.06197573224
2,DALYs (Disability-Adjusted Life Years),124,Central Latin America,2,Female,22,All ages,559,Schizophrenia,1,Number,2001,130890.10963981423,174561.93301156609,96126.76263536708
2,DALYs (Disability-Adjusted Life Years),124,Central Latin America,3,Both,22,All ages,559,Schizophrenia,1,Number,2001,281557.4307732443,373840.1162048137,204529.97926400992
2,DALYs (Disability-Adjusted Life Years),124,Central Latin America,1,Male,22,All ages,559,Schizophrenia,2,Percent,2001,0.004804189762047366,0.006304392135089591,0.0034846969376356174
2,DALYs (Disability-Adjusted Life Years),124,Central Latin America,2,Female,22,All ages,559,Schizophrenia,2,Percent,2001,0.00517543446880235,0.006766401098251719,0.0037647550245493776
2,DALYs (Disability-Adjusted Life Years),124,Central Latin America,3,Both,22,All ages,559,Schizophrenia,2,Percent,2001,0.004969093317360194,0.006514596922574624,0.0035936748446616555
2,DALYs (Disability-Adjusted Life Years),124,Central Latin America,1,Male,22,All ages,559,Schizophrenia,3,Rate,2001,151.91446172538775,201.2307823165224,109.66435060909845
2,DALYs (Disability-Adjusted Life Years),124,Central Latin America,2,Female,22,All ages,559,Schizophrenia,3,Rate,2001,127.1992058099688,169.63954957961255,93.41613279986733
2,DALYs (Disability-Adjusted Life Years),124,Central Latin America,3,Both,22,All ages,559,Schizophrenia,3,Rate,2001,139.3291882588762,184.9954369393626,101.21201883110555
2,DALYs (Disability-Adjusted Life Years),124,Central Latin America,1,Male,27,Age-standardized,559,Schizophrenia,3,Rate,2001,172.32750984917112,227.46904777813745,123.13959006702295
2,DALYs (Disability-Adjusted Life Years),124,Central Latin America,2,Female,27,Age-standardized,559,Schizophrenia,3,Rate,2001,139.0515440623327,182.78746240476096,101.77124515828532
2,DALYs (Disability-Adjusted Life Years),124,Central Latin America,3,Both,27,Age-standardized,559,Schizophrenia,3,Rate,2001,155.03874477433018,205.01661933771172,112.24687020716033
2,DALYs (Disability-Adjusted Life Years),44636,Low-middle SDI,1,Male,22,All ages,559,Schizophrenia,1,Number,2001,1160825.608166176,1525609.3547811802,848660.8592418453
2,DALYs (Disability-Adjusted Life Years),44636,Low-middle SDI,2,Female,22,All ages,559,Schizophrenia,1,Number,2001,913329.1851963709,1203409.1183002144,669714.3192245552
2,DALYs (Disability-Adjusted Life Years),44636,Low-middle SDI,3,Both,22,All ages,559,Schizophrenia,1,Number,2001,2074154.7933625483,2729018.473081395,1517145.8053660328
2,DALYs (Disability-Adjusted Life Years),44636,Low-middle SDI,1,Male,22,All ages,559,Schizophrenia,2,Percent,2001,0.0030138095140404618,0.003920351042948793,0.002193775289137637
2,DALYs (Disability-Adjusted Life Years),44636,Low-middle SDI,2,Female,22,All ages,559,Schizophrenia,2,Percent,2001,0.0025911105032793294,0.003375069489975394,0.001894763729856613
2,DALYs (Disability-Adjusted Life Years),44636,Low-middle SDI,3,Both,22,All ages,559,Schizophrenia,2,Percent,2001,0.002811683236679004,0.0036661312778578457,0.0020361449667642513
2,DALYs (Disability-Adjusted Life Years),44636,Low-middle SDI,1,Male,22,All ages,559,Schizophrenia,3,Rate,2001,161.49905912832074,212.24934534632905,118.06935453733549
2,DALYs (Disability-Adjusted Life Years),44636,Low-middle SDI,2,Female,22,All ages,559,Schizophrenia,3,Rate,2001,131.1920942386693,172.8596490889217,96.19885743802583
2,DALYs (Disability-Adjusted Life Years),44636,Low-middle SDI,3,Both,22,All ages,559,Schizophrenia,3,Rate,2001,146.58766095416348,192.86913201939615,107.22191788515869
2,DALYs (Disability-Adjusted Life Years),44636,Low-middle SDI,1,Male,27,Age-standardized,559,Schizophrenia,3,Rate,2001,190.1294892725435,247.51979381513527,139.3827588967844
2,DALYs (Disability-Adjusted Life Years),44636,Low-middle SDI,2,Female,27,Age-standardized,559,Schizophrenia,3,Rate,2001,151.45512356641535,198.7603008773169,110.9390008997516
2,DALYs (Disability-Adjusted Life Years),44636,Low-middle SDI,3,Both,27,Age-standardized,559,Schizophrenia,3,Rate,2001,170.9128207521049,223.9109333814156,125.38303332315834
2,DALYs (Disability-Adjusted Life Years),138,North Africa and Middle East,1,Male,22,All ages,559,Schizophrenia,1,Number,2001,321490.8137420962,432061.9170133978,230235.89116499003
2,DALYs (Disability-Adjusted Life Years),138,North Africa and Middle East,2,Female,22,All ages,559,Schizophrenia,1,Number,2001,269075.1779162925,361834.68273849844,194272.86228635494
2,DALYs (Disability-Adjusted Life Years),138,North Africa and Middle East,3,Both,22,All ages,559,Schizophrenia,1,Number,2001,590565.9916583889,794544.4401567206,424451.07663648337
2,DALYs (Disability-Adjusted Life Years),138,North Africa and Middle East,1,Male,22,All ages,559,Schizophrenia,2,Percent,2001,0.003929340961689352,0.005256287012189687,0.002814439056387539
2,DALYs (Disability-Adjusted Life Years),138,North Africa and Middle East,2,Female,22,All ages,559,Schizophrenia,2,Percent,2001,0.0038148260334356786,0.005087270488715876,0.0027305901207274772
2,DALYs (Disability-Adjusted Life Years),138,North Africa and Middle East,3,Both,22,All ages,559,Schizophrenia,2,Percent,2001,0.003875967019231905,0.005174524658890877,0.002773856527831569
2,DALYs (Disability-Adjusted Life Years),138,North Africa and Middle East,1,Male,22,All ages,559,Schizophrenia,3,Rate,2001,146.26323998372348,196.56790537926145,104.74653073398814
2,DALYs (Disability-Adjusted Life Years),138,North Africa and Middle East,2,Female,22,All ages,559,Schizophrenia,3,Rate,2001,128.81996192017056,173.22865086526434,93.00829201583302
2,DALYs (Disability-Adjusted Life Years),138,North Africa and Middle East,3,Both,22,All ages,559,Schizophrenia,3,Rate,2001,137.76389324379764,185.34683164505682,99.01354570851684
2,DALYs (Disability-Adjusted Life Years),138,North Africa and Middle East,1,Male,27,Age-standardized,559,Schizophrenia,3,Rate,2001,164.64590622973577,221.67086614520875,117.13014802362135
2,DALYs (Disability-Adjusted Life Years),138,North Africa and Middle East,2,Female,27,Age-standardized,559,Schizophrenia,3,Rate,2001,146.26390321455344,195.33002023979554,105.86939935323606
2,DALYs (Disability-Adjusted Life Years),138,North Africa and Middle East,3,Both,27,Age-standardized,559,Schizophrenia,3,Rate,2001,155.72225927750964,209.57742430158106,111.2591233986615
2,DALYs (Disability-Adjusted Life Years),44637,Low SDI,1,Male,22,All ages,559,Schizophrenia,1,Number,2001,384095.8125348048,507689.2964218233,274490.8005131462
2,DALYs (Disability-Adjusted Life Years),44637,Low SDI,2,Female,22,All ages,559,Schizophrenia,1,Number,2001,359431.6281960067,478032.31297723914,258075.75532028076
2,DALYs (Disability-Adjusted Life Years),44637,Low SDI,3,Both,22,All ages,559,Schizophrenia,1,Number,2001,743527.4407308111,983041.1367200555,531668.1437211169
2,DALYs (Disability-Adjusted Life Years),44637,Low SDI,1,Male,22,All ages,559,Schizophrenia,2,Percent,2001,0.0012864815374454635,0.0017088028307474658,0.0009208115576420041
2,DALYs (Disability-Adjusted Life Years),44637,Low SDI,2,Female,22,All ages,559,Schizophrenia,2,Percent,2001,0.0013079508273161503,0.0017378184111911262,0.0009449194845253901
2,DALYs (Disability-Adjusted Life Years),44637,Low SDI,3,Both,22,All ages,559,Schizophrenia,2,Percent,2001,0.001296722864272718,0.0017268921936927817,0.0009344732007166496
2,DALYs (Disability-Adjusted Life Years),44637,Low SDI,1,Male,22,All ages,559,Schizophrenia,3,Rate,2001,114.2360477431714,150.9946654247505,81.63781840146913
2,DALYs (Disability-Adjusted Life Years),44637,Low SDI,2,Female,22,All ages,559,Schizophrenia,3,Rate,2001,108.6129900439372,144.45172538284137,77.98528911845668
2,DALYs (Disability-Adjusted Life Years),44637,Low SDI,3,Both,22,All ages,559,Schizophrenia,3,Rate,2001,111.4468590735801,147.347415880023,79.69140268577024
2,DALYs (Disability-Adjusted Life Years),44637,Low SDI,1,Male,27,Age-standardized,559,Schizophrenia,3,Rate,2001,158.2512002815462,206.3024781983038,113.29335833344471
2,DALYs (Disability-Adjusted Life Years),44637,Low SDI,2,Female,27,Age-standardized,559,Schizophrenia,3,Rate,2001,146.66649751107713,193.79890681748657,106.33577200884523
2,DALYs (Disability-Adjusted Life Years),44637,Low SDI,3,Both,27,Age-standardized,559,Schizophrenia,3,Rate,2001,152.4585749344423,200.26817088283443,109.71930860526037
2,DALYs (Disability-Adjusted Life Years),9,Southeast Asia,1,Male,22,All ages,559,Schizophrenia,1,Number,2001,529952.13911336,709386.0210697214,385671.0926971049
2,DALYs (Disability-Adjusted Life Years),9,Southeast Asia,2,Female,22,All ages,559,Schizophrenia,1,Number,2001,446803.3998765136,597260.2529870709,326529.1454234867
2,DALYs (Disability-Adjusted Life Years),9,Southeast Asia,3,Both,22,All ages,559,Schizophrenia,1,Number,2001,976755.5389898738,1305389.1618522303,716235.8038931085
2,DALYs (Disability-Adjusted Life Years),9,Southeast Asia,1,Male,22,All ages,559,Schizophrenia,2,Percent,2001,0.004975891666387602,0.006533461913862804,0.0036014421328947146
2,DALYs (Disability-Adjusted Life Years),9,Southeast Asia,2,Female,22,All ages,559,Schizophrenia,2,Percent,2001,0.004963535955464837,0.006543880575947467,0.0036183538195120307
2,DALYs (Disability-Adjusted Life Years),9,Southeast Asia,3,Both,22,All ages,559,Schizophrenia,2,Percent,2001,0.004969426588746371,0.006486883825119365,0.0036088200740551834
2,DALYs (Disability-Adjusted Life Years),9,Southeast Asia,1,Male,22,All ages,559,Schizophrenia,3,Rate,2001,193.63300065119776,259.19424367180784,140.9158401894713
2,DALYs (Disability-Adjusted Life Years),9,Southeast Asia,2,Female,22,All ages,559,Schizophrenia,3,Rate,2001,161.64279964360202,216.07449593122695,118.13044673803446
2,DALYs (Disability-Adjusted Life Years),9,Southeast Asia,3,Both,22,All ages,559,Schizophrenia,3,Rate,2001,177.558663982174,237.29904392965497,130.200308428225
2,DALYs (Disability-Adjusted Life Years),9,Southeast Asia,1,Male,27,Age-standardized,559,Schizophrenia,3,Rate,2001,200.7665420339239,267.0916346732286,146.66632200798136
2,DALYs (Disability-Adjusted Life Years),9,Southeast Asia,2,Female,27,Age-standardized,559,Schizophrenia,3,Rate,2001,163.9519203696314,216.06879630725564,120.40314214753086
2,DALYs (Disability-Adjusted Life Years),9,Southeast Asia,3,Both,27,Age-standardized,559,Schizophrenia,3,Rate,2001,182.02391207485164,241.35488957929357,133.4498706317842
2,DALYs (Disability-Adjusted Life Years),104,Caribbean,1,Male,22,All ages,559,Schizophrenia,1,Number,2001,31347.685918890827,42453.757156121574,21398.43407879136
2,DALYs (Disability-Adjusted Life Years),104,Caribbean,2,Female,22,All ages,559,Schizophrenia,1,Number,2001,25173.193847438866,34232.73217501886,17589.340719857213
2,DALYs (Disability-Adjusted Life Years),104,Caribbean,3,Both,22,All ages,559,Schizophrenia,1,Number,2001,56520.87976632972,77422.4005580406,39156.66925791786
2,DALYs (Disability-Adjusted Life Years),104,Caribbean,1,Male,22,All ages,559,Schizophrenia,2,Percent,2001,0.003936408179574621,0.005302911812977239,0.0027481007102612897
2,DALYs (Disability-Adjusted Life Years),104,Caribbean,2,Female,22,All ages,559,Schizophrenia,2,Percent,2001,0.003372876175078036,0.004620716579237664,0.0023883070750707696
2,DALYs (Disability-Adjusted Life Years),104,Caribbean,3,Both,22,All ages,559,Schizophrenia,2,Percent,2001,0.0036634187398192587,0.00496398619053909,0.002594429584983623
2,DALYs (Disability-Adjusted Life Years),104,Caribbean,1,Male,22,All ages,559,Schizophrenia,3,Rate,2001,156.31143075883438,211.6905068951983,106.70069412807327
2,DALYs (Disability-Adjusted Life Years),104,Caribbean,2,Female,22,All ages,559,Schizophrenia,3,Rate,2001,122.55059619724742,166.65512381680088,85.63014311965551
2,DALYs (Disability-Adjusted Life Years),104,Caribbean,3,Both,22,All ages,559,Schizophrenia,3,Rate,2001,139.22874819520652,190.71578426465518,96.45522268606487
2,DALYs (Disability-Adjusted Life Years),104,Caribbean,1,Male,27,Age-standardized,559,Schizophrenia,3,Rate,2001,160.24033862232653,216.37465329167796,109.60800928618546
2,DALYs (Disability-Adjusted Life Years),104,Caribbean,2,Female,27,Age-standardized,559,Schizophrenia,3,Rate,2001,123.39428923802869,169.1606730487752,86.22073224544532
2,DALYs (Disability-Adjusted Life Years),104,Caribbean,3,Both,27,Age-standardized,559,Schizophrenia,3,Rate,2001,141.4214450226993,192.99009443700157,98.0900363614732
2,DALYs (Disability-Adjusted Life Years),174,Eastern Sub-Saharan Africa,1,Male,22,All ages,559,Schizophrenia,1,Number,2001,115601.5118998143,155136.36958348233,83603.61530191884
2,DALYs (Disability-Adjusted Life Years),174,Eastern Sub-Saharan Africa,2,Female,22,All ages,559,Schizophrenia,1,Number,2001,126313.90566297821,168690.96794248716,90435.12174074235
2,DALYs (Disability-Adjusted Life Years),174,Eastern Sub-Saharan Africa,3,Both,22,All ages,559,Schizophrenia,1,Number,2001,241915.41756279257,323318.38936260855,173580.22643959653
2,DALYs (Disability-Adjusted Life Years),174,Eastern Sub-Saharan Africa,1,Male,22,All ages,559,Schizophrenia,2,Percent,2001,0.0009621386732244538,0.0013004947111548808,0.0006804235969484443
2,DALYs (Disability-Adjusted Life Years),174,Eastern Sub-Saharan Africa,2,Female,22,All ages,559,Schizophrenia,2,Percent,2001,0.0011450719999806505,0.001546511536514898,0.0008201105278256021
2,DALYs (Disability-Adjusted Life Years),174,Eastern Sub-Saharan Africa,3,Both,22,All ages,559,Schizophrenia,2,Percent,2001,0.001049627351829529,0.0014171612933795152,0.0007563334222675812
2,DALYs (Disability-Adjusted Life Years),174,Eastern Sub-Saharan Africa,1,Male,22,All ages,559,Schizophrenia,3,Rate,2001,90.77031241065204,121.81308446511485,65.64556254412904
2,DALYs (Disability-Adjusted Life Years),174,Eastern Sub-Saharan Africa,2,Female,22,All ages,559,Schizophrenia,3,Rate,2001,97.75950018115888,130.55684268946558,69.9914411940192
2,DALYs (Disability-Adjusted Life Years),174,Eastern Sub-Saharan Africa,3,Both,22,All ages,559,Schizophrenia,3,Rate,2001,94.2901420360498,126.01816437744903,67.65548211242464
2,DALYs (Disability-Adjusted Life Years),174,Eastern Sub-Saharan Africa,1,Male,27,Age-standardized,559,Schizophrenia,3,Rate,2001,132.33152512518268,176.0942166584044,94.72023658249316
2,DALYs (Disability-Adjusted Life Years),174,Eastern Sub-Saharan Africa,2,Female,27,Age-standardized,559,Schizophrenia,3,Rate,2001,138.02552409301873,182.3513730499082,99.9112982561863
2,DALYs (Disability-Adjusted Life Years),174,Eastern Sub-Saharan Africa,3,Both,27,Age-standardized,559,Schizophrenia,3,Rate,2001,135.23679733791892,179.11273501556147,97.31079578795463
2,DALYs (Disability-Adjusted Life Years),199,Western Sub-Saharan Africa,1,Male,22,All ages,559,Schizophrenia,1,Number,2001,129710.66484535992,172042.94253461668,92916.68321303357
2,DALYs (Disability-Adjusted Life Years),199,Western Sub-Saharan Africa,2,Female,22,All ages,559,Schizophrenia,1,Number,2001,162806.8935470622,215603.66917102272,117478.26062480199
2,DALYs (Disability-Adjusted Life Years),199,Western Sub-Saharan Africa,3,Both,22,All ages,559,Schizophrenia,1,Number,2001,292517.5583924223,385883.1167086399,209435.35876912135
2,DALYs (Disability-Adjusted Life Years),199,Western Sub-Saharan Africa,1,Male,22,All ages,559,Schizophrenia,2,Percent,2001,0.0009542360036895795,0.0012787479786077259,0.0006758289879857913
2,DALYs (Disability-Adjusted Life Years),199,Western Sub-Saharan Africa,2,Female,22,All ages,559,Schizophrenia,2,Percent,2001,0.0013184814517608434,0.0017558731964869912,0.0009488342108277596
2,DALYs (Disability-Adjusted Life Years),199,Western Sub-Saharan Africa,3,Both,22,All ages,559,Schizophrenia,2,Percent,2001,0.0011275132055746206,0.0015054479252419183,0.0008097173871697912
2,DALYs (Disability-Adjusted Life Years),199,Western Sub-Saharan Africa,1,Male,22,All ages,559,Schizophrenia,3,Rate,2001,96.86123519561013,128.47279705533344,69.38538721564169
2,DALYs (Disability-Adjusted Life Years),199,Western Sub-Saharan Africa,2,Female,22,All ages,559,Schizophrenia,3,Rate,2001,121.82171839102735,161.32737931168828,87.90416223232825
2,DALYs (Disability-Adjusted Life Years),199,Western Sub-Saharan Africa,3,Both,22,All ages,559,Schizophrenia,3,Rate,2001,109.32886688218237,144.22438136901064,78.27677280340839
2,DALYs (Disability-Adjusted Life Years),199,Western Sub-Saharan Africa,1,Male,27,Age-standardized,559,Schizophrenia,3,Rate,2001,131.67533203169657,173.23868649396965,94.29638519289887
2,DALYs (Disability-Adjusted Life Years),199,Western Sub-Saharan Africa,2,Female,27,Age-standardized,559,Schizophrenia,3,Rate,2001,163.46918319879092,216.5793188549022,118.66242230697596
2,DALYs (Disability-Adjusted Life Years),199,Western Sub-Saharan Africa,3,Both,27,Age-standardized,559,Schizophrenia,3,Rate,2001,147.49008269981675,194.79249007602104,105.99388852978585
5,Prevalence,21,Oceania,1,Male,22,All ages,559,Schizophrenia,1,Number,2001,10881.30497621683,13994.91454398907,8138.493109726054
5,Prevalence,21,Oceania,2,Female,22,All ages,559,Schizophrenia,1,Number,2001,8777.445252880148,11309.40600506336,6554.436154770165
5,Prevalence,21,Oceania,3,Both,22,All ages,559,Schizophrenia,1,Number,2001,19658.75022909697,25235.710764559408,14687.132227321274
5,Prevalence,21,Oceania,1,Male,22,All ages,559,Schizophrenia,2,Percent,2001,0.0025159419668271,0.0032356590533954,0.0018776650510963
5,Prevalence,21,Oceania,2,Female,22,All ages,559,Schizophrenia,2,Percent,2001,0.0021490622626288,0.0027686485662501,0.0016035472398332
5,Prevalence,21,Oceania,3,Both,22,All ages,559,Schizophrenia,2,Percent,2001,0.0023377502767146,0.0030012092676302,0.0017443556456225
5,Prevalence,21,Oceania,1,Male,22,All ages,559,Schizophrenia,3,Rate,2001,246.33282171252,316.81924151389995,184.24058296211
5,Prevalence,21,Oceania,2,Female,22,All ages,559,Schizophrenia,3,Rate,2001,212.10140707071,273.28463552887,158.3837997196
5,Prevalence,21,Oceania,3,Both,22,All ages,559,Schizophrenia,3,Rate,2001,229.77524557022997,294.95983063477996,171.66602021629
5,Prevalence,21,Oceania,1,Male,27,Age-standardized,559,Schizophrenia,2,Percent,2001,0.0030338125142283,0.0038252394500466,0.0023462419201339
5,Prevalence,21,Oceania,2,Female,27,Age-standardized,559,Schizophrenia,2,Percent,2001,0.002520755245279,0.0031692903647146,0.0019301505044014
5,Prevalence,21,Oceania,3,Both,27,Age-standardized,559,Schizophrenia,2,Percent,2001,0.0027831537396147,0.003484602044124,0.002144757845722
5,Prevalence,21,Oceania,1,Male,27,Age-standardized,559,Schizophrenia,3,Rate,2001,298.66019371331,376.81290918906,231.06011274136
5,Prevalence,21,Oceania,2,Female,27,Age-standardized,559,Schizophrenia,3,Rate,2001,249.69060074571001,313.65523875287,191.33357793395
5,Prevalence,21,Oceania,3,Both,27,Age-standardized,559,Schizophrenia,3,Rate,2001,274.80521253347,344.29070760936,211.95802735201997
5,Prevalence,5,East Asia,1,Male,22,All ages,559,Schizophrenia,1,Number,2001,2343227.117354092,2680969.261923647,2016490.524158651
5,Prevalence,5,East Asia,2,Female,22,All ages,559,Schizophrenia,1,Number,2001,2131093.6164919743,2442658.326303955,1837572.0082748996
5,Prevalence,5,East Asia,3,Both,22,All ages,559,Schizophrenia,1,Number,2001,4474320.733846074,5108630.886797383,3855486.570281904
5,Prevalence,5,East Asia,1,Male,22,All ages,559,Schizophrenia,2,Percent,2001,0.003675402936894,0.0042106895904115,0.0031645169860353
5,Prevalence,5,East Asia,2,Female,22,All ages,559,Schizophrenia,2,Percent,2001,0.0034420866979399,0.0039342383187872,0.0029694324754894
5,Prevalence,5,East Asia,3,Both,22,All ages,559,Schizophrenia,2,Percent,2001,0.0035604528013461,0.0040665147172156,0.0030682932252877
5,Prevalence,5,East Asia,1,Male,22,All ages,559,Schizophrenia,3,Rate,2001,347.72944530696003,397.84959273875006,299.24249605996
5,Prevalence,5,East Asia,2,Female,22,All ages,559,Schizophrenia,3,Rate,2001,334.54803055602,383.4587678656,288.4697751501
5,Prevalence,5,East Asia,3,Both,22,All ages,559,Schizophrenia,3,Rate,2001,341.32405121292,389.71247126807003,294.11621871694
5,Prevalence,5,East Asia,1,Male,27,Age-standardized,559,Schizophrenia,2,Percent,2001,0.0032722992142845,0.0037354569365056,0.0028360998738544
5,Prevalence,5,East Asia,2,Female,27,Age-standardized,559,Schizophrenia,2,Percent,2001,0.0030401223166002,0.0034649982881631,0.0026361684313456
5,Prevalence,5,East Asia,3,Both,27,Age-standardized,559,Schizophrenia,2,Percent,2001,0.0031586455546909,0.0035900259275563,0.002737386257942
5,Prevalence,5,East Asia,1,Male,27,Age-standardized,559,Schizophrenia,3,Rate,2001,307.11796669175,350.27425746788,266.19038308186
5,Prevalence,5,East Asia,2,Female,27,Age-standardized,559,Schizophrenia,3,Rate,2001,292.52468185317997,333.4675139877,253.41834321619
5,Prevalence,5,East Asia,3,Both,27,Age-standardized,559,Schizophrenia,3,Rate,2001,300.04473794029,341.05712775189,260.12323505688
5,Prevalence,1,Global,1,Male,22,All ages,559,Schizophrenia,1,Number,2001,8812210.606413271,10417634.70395242,7307930.257776318
5,Prevalence,1,Global,2,Female,22,All ages,559,Schizophrenia,1,Number,2001,7922303.853384732,9365964.375010911,6586649.883780261
5,Prevalence,1,Global,3,Both,22,All ages,559,Schizophrenia,1,Number,2001,16734514.459798006,19783197.681089167,13883944.629310535
5,Prevalence,1,Global,1,Male,22,All ages,559,Schizophrenia,2,Percent,2001,0.0029450816458271,0.0034875991296991,0.0024421942313978
5,Prevalence,1,Global,2,Female,22,All ages,559,Schizophrenia,2,Percent,2001,0.0026406398651919,0.0031252896340401,0.0021962316064889
5,Prevalence,1,Global,3,Both,22,All ages,559,Schizophrenia,2,Percent,2001,0.0027926578139288,0.003306119579928,0.002317959299699
5,Prevalence,1,Global,1,Male,22,All ages,559,Schizophrenia,3,Rate,2001,283.30686623214,334.92021166403003,234.94522684999
5,Prevalence,1,Global,2,Female,22,All ages,559,Schizophrenia,3,Rate,2001,258.41573675343,305.50615441754,214.84835900693
5,Prevalence,1,Global,3,Both,22,All ages,559,Schizophrenia,3,Rate,2001,270.95150102413,320.31327348191,224.79741772520003
5,Prevalence,1,Global,1,Male,27,Age-standardized,559,Schizophrenia,2,Percent,2001,0.0029912937816429,0.0035260902857449,0.002493322198472
5,Prevalence,1,Global,2,Female,27,Age-standardized,559,Schizophrenia,2,Percent,2001,0.0026646942060528,0.0031418834200536,0.0022169515926696
5,Prevalence,1,Global,3,Both,27,Age-standardized,559,Schizophrenia,2,Percent,2001,0.0028285678850593,0.0033355488621808,0.0023543868786261
5,Prevalence,1,Global,1,Male,27,Age-standardized,559,Schizophrenia,3,Rate,2001,288.43866136971,339.44415631294,240.2979163706
5,Prevalence,1,Global,2,Female,27,Age-standardized,559,Schizophrenia,3,Rate,2001,260.77643444583,307.22067539842,216.84797314813997
5,Prevalence,1,Global,3,Both,27,Age-standardized,559,Schizophrenia,3,Rate,2001,274.73879923785,323.56360562858,228.60552121403998
5,Prevalence,65,High-income Asia Pacific,1,Male,22,All ages,559,Schizophrenia,1,Number,2001,302302.8742532649,360561.025338211,249411.956631872
5,Prevalence,65,High-income Asia Pacific,2,Female,22,All ages,559,Schizophrenia,1,Number,2001,293878.2720593509,348218.38625355414,243302.8355886289
5,Prevalence,65,High-income Asia Pacific,3,Both,22,All ages,559,Schizophrenia,1,Number,2001,596181.1463126155,707884.4245506523,492624.5763317031
5,Prevalence,65,High-income Asia Pacific,1,Male,22,All ages,559,Schizophrenia,2,Percent,2001,0.003625123457555,0.0043170886243682,0.0029871740973631
5,Prevalence,65,High-income Asia Pacific,2,Female,22,All ages,559,Schizophrenia,2,Percent,2001,0.0033305035607811,0.0039481852898337,0.0027583517742809
5,Prevalence,65,High-income Asia Pacific,3,Both,22,All ages,559,Schizophrenia,2,Percent,2001,0.0034736533984611,0.0041207905845986,0.0028712529421422
5,Prevalence,65,High-income Asia Pacific,1,Male,22,All ages,559,Schizophrenia,3,Rate,2001,339.06601077384,404.4089517969,279.74301396691
5,Prevalence,65,High-income Asia Pacific,2,Female,22,All ages,559,Schizophrenia,3,Rate,2001,321.00061877801,380.35584146452,265.75752003408996
5,Prevalence,65,High-income Asia Pacific,3,Both,22,All ages,559,Schizophrenia,3,Rate,2001,329.91369278482,391.72785991777005,272.60773699295004
5,Prevalence,65,High-income Asia Pacific,1,Male,27,Age-standardized,559,Schizophrenia,2,Percent,2001,0.0031183690049048,0.003747512945179,0.0025534084204973
5,Prevalence,65,High-income Asia Pacific,2,Female,27,Age-standardized,559,Schizophrenia,2,Percent,2001,0.0028498786815931,0.0034099388822144,0.002352960483393
5,Prevalence,65,High-income Asia Pacific,3,Both,27,Age-standardized,559,Schizophrenia,2,Percent,2001,0.0029885751012739,0.0035730967845605,0.0024652275923779
5,Prevalence,65,High-income Asia Pacific,1,Male,27,Age-standardized,559,Schizophrenia,3,Rate,2001,282.83253227708997,339.52687136758004,231.18725163121
5,Prevalence,65,High-income Asia Pacific,2,Female,27,Age-standardized,559,Schizophrenia,3,Rate,2001,266.87910746941003,319.19084809471,219.90821540745
5,Prevalence,65,High-income Asia Pacific,3,Both,27,Age-standardized,559,Schizophrenia,3,Rate,2001,275.34421995905,329.57360523305,226.79330854172
5,Prevalence,32,Central Asia,1,Male,22,All ages,559,Schizophrenia,1,Number,2001,71980.92300369873,91953.98058252483,55657.093703842605
5,Prevalence,32,Central Asia,2,Female,22,All ages,559,Schizophrenia,1,Number,2001,75696.25505466216,96531.3148187963,58322.01315238545
5,Prevalence,32,Central Asia,3,Both,22,All ages,559,Schizophrenia,1,Number,2001,147677.17805836085,188401.09685582155,113823.58158243202
5,Prevalence,32,Central Asia,1,Male,22,All ages,559,Schizophrenia,2,Percent,2001,0.0020510646948796,0.0026209708170559,0.001584203625259
5,Prevalence,32,Central Asia,2,Female,22,All ages,559,Schizophrenia,2,Percent,2001,0.0020417397507159,0.0026031051858003,0.0015745266247478
5,Prevalence,32,Central Asia,3,Both,22,All ages,559,Schizophrenia,2,Percent,2001,0.0020462721468214,0.0026069230523551,0.0015755161413213
5,Prevalence,32,Central Asia,1,Male,22,All ages,559,Schizophrenia,3,Rate,2001,195.89798971587,250.25519527671,151.47225563432
5,Prevalence,32,Central Asia,2,Female,22,All ages,559,Schizophrenia,3,Rate,2001,198.51527304228,253.15572487101,152.95090037097
5,Prevalence,32,Central Asia,3,Both,22,All ages,559,Schizophrenia,3,Rate,2001,197.23087484714003,251.6198754851,152.01756201534
5,Prevalence,32,Central Asia,1,Male,27,Age-standardized,559,Schizophrenia,2,Percent,2001,0.0022150730405958,0.0028169191540698,0.0017331448254321
5,Prevalence,32,Central Asia,2,Female,27,Age-standardized,559,Schizophrenia,2,Percent,2001,0.002148603241083,0.0027252466412348,0.0016703227288905
5,Prevalence,32,Central Asia,3,Both,27,Age-standardized,559,Schizophrenia,2,Percent,2001,0.0021813461385574,0.0027698273362179,0.0017015973474986
5,Prevalence,32,Central Asia,1,Male,27,Age-standardized,559,Schizophrenia,3,Rate,2001,212.91801275096,270.49467637342997,166.65648856292
5,Prevalence,32,Central Asia,2,Female,27,Age-standardized,559,Schizophrenia,3,Rate,2001,209.20736844661,265.14824044371,162.62738315092
5,Prevalence,32,Central Asia,3,Both,27,Age-standardized,559,Schizophrenia,3,Rate,2001,211.02655955416,267.83340384151,164.70614936999
5,Prevalence,42,Central Europe,1,Male,22,All ages,559,Schizophrenia,1,Number,2001,152421.90025347803,187161.7220616276,121960.91240297323
5,Prevalence,42,Central Europe,2,Female,22,All ages,559,Schizophrenia,1,Number,2001,157559.98150159238,191812.1793362265,127026.4086031082
5,Prevalence,42,Central Europe,3,Both,22,All ages,559,Schizophrenia,1,Number,2001,309981.8817550704,379251.7452792495,248661.21681137924
5,Prevalence,42,Central Europe,1,Male,22,All ages,559,Schizophrenia,2,Percent,2001,0.0026585372359124,0.003266704119076,0.0021301269780536
5,Prevalence,42,Central Europe,2,Female,22,All ages,559,Schizophrenia,2,Percent,2001,0.0025696998745696,0.0031328670946646,0.0020708912601334
5,Prevalence,42,Central Europe,3,Both,22,All ages,559,Schizophrenia,2,Percent,2001,0.0026126266219837,0.0032015908956651,0.0020988903229413
5,Prevalence,42,Central Europe,1,Male,22,All ages,559,Schizophrenia,3,Rate,2001,256.70757445074,315.21606554283,205.40545649082998
5,Prevalence,42,Central Europe,2,Female,22,All ages,559,Schizophrenia,3,Rate,2001,251.26984759543,305.89377206974,202.57622542292
5,Prevalence,42,Central Europe,3,Both,22,All ages,559,Schizophrenia,3,Rate,2001,253.91455335064,310.6553743232,203.68513619185
5,Prevalence,42,Central Europe,1,Male,27,Age-standardized,559,Schizophrenia,2,Percent,2001,0.0023346930559883,0.0028758968588089,0.0018485602066889
5,Prevalence,42,Central Europe,2,Female,27,Age-standardized,559,Schizophrenia,2,Percent,2001,0.0022698259505322,0.0027947875197732,0.0018033611436801
5,Prevalence,42,Central Europe,3,Both,27,Age-standardized,559,Schizophrenia,2,Percent,2001,0.0023022806064931,0.0028252146172214,0.0018296561077929
5,Prevalence,42,Central Europe,1,Male,27,Age-standardized,559,Schizophrenia,3,Rate,2001,222.44761719223,273.84626166042,176.8126787591
5,Prevalence,42,Central Europe,2,Female,27,Age-standardized,559,Schizophrenia,3,Rate,2001,218.70963937142,269.11704579151,173.83431444989
5,Prevalence,42,Central Europe,3,Both,27,Age-standardized,559,Schizophrenia,3,Rate,2001,220.57471264328,271.22290742478003,175.80614752869
5,Prevalence,70,Australasia,1,Male,22,All ages,559,Schizophrenia,1,Number,2001,54783.60746802633,59075.07360663188,50621.36396805415
5,Prevalence,70,Australasia,2,Female,22,All ages,559,Schizophrenia,1,Number,2001,44494.31927382042,49831.43345311623,39550.36241417957
5,Prevalence,70,Australasia,3,Both,22,All ages,559,Schizophrenia,1,Number,2001,99277.92674184666,109422.94404317228,90564.28199231513
5,Prevalence,70,Australasia,1,Male,22,All ages,559,Schizophrenia,2,Percent,2001,0.0051910759575571,0.0056194551995314,0.004787645240477
5,Prevalence,70,Australasia,2,Female,22,All ages,559,Schizophrenia,2,Percent,2001,0.0040386091832999,0.0045272937319975,0.0035862501267182
5,Prevalence,70,Australasia,3,Both,22,All ages,559,Schizophrenia,2,Percent,2001,0.004602434951242,0.0050668242350557,0.0041920708512958
5,Prevalence,70,Australasia,1,Male,22,All ages,559,Schizophrenia,3,Rate,2001,482.66396811772006,520.47338175867,445.99305401004
5,Prevalence,70,Australasia,2,Female,22,All ages,559,Schizophrenia,3,Rate,2001,382.34799416396,428.21081293234,339.86364965958
5,Prevalence,70,Australasia,3,Both,22,All ages,559,Schizophrenia,3,Rate,2001,431.88004123791995,476.01301856982,393.9738381446
5,Prevalence,70,Australasia,1,Male,27,Age-standardized,559,Schizophrenia,2,Percent,2001,0.0048267018119921,0.0052376767630889,0.0044566767477564
5,Prevalence,70,Australasia,2,Female,27,Age-standardized,559,Schizophrenia,2,Percent,2001,0.0036204214487396,0.0040823017622815,0.0032051217005432
5,Prevalence,70,Australasia,3,Both,27,Age-standardized,559,Schizophrenia,2,Percent,2001,0.0042163281037348,0.0046191481022785,0.0038394020531282
5,Prevalence,70,Australasia,1,Male,27,Age-standardized,559,Schizophrenia,3,Rate,2001,439.54570482251,475.81970853069,405.38123609344
5,Prevalence,70,Australasia,2,Female,27,Age-standardized,559,Schizophrenia,3,Rate,2001,334.52768744775,376.44088058789,296.59744137175
5,Prevalence,70,Australasia,3,Both,27,Age-standardized,559,Schizophrenia,3,Rate,2001,386.7589551954,425.31834757000996,352.73084094750004
5,Prevalence,9,Southeast Asia,1,Male,22,All ages,559,Schizophrenia,1,Number,2001,804859.3432824474,987238.3116013616,641989.5515134044
5,Prevalence,9,Southeast Asia,2,Female,22,All ages,559,Schizophrenia,1,Number,2001,691647.3104729303,852326.4605100504,552060.5368439562
5,Prevalence,9,Southeast Asia,3,Both,22,All ages,559,Schizophrenia,1,Number,2001,1496506.6537553784,1841622.689254927,1196809.9281563386
5,Prevalence,9,Southeast Asia,1,Male,22,All ages,559,Schizophrenia,2,Percent,2001,0.0030294108137172,0.0037165914420082,0.0024117461508185
5,Prevalence,9,Southeast Asia,2,Female,22,All ages,559,Schizophrenia,2,Percent,2001,0.0025443331747564,0.003135778662101,0.002031428745899
5,Prevalence,9,Southeast Asia,3,Both,22,All ages,559,Schizophrenia,2,Percent,2001,0.002784092901047,0.0034244183596392,0.0022215503594313
5,Prevalence,9,Southeast Asia,1,Male,22,All ages,559,Schizophrenia,3,Rate,2001,294.07812185204,360.71543545992,234.5690376007
5,Prevalence,9,Southeast Asia,2,Female,22,All ages,559,Schizophrenia,3,Rate,2001,250.22147920473998,308.35135839441,199.72231807741
5,Prevalence,9,Southeast Asia,3,Both,22,All ages,559,Schizophrenia,3,Rate,2001,272.04117250876,334.77779363455,217.56106149529
5,Prevalence,9,Southeast Asia,1,Male,27,Age-standardized,559,Schizophrenia,2,Percent,2001,0.0031524783188586,0.0038176956428917,0.0025356304510017
5,Prevalence,9,Southeast Asia,2,Female,27,Age-standardized,559,Schizophrenia,2,Percent,2001,0.0025935855490649,0.0031616721045357,0.0021028552773377
5,Prevalence,9,Southeast Asia,3,Both,27,Age-standardized,559,Schizophrenia,2,Percent,2001,0.002866627871878,0.0034827386400616,0.0023103800687846
5,Prevalence,9,Southeast Asia,1,Male,27,Age-standardized,559,Schizophrenia,3,Rate,2001,307.10644959804,371.38201598447,247.24229525922001
5,Prevalence,9,Southeast Asia,2,Female,27,Age-standardized,559,Schizophrenia,3,Rate,2001,255.32149165382003,310.94268189667,207.22057227494
5,Prevalence,9,Southeast Asia,3,Both,27,Age-standardized,559,Schizophrenia,3,Rate,2001,280.71986748727,340.85194007651,226.3476741561
5,Prevalence,100,High-income North America,1,Male,22,All ages,559,Schizophrenia,1,Number,2001,629680.1829751483,733182.6252400854,534582.4470358632
5,Prevalence,100,High-income North America,2,Female,22,All ages,559,Schizophrenia,1,Number,2001,625770.2550808132,727704.9167734254,536807.4608196386
5,Prevalence,100,High-income North America,3,Both,22,All ages,559,Schizophrenia,1,Number,2001,1255450.4380559635,1455950.1156524215,1071439.6355584008
5,Prevalence,100,High-income North America,1,Male,22,All ages,559,Schizophrenia,2,Percent,2001,0.0044401652717725,0.0051660131079165,0.0037682513072788
5,Prevalence,100,High-income North America,2,Female,22,All ages,559,Schizophrenia,2,Percent,2001,0.0041228374289568,0.00479223146158,0.0035395440849159
5,Prevalence,100,High-income North America,3,Both,22,All ages,559,Schizophrenia,2,Percent,2001,0.0042761088598797,0.0049632953229923,0.0036464796588518
5,Prevalence,100,High-income North America,1,Male,22,All ages,559,Schizophrenia,3,Rate,2001,407.44067055962006,474.41292984486,345.90675803163
5,Prevalence,100,High-income North America,2,Female,22,All ages,559,Schizophrenia,3,Rate,2001,391.45031698041004,455.21550125833005,335.79967885843
5,Prevalence,100,High-income North America,3,Both,22,All ages,559,Schizophrenia,3,Rate,2001,399.31035625326996,463.08156956669995,340.78361806237
5,Prevalence,100,High-income North America,1,Male,27,Age-standardized,559,Schizophrenia,2,Percent,2001,0.0040510923102467,0.0047217107379654,0.0034044576684035
5,Prevalence,100,High-income North America,2,Female,27,Age-standardized,559,Schizophrenia,2,Percent,2001,0.0037445489842355,0.0043580024330136,0.00319047995163
5,Prevalence,100,High-income North America,3,Both,27,Age-standardized,559,Schizophrenia,2,Percent,2001,0.0038988955042881,0.0045437720058419,0.0032947063803734
5,Prevalence,100,High-income North America,1,Male,27,Age-standardized,559,Schizophrenia,3,Rate,2001,363.18258834128,423.13697130618004,306.07213851961
5,Prevalence,100,High-income North America,2,Female,27,Age-standardized,559,Schizophrenia,3,Rate,2001,347.46761991579,403.31832570504,295.55298350737
5,Prevalence,100,High-income North America,3,Both,27,Age-standardized,559,Schizophrenia,3,Rate,2001,355.54083987696004,413.45451485515997,300.99425699642
5,Prevalence,134,Tropical Latin America,1,Male,22,All ages,559,Schizophrenia,1,Number,2001,230394.40408057583,277656.5416400506,189326.82757835317
5,Prevalence,134,Tropical Latin America,2,Female,22,All ages,559,Schizophrenia,1,Number,2001,199791.0425065132,239190.2233800526,164850.28281255462
5,Prevalence,134,Tropical Latin America,3,Both,22,All ages,559,Schizophrenia,1,Number,2001,430185.4465870894,517030.96845533175,354946.4787777924
5,Prevalence,134,Tropical Latin America,1,Male,22,All ages,559,Schizophrenia,2,Percent,2001,0.0026455012179195,0.0031952816433761,0.0021745851620705
5,Prevalence,134,Tropical Latin America,2,Female,22,All ages,559,Schizophrenia,2,Percent,2001,0.002202289064699,0.0026362201935872,0.0018162623874403
5,Prevalence,134,Tropical Latin America,3,Both,22,All ages,559,Schizophrenia,2,Percent,2001,0.0024193687656829,0.0029082684067155,0.0019974706879432
5,Prevalence,134,Tropical Latin America,1,Male,22,All ages,559,Schizophrenia,3,Rate,2001,255.83097673386,308.31106566059,210.22935611037
5,Prevalence,134,Tropical Latin America,2,Female,22,All ages,559,Schizophrenia,3,Rate,2001,216.00995371401,258.60753531773,178.2327251179
5,Prevalence,134,Tropical Latin America,3,Both,22,All ages,559,Schizophrenia,3,Rate,2001,235.65495554824,283.22880482137,194.43915953454
5,Prevalence,134,Tropical Latin America,1,Male,27,Age-standardized,559,Schizophrenia,2,Percent,2001,0.0027431846304629,0.0032868207078235,0.0022719622010167
5,Prevalence,134,Tropical Latin America,2,Female,27,Age-standardized,559,Schizophrenia,2,Percent,2001,0.0022339839801301,0.0026622914846052,0.0018444281676746
5,Prevalence,134,Tropical Latin America,3,Both,27,Age-standardized,559,Schizophrenia,2,Percent,2001,0.0024805835902689,0.0029601241761849,0.0020505073409273
5,Prevalence,134,Tropical Latin America,1,Male,27,Age-standardized,559,Schizophrenia,3,Rate,2001,265.87606832809,318.20861366884,220.26131795679
5,Prevalence,134,Tropical Latin America,2,Female,27,Age-standardized,559,Schizophrenia,3,Rate,2001,219.00981366534,260.95417251772,180.84952920948
5,Prevalence,134,Tropical Latin America,3,Both,27,Age-standardized,559,Schizophrenia,3,Rate,2001,241.79345825194,288.5694248062,199.85160440061
5,Prevalence,56,Eastern Europe,1,Male,22,All ages,559,Schizophrenia,1,Number,2001,226450.77601566465,271835.1865382546,187809.77978403328
5,Prevalence,56,Eastern Europe,2,Female,22,All ages,559,Schizophrenia,1,Number,2001,268932.00814819674,318610.3780587574,224978.16226076367
5,Prevalence,56,Eastern Europe,3,Both,22,All ages,559,Schizophrenia,1,Number,2001,495382.78416386136,590610.4497446804,413103.673667048
5,Prevalence,56,Eastern Europe,1,Male,22,All ages,559,Schizophrenia,2,Percent,2001,0.0023139182342091,0.0027848954965251,0.0019156724490084
5,Prevalence,56,Eastern Europe,2,Female,22,All ages,559,Schizophrenia,2,Percent,2001,0.002354164305673,0.002784190970233,0.0019698829852781
5,Prevalence,56,Eastern Europe,3,Both,22,All ages,559,Schizophrenia,2,Percent,2001,0.0023355919207821,0.0027798174458532,0.001941726626026
5,Prevalence,56,Eastern Europe,1,Male,22,All ages,559,Schizophrenia,3,Rate,2001,221.07441016595,265.38130972065,183.35082360804
5,Prevalence,56,Eastern Europe,2,Female,22,All ages,559,Schizophrenia,3,Rate,2001,229.78014273299002,272.22619817798,192.22521927399998
5,Prevalence,56,Eastern Europe,3,Both,22,All ages,559,Schizophrenia,3,Rate,2001,225.7169821602,269.10666379669,188.22720029886
5,Prevalence,56,Eastern Europe,1,Male,27,Age-standardized,559,Schizophrenia,2,Percent,2001,0.0020174769516057,0.0024244226333047,0.0016629662230053
5,Prevalence,56,Eastern Europe,2,Female,27,Age-standardized,559,Schizophrenia,2,Percent,2001,0.0020599100175487,0.0024636566406678,0.0016953927859745
5,Prevalence,56,Eastern Europe,3,Both,27,Age-standardized,559,Schizophrenia,2,Percent,2001,0.0020412825424011,0.0024473903372802,0.0016756785716456
5,Prevalence,56,Eastern Europe,1,Male,27,Age-standardized,559,Schizophrenia,3,Rate,2001,189.29565463009,227.23885969067,155.98529038483
5,Prevalence,56,Eastern Europe,2,Female,27,Age-standardized,559,Schizophrenia,3,Rate,2001,196.94350733963003,235.54022148622,161.84000449638
5,Prevalence,56,Eastern Europe,3,Both,27,Age-standardized,559,Schizophrenia,3,Rate,2001,193.31519597921002,231.66095063324,158.92057399593
5,Prevalence,96,Southern Latin America,1,Male,22,All ages,559,Schizophrenia,1,Number,2001,77218.03817446138,97677.89695301504,60806.68904873934
5,Prevalence,96,Southern Latin America,2,Female,22,All ages,559,Schizophrenia,1,Number,2001,78319.64761049981,97320.46958045795,61647.07270448402
5,Prevalence,96,Southern Latin America,3,Both,22,All ages,559,Schizophrenia,1,Number,2001,155537.6857849611,194825.64498250285,123367.6373295071
5,Prevalence,96,Southern Latin America,1,Male,22,All ages,559,Schizophrenia,2,Percent,2001,0.0029907221992053,0.003776128148508,0.0023430443972332
5,Prevalence,96,Southern Latin America,2,Female,22,All ages,559,Schizophrenia,2,Percent,2001,0.0028540511415781,0.003539511589786,0.0022430243421479
5,Prevalence,96,Southern Latin America,3,Both,22,All ages,559,Schizophrenia,2,Percent,2001,0.0029202989983217,0.0036593967673195,0.0023166811692827
5,Prevalence,96,Southern Latin America,1,Male,22,All ages,559,Schizophrenia,3,Rate,2001,282.96206426684,357.93630618565,222.82340579009002
5,Prevalence,96,Southern Latin America,2,Female,22,All ages,559,Schizophrenia,3,Rate,2001,274.78224406570996,341.44608461265,216.28699176564
5,Prevalence,96,Southern Latin America,3,Both,22,All ages,559,Schizophrenia,3,Rate,2001,278.78321405666003,349.20231206202,221.12214330388
5,Prevalence,96,Southern Latin America,1,Male,27,Age-standardized,559,Schizophrenia,2,Percent,2001,0.0030055042638652,0.0037953574231023,0.002364563287208
5,Prevalence,96,Southern Latin America,2,Female,27,Age-standardized,559,Schizophrenia,2,Percent,2001,0.002829256032205,0.0035183465577859,0.0022200180479663
5,Prevalence,96,Southern Latin America,3,Both,27,Age-standardized,559,Schizophrenia,2,Percent,2001,0.0029184296999159,0.0036581175799954,0.0023135897609678
5,Prevalence,96,Southern Latin America,1,Male,27,Age-standardized,559,Schizophrenia,3,Rate,2001,284.36406533656003,358.92417907811,224.39004786306998
5,Prevalence,96,Southern Latin America,2,Female,27,Age-standardized,559,Schizophrenia,3,Rate,2001,271.37089335454,338.09670138998996,213.51839945401002
5,Prevalence,96,Southern Latin America,3,Both,27,Age-standardized,559,Schizophrenia,3,Rate,2001,278.01188801997,348.21511022064004,220.31227283478998
5,Prevalence,73,Western Europe,1,Male,22,All ages,559,Schizophrenia,1,Number,2001,629320.6182280291,746477.1510333675,530644.9074321666
5,Prevalence,73,Western Europe,2,Female,22,All ages,559,Schizophrenia,1,Number,2001,626312.8025405889,736895.1445664484,527250.510328672
5,Prevalence,73,Western Europe,3,Both,22,All ages,559,Schizophrenia,1,Number,2001,1255633.42076862,1479225.4155269086,1057802.1969559125
5,Prevalence,73,Western Europe,1,Male,22,All ages,559,Schizophrenia,2,Percent,2001,0.003440507724828,0.0040779866336396,0.0028945034538747
5,Prevalence,73,Western Europe,2,Female,22,All ages,559,Schizophrenia,2,Percent,2001,0.0031570943986504,0.0037125466913741,0.00265605251767
5,Prevalence,73,Western Europe,3,Both,22,All ages,559,Schizophrenia,2,Percent,2001,0.0032930498102583,0.0038869468717603,0.0027784768257125
5,Prevalence,73,Western Europe,1,Male,22,All ages,559,Schizophrenia,3,Rate,2001,321.64684008501,381.52574358933,271.21351619361
5,Prevalence,73,Western Europe,2,Female,22,All ages,559,Schizophrenia,3,Rate,2001,305.65025770896,359.61613737988,257.30633910950996
5,Prevalence,73,Western Europe,3,Both,22,All ages,559,Schizophrenia,3,Rate,2001,313.46373428697996,369.28255885338996,264.07598054518
5,Prevalence,73,Western Europe,1,Male,27,Age-standardized,559,Schizophrenia,2,Percent,2001,0.0029860299891323,0.0035558653373474,0.0024866161458746
5,Prevalence,73,Western Europe,2,Female,27,Age-standardized,559,Schizophrenia,2,Percent,2001,0.0026822475598563,0.0031896769271012,0.0022348258301339
5,Prevalence,73,Western Europe,3,Both,27,Age-standardized,559,Schizophrenia,2,Percent,2001,0.0028366964624675,0.0033659566140562,0.0023740197178831
5,Prevalence,73,Western Europe,1,Male,27,Age-standardized,559,Schizophrenia,3,Rate,2001,269.11628312998,319.7465700801,224.11212375608
5,Prevalence,73,Western Europe,2,Female,27,Age-standardized,559,Schizophrenia,3,Rate,2001,252.89334517150002,300.26307095575,210.78137981286002
5,Prevalence,73,Western Europe,3,Both,27,Age-standardized,559,Schizophrenia,3,Rate,2001,261.42961298332,310.58477467486,218.71624457131
5,Prevalence,124,Central Latin America,1,Male,22,All ages,559,Schizophrenia,1,Number,2001,231480.72928880935,286404.2660949227,186282.47373887696
5,Prevalence,124,Central Latin America,2,Female,22,All ages,559,Schizophrenia,1,Number,2001,205378.5554115413,253468.1944616813,164909.27245626817
5,Prevalence,124,Central Latin America,3,Both,22,All ages,559,Schizophrenia,1,Number,2001,436859.284700351,539792.023766054,351493.9020706391
5,Prevalence,124,Central Latin America,1,Male,22,All ages,559,Schizophrenia,2,Percent,2001,0.0024664313094182,0.0030508236252584,0.0019847301433908
5,Prevalence,124,Central Latin America,2,Female,22,All ages,559,Schizophrenia,2,Percent,2001,0.0020536797843732,0.0025343834636722,0.0016483126880637
5,Prevalence,124,Central Latin America,3,Both,22,All ages,559,Schizophrenia,2,Percent,2001,0.0022535033801347,0.0027855577770577,0.0018158894744392
5,Prevalence,124,Central Latin America,1,Male,22,All ages,559,Schizophrenia,3,Rate,2001,233.39679849068,288.77496189856,187.82441682794
5,Prevalence,124,Central Latin America,2,Female,22,All ages,559,Schizophrenia,3,Rate,2001,199.58718967105,246.32077337496,160.25907950463
5,Prevalence,124,Central Latin America,3,Both,22,All ages,559,Schizophrenia,3,Rate,2001,216.18058295777,267.11702935132,173.93737369655
5,Prevalence,124,Central Latin America,1,Male,27,Age-standardized,559,Schizophrenia,2,Percent,2001,0.0027908062541838,0.0034179804903916,0.0022692193602821
5,Prevalence,124,Central Latin America,2,Female,27,Age-standardized,559,Schizophrenia,2,Percent,2001,0.0022511922214206,0.0027412936301289,0.0018357932391075
5,Prevalence,124,Central Latin America,3,Both,27,Age-standardized,559,Schizophrenia,2,Percent,2001,0.0025085935987442,0.0030623382348276,0.0020418131699481
5,Prevalence,124,Central Latin America,1,Male,27,Age-standardized,559,Schizophrenia,3,Rate,2001,266.76835155372,326.22879074235,216.59787524465
5,Prevalence,124,Central Latin America,2,Female,27,Age-standardized,559,Schizophrenia,3,Rate,2001,219.64037654364,267.44489679659,178.90294012453
5,Prevalence,124,Central Latin America,3,Both,27,Age-standardized,559,Schizophrenia,3,Rate,2001,242.28002855702,295.96413335505,197.10483944621998
5,Prevalence,104,Caribbean,1,Male,22,All ages,559,Schizophrenia,1,Number,2001,48246.511258639934,60621.97708161588,37734.374485122215
5,Prevalence,104,Caribbean,2,Female,22,All ages,559,Schizophrenia,1,Number,2001,39745.52220679875,49964.61503616051,31379.01175239785
5,Prevalence,104,Caribbean,3,Both,22,All ages,559,Schizophrenia,1,Number,2001,87992.03346543871,109973.810143169,69176.21451623391
5,Prevalence,104,Caribbean,1,Male,22,All ages,559,Schizophrenia,2,Percent,2001,0.0024625520174541,0.003098344357913,0.0019244364302691
5,Prevalence,104,Caribbean,2,Female,22,All ages,559,Schizophrenia,2,Percent,2001,0.001968731541603,0.0024735024770221,0.0015540658221017
5,Prevalence,104,Caribbean,3,Both,22,All ages,559,Schizophrenia,2,Percent,2001,0.0022119399919537,0.0027645731276361,0.0017378556066085
5,Prevalence,104,Caribbean,1,Male,22,All ages,559,Schizophrenia,3,Rate,2001,240.57537208561,302.28413024089,188.15787805901
5,Prevalence,104,Caribbean,2,Female,22,All ages,559,Schizophrenia,3,Rate,2001,193.49302564202,243.24260952172997,152.76236387175
5,Prevalence,104,Caribbean,3,Both,22,All ages,559,Schizophrenia,3,Rate,2001,216.75212277642999,270.90016970351,170.40282797784
5,Prevalence,104,Caribbean,1,Male,27,Age-standardized,559,Schizophrenia,2,Percent,2001,0.0025295899827671,0.003142776979993,0.0019890845925779
5,Prevalence,104,Caribbean,2,Female,27,Age-standardized,559,Schizophrenia,2,Percent,2001,0.0019873276876357,0.0024784487754725,0.0015748524508191
5,Prevalence,104,Caribbean,3,Both,27,Age-standardized,559,Schizophrenia,2,Percent,2001,0.00225197488122,0.0027988968290313,0.0017778431770394
5,Prevalence,104,Caribbean,1,Male,27,Age-standardized,559,Schizophrenia,3,Rate,2001,247.44645317828,307.14527685451003,194.71557478057
5,Prevalence,104,Caribbean,2,Female,27,Age-standardized,559,Schizophrenia,3,Rate,2001,195.30759169517,243.56718581133,154.86697229033
5,Prevalence,104,Caribbean,3,Both,27,Age-standardized,559,Schizophrenia,3,Rate,2001,220.80982788998,274.31821248237,174.41491629836
5,Prevalence,120,Andean Latin America,1,Male,22,All ages,559,Schizophrenia,1,Number,2001,53255.94956676985,68390.69349143603,41155.51251224976
5,Prevalence,120,Andean Latin America,2,Female,22,All ages,559,Schizophrenia,1,Number,2001,44305.82989782643,56828.96982046664,34239.954907247666
5,Prevalence,120,Andean Latin America,3,Both,22,All ages,559,Schizophrenia,1,Number,2001,97561.77946459636,124099.04590139784,75835.94038262777
5,Prevalence,120,Andean Latin America,1,Male,22,All ages,559,Schizophrenia,2,Percent,2001,0.0023475132394826,0.0030164323000468,0.0018153461804498
5,Prevalence,120,Andean Latin America,2,Female,22,All ages,559,Schizophrenia,2,Percent,2001,0.0019154323948146,0.0024544241157041,0.0014791140189567
5,Prevalence,120,Andean Latin America,3,Both,22,All ages,559,Schizophrenia,2,Percent,2001,0.0021293735715398,0.0027107318621213,0.0016534849962688
5,Prevalence,120,Andean Latin America,1,Male,22,All ages,559,Schizophrenia,3,Rate,2001,226.94845525299,291.44466238654,175.3828457812
5,Prevalence,120,Andean Latin America,2,Female,22,All ages,559,Schizophrenia,3,Rate,2001,187.59761993161,240.62249835,144.9771748318
5,Prevalence,120,Andean Latin America,3,Both,22,All ages,559,Schizophrenia,3,Rate,2001,207.20977825089,263.57182006615,161.06664388829
5,Prevalence,120,Andean Latin America,1,Male,27,Age-standardized,559,Schizophrenia,2,Percent,2001,0.0026884232876585,0.0034092374167185,0.0021209411526572
5,Prevalence,120,Andean Latin America,2,Female,27,Age-standardized,559,Schizophrenia,2,Percent,2001,0.002152169533342,0.0027343750437596,0.0017052913832089
5,Prevalence,120,Andean Latin America,3,Both,27,Age-standardized,559,Schizophrenia,2,Percent,2001,0.0024148342883183,0.0030552240396037,0.0019132227817974
5,Prevalence,120,Andean Latin America,1,Male,27,Age-standardized,559,Schizophrenia,3,Rate,2001,261.45599364975,331.0533104575,206.58297444507
5,Prevalence,120,Andean Latin America,2,Female,27,Age-standardized,559,Schizophrenia,3,Rate,2001,211.48013502785003,268.88181652600997,167.72821864765
5,Prevalence,120,Andean Latin America,3,Both,27,Age-standardized,559,Schizophrenia,3,Rate,2001,236.06853927976,298.85597812871003,187.20646985819
5,Prevalence,199,Western Sub-Saharan Africa,1,Male,22,All ages,559,Schizophrenia,1,Number,2001,199715.3277584533,246974.7296464831,159878.37054084628
5,Prevalence,199,Western Sub-Saharan Africa,2,Female,22,All ages,559,Schizophrenia,1,Number,2001,258187.93432126,321307.2036859807,205396.8843754269
5,Prevalence,199,Western Sub-Saharan Africa,3,Both,22,All ages,559,Schizophrenia,1,Number,2001,457903.2620797131,568126.5672424281,364984.62070784497
5,Prevalence,199,Western Sub-Saharan Africa,1,Male,22,All ages,559,Schizophrenia,2,Percent,2001,0.0015011355904597,0.0018553750949386,0.0012016574504602
5,Prevalence,199,Western Sub-Saharan Africa,2,Female,22,All ages,559,Schizophrenia,2,Percent,2001,0.0019433504163076,0.0024181821812471,0.0015453498560759
5,Prevalence,199,Western Sub-Saharan Africa,3,Both,22,All ages,559,Schizophrenia,2,Percent,2001,0.0017220886290051,0.0021356308070148,0.0013725978714498
5,Prevalence,199,Western Sub-Saharan Africa,1,Male,22,All ages,559,Schizophrenia,3,Rate,2001,149.13710724743999,184.427991362,119.38892202973
5,Prevalence,199,Western Sub-Saharan Africa,2,Female,22,All ages,559,Schizophrenia,3,Rate,2001,193.19143766939,240.42099711906002,153.69006103875
5,Prevalence,199,Western Sub-Saharan Africa,3,Both,22,All ages,559,Schizophrenia,3,Rate,2001,171.14201643126,212.33813855013,136.41353780848002
5,Prevalence,199,Western Sub-Saharan Africa,1,Male,27,Age-standardized,559,Schizophrenia,2,Percent,2001,0.0020528648828661,0.0024956489269892,0.0016692183279062
5,Prevalence,199,Western Sub-Saharan Africa,2,Female,27,Age-standardized,559,Schizophrenia,2,Percent,2001,0.0026277385026232,0.0032015688370627,0.0021277490328912
5,Prevalence,199,Western Sub-Saharan Africa,3,Both,27,Age-standardized,559,Schizophrenia,2,Percent,2001,0.0023384078666707,0.0028455032289413,0.0019019575128391
5,Prevalence,199,Western Sub-Saharan Africa,1,Male,27,Age-standardized,559,Schizophrenia,3,Rate,2001,204.42229921030997,248.53887138489,166.21293550949
5,Prevalence,199,Western Sub-Saharan Africa,2,Female,27,Age-standardized,559,Schizophrenia,3,Rate,2001,261.82801062891997,318.90447860351003,211.98581281363
5,Prevalence,199,Western Sub-Saharan Africa,3,Both,27,Age-standardized,559,Schizophrenia,3,Rate,2001,232.93016732848,283.3704684372,189.43927534378
5,Prevalence,44636,Low-middle SDI,1,Male,22,All ages,559,Schizophrenia,1,Number,2001,1791765.2993420465,2167394.034183821,1443340.5495697495
5,Prevalence,44636,Low-middle SDI,2,Female,22,All ages,559,Schizophrenia,1,Number,2001,1449799.8557522765,1758922.7252264582,1165459.6220035164
5,Prevalence,44636,Low-middle SDI,3,Both,22,All ages,559,Schizophrenia,1,Number,2001,3241565.155094323,3924975.5083366935,2606446.7253406607
5,Prevalence,44636,Low-middle SDI,1,Male,22,All ages,559,Schizophrenia,2,Percent,2001,0.002541635137081,0.0030758270851271,0.0020502964985664
5,Prevalence,44636,Low-middle SDI,2,Female,22,All ages,559,Schizophrenia,2,Percent,2001,0.0021070692026889,0.0025565047712483,0.0016942556099232
5,Prevalence,44636,Low-middle SDI,3,Both,22,All ages,559,Schizophrenia,2,Percent,2001,0.0023269880280532,0.002818160226038,0.0018715589317258
5,Prevalence,44636,Low-middle SDI,1,Male,22,All ages,559,Schizophrenia,3,Rate,2001,249.27810688088002,301.53719457824997,200.80375477373
5,Prevalence,44636,Low-middle SDI,2,Female,22,All ages,559,Schizophrenia,3,Rate,2001,208.25161659776,252.65452989639,167.40852152707
5,Prevalence,44636,Low-middle SDI,3,Both,22,All ages,559,Schizophrenia,3,Rate,2001,229.09257083241,277.39153360714,184.20656456884
5,Prevalence,44636,Low-middle SDI,1,Male,27,Age-standardized,559,Schizophrenia,2,Percent,2001,0.003002610643234,0.0036179681435596,0.002455205265279
5,Prevalence,44636,Low-middle SDI,2,Female,27,Age-standardized,559,Schizophrenia,2,Percent,2001,0.0024455123737189,0.0029336529755975,0.0019850854184869
5,Prevalence,44636,Low-middle SDI,3,Both,27,Age-standardized,559,Schizophrenia,2,Percent,2001,0.0027250105447918,0.0032745653456642,0.0022229290299463
5,Prevalence,44636,Low-middle SDI,1,Male,27,Age-standardized,559,Schizophrenia,3,Rate,2001,295.68501284022,356.21758946489,241.63892363138999
5,Prevalence,44636,Low-middle SDI,2,Female,27,Age-standardized,559,Schizophrenia,3,Rate,2001,242.31268685455998,290.56358351276003,196.55329874858
5,Prevalence,44636,Low-middle SDI,3,Both,27,Age-standardized,559,Schizophrenia,3,Rate,2001,269.16367698032,323.45706083705,219.37361967542998
5,Prevalence,44635,High SDI,1,Male,22,All ages,559,Schizophrenia,1,Number,2001,1670373.613278827,1967205.0164101704,1391020.499390937
5,Prevalence,44635,High SDI,2,Female,22,All ages,559,Schizophrenia,1,Number,2001,1627386.790971029,1908657.448117032,1363714.0749463618
5,Prevalence,44635,High SDI,3,Both,22,All ages,559,Schizophrenia,1,Number,2001,3297760.4042498595,3872395.60417337,2755517.123944943
5,Prevalence,44635,High SDI,1,Male,22,All ages,559,Schizophrenia,2,Percent,2001,0.0038154931676381,0.0044919799391237,0.0031839101108968
5,Prevalence,44635,High SDI,2,Female,22,All ages,559,Schizophrenia,2,Percent,2001,0.0035230505054675,0.0041309049319104,0.0029547674318909
5,Prevalence,44635,High SDI,3,Both,22,All ages,559,Schizophrenia,2,Percent,2001,0.0036653465927638,0.0043009376412565,0.0030637696782867
5,Prevalence,44635,High SDI,1,Male,22,All ages,559,Schizophrenia,3,Rate,2001,355.36945035039,418.51988073252,295.93749947016
5,Prevalence,44635,High SDI,2,Female,22,All ages,559,Schizophrenia,3,Rate,2001,338.59065297291,397.11123086721,283.73146547965
5,Prevalence,44635,High SDI,3,Both,22,All ages,559,Schizophrenia,3,Rate,2001,346.88653765016,407.33156411615,289.84876928269
5,Prevalence,44635,High SDI,1,Male,27,Age-standardized,559,Schizophrenia,2,Percent,2001,0.0033711429668099,0.0039560851480088,0.0028175271282382
5,Prevalence,44635,High SDI,2,Female,27,Age-standardized,559,Schizophrenia,2,Percent,2001,0.0031073486094338,0.0036595595144652,0.0025964544929781
5,Prevalence,44635,High SDI,3,Both,27,Age-standardized,559,Schizophrenia,2,Percent,2001,0.0032428361271633,0.0038119212271868,0.002708352337212
5,Prevalence,44635,High SDI,1,Male,27,Age-standardized,559,Schizophrenia,3,Rate,2001,305.62557026639,359.73387181439,254.76066386380998
5,Prevalence,44635,High SDI,2,Female,27,Age-standardized,559,Schizophrenia,3,Rate,2001,291.69172441672004,343.203842017,243.23146408076002
5,Prevalence,44635,High SDI,3,Both,27,Age-standardized,559,Schizophrenia,3,Rate,2001,299.07331016725,351.70676372971,249.10941066444
5,Prevalence,44637,Low SDI,1,Male,22,All ages,559,Schizophrenia,1,Number,2001,594660.1767165945,730556.7457098503,475017.2319926233
5,Prevalence,44637,Low SDI,2,Female,22,All ages,559,Schizophrenia,1,Number,2001,572188.2054289494,709493.6703676949,455119.7690349919
5,Prevalence,44637,Low SDI,3,Both,22,All ages,559,Schizophrenia,1,Number,2001,1166848.3821455438,1440327.090881036,930204.8424095112
5,Prevalence,44637,Low SDI,1,Male,22,All ages,559,Schizophrenia,2,Percent,2001,0.0017807925386363,0.0021882938568833,0.0014224868517208
5,Prevalence,44637,Low SDI,2,Female,22,All ages,559,Schizophrenia,2,Percent,2001,0.001738927092451,0.0021563285797912,0.0013833270361808
5,Prevalence,44637,Low SDI,3,Both,22,All ages,559,Schizophrenia,2,Percent,2001,0.0017600139766568,0.0021722998273081,0.0014030864132637
5,Prevalence,44637,Low SDI,1,Male,22,All ages,559,Schizophrenia,3,Rate,2001,176.8611531848,217.27889906231002,141.27748707966
5,Prevalence,44637,Low SDI,2,Female,22,All ages,559,Schizophrenia,3,Rate,2001,172.90373741295,214.39468013054,137.52801663864
5,Prevalence,44637,Low SDI,3,Both,22,All ages,559,Schizophrenia,3,Rate,2001,174.89816795112,215.88971909295,139.42781705498
5,Prevalence,44637,Low SDI,1,Male,27,Age-standardized,559,Schizophrenia,2,Percent,2001,0.0024847649752044,0.0029990004055465,0.002018513255738
5,Prevalence,44637,Low SDI,2,Female,27,Age-standardized,559,Schizophrenia,2,Percent,2001,0.0023660534770057,0.0028917450466027,0.0019115460967781
5,Prevalence,44637,Low SDI,3,Both,27,Age-standardized,559,Schizophrenia,2,Percent,2001,0.002425414698242,0.0029421343944167,0.0019662487233146
5,Prevalence,44637,Low SDI,1,Male,27,Age-standardized,559,Schizophrenia,3,Rate,2001,247.30047289242,298.47121701125997,200.86886716987
5,Prevalence,44637,Low SDI,2,Female,27,Age-standardized,559,Schizophrenia,3,Rate,2001,235.75736447388002,288.14527741384,190.43630194914002
5,Prevalence,44637,Low SDI,3,Both,27,Age-standardized,559,Schizophrenia,3,Rate,2001,241.53453901222,292.98841889075,195.75993402744
5,Prevalence,44634,High-middle SDI,1,Male,22,All ages,559,Schizophrenia,1,Number,2001,1824940.011272403,2100631.828780941,1561473.9823853606
5,Prevalence,44634,High-middle SDI,2,Female,22,All ages,559,Schizophrenia,1,Number,2001,1727908.8438622283,1980609.53459232,1483058.7681968503
5,Prevalence,44634,High-middle SDI,3,Both,22,All ages,559,Schizophrenia,1,Number,2001,3552848.8551346324,4084357.782541615,3038914.5053999545
5,Prevalence,44634,High-middle SDI,1,Male,22,All ages,559,Schizophrenia,2,Percent,2001,0.0033278951027639,0.0038426041874905,0.0028479953022431
5,Prevalence,44634,High-middle SDI,2,Female,22,All ages,559,Schizophrenia,2,Percent,2001,0.0030454132157852,0.003490104904478,0.0026166397499135
5,Prevalence,44634,High-middle SDI,3,Both,22,All ages,559,Schizophrenia,2,Percent,2001,0.0031842466733348,0.0036611674101569,0.0027286667002747
5,Prevalence,44634,High-middle SDI,1,Male,22,All ages,559,Schizophrenia,3,Rate,2001,316.02126732844,363.76227636051,270.39737403191
5,Prevalence,44634,High-middle SDI,2,Female,22,All ages,559,Schizophrenia,3,Rate,2001,296.43320248639003,339.78553284208,254.4276925798
5,Prevalence,44634,High-middle SDI,3,Both,22,All ages,559,Schizophrenia,3,Rate,2001,306.18143635109004,351.98641524618,261.89101933419
5,Prevalence,44634,High-middle SDI,1,Male,27,Age-standardized,559,Schizophrenia,2,Percent,2001,0.0029676582497593,0.0034158172009076,0.0025478480236921
5,Prevalence,44634,High-middle SDI,2,Female,27,Age-standardized,559,Schizophrenia,2,Percent,2001,0.0027139440768673,0.0031114605717192,0.0023316031345418
5,Prevalence,44634,High-middle SDI,3,Both,27,Age-standardized,559,Schizophrenia,2,Percent,2001,0.0028400200269244,0.0032654199479597,0.0024373320115437
5,Prevalence,44634,High-middle SDI,1,Male,27,Age-standardized,559,Schizophrenia,3,Rate,2001,278.68913235511,320.84910072373003,239.27026548726002
5,Prevalence,44634,High-middle SDI,2,Female,27,Age-standardized,559,Schizophrenia,3,Rate,2001,260.96084782167,299.26198127497,224.00153627169001
5,Prevalence,44634,High-middle SDI,3,Both,27,Age-standardized,559,Schizophrenia,3,Rate,2001,269.80882821782996,310.00594638651995,231.180306862
5,Prevalence,174,Eastern Sub-Saharan Africa,1,Male,22,All ages,559,Schizophrenia,1,Number,2001,178579.6381187971,224636.6776155045,140005.1979719667
5,Prevalence,174,Eastern Sub-Saharan Africa,2,Female,22,All ages,559,Schizophrenia,1,Number,2001,200486.28408029504,251860.97844309043,156573.20871121733
5,Prevalence,174,Eastern Sub-Saharan Africa,3,Both,22,All ages,559,Schizophrenia,1,Number,2001,379065.9221990917,476468.8014233825,296578.406683184
5,Prevalence,174,Eastern Sub-Saharan Africa,1,Male,22,All ages,559,Schizophrenia,2,Percent,2001,0.0014122435963096,0.0017757156616402,0.0011072572284268
5,Prevalence,174,Eastern Sub-Saharan Africa,2,Female,22,All ages,559,Schizophrenia,2,Percent,2001,0.0015606077348644,0.0019605262574883,0.001218596793007
5,Prevalence,174,Eastern Sub-Saharan Africa,3,Both,22,All ages,559,Schizophrenia,2,Percent,2001,0.0014870122002321,0.0018689375849919,0.0011633179282056
5,Prevalence,174,Eastern Sub-Saharan Africa,1,Male,22,All ages,559,Schizophrenia,3,Rate,2001,140.22073998714,176.38472949836,109.93208782636
5,Prevalence,174,Eastern Sub-Saharan Africa,2,Female,22,All ages,559,Schizophrenia,3,Rate,2001,155.16453886843,194.92551701653,121.1784129786
5,Prevalence,174,Eastern Sub-Saharan Africa,3,Both,22,All ages,559,Schizophrenia,3,Rate,2001,147.74659674552998,185.71082163581,115.59585731539
5,Prevalence,174,Eastern Sub-Saharan Africa,1,Male,27,Age-standardized,559,Schizophrenia,2,Percent,2001,0.0020739270047931,0.0025459448476399,0.0016819591753453
5,Prevalence,174,Eastern Sub-Saharan Africa,2,Female,27,Age-standardized,559,Schizophrenia,2,Percent,2001,0.0022205345428109,0.0027390133649509,0.0017850424357848
5,Prevalence,174,Eastern Sub-Saharan Africa,3,Both,27,Age-standardized,559,Schizophrenia,2,Percent,2001,0.002148792835938,0.0026485484623415,0.0017347102496684
5,Prevalence,174,Eastern Sub-Saharan Africa,1,Male,27,Age-standardized,559,Schizophrenia,3,Rate,2001,206.46288967614998,253.46853799723002,167.48451295108998
5,Prevalence,174,Eastern Sub-Saharan Africa,2,Female,27,Age-standardized,559,Schizophrenia,3,Rate,2001,221.28326418406,272.87738258514,177.87092322605
5,Prevalence,174,Eastern Sub-Saharan Africa,3,Both,27,Age-standardized,559,Schizophrenia,3,Rate,2001,214.02744469239,263.76945662821004,172.79114131546
5,Prevalence,138,North Africa and Middle East,1,Male,22,All ages,559,Schizophrenia,1,Number,2001,491618.00187407306,617012.7673947925,385534.4826418187
5,Prevalence,138,North Africa and Middle East,2,Female,22,All ages,559,Schizophrenia,1,Number,2001,426043.04806015897,536453.6627590826,333372.3381093952
5,Prevalence,138,North Africa and Middle East,3,Both,22,All ages,559,Schizophrenia,1,Number,2001,917661.0499342304,1151771.9021471934,719740.8677446361
5,Prevalence,138,North Africa and Middle East,1,Male,22,All ages,559,Schizophrenia,2,Percent,2001,0.002343603337583,0.0029380540832861,0.0018356776656395
5,Prevalence,138,North Africa and Middle East,2,Female,22,All ages,559,Schizophrenia,2,Percent,2001,0.0020977851347412,0.0026371112915129,0.0016426637483814
5,Prevalence,138,North Africa and Middle East,3,Both,22,All ages,559,Schizophrenia,2,Percent,2001,0.0022226803312878,0.0027875316751171,0.0017431229241949
5,Prevalence,138,North Africa and Middle East,1,Male,22,All ages,559,Schizophrenia,3,Rate,2001,223.66313037519,280.71186675611,175.40010521693
5,Prevalence,138,North Africa and Middle East,2,Female,22,All ages,559,Schizophrenia,3,Rate,2001,203.96845837832998,256.82763064105,159.6022800507
5,Prevalence,138,North Africa and Middle East,3,Both,22,All ages,559,Schizophrenia,3,Rate,2001,214.06677780771,268.67883286512,167.89707749464
5,Prevalence,138,North Africa and Middle East,1,Male,27,Age-standardized,559,Schizophrenia,2,Percent,2001,0.0026345792930685,0.003254301006872,0.002087005229123
5,Prevalence,138,North Africa and Middle East,2,Female,27,Age-standardized,559,Schizophrenia,2,Percent,2001,0.0023872454448355,0.0029296625406199,0.0018983943329652
5,Prevalence,138,North Africa and Middle East,3,Both,27,Age-standardized,559,Schizophrenia,2,Percent,2001,0.002513473944752,0.0030893361322604,0.0019934015615761
5,Prevalence,138,North Africa and Middle East,1,Male,27,Age-standardized,559,Schizophrenia,3,Rate,2001,253.67460245737,312.92872698481,201.02572344934
5,Prevalence,138,North Africa and Middle East,2,Female,27,Age-standardized,559,Schizophrenia,3,Rate,2001,233.37411073018,286.92669641512,185.64276714847
5,Prevalence,138,North Africa and Middle East,3,Both,27,Age-standardized,559,Schizophrenia,3,Rate,2001,243.817383492,299.67849914666,193.40533234437
5,Prevalence,159,South Asia,1,Male,22,All ages,559,Schizophrenia,1,Number,2001,1963210.7213548648,2343823.194534121,1612196.0908207446
5,Prevalence,159,South Asia,2,Female,22,All ages,559,Schizophrenia,1,Number,2001,1416474.0019244202,1685471.8256742158,1161790.5932443286
5,Prevalence,159,South Asia,3,Both,22,All ages,559,Schizophrenia,1,Number,2001,3379684.7232792834,4024576.976193918,2773361.7559974017
5,Prevalence,159,South Asia,1,Male,22,All ages,559,Schizophrenia,2,Percent,2001,0.0028469509948579,0.0033997367673754,0.0023378147753982
5,Prevalence,159,South Asia,2,Female,22,All ages,559,Schizophrenia,2,Percent,2001,0.0021923438617363,0.0026089459340725,0.0017984449153117
5,Prevalence,159,South Asia,3,Both,22,All ages,559,Schizophrenia,2,Percent,2001,0.0025303023063799,0.0030140941649312,0.0020766500172269
5,Prevalence,159,South Asia,1,Male,22,All ages,559,Schizophrenia,3,Rate,2001,280.69558986186,335.1147316818,230.50828307091
5,Prevalence,159,South Asia,2,Female,22,All ages,559,Schizophrenia,3,Rate,2001,217.61069238854998,258.93640863727,178.48407740836
5,Prevalence,159,South Asia,3,Both,22,All ages,559,Schizophrenia,3,Rate,2001,250.28577618327,298.0438871584,205.38395044828002
5,Prevalence,159,South Asia,1,Male,27,Age-standardized,559,Schizophrenia,2,Percent,2001,0.0032710055199049,0.0038855120713273,0.0027099387996939
5,Prevalence,159,South Asia,2,Female,27,Age-standardized,559,Schizophrenia,2,Percent,2001,0.0025028494778489,0.0029548717726538,0.0020743890229601
5,Prevalence,159,South Asia,3,Both,27,Age-standardized,559,Schizophrenia,2,Percent,2001,0.00289749998236,0.0034376137873989,0.0023991634971277
5,Prevalence,159,South Asia,1,Male,27,Age-standardized,559,Schizophrenia,3,Rate,2001,323.31990051076997,383.96110754817,267.53547168545
5,Prevalence,159,South Asia,2,Female,27,Age-standardized,559,Schizophrenia,3,Rate,2001,248.78274464941,293.79673601618,206.04312852043
5,Prevalence,159,South Asia,3,Both,27,Age-standardized,559,Schizophrenia,3,Rate,2001,287.1771287276,340.65492245603,237.62718814049998
5,Prevalence,167,Central Sub-Saharan Africa,1,Male,22,All ages,559,Schizophrenia,1,Number,2001,54960.60813637679,71331.65742797096,41462.79854218986
5,Prevalence,167,Central Sub-Saharan Africa,2,Female,22,All ages,559,Schizophrenia,1,Number,2001,60640.56494885581,77295.06806099079,46382.95255202417
5,Prevalence,167,Central Sub-Saharan Africa,3,Both,22,All ages,559,Schizophrenia,1,Number,2001,115601.17308523254,148612.36481747305,87760.95683422092
5,Prevalence,167,Central Sub-Saharan Africa,1,Male,22,All ages,559,Schizophrenia,2,Percent,2001,0.0014633979511738,0.0018994144725495,0.0011039102564963
5,Prevalence,167,Central Sub-Saharan Africa,2,Female,22,All ages,559,Schizophrenia,2,Percent,2001,0.0015949593059068,0.0020332933520061,0.0012203270703027
5,Prevalence,167,Central Sub-Saharan Africa,3,Both,22,All ages,559,Schizophrenia,2,Percent,2001,0.001529581921269,0.0019665310975384,0.0011615507834632
5,Prevalence,167,Central Sub-Saharan Africa,1,Male,22,All ages,559,Schizophrenia,3,Rate,2001,145.86315403355,189.31123376705,110.04053221927
5,Prevalence,167,Central Sub-Saharan Africa,2,Female,22,All ages,559,Schizophrenia,3,Rate,2001,159.0721087065,202.76014050075003,121.67159189079
5,Prevalence,167,Central Sub-Saharan Africa,3,Both,22,All ages,559,Schizophrenia,3,Rate,2001,152.5061304551,196.0559403613,115.77809787411
5,Prevalence,167,Central Sub-Saharan Africa,1,Male,27,Age-standardized,559,Schizophrenia,2,Percent,2001,0.0020373232978642,0.0025580434580929,0.0015971625251072
5,Prevalence,167,Central Sub-Saharan Africa,2,Female,27,Age-standardized,559,Schizophrenia,2,Percent,2001,0.0021784391543123,0.0027502861570582,0.001694495663775
5,Prevalence,167,Central Sub-Saharan Africa,3,Both,27,Age-standardized,559,Schizophrenia,2,Percent,2001,0.0021095483488578,0.0026562165196082,0.0016582114484859
5,Prevalence,167,Central Sub-Saharan Africa,1,Male,27,Age-standardized,559,Schizophrenia,3,Rate,2001,203.31861488429,255.33460856717,159.41000384262
5,Prevalence,167,Central Sub-Saharan Africa,2,Female,27,Age-standardized,559,Schizophrenia,3,Rate,2001,217.50072891926,274.58311333726,169.18795545038998
5,Prevalence,167,Central Sub-Saharan Africa,3,Both,27,Age-standardized,559,Schizophrenia,3,Rate,2001,210.57461906902998,265.14564357009,165.5310496143
5,Prevalence,44639,Middle SDI,1,Male,22,All ages,559,Schizophrenia,1,Number,2001,2923656.859540461,3484476.4936396247,2423881.1823804467
5,Prevalence,44639,Middle SDI,2,Female,22,All ages,559,Schizophrenia,1,Number,2001,2538733.594153392,3028554.640870224,2100474.929505766
5,Prevalence,44639,Middle SDI,3,Both,22,All ages,559,Schizophrenia,1,Number,2001,5462390.453693857,6517989.564415429,4521732.251448806
5,Prevalence,44639,Middle SDI,1,Male,22,All ages,559,Schizophrenia,2,Percent,2001,0.0030311892770222,0.0036129299777326,0.0025136838127171
5,Prevalence,44639,Middle SDI,2,Female,22,All ages,559,Schizophrenia,2,Percent,2001,0.0026694049054832,0.0031808446812346,0.0022111093089904
5,Prevalence,44639,Middle SDI,3,Both,22,All ages,559,Schizophrenia,2,Percent,2001,0.002851568917908,0.0034048900191071,0.0023627833193594
5,Prevalence,44639,Middle SDI,1,Male,22,All ages,559,Schizophrenia,3,Rate,2001,290.8294198958,346.61669476666,241.11446453358997
5,Prevalence,44639,Middle SDI,2,Female,22,All ages,559,Schizophrenia,3,Rate,2001,261.09370373754,311.46889534899,216.02139752493
5,Prevalence,44639,Middle SDI,3,Both,22,All ages,559,Schizophrenia,3,Rate,2001,276.20917990926,329.58620726698,228.64421127152002
5,Prevalence,44639,Middle SDI,1,Male,27,Age-standardized,559,Schizophrenia,2,Percent,2001,0.0030310567989954,0.0035698110804761,0.0025301075204261
5,Prevalence,44639,Middle SDI,2,Female,27,Age-standardized,559,Schizophrenia,2,Percent,2001,0.0026386522144729,0.0031194776493829,0.0021961593659275
5,Prevalence,44639,Middle SDI,3,Both,27,Age-standardized,559,Schizophrenia,2,Percent,2001,0.0028356778341406,0.0033508889332161,0.0023637807013499
5,Prevalence,44639,Middle SDI,1,Male,27,Age-standardized,559,Schizophrenia,3,Rate,2001,291.44460107652003,342.50764286868,243.25370515011
5,Prevalence,44639,Middle SDI,2,Female,27,Age-standardized,559,Schizophrenia,3,Rate,2001,257.9344742567,304.97645793472,214.58996743349002
5,Prevalence,44639,Middle SDI,3,Both,27,Age-standardized,559,Schizophrenia,3,Rate,2001,274.86703289104,324.24551759194003,229.06620263533
5,Prevalence,192,Southern Sub-Saharan Africa,1,Male,22,All ages,559,Schizophrenia,1,Number,2001,57622.02899138254,70529.45682774457,46348.78213096381
5,Prevalence,192,Southern Sub-Saharan Africa,2,Female,22,All ages,559,Schizophrenia,1,Number,2001,68769.15653975336,83840.80845370356,55449.51363846719
5,Prevalence,192,Southern Sub-Saharan Africa,3,Both,22,All ages,559,Schizophrenia,1,Number,2001,126391.18553113576,154239.93922114652,101788.02752446424
5,Prevalence,192,Southern Sub-Saharan Africa,1,Male,22,All ages,559,Schizophrenia,2,Percent,2001,0.0019072931619712,0.0023355985936465,0.0015346656204846
5,Prevalence,192,Southern Sub-Saharan Africa,2,Female,22,All ages,559,Schizophrenia,2,Percent,2001,0.0020822652559522,0.002538086103097,0.0016779380463486
5,Prevalence,192,Southern Sub-Saharan Africa,3,Both,22,All ages,559,Schizophrenia,2,Percent,2001,0.0019986721092023,0.0024397624784742,0.001610513114441
5,Prevalence,192,Southern Sub-Saharan Africa,1,Male,22,All ages,559,Schizophrenia,3,Rate,2001,185.62081925176,227.20018345251,149.30572666502002
5,Prevalence,192,Southern Sub-Saharan Africa,2,Female,22,All ages,559,Schizophrenia,3,Rate,2001,205.27670397454003,250.26575406647999,165.51742044583
5,Prevalence,192,Southern Sub-Saharan Africa,3,Both,22,All ages,559,Schizophrenia,3,Rate,2001,195.82301306015,238.97022174113,157.70433800053
5,Prevalence,192,Southern Sub-Saharan Africa,1,Male,27,Age-standardized,559,Schizophrenia,2,Percent,2001,0.0022180505437763,0.0026813448874039,0.0018164858091468
5,Prevalence,192,Southern Sub-Saharan Africa,2,Female,27,Age-standardized,559,Schizophrenia,2,Percent,2001,0.0023278002328704,0.0028186725049783,0.0019108023863676
5,Prevalence,192,Southern Sub-Saharan Africa,3,Both,27,Age-standardized,559,Schizophrenia,2,Percent,2001,0.0022777166174054,0.0027521041846453,0.0018666518035192
5,Prevalence,192,Southern Sub-Saharan Africa,1,Male,27,Age-standardized,559,Schizophrenia,3,Rate,2001,217.07965257633998,262.25321535512,177.75806383293
5,Prevalence,192,Southern Sub-Saharan Africa,2,Female,27,Age-standardized,559,Schizophrenia,3,Rate,2001,229.93132929674,278.36425010941997,188.72728034039
5,Prevalence,192,Southern Sub-Saharan Africa,3,Both,27,Age-standardized,559,Schizophrenia,3,Rate,2001,223.965018947,270.43334646653,183.43997816603002
6,Incidence,42,Central Europe,1,Male,22,All ages,559,Schizophrenia,1,Number,2001,8118.970770368248,10072.986324228106,6504.463467153107
6,Incidence,42,Central Europe,2,Female,22,All ages,559,Schizophrenia,1,Number,2001,7543.832692750739,9390.889604374684,5951.61829994316
6,Incidence,42,Central Europe,3,Both,22,All ages,559,Schizophrenia,1,Number,2001,15662.80346311896,19432.14604351387,12447.77501841931
6,Incidence,42,Central Europe,1,Male,22,All ages,559,Schizophrenia,2,Percent,2001,4.03740129167e-05,5.0064388389e-05,3.1590072971e-05
6,Incidence,42,Central Europe,2,Female,22,All ages,559,Schizophrenia,2,Percent,2001,3.34951105452e-05,4.17701218168e-05,2.59632974353e-05
6,Incidence,42,Central Europe,3,Both,22,All ages,559,Schizophrenia,2,Percent,2001,3.67395426749e-05,4.57024316705e-05,2.85807661355e-05
6,Incidence,42,Central Europe,1,Male,22,All ages,559,Schizophrenia,3,Rate,2001,13.67389653344,16.964831710320002,10.95475805628
6,Incidence,42,Central Europe,2,Female,22,All ages,559,Schizophrenia,3,Rate,2001,12.03057827836,14.97618479761,9.491383591950001
6,Incidence,42,Central Europe,3,Both,22,All ages,559,Schizophrenia,3,Rate,2001,12.829826449979999,15.917397027679998,10.19630959111
6,Incidence,42,Central Europe,1,Male,27,Age-standardized,559,Schizophrenia,2,Percent,2001,3.70959625752e-05,4.62807747453e-05,2.88317092228e-05
6,Incidence,42,Central Europe,2,Female,27,Age-standardized,559,Schizophrenia,2,Percent,2001,3.35325287144e-05,4.17719666935e-05,2.578104945e-05
6,Incidence,42,Central Europe,3,Both,27,Age-standardized,559,Schizophrenia,2,Percent,2001,3.5241546623e-05,4.39854274509e-05,2.7260448103e-05
6,Incidence,42,Central Europe,1,Male,27,Age-standardized,559,Schizophrenia,3,Rate,2001,12.849291133250002,16.01533218224,10.230832049129999
6,Incidence,42,Central Europe,2,Female,27,Age-standardized,559,Schizophrenia,3,Rate,2001,12.205333858529999,15.29746966027,9.526995657990001
6,Incidence,42,Central Europe,3,Both,27,Age-standardized,559,Schizophrenia,3,Rate,2001,12.52619530314,15.640639217,9.89398568204
6,Incidence,1,Global,1,Male,22,All ages,559,Schizophrenia,1,Number,2001,545609.1976893503,654742.5933950879,450713.643461702
6,Incidence,1,Global,2,Female,22,All ages,559,Schizophrenia,1,Number,2001,468417.8099826168,563875.4010174654,385199.165223993
6,Incidence,1,Global,3,Both,22,All ages,559,Schizophrenia,1,Number,2001,1014027.007671966,1218987.0404586792,835940.627431114
6,Incidence,1,Global,1,Male,22,All ages,559,Schizophrenia,2,Percent,2001,3.91305668427e-05,4.71317626245e-05,3.19598130259e-05
6,Incidence,1,Global,2,Female,22,All ages,559,Schizophrenia,2,Percent,2001,3.20900736959e-05,3.86083122615e-05,2.61480848861e-05
6,Incidence,1,Global,3,Both,22,All ages,559,Schizophrenia,2,Percent,2001,3.55295062535e-05,4.28294329731e-05,2.8956629567e-05
6,Incidence,1,Global,1,Male,22,All ages,559,Schizophrenia,3,Rate,2001,17.54098249448,21.04955051669,14.49015185863
6,Incidence,1,Global,2,Female,22,All ages,559,Schizophrenia,3,Rate,2001,15.2792086387,18.39291699583,12.56471954627
6,Incidence,1,Global,3,Both,22,All ages,559,Schizophrenia,3,Rate,2001,16.418291696940003,19.73683605429,13.534863429329999
6,Incidence,1,Global,1,Male,27,Age-standardized,559,Schizophrenia,2,Percent,2001,3.70387627373e-05,4.46292667846e-05,3.02943407937e-05
6,Incidence,1,Global,2,Female,27,Age-standardized,559,Schizophrenia,2,Percent,2001,3.02821765232e-05,3.65128367915e-05,2.47436930495e-05
6,Incidence,1,Global,3,Both,27,Age-standardized,559,Schizophrenia,2,Percent,2001,3.3575715118e-05,4.04701682841e-05,2.74826238697e-05
6,Incidence,1,Global,1,Male,27,Age-standardized,559,Schizophrenia,3,Rate,2001,16.55796774742,19.78691778791,13.76065837794
6,Incidence,1,Global,2,Female,27,Age-standardized,559,Schizophrenia,3,Rate,2001,14.43428611063,17.29735318994,11.95853526152
6,Incidence,1,Global,3,Both,27,Age-standardized,559,Schizophrenia,3,Rate,2001,15.50406291123,18.55035091166,12.86882642492
6,Incidence,5,East Asia,1,Male,22,All ages,559,Schizophrenia,1,Number,2001,142495.1040706175,166127.03372027155,122570.50569161246
6,Incidence,5,East Asia,2,Female,22,All ages,559,Schizophrenia,1,Number,2001,123860.56332693198,143375.21716089966,106029.0332344236
6,Incidence,5,East Asia,3,Both,22,All ages,559,Schizophrenia,1,Number,2001,266355.6673975494,309145.3810840575,227509.7727999452
6,Incidence,5,East Asia,1,Male,22,All ages,559,Schizophrenia,2,Percent,2001,6.69400676247e-05,7.91164553828e-05,5.62239694049e-05
6,Incidence,5,East Asia,2,Female,22,All ages,559,Schizophrenia,2,Percent,2001,5.84509846158e-05,6.81576213419e-05,4.93481166416e-05
6,Incidence,5,East Asia,3,Both,22,All ages,559,Schizophrenia,2,Percent,2001,6.27043697073e-05,7.38374297212e-05,5.26206694279e-05
6,Incidence,5,East Asia,1,Male,22,All ages,559,Schizophrenia,3,Rate,2001,21.14594147979,24.652864785580004,18.18917749776
6,Incidence,5,East Asia,2,Female,22,All ages,559,Schizophrenia,3,Rate,2001,19.44415168057,22.507644038029998,16.64488316037
6,Incidence,5,East Asia,3,Both,22,All ages,559,Schizophrenia,3,Rate,2001,20.31897149704,23.58318953023,17.3556081385
6,Incidence,5,East Asia,1,Male,27,Age-standardized,559,Schizophrenia,2,Percent,2001,5.75664445949e-05,6.7554385614e-05,4.89894262022e-05
6,Incidence,5,East Asia,2,Female,27,Age-standardized,559,Schizophrenia,2,Percent,2001,5.04741901209e-05,5.87468833987e-05,4.29405235395e-05
6,Incidence,5,East Asia,3,Both,27,Age-standardized,559,Schizophrenia,2,Percent,2001,5.4033707724e-05,6.30314421128e-05,4.60420939666e-05
6,Incidence,5,East Asia,1,Male,27,Age-standardized,559,Schizophrenia,3,Rate,2001,18.892536937760003,21.88430023976,16.23234009412
6,Incidence,5,East Asia,2,Female,27,Age-standardized,559,Schizophrenia,3,Rate,2001,17.34755879489,19.97064228481,14.98735912688
6,Incidence,5,East Asia,3,Both,27,Age-standardized,559,Schizophrenia,3,Rate,2001,18.14203385295,20.89210947656,15.69092619229
6,Incidence,21,Oceania,1,Male,22,All ages,559,Schizophrenia,1,Number,2001,838.3113446124264,1064.1955951482682,637.609007058558
6,Incidence,21,Oceania,2,Female,22,All ages,559,Schizophrenia,1,Number,2001,676.2648335444584,865.1680715522175,517.930725413908
6,Incidence,21,Oceania,3,Both,22,All ages,559,Schizophrenia,1,Number,2001,1514.576178156884,1925.0958090096228,1153.395066252891
6,Incidence,21,Oceania,1,Male,22,All ages,559,Schizophrenia,2,Percent,2001,3.4420860027e-05,4.41845231077e-05,2.56446688836e-05
6,Incidence,21,Oceania,2,Female,22,All ages,559,Schizophrenia,2,Percent,2001,2.86802216646e-05,3.65517768497e-05,2.16542997485e-05
6,Incidence,21,Oceania,3,Both,22,All ages,559,Schizophrenia,2,Percent,2001,3.15959894473e-05,4.02567004269e-05,2.37045581799e-05
6,Incidence,21,Oceania,1,Male,22,All ages,559,Schizophrenia,3,Rate,2001,18.977833949449998,24.09143980247,14.43430049992
6,Incidence,21,Oceania,2,Female,22,All ages,559,Schizophrenia,3,Rate,2001,16.34151152354,20.90623866536,12.51546805027
6,Incidence,21,Oceania,3,Both,22,All ages,559,Schizophrenia,3,Rate,2001,17.70265704661,22.50088927864,13.48110289307
6,Incidence,21,Oceania,1,Male,27,Age-standardized,559,Schizophrenia,2,Percent,2001,3.60145678192e-05,4.49573605496e-05,2.75638860175e-05
6,Incidence,21,Oceania,2,Female,27,Age-standardized,559,Schizophrenia,2,Percent,2001,2.85591535771e-05,3.60367177689e-05,2.21190058058e-05
6,Incidence,21,Oceania,3,Both,27,Age-standardized,559,Schizophrenia,2,Percent,2001,3.22559646353e-05,4.04513732487e-05,2.481705947e-05
6,Incidence,21,Oceania,1,Male,27,Age-standardized,559,Schizophrenia,3,Rate,2001,18.54341497232,23.14346399179,14.4816901941
6,Incidence,21,Oceania,2,Female,27,Age-standardized,559,Schizophrenia,3,Rate,2001,15.421284614280001,19.39410918849,12.210882372170001
6,Incidence,21,Oceania,3,Both,27,Age-standardized,559,Schizophrenia,3,Rate,2001,17.01014672957,21.26229954506,13.34894356878
6,Incidence,9,Southeast Asia,1,Male,22,All ages,559,Schizophrenia,1,Number,2001,56705.46975008416,69072.6462608205,45564.5718578519
6,Incidence,9,Southeast Asia,2,Female,22,All ages,559,Schizophrenia,1,Number,2001,47350.45354194348,58329.73968060807,37777.13120028274
6,Incidence,9,Southeast Asia,3,Both,22,All ages,559,Schizophrenia,1,Number,2001,104055.9232920276,127238.7300059632,83445.56388802765
6,Incidence,9,Southeast Asia,1,Male,22,All ages,559,Schizophrenia,2,Percent,2001,4.19449095131e-05,5.13736815401e-05,3.31513821836e-05
6,Incidence,9,Southeast Asia,2,Female,22,All ages,559,Schizophrenia,2,Percent,2001,3.45864090054e-05,4.2796944215e-05,2.72836596897e-05
6,Incidence,9,Southeast Asia,3,Both,22,All ages,559,Schizophrenia,2,Percent,2001,3.82421907742e-05,4.70890703779e-05,3.01919040469e-05
6,Incidence,9,Southeast Asia,1,Male,22,All ages,559,Schizophrenia,3,Rate,2001,20.71894695889,25.237644631029998,16.64830485821
6,Incidence,9,Southeast Asia,2,Female,22,All ages,559,Schizophrenia,3,Rate,2001,17.13026328141,21.10230680219,13.666863885549999
6,Incidence,9,Southeast Asia,3,Both,22,All ages,559,Schizophrenia,3,Rate,2001,18.91571635034,23.12998289214,15.169079926090001
6,Incidence,9,Southeast Asia,1,Male,27,Age-standardized,559,Schizophrenia,2,Percent,2001,3.86579451228e-05,4.72971071084e-05,3.0940795673e-05
6,Incidence,9,Southeast Asia,2,Female,27,Age-standardized,559,Schizophrenia,2,Percent,2001,3.12765118414e-05,3.84895748182e-05,2.48338673002e-05
6,Incidence,9,Southeast Asia,3,Both,27,Age-standardized,559,Schizophrenia,2,Percent,2001,3.48979428632e-05,4.25544348883e-05,2.77768961682e-05
6,Incidence,9,Southeast Asia,1,Male,27,Age-standardized,559,Schizophrenia,3,Rate,2001,18.813472878909998,22.78186607699,15.31976003704
6,Incidence,9,Southeast Asia,2,Female,27,Age-standardized,559,Schizophrenia,3,Rate,2001,15.41070127772,18.81065423806,12.493434559059999
6,Incidence,9,Southeast Asia,3,Both,27,Age-standardized,559,Schizophrenia,3,Rate,2001,17.09576906664,20.774947101320002,13.932183033369999
6,Incidence,32,Central Asia,1,Male,22,All ages,559,Schizophrenia,1,Number,2001,5054.672135917555,6412.84359067675,3850.446812071597
6,Incidence,32,Central Asia,2,Female,22,All ages,559,Schizophrenia,1,Number,2001,4873.725159172041,6204.798699473612,3719.655541234582
6,Incidence,32,Central Asia,3,Both,22,All ages,559,Schizophrenia,1,Number,2001,9928.397295089582,12590.689016512257,7570.102353306178
6,Incidence,32,Central Asia,1,Male,22,All ages,559,Schizophrenia,2,Percent,2001,4.25253545895e-05,5.43193734804e-05,3.21047122261e-05
6,Incidence,32,Central Asia,2,Female,22,All ages,559,Schizophrenia,2,Percent,2001,3.77151967973e-05,4.83651546855e-05,2.82586418004e-05
6,Incidence,32,Central Asia,3,Both,22,All ages,559,Schizophrenia,2,Percent,2001,4.00192639174e-05,5.11809184544e-05,3.00735950058e-05
6,Incidence,32,Central Asia,1,Male,22,All ages,559,Schizophrenia,3,Rate,2001,13.756424185439998,17.45272379615,10.47909305016
6,Incidence,32,Central Asia,2,Female,22,All ages,559,Schizophrenia,3,Rate,2001,12.78146296679,16.27223575471,9.75488727756
6,Incidence,32,Central Asia,3,Both,22,All ages,559,Schizophrenia,3,Rate,2001,13.25991266955,16.81554754976,10.110281964039999
6,Incidence,32,Central Asia,1,Male,27,Age-standardized,559,Schizophrenia,2,Percent,2001,3.95491890781e-05,5.05597266666e-05,2.9806777701e-05
6,Incidence,32,Central Asia,2,Female,27,Age-standardized,559,Schizophrenia,2,Percent,2001,3.55530973572e-05,4.55260621633e-05,2.67789675054e-05
6,Incidence,32,Central Asia,3,Both,27,Age-standardized,559,Schizophrenia,2,Percent,2001,3.74609434298e-05,4.78676627919e-05,2.82741545402e-05
6,Incidence,32,Central Asia,1,Male,27,Age-standardized,559,Schizophrenia,3,Rate,2001,12.807594629959999,16.240379683820002,9.8600667202
6,Incidence,32,Central Asia,2,Female,27,Age-standardized,559,Schizophrenia,3,Rate,2001,12.06309488796,15.263898575350002,9.22072982126
6,Incidence,32,Central Asia,3,Both,27,Age-standardized,559,Schizophrenia,3,Rate,2001,12.42566741057,15.765591300859999,9.52850462576
6,Incidence,56,Eastern Europe,1,Male,22,All ages,559,Schizophrenia,1,Number,2001,12585.7328378527,15181.764120420865,10459.356934868892
6,Incidence,56,Eastern Europe,2,Female,22,All ages,559,Schizophrenia,1,Number,2001,12733.9507271392,15255.131045787635,10559.439822200726
6,Incidence,56,Eastern Europe,3,Both,22,All ages,559,Schizophrenia,1,Number,2001,25319.6835649919,30416.676470890903,21041.335007906848
6,Incidence,56,Eastern Europe,1,Male,22,All ages,559,Schizophrenia,2,Percent,2001,3.03496740925e-05,3.65350898802e-05,2.45186397841e-05
6,Incidence,56,Eastern Europe,2,Female,22,All ages,559,Schizophrenia,2,Percent,2001,2.53135831787e-05,3.04928844539e-05,2.04640303221e-05
6,Incidence,56,Eastern Europe,3,Both,22,All ages,559,Schizophrenia,2,Percent,2001,2.75886830338e-05,3.31491282862e-05,2.22179376154e-05
6,Incidence,56,Eastern Europe,1,Male,22,All ages,559,Schizophrenia,3,Rate,2001,12.28692395137,14.82132058566,10.2110321977
6,Incidence,56,Eastern Europe,2,Female,22,All ages,559,Schizophrenia,3,Rate,2001,10.880106967489999,13.034246883620002,9.022167373210001
6,Incidence,56,Eastern Europe,3,Both,22,All ages,559,Schizophrenia,3,Rate,2001,11.536699994900001,13.85910176903,9.58730660498
6,Incidence,56,Eastern Europe,1,Male,27,Age-standardized,559,Schizophrenia,2,Percent,2001,2.6776713445e-05,3.24393602966e-05,2.15306351663e-05
6,Incidence,56,Eastern Europe,2,Female,27,Age-standardized,559,Schizophrenia,2,Percent,2001,2.51261455424e-05,3.02782221975e-05,2.03203955502e-05
6,Incidence,56,Eastern Europe,3,Both,27,Age-standardized,559,Schizophrenia,2,Percent,2001,2.58760422698e-05,3.11725002561e-05,2.08547241509e-05
6,Incidence,56,Eastern Europe,1,Male,27,Age-standardized,559,Schizophrenia,3,Rate,2001,11.18596780647,13.52128744734,9.20977283586
6,Incidence,56,Eastern Europe,2,Female,27,Age-standardized,559,Schizophrenia,3,Rate,2001,11.188547324850001,13.52724249322,9.20208048915
6,Incidence,56,Eastern Europe,3,Both,27,Age-standardized,559,Schizophrenia,3,Rate,2001,11.176727201739999,13.51233146915,9.21018384141
6,Incidence,73,Western Europe,1,Male,22,All ages,559,Schizophrenia,1,Number,2001,30144.999087140517,36571.6958848487,25287.76837229
6,Incidence,73,Western Europe,2,Female,22,All ages,559,Schizophrenia,1,Number,2001,25580.198454623787,31008.93932380273,21349.34624366736
6,Incidence,73,Western Europe,3,Both,22,All ages,559,Schizophrenia,1,Number,2001,55725.19754176432,67411.05345948829,46689.43050517989
6,Incidence,73,Western Europe,1,Male,22,All ages,559,Schizophrenia,2,Percent,2001,3.99162927725e-05,4.85154389882e-05,3.29145708605e-05
6,Incidence,73,Western Europe,2,Female,22,All ages,559,Schizophrenia,2,Percent,2001,2.7635533112e-05,3.34576772633e-05,2.2703989375e-05
6,Incidence,73,Western Europe,3,Both,22,All ages,559,Schizophrenia,2,Percent,2001,3.31529133393e-05,4.04210705746e-05,2.72971766894e-05
6,Incidence,73,Western Europe,1,Male,22,All ages,559,Schizophrenia,3,Rate,2001,15.407160388360001,18.69185607017,12.92462149524
6,Incidence,73,Western Europe,2,Female,22,All ages,559,Schizophrenia,3,Rate,2001,12.483529345370002,15.13283818749,10.41880854873
6,Incidence,73,Western Europe,3,Both,22,All ages,559,Schizophrenia,3,Rate,2001,13.911567043689999,16.8288930512,11.65582485764
6,Incidence,73,Western Europe,1,Male,27,Age-standardized,559,Schizophrenia,2,Percent,2001,3.76915601439e-05,4.57464943895e-05,3.07987171496e-05
6,Incidence,73,Western Europe,2,Female,27,Age-standardized,559,Schizophrenia,2,Percent,2001,2.76282898303e-05,3.32462818543e-05,2.24992875486e-05
6,Incidence,73,Western Europe,3,Both,27,Age-standardized,559,Schizophrenia,2,Percent,2001,3.23297025319e-05,3.91325852676e-05,2.64413092809e-05
6,Incidence,73,Western Europe,1,Male,27,Age-standardized,559,Schizophrenia,3,Rate,2001,15.38552145125,18.48370430323,12.790132892870002
6,Incidence,73,Western Europe,2,Female,27,Age-standardized,559,Schizophrenia,3,Rate,2001,13.079928763160002,15.64616144266,10.82731025488
6,Incidence,73,Western Europe,3,Both,27,Age-standardized,559,Schizophrenia,3,Rate,2001,14.24734537351,17.14671321797,11.84798725224
6,Incidence,96,Southern Latin America,1,Male,22,All ages,559,Schizophrenia,1,Number,2001,4536.662731242687,5736.743892183627,3408.846654540828
6,Incidence,96,Southern Latin America,2,Female,22,All ages,559,Schizophrenia,1,Number,2001,4149.56519175391,5261.64295024145,3183.6682170477984
6,Incidence,96,Southern Latin America,3,Both,22,All ages,559,Schizophrenia,1,Number,2001,8686.22792299659,10968.6126350689,6587.006823061145
6,Incidence,96,Southern Latin America,1,Male,22,All ages,559,Schizophrenia,2,Percent,2001,3.60535428885e-05,4.63140636484e-05,2.69527618604e-05
6,Incidence,96,Southern Latin America,2,Female,22,All ages,559,Schizophrenia,2,Percent,2001,2.83731744026e-05,3.62783457034e-05,2.17095721603e-05
6,Incidence,96,Southern Latin America,3,Both,22,All ages,559,Schizophrenia,2,Percent,2001,3.19242791432e-05,4.07382182583e-05,2.4030575738e-05
6,Incidence,96,Southern Latin America,1,Male,22,All ages,559,Schizophrenia,3,Rate,2001,16.62439867242,21.02204267654,12.49156685331
6,Incidence,96,Southern Latin America,2,Female,22,All ages,559,Schizophrenia,3,Rate,2001,14.5586308171,18.460323832529998,11.16980890148
6,Incidence,96,Southern Latin America,3,Both,22,All ages,559,Schizophrenia,3,Rate,2001,15.56905341738,19.65996259179,11.80644371734
6,Incidence,96,Southern Latin America,1,Male,27,Age-standardized,559,Schizophrenia,2,Percent,2001,3.45110877262e-05,4.43116167298e-05,2.58882266209e-05
6,Incidence,96,Southern Latin America,2,Female,27,Age-standardized,559,Schizophrenia,2,Percent,2001,2.78011297651e-05,3.55412734032e-05,2.12850378533e-05
6,Incidence,96,Southern Latin America,3,Both,27,Age-standardized,559,Schizophrenia,2,Percent,2001,3.0933079464e-05,3.96023777987e-05,2.33923443018e-05
6,Incidence,96,Southern Latin America,1,Male,27,Age-standardized,559,Schizophrenia,3,Rate,2001,15.99777535126,20.37176873113,12.159365797009999
6,Incidence,96,Southern Latin America,2,Female,27,Age-standardized,559,Schizophrenia,3,Rate,2001,14.43280302567,18.306707758690003,11.09584324944
6,Incidence,96,Southern Latin America,3,Both,27,Age-standardized,559,Schizophrenia,3,Rate,2001,15.213830407120001,19.19187823482,11.591967565200001
6,Incidence,100,High-income North America,1,Male,22,All ages,559,Schizophrenia,1,Number,2001,26507.19035000901,31508.814158738824,22213.2909049504
6,Incidence,100,High-income North America,2,Female,22,All ages,559,Schizophrenia,1,Number,2001,23685.90239338422,28178.554772604213,19753.364104023207
6,Incidence,100,High-income North America,3,Both,22,All ages,559,Schizophrenia,1,Number,2001,50193.09274339324,59787.12529911187,41893.047842451546
6,Incidence,100,High-income North America,1,Male,22,All ages,559,Schizophrenia,2,Percent,2001,3.55241009092e-05,4.25397305349e-05,2.9026105629e-05
6,Incidence,100,High-income North America,2,Female,22,All ages,559,Schizophrenia,2,Percent,2001,2.78150365573e-05,3.34259100237e-05,2.2899404754e-05
6,Incidence,100,High-income North America,3,Both,22,All ages,559,Schizophrenia,2,Percent,2001,3.14149713918e-05,3.77396672609e-05,2.57727617187e-05
6,Incidence,100,High-income North America,1,Male,22,All ages,559,Schizophrenia,3,Rate,2001,17.15173464699,20.3880838503,14.373325358410002
6,Incidence,100,High-income North America,2,Female,22,All ages,559,Schizophrenia,3,Rate,2001,14.81670617063,17.62708295612,12.35670851589
6,Incidence,100,High-income North America,3,Both,22,All ages,559,Schizophrenia,3,Rate,2001,15.96448663943,19.01597831254,13.32456252467
6,Incidence,100,High-income North America,1,Male,27,Age-standardized,559,Schizophrenia,2,Percent,2001,3.57111444934e-05,4.30006483013e-05,2.90864803451e-05
6,Incidence,100,High-income North America,2,Female,27,Age-standardized,559,Schizophrenia,2,Percent,2001,2.9545413336e-05,3.55309499417e-05,2.41845112357e-05
6,Incidence,100,High-income North America,3,Both,27,Age-standardized,559,Schizophrenia,2,Percent,2001,3.25138404733e-05,3.91410753385e-05,2.65789869567e-05
6,Incidence,100,High-income North America,1,Male,27,Age-standardized,559,Schizophrenia,3,Rate,2001,17.74512367227,21.17181108399,14.691863979830002
6,Incidence,100,High-income North America,2,Female,27,Age-standardized,559,Schizophrenia,3,Rate,2001,16.25255159915,19.39829951545,13.418696485940002
6,Incidence,100,High-income North America,3,Both,27,Age-standardized,559,Schizophrenia,3,Rate,2001,17.01058148705,20.31554874634,14.04193621714
6,Incidence,70,Australasia,1,Male,22,All ages,559,Schizophrenia,1,Number,2001,2490.816892354311,2779.5078720749607,2210.865468045221
6,Incidence,70,Australasia,2,Female,22,All ages,559,Schizophrenia,1,Number,2001,1940.6674006282185,2293.330011065534,1660.9155499000112
6,Incidence,70,Australasia,3,Both,22,All ages,559,Schizophrenia,1,Number,2001,4431.484292982525,5068.577763907646,3889.599214266585
6,Incidence,70,Australasia,1,Male,22,All ages,559,Schizophrenia,2,Percent,2001,5.10240765855e-05,5.84123877722e-05,4.47199910294e-05
6,Incidence,70,Australasia,2,Female,22,All ages,559,Schizophrenia,2,Percent,2001,3.42504230834e-05,3.99010764219e-05,2.92165296776e-05
6,Incidence,70,Australasia,3,Both,22,All ages,559,Schizophrenia,2,Percent,2001,4.20129491271e-05,4.84932724898e-05,3.64597303552e-05
6,Incidence,70,Australasia,1,Male,22,All ages,559,Schizophrenia,3,Rate,2001,21.94502371571,24.488498676049996,19.47854749076
6,Incidence,70,Australasia,2,Female,22,All ages,559,Schizophrenia,3,Rate,2001,16.676517364000002,19.70701302992,14.272557471249998
6,Incidence,70,Australasia,3,Both,22,All ages,559,Schizophrenia,3,Rate,2001,19.27789672899,22.0493884747,16.920581686040002
6,Incidence,70,Australasia,1,Male,27,Age-standardized,559,Schizophrenia,2,Percent,2001,5.25202431268e-05,5.99010785133e-05,4.60628782652e-05
6,Incidence,70,Australasia,2,Female,27,Age-standardized,559,Schizophrenia,2,Percent,2001,3.42536744082e-05,3.96912463244e-05,2.93428500097e-05
6,Incidence,70,Australasia,3,Both,27,Age-standardized,559,Schizophrenia,2,Percent,2001,4.2968902291e-05,4.92983862444e-05,3.7630979531e-05
6,Incidence,70,Australasia,1,Male,27,Age-standardized,559,Schizophrenia,3,Rate,2001,23.18674554655,25.808254512659996,20.50041506326
6,Incidence,70,Australasia,2,Female,27,Age-standardized,559,Schizophrenia,3,Rate,2001,17.04894635799,19.82116930904,14.737846806850001
6,Incidence,70,Australasia,3,Both,27,Age-standardized,559,Schizophrenia,3,Rate,2001,20.18820883331,22.920402180940002,17.909627048220003
6,Incidence,104,Caribbean,1,Male,22,All ages,559,Schizophrenia,1,Number,2001,2961.2880194137488,3712.087411262197,2319.8216146736045
6,Incidence,104,Caribbean,2,Female,22,All ages,559,Schizophrenia,1,Number,2001,2288.6035448603398,2895.345864839235,1780.1611546700296
6,Incidence,104,Caribbean,3,Both,22,All ages,559,Schizophrenia,1,Number,2001,5249.891564274088,6584.808923841587,4093.586214641692
6,Incidence,104,Caribbean,1,Male,22,All ages,559,Schizophrenia,2,Percent,2001,3.38765250778e-05,4.25747082179e-05,2.61119554369e-05
6,Incidence,104,Caribbean,2,Female,22,All ages,559,Schizophrenia,2,Percent,2001,2.3852992383e-05,3.03103466016e-05,1.8349047449e-05
6,Incidence,104,Caribbean,3,Both,22,All ages,559,Schizophrenia,2,Percent,2001,2.86312092542e-05,3.61633610885e-05,2.20932361724e-05
6,Incidence,104,Caribbean,1,Male,22,All ages,559,Schizophrenia,3,Rate,2001,14.766103258820001,18.509873291999998,11.56750889469
6,Incidence,104,Caribbean,2,Female,22,All ages,559,Schizophrenia,3,Rate,2001,11.14160287254,14.09540498053,8.66635406513
6,Incidence,104,Caribbean,3,Both,22,All ages,559,Schizophrenia,3,Rate,2001,12.93213824123,16.22046060431,10.08379357593
6,Incidence,104,Caribbean,1,Male,27,Age-standardized,559,Schizophrenia,2,Percent,2001,3.24611215834e-05,4.08303095359e-05,2.51838858527e-05
6,Incidence,104,Caribbean,2,Female,27,Age-standardized,559,Schizophrenia,2,Percent,2001,2.256328832e-05,2.85748520207e-05,1.73841517329e-05
6,Incidence,104,Caribbean,3,Both,27,Age-standardized,559,Schizophrenia,2,Percent,2001,2.72451745096e-05,3.43874987531e-05,2.10539774443e-05
6,Incidence,104,Caribbean,1,Male,27,Age-standardized,559,Schizophrenia,3,Rate,2001,14.108635159610001,17.627739410820002,11.108340259810001
6,Incidence,104,Caribbean,2,Female,27,Age-standardized,559,Schizophrenia,3,Rate,2001,10.55178847781,13.34008573759,8.23871986908
6,Incidence,104,Caribbean,3,Both,27,Age-standardized,559,Schizophrenia,3,Rate,2001,12.30061705995,15.417739449900001,9.6422033343
6,Incidence,138,North Africa and Middle East,1,Male,22,All ages,559,Schizophrenia,1,Number,2001,36325.38806527422,46098.27801868111,27820.25327727993
6,Incidence,138,North Africa and Middle East,2,Female,22,All ages,559,Schizophrenia,1,Number,2001,30996.101811070774,39416.19787026352,23668.91787354298
6,Incidence,138,North Africa and Middle East,3,Both,22,All ages,559,Schizophrenia,1,Number,2001,67321.489876345,85554.75153774011,51457.67891725314
6,Incidence,138,North Africa and Middle East,1,Male,22,All ages,559,Schizophrenia,2,Percent,2001,4.04654609155e-05,5.10026082311e-05,3.06556059974e-05
6,Incidence,138,North Africa and Middle East,2,Female,22,All ages,559,Schizophrenia,2,Percent,2001,3.32028825424e-05,4.19193020582e-05,2.51539535863e-05
6,Incidence,138,North Africa and Middle East,3,Both,22,All ages,559,Schizophrenia,2,Percent,2001,3.67627161163e-05,4.64090687109e-05,2.78433689228e-05
6,Incidence,138,North Africa and Middle East,1,Male,22,All ages,559,Schizophrenia,3,Rate,2001,16.52634764349,20.97255415233,12.656910267939999
6,Incidence,138,North Africa and Middle East,2,Female,22,All ages,559,Schizophrenia,3,Rate,2001,14.8394091417,18.870537029850002,11.33151382737
6,Incidence,138,North Africa and Middle East,3,Both,22,All ages,559,Schizophrenia,3,Rate,2001,15.704376268419999,19.95772838907,12.00375620178
6,Incidence,138,North Africa and Middle East,1,Male,27,Age-standardized,559,Schizophrenia,2,Percent,2001,3.75486889547e-05,4.71000853788e-05,2.90546026866e-05
6,Incidence,138,North Africa and Middle East,2,Female,27,Age-standardized,559,Schizophrenia,2,Percent,2001,3.04742841851e-05,3.8119056748e-05,2.38583551214e-05
6,Incidence,138,North Africa and Middle East,3,Both,27,Age-standardized,559,Schizophrenia,2,Percent,2001,3.39366501899e-05,4.25749214363e-05,2.64225810087e-05
6,Incidence,138,North Africa and Middle East,1,Male,27,Age-standardized,559,Schizophrenia,3,Rate,2001,14.93375884565,18.60599253532,11.84881407043
6,Incidence,138,North Africa and Middle East,2,Female,27,Age-standardized,559,Schizophrenia,3,Rate,2001,13.354258751029999,16.69273255453,10.55909178038
6,Incidence,138,North Africa and Middle East,3,Both,27,Age-standardized,559,Schizophrenia,3,Rate,2001,14.165293353070002,17.65660287274,11.20488516755
6,Incidence,65,High-income Asia Pacific,1,Male,22,All ages,559,Schizophrenia,1,Number,2001,14342.532274648043,17521.601296141358,11645.956044941691
6,Incidence,65,High-income Asia Pacific,2,Female,22,All ages,559,Schizophrenia,1,Number,2001,12915.155187555849,15937.228337154062,10680.550404029796
6,Incidence,65,High-income Asia Pacific,3,Both,22,All ages,559,Schizophrenia,1,Number,2001,27257.68746220389,33294.9977941929,22374.456107162197
6,Incidence,65,High-income Asia Pacific,1,Male,22,All ages,559,Schizophrenia,2,Percent,2001,3.90134677304e-05,4.80154074311e-05,3.12602862165e-05
6,Incidence,65,High-income Asia Pacific,2,Female,22,All ages,559,Schizophrenia,2,Percent,2001,3.18548654518e-05,3.93628031063e-05,2.57567311732e-05
6,Incidence,65,High-income Asia Pacific,3,Both,22,All ages,559,Schizophrenia,2,Percent,2001,3.52588697626e-05,4.34444096161e-05,2.83977860766e-05
6,Incidence,65,High-income Asia Pacific,1,Male,22,All ages,559,Schizophrenia,3,Rate,2001,16.08673160906,19.65240809743,13.06222399492
6,Incidence,65,High-income Asia Pacific,2,Female,22,All ages,559,Schizophrenia,3,Rate,2001,14.10710896647,17.40809254792,11.66627006671
6,Incidence,65,High-income Asia Pacific,3,Both,22,All ages,559,Schizophrenia,3,Rate,2001,15.08381199749,18.42472835896,12.3815378665
6,Incidence,65,High-income Asia Pacific,1,Male,27,Age-standardized,559,Schizophrenia,2,Percent,2001,3.57083024641e-05,4.38104369606e-05,2.81753899934e-05
6,Incidence,65,High-income Asia Pacific,2,Female,27,Age-standardized,559,Schizophrenia,2,Percent,2001,3.02597744187e-05,3.72852582756e-05,2.40751331817e-05
6,Incidence,65,High-income Asia Pacific,3,Both,27,Age-standardized,559,Schizophrenia,2,Percent,2001,3.29585642596e-05,4.06701627954e-05,2.614164947e-05
6,Incidence,65,High-income Asia Pacific,1,Male,27,Age-standardized,559,Schizophrenia,3,Rate,2001,15.66659493076,19.24695054522,12.63233049087
6,Incidence,65,High-income Asia Pacific,2,Female,27,Age-standardized,559,Schizophrenia,3,Rate,2001,14.38157691215,17.4882347894,11.72355670568
6,Incidence,65,High-income Asia Pacific,3,Both,27,Age-standardized,559,Schizophrenia,3,Rate,2001,15.04425195733,18.35265990533,12.19607378731
6,Incidence,124,Central Latin America,1,Male,22,All ages,559,Schizophrenia,1,Number,2001,15974.86480697251,19798.462842684938,12578.740819240673
6,Incidence,124,Central Latin America,2,Female,22,All ages,559,Schizophrenia,1,Number,2001,13448.69689550869,16792.56005020495,10561.417989312698
6,Incidence,124,Central Latin America,3,Both,22,All ages,559,Schizophrenia,1,Number,2001,29423.561702481173,36588.73348748165,23107.11091019858
6,Incidence,124,Central Latin America,1,Male,22,All ages,559,Schizophrenia,2,Percent,2001,3.60894974634e-05,4.4372873662e-05,2.81126545938e-05
6,Incidence,124,Central Latin America,2,Female,22,All ages,559,Schizophrenia,2,Percent,2001,2.78458110678e-05,3.43721521305e-05,2.16345827487e-05
6,Incidence,124,Central Latin America,3,Both,22,All ages,559,Schizophrenia,2,Percent,2001,3.17878318458e-05,3.92082253927e-05,2.4766413189e-05
6,Incidence,124,Central Latin America,1,Male,22,All ages,559,Schizophrenia,3,Rate,2001,16.10709588536,19.96234354676,12.68286066522
6,Incidence,124,Central Latin America,2,Female,22,All ages,559,Schizophrenia,3,Rate,2001,13.06946391133,16.31903516453,10.263601918920001
6,Incidence,124,Central Latin America,3,Both,22,All ages,559,Schizophrenia,3,Rate,2001,14.560301095349999,18.10599891549,11.43459434646
6,Incidence,124,Central Latin America,1,Male,27,Age-standardized,559,Schizophrenia,2,Percent,2001,3.50975146168e-05,4.32610188783e-05,2.7843962993e-05
6,Incidence,124,Central Latin America,2,Female,27,Age-standardized,559,Schizophrenia,2,Percent,2001,2.59679072751e-05,3.19245543292e-05,2.04570383795e-05
6,Incidence,124,Central Latin America,3,Both,27,Age-standardized,559,Schizophrenia,2,Percent,2001,3.02410171408e-05,3.72533937381e-05,2.38792148695e-05
6,Incidence,124,Central Latin America,1,Male,27,Age-standardized,559,Schizophrenia,3,Rate,2001,15.298398370580001,18.94912291552,12.308720962279999
6,Incidence,124,Central Latin America,2,Female,27,Age-standardized,559,Schizophrenia,3,Rate,2001,12.03094767818,14.86306191071,9.65108405182
6,Incidence,124,Central Latin America,3,Both,27,Age-standardized,559,Schizophrenia,3,Rate,2001,13.60964075407,16.83251763361,10.919766381379999
6,Incidence,167,Central Sub-Saharan Africa,1,Male,22,All ages,559,Schizophrenia,1,Number,2001,4797.2519013058645,6129.127769796507,3655.1001427648416
6,Incidence,167,Central Sub-Saharan Africa,2,Female,22,All ages,559,Schizophrenia,1,Number,2001,5005.936721337782,6398.487196867206,3799.858535556521
6,Incidence,167,Central Sub-Saharan Africa,3,Both,22,All ages,559,Schizophrenia,1,Number,2001,9803.188622643658,12520.673953062756,7454.680008730185
6,Incidence,167,Central Sub-Saharan Africa,1,Male,22,All ages,559,Schizophrenia,2,Percent,2001,1.98933881451e-05,2.5530605782e-05,1.50494443748e-05
6,Incidence,167,Central Sub-Saharan Africa,2,Female,22,All ages,559,Schizophrenia,2,Percent,2001,2.09229843112e-05,2.69285109491e-05,1.58499941567e-05
6,Incidence,167,Central Sub-Saharan Africa,3,Both,22,All ages,559,Schizophrenia,2,Percent,2001,2.04057886665e-05,2.62572908924e-05,1.5492178394e-05
6,Incidence,167,Central Sub-Saharan Africa,1,Male,22,All ages,559,Schizophrenia,3,Rate,2001,12.731705793380002,16.26644861277,9.70048282234
6,Incidence,167,Central Sub-Saharan Africa,2,Female,22,All ages,559,Schizophrenia,3,Rate,2001,13.131554941580001,16.7844882678,9.96777504542
6,Incidence,167,Central Sub-Saharan Africa,3,Both,22,All ages,559,Schizophrenia,3,Rate,2001,12.93279577585,16.51782143995,9.83454035604
6,Incidence,167,Central Sub-Saharan Africa,1,Male,27,Age-standardized,559,Schizophrenia,2,Percent,2001,2.38816377018e-05,3.06227076591e-05,1.85838956896e-05
6,Incidence,167,Central Sub-Saharan Africa,2,Female,27,Age-standardized,559,Schizophrenia,2,Percent,2001,2.45949604045e-05,3.12784383347e-05,1.88739034115e-05
6,Incidence,167,Central Sub-Saharan Africa,3,Both,27,Age-standardized,559,Schizophrenia,2,Percent,2001,2.42334904204e-05,3.09663729384e-05,1.87703892112e-05
6,Incidence,167,Central Sub-Saharan Africa,1,Male,27,Age-standardized,559,Schizophrenia,3,Rate,2001,13.650613053899999,17.1973788403,10.74929761193
6,Incidence,167,Central Sub-Saharan Africa,2,Female,27,Age-standardized,559,Schizophrenia,3,Rate,2001,13.98586224924,17.750510099,10.95348582785
6,Incidence,167,Central Sub-Saharan Africa,3,Both,27,Age-standardized,559,Schizophrenia,3,Rate,2001,13.811046741659998,17.42329458835,10.82396155144
6,Incidence,120,Andean Latin America,1,Male,22,All ages,559,Schizophrenia,1,Number,2001,3688.4376863984976,4738.548181568211,2779.831374782101
6,Incidence,120,Andean Latin America,2,Female,22,All ages,559,Schizophrenia,1,Number,2001,2923.9220598980046,3749.1541674921623,2193.1058125030345
6,Incidence,120,Andean Latin America,3,Both,22,All ages,559,Schizophrenia,1,Number,2001,6612.359746296504,8500.790182276021,4962.491667208046
6,Incidence,120,Andean Latin America,1,Male,22,All ages,559,Schizophrenia,2,Percent,2001,3.19149246534e-05,4.0913261748e-05,2.40979552462e-05
6,Incidence,120,Andean Latin America,2,Female,22,All ages,559,Schizophrenia,2,Percent,2001,2.31273037629e-05,2.96172475742e-05,1.74021824543e-05
6,Incidence,120,Andean Latin America,3,Both,22,All ages,559,Schizophrenia,2,Percent,2001,2.73235285618e-05,3.50096410074e-05,2.0635088364e-05
6,Incidence,120,Andean Latin America,1,Male,22,All ages,559,Schizophrenia,3,Rate,2001,15.71815434772,20.19316524626,11.84615881423
6,Incidence,120,Andean Latin America,2,Female,22,All ages,559,Schizophrenia,3,Rate,2001,12.38033054718,15.874488756900002,9.28594344429
6,Incidence,120,Andean Latin America,3,Both,22,All ages,559,Schizophrenia,3,Rate,2001,14.043876651940002,18.05468143665,10.539750336420001
6,Incidence,120,Andean Latin America,1,Male,27,Age-standardized,559,Schizophrenia,2,Percent,2001,3.14655070885e-05,3.98898848227e-05,2.39685772983e-05
6,Incidence,120,Andean Latin America,2,Female,27,Age-standardized,559,Schizophrenia,2,Percent,2001,2.20304700508e-05,2.81616010447e-05,1.6711518369e-05
6,Incidence,120,Andean Latin America,3,Both,27,Age-standardized,559,Schizophrenia,2,Percent,2001,2.64509944951e-05,3.3658213236e-05,2.00974833016e-05
6,Incidence,120,Andean Latin America,1,Male,27,Age-standardized,559,Schizophrenia,3,Rate,2001,15.016649127220001,19.14316558845,11.60650449101
6,Incidence,120,Andean Latin America,2,Female,27,Age-standardized,559,Schizophrenia,3,Rate,2001,11.606869746720001,14.73677817095,8.90641511384
6,Incidence,120,Andean Latin America,3,Both,27,Age-standardized,559,Schizophrenia,3,Rate,2001,13.29101173268,16.89761910579,10.21586285057
6,Incidence,44634,High-middle SDI,1,Male,22,All ages,559,Schizophrenia,1,Number,2001,107746.50651319098,125627.39992008824,92017.28732201508
6,Incidence,44634,High-middle SDI,2,Female,22,All ages,559,Schizophrenia,1,Number,2001,94990.89329344974,111101.08006829263,81676.94390337527
6,Incidence,44634,High-middle SDI,3,Both,22,All ages,559,Schizophrenia,1,Number,2001,202737.39980664093,236554.9932164201,173209.05309678102
6,Incidence,44634,High-middle SDI,1,Male,22,All ages,559,Schizophrenia,2,Percent,2001,5.16013909629e-05,6.05402300262e-05,4.33254520829e-05
6,Incidence,44634,High-middle SDI,2,Female,22,All ages,559,Schizophrenia,2,Percent,2001,4.17422468366e-05,4.89239430632e-05,3.49751119843e-05
6,Incidence,44634,High-middle SDI,3,Both,22,All ages,559,Schizophrenia,2,Percent,2001,4.64594444147e-05,5.44702966857e-05,3.89183302437e-05
6,Incidence,44634,High-middle SDI,1,Male,22,All ages,559,Schizophrenia,3,Rate,2001,18.65825031408,21.75464940693,15.9344524072
6,Incidence,44634,High-middle SDI,2,Female,22,All ages,559,Schizophrenia,3,Rate,2001,16.29626169577,19.060061577509998,14.012173232730001
6,Incidence,44634,High-middle SDI,3,Both,22,All ages,559,Schizophrenia,3,Rate,2001,17.47173347528,20.38610437771,14.927006137489998
6,Incidence,44634,High-middle SDI,1,Male,27,Age-standardized,559,Schizophrenia,2,Percent,2001,4.45157856811e-05,5.21029955044e-05,3.74117568726e-05
6,Incidence,44634,High-middle SDI,2,Female,27,Age-standardized,559,Schizophrenia,2,Percent,2001,3.73758647131e-05,4.36909313291e-05,3.16025422335e-05
6,Incidence,44634,High-middle SDI,3,Both,27,Age-standardized,559,Schizophrenia,2,Percent,2001,4.08288114666e-05,4.77101663245e-05,3.43874566376e-05
6,Incidence,44634,High-middle SDI,1,Male,27,Age-standardized,559,Schizophrenia,3,Rate,2001,16.73486894941,19.459481153040002,14.30013335403
6,Incidence,44634,High-middle SDI,2,Female,27,Age-standardized,559,Schizophrenia,3,Rate,2001,15.094579045860002,17.55791861866,12.98552353298
6,Incidence,44634,High-middle SDI,3,Both,27,Age-standardized,559,Schizophrenia,3,Rate,2001,15.920049547249999,18.52219409511,13.645491337040001
6,Incidence,159,South Asia,1,Male,22,All ages,559,Schizophrenia,1,Number,2001,125260.81715000188,152903.17436974772,101601.34459373805
6,Incidence,159,South Asia,2,Female,22,All ages,559,Schizophrenia,1,Number,2001,91084.31720336468,111929.1875868772,73516.89129099695
6,Incidence,159,South Asia,3,Both,22,All ages,559,Schizophrenia,1,Number,2001,216345.13435336656,265266.5987151817,174594.2188307721
6,Incidence,159,South Asia,1,Male,22,All ages,559,Schizophrenia,2,Percent,2001,3.55523366203e-05,4.33107628468e-05,2.86059420917e-05
6,Incidence,159,South Asia,2,Female,22,All ages,559,Schizophrenia,2,Percent,2001,2.58671445903e-05,3.17724995853e-05,2.05162334371e-05
6,Incidence,159,South Asia,3,Both,22,All ages,559,Schizophrenia,2,Percent,2001,3.07107392232e-05,3.75761802738e-05,2.44383203416e-05
6,Incidence,159,South Asia,1,Male,22,All ages,559,Schizophrenia,3,Rate,2001,17.909518613579998,21.86176259869,14.52673879644
6,Incidence,159,South Asia,2,Female,22,All ages,559,Schizophrenia,3,Rate,2001,13.9931416358,17.19550657207,11.294285383530001
6,Incidence,159,South Asia,3,Both,22,All ages,559,Schizophrenia,3,Rate,2001,16.02164530381,19.64457101504,12.929741427109999
6,Incidence,159,South Asia,1,Male,27,Age-standardized,559,Schizophrenia,2,Percent,2001,3.46071838467e-05,4.19928221762e-05,2.79592582251e-05
6,Incidence,159,South Asia,2,Female,27,Age-standardized,559,Schizophrenia,2,Percent,2001,2.43939057218e-05,2.9603337256e-05,1.94926424328e-05
6,Incidence,159,South Asia,3,Both,27,Age-standardized,559,Schizophrenia,2,Percent,2001,2.94135339542e-05,3.56125463256e-05,2.36901686025e-05
6,Incidence,159,South Asia,1,Male,27,Age-standardized,559,Schizophrenia,3,Rate,2001,17.09182345003,20.8124112773,13.99812195037
6,Incidence,159,South Asia,2,Female,27,Age-standardized,559,Schizophrenia,3,Rate,2001,13.051231732759998,15.80169000574,10.659045795239999
6,Incidence,159,South Asia,3,Both,27,Age-standardized,559,Schizophrenia,3,Rate,2001,15.114555198929999,18.34965812172,12.373278833039999
6,Incidence,134,Tropical Latin America,1,Male,22,All ages,559,Schizophrenia,1,Number,2001,15439.524322116047,18812.268883975463,12551.047245268372
6,Incidence,134,Tropical Latin America,2,Female,22,All ages,559,Schizophrenia,1,Number,2001,12388.806246451994,15021.0060094475,10073.813277461932
6,Incidence,134,Tropical Latin America,3,Both,22,All ages,559,Schizophrenia,1,Number,2001,27828.330568568043,33843.076919878826,22576.0995233911
6,Incidence,134,Tropical Latin America,1,Male,22,All ages,559,Schizophrenia,2,Percent,2001,3.14361116224e-05,3.81732603394e-05,2.53006810912e-05
6,Incidence,134,Tropical Latin America,2,Female,22,All ages,559,Schizophrenia,2,Percent,2001,2.34951562476e-05,2.84059891782e-05,1.88871389528e-05
6,Incidence,134,Tropical Latin America,3,Both,22,All ages,559,Schizophrenia,2,Percent,2001,2.73243190584e-05,3.30649697393e-05,2.19634393835e-05
6,Incidence,134,Tropical Latin America,1,Male,22,All ages,559,Schizophrenia,3,Rate,2001,17.1441168608,20.88922750695,13.93673899591
6,Incidence,134,Tropical Latin America,2,Female,22,All ages,559,Schizophrenia,3,Rate,2001,13.39452174779,16.24040183249,10.891599105180001
6,Incidence,134,Tropical Latin America,3,Both,22,All ages,559,Schizophrenia,3,Rate,2001,15.244318595950002,18.53918780944,12.36715414676
6,Incidence,134,Tropical Latin America,1,Male,27,Age-standardized,559,Schizophrenia,2,Percent,2001,2.82904356779e-05,3.43252687616e-05,2.30372044888e-05
6,Incidence,134,Tropical Latin America,2,Female,27,Age-standardized,559,Schizophrenia,2,Percent,2001,2.11721857935e-05,2.5368679873e-05,1.71199859803e-05
6,Incidence,134,Tropical Latin America,3,Both,27,Age-standardized,559,Schizophrenia,2,Percent,2001,2.45904699384e-05,2.97481929657e-05,1.99800038469e-05
6,Incidence,134,Tropical Latin America,1,Male,27,Age-standardized,559,Schizophrenia,3,Rate,2001,15.43090802098,18.52610098179,12.69181208442
6,Incidence,134,Tropical Latin America,2,Female,27,Age-standardized,559,Schizophrenia,3,Rate,2001,12.117378797219999,14.68749637512,9.94794206453
6,Incidence,134,Tropical Latin America,3,Both,27,Age-standardized,559,Schizophrenia,3,Rate,2001,13.753241255610002,16.67076863246,11.27807436501
6,Incidence,174,Eastern Sub-Saharan Africa,1,Male,22,All ages,559,Schizophrenia,1,Number,2001,16315.467232701356,20423.49845344426,12633.5601226185
6,Incidence,174,Eastern Sub-Saharan Africa,2,Female,22,All ages,559,Schizophrenia,1,Number,2001,17977.626464771158,22610.428768096,13847.372705002736
6,Incidence,174,Eastern Sub-Saharan Africa,3,Both,22,All ages,559,Schizophrenia,1,Number,2001,34293.0936974725,43048.60538987412,26529.959995537545
6,Incidence,174,Eastern Sub-Saharan Africa,1,Male,22,All ages,559,Schizophrenia,2,Percent,2001,1.94818089313e-05,2.42720446197e-05,1.49471209294e-05
6,Incidence,174,Eastern Sub-Saharan Africa,2,Female,22,All ages,559,Schizophrenia,2,Percent,2001,2.12795028061e-05,2.66332305306e-05,1.62145952013e-05
6,Incidence,174,Eastern Sub-Saharan Africa,3,Both,22,All ages,559,Schizophrenia,2,Percent,2001,2.03843736764e-05,2.54605160892e-05,1.56335477864e-05
6,Incidence,174,Eastern Sub-Saharan Africa,1,Male,22,All ages,559,Schizophrenia,3,Rate,2001,12.810905614460001,16.03653191615,9.91987198388
6,Incidence,174,Eastern Sub-Saharan Africa,2,Female,22,All ages,559,Schizophrenia,3,Rate,2001,13.913620740439999,17.49913601079,10.71704835155
6,Incidence,174,Eastern Sub-Saharan Africa,3,Both,22,All ages,559,Schizophrenia,3,Rate,2001,13.366244731999998,16.778835997959998,10.34044758863
6,Incidence,174,Eastern Sub-Saharan Africa,1,Male,27,Age-standardized,559,Schizophrenia,2,Percent,2001,2.32615497942e-05,2.89460452862e-05,1.8625696317e-05
6,Incidence,174,Eastern Sub-Saharan Africa,2,Female,27,Age-standardized,559,Schizophrenia,2,Percent,2001,2.35367343496e-05,2.93141380942e-05,1.86605163405e-05
6,Incidence,174,Eastern Sub-Saharan Africa,3,Both,27,Age-standardized,559,Schizophrenia,2,Percent,2001,2.34078370621e-05,2.91448171431e-05,1.86312647138e-05
6,Incidence,174,Eastern Sub-Saharan Africa,1,Male,27,Age-standardized,559,Schizophrenia,3,Rate,2001,14.10026200599,17.41751857113,11.46381578144
6,Incidence,174,Eastern Sub-Saharan Africa,2,Female,27,Age-standardized,559,Schizophrenia,3,Rate,2001,14.43658716163,17.97491439633,11.6222270906
6,Incidence,174,Eastern Sub-Saharan Africa,3,Both,27,Age-standardized,559,Schizophrenia,3,Rate,2001,14.279780191510001,17.72708339074,11.55488506882
6,Incidence,44635,High SDI,1,Male,22,All ages,559,Schizophrenia,1,Number,2001,78453.63792294676,93416.0862322065,65296.55387035028
6,Incidence,44635,High SDI,2,Female,22,All ages,559,Schizophrenia,1,Number,2001,68366.24694985067,81744.93770264846,57141.91143899393
6,Incidence,44635,High SDI,3,Both,22,All ages,559,Schizophrenia,1,Number,2001,146819.88487279735,174962.20182706008,122395.18851308624
6,Incidence,44635,High SDI,1,Male,22,All ages,559,Schizophrenia,2,Percent,2001,4.01420504619e-05,4.82913411037e-05,3.30389191588e-05
6,Incidence,44635,High SDI,2,Female,22,All ages,559,Schizophrenia,2,Percent,2001,3.05685942779e-05,3.68079361142e-05,2.51613193877e-05
6,Incidence,44635,High SDI,3,Both,22,All ages,559,Schizophrenia,2,Percent,2001,3.50329241783e-05,4.21432696941e-05,2.88781796168e-05
6,Incidence,44635,High SDI,1,Male,22,All ages,559,Schizophrenia,3,Rate,2001,16.69089236385,19.87413052643,13.89174270607
6,Incidence,44635,High SDI,2,Female,22,All ages,559,Schizophrenia,3,Rate,2001,14.22413671076,17.007678806,11.88882520958
6,Incidence,44635,High SDI,3,Both,22,All ages,559,Schizophrenia,3,Rate,2001,15.44376645922,18.40401514107,12.874568787229999
6,Incidence,44635,High SDI,1,Male,27,Age-standardized,559,Schizophrenia,2,Percent,2001,3.80790097098e-05,4.59635408703e-05,3.09304942442e-05
6,Incidence,44635,High SDI,2,Female,27,Age-standardized,559,Schizophrenia,2,Percent,2001,3.06926819831e-05,3.67626911355e-05,2.50171834032e-05
6,Incidence,44635,High SDI,3,Both,27,Age-standardized,559,Schizophrenia,2,Percent,2001,3.42551999032e-05,4.12094362583e-05,2.79026451896e-05
6,Incidence,44635,High SDI,1,Male,27,Age-standardized,559,Schizophrenia,3,Rate,2001,16.52452324217,19.90504420219,13.65332517843
6,Incidence,44635,High SDI,2,Female,27,Age-standardized,559,Schizophrenia,3,Rate,2001,14.84978525616,17.78316076611,12.251017135440001
6,Incidence,44635,High SDI,3,Both,27,Age-standardized,559,Schizophrenia,3,Rate,2001,15.705669642670001,18.866259843959998,12.95944724467
6,Incidence,44636,Low-middle SDI,1,Male,22,All ages,559,Schizophrenia,1,Number,2001,121840.69211522682,149214.21986737978,97685.6581846473
6,Incidence,44636,Low-middle SDI,2,Female,22,All ages,559,Schizophrenia,1,Number,2001,99411.39073778584,122712.26818430118,78329.93521146929
6,Incidence,44636,Low-middle SDI,3,Both,22,All ages,559,Schizophrenia,1,Number,2001,221252.0828530126,271830.06007610366,175944.25203864806
6,Incidence,44636,Low-middle SDI,1,Male,22,All ages,559,Schizophrenia,2,Percent,2001,3.3189331136e-05,4.04992403993e-05,2.63994927956e-05
6,Incidence,44636,Low-middle SDI,2,Female,22,All ages,559,Schizophrenia,2,Percent,2001,2.65044105051e-05,3.24818583122e-05,2.086104723e-05
6,Incidence,44636,Low-middle SDI,3,Both,22,All ages,559,Schizophrenia,2,Percent,2001,2.98107678273e-05,3.64634644515e-05,2.36135051915e-05
6,Incidence,44636,Low-middle SDI,1,Male,22,All ages,559,Schizophrenia,3,Rate,2001,16.95100194355,20.75932504212,13.590449569830001
6,Incidence,44636,Low-middle SDI,2,Female,22,All ages,559,Schizophrenia,3,Rate,2001,14.27961435313,17.62659040443,11.25143968739
6,Incidence,44636,Low-middle SDI,3,Both,22,All ages,559,Schizophrenia,3,Rate,2001,15.636646507979998,19.21116630788,12.4345861009
6,Incidence,44636,Low-middle SDI,1,Male,27,Age-standardized,559,Schizophrenia,2,Percent,2001,3.3366297633e-05,4.07875336163e-05,2.68864579417e-05
6,Incidence,44636,Low-middle SDI,2,Female,27,Age-standardized,559,Schizophrenia,2,Percent,2001,2.56160828258e-05,3.13787707726e-05,2.02744808558e-05
6,Incidence,44636,Low-middle SDI,3,Both,27,Age-standardized,559,Schizophrenia,2,Percent,2001,2.93740829429e-05,3.59550635694e-05,2.34135100867e-05
6,Incidence,44636,Low-middle SDI,1,Male,27,Age-standardized,559,Schizophrenia,3,Rate,2001,16.474891174329997,19.96563596544,13.48468575092
6,Incidence,44636,Low-middle SDI,2,Female,27,Age-standardized,559,Schizophrenia,3,Rate,2001,13.485293539470002,16.47306280245,10.954769008069999
6,Incidence,44636,Low-middle SDI,3,Both,27,Age-standardized,559,Schizophrenia,3,Rate,2001,14.98146389353,18.22208166907,12.227225620979999
6,Incidence,199,Western Sub-Saharan Africa,1,Male,22,All ages,559,Schizophrenia,1,Number,2001,16427.968900108757,20383.857812144284,12986.612088849308
6,Incidence,199,Western Sub-Saharan Africa,2,Female,22,All ages,559,Schizophrenia,1,Number,2001,21889.34945060867,27213.62053782504,17077.069209897527
6,Incidence,199,Western Sub-Saharan Africa,3,Both,22,All ages,559,Schizophrenia,1,Number,2001,38317.31835071744,47607.72914155888,29992.48620508847
6,Incidence,199,Western Sub-Saharan Africa,1,Male,22,All ages,559,Schizophrenia,2,Percent,2001,1.99368902745e-05,2.46690108447e-05,1.56481632687e-05
6,Incidence,199,Western Sub-Saharan Africa,2,Female,22,All ages,559,Schizophrenia,2,Percent,2001,2.57501846572e-05,3.19795323908e-05,1.99952170665e-05
6,Incidence,199,Western Sub-Saharan Africa,3,Both,22,All ages,559,Schizophrenia,2,Percent,2001,2.28887053217e-05,2.8400232147e-05,1.77295563858e-05
6,Incidence,199,Western Sub-Saharan Africa,1,Male,22,All ages,559,Schizophrenia,3,Rate,2001,12.26755996753,15.22161379783,9.69773217516
6,Incidence,199,Western Sub-Saharan Africa,2,Female,22,All ages,559,Schizophrenia,3,Rate,2001,16.37890206266,20.36283565966,12.778070208860001
6,Incidence,199,Western Sub-Saharan Africa,3,Both,22,All ages,559,Schizophrenia,3,Rate,2001,14.32115398566,17.7934586576,11.20973574988
6,Incidence,199,Western Sub-Saharan Africa,1,Male,27,Age-standardized,559,Schizophrenia,2,Percent,2001,2.36463827895e-05,2.91857356393e-05,1.89261575125e-05
6,Incidence,199,Western Sub-Saharan Africa,2,Female,27,Age-standardized,559,Schizophrenia,2,Percent,2001,2.78637455263e-05,3.45132411668e-05,2.21351667608e-05
6,Incidence,199,Western Sub-Saharan Africa,3,Both,27,Age-standardized,559,Schizophrenia,2,Percent,2001,2.59064567192e-05,3.20394202734e-05,2.06232821586e-05
6,Incidence,199,Western Sub-Saharan Africa,1,Male,27,Age-standardized,559,Schizophrenia,3,Rate,2001,13.356092495539999,16.39135087747,10.86863566235
6,Incidence,199,Western Sub-Saharan Africa,2,Female,27,Age-standardized,559,Schizophrenia,3,Rate,2001,16.57876691673,20.411629964779998,13.47653033359
6,Incidence,199,Western Sub-Saharan Africa,3,Both,27,Age-standardized,559,Schizophrenia,3,Rate,2001,15.02631421259,18.505338073340003,12.223372947900002
6,Incidence,192,Southern Sub-Saharan Africa,1,Male,22,All ages,559,Schizophrenia,1,Number,2001,4597.727360210169,5622.095699519361,3666.086410921928
6,Incidence,192,Southern Sub-Saharan Africa,2,Female,22,All ages,559,Schizophrenia,1,Number,2001,5104.170675316837,6272.309463627407,4060.225213059626
6,Incidence,192,Southern Sub-Saharan Africa,3,Both,22,All ages,559,Schizophrenia,1,Number,2001,9701.898035526994,11858.244245780108,7713.673014659902
6,Incidence,192,Southern Sub-Saharan Africa,1,Male,22,All ages,559,Schizophrenia,2,Percent,2001,2.32912648669e-05,2.8624600929e-05,1.85053870485e-05
6,Incidence,192,Southern Sub-Saharan Africa,2,Female,22,All ages,559,Schizophrenia,2,Percent,2001,2.33553207927e-05,2.85991334259e-05,1.84466280327e-05
6,Incidence,192,Southern Sub-Saharan Africa,3,Both,22,All ages,559,Schizophrenia,2,Percent,2001,2.33245398989e-05,2.85689786156e-05,1.84558502368e-05
6,Incidence,192,Southern Sub-Saharan Africa,1,Male,22,All ages,559,Schizophrenia,3,Rate,2001,14.81089670455,18.11074736387,11.80975357783
6,Incidence,192,Southern Sub-Saharan Africa,2,Female,22,All ages,559,Schizophrenia,3,Rate,2001,15.236006743029998,18.722914134579998,12.1198178234
6,Incidence,192,Southern Sub-Saharan Africa,3,Both,22,All ages,559,Schizophrenia,3,Rate,2001,15.0315458925,18.37246092798,11.95110786518
6,Incidence,192,Southern Sub-Saharan Africa,1,Male,27,Age-standardized,559,Schizophrenia,2,Percent,2001,2.22272191305e-05,2.72094567101e-05,1.79184097575e-05
6,Incidence,192,Southern Sub-Saharan Africa,2,Female,27,Age-standardized,559,Schizophrenia,2,Percent,2001,2.19483955881e-05,2.6817084041e-05,1.74955082696e-05
6,Incidence,192,Southern Sub-Saharan Africa,3,Both,27,Age-standardized,559,Schizophrenia,2,Percent,2001,2.20634619355e-05,2.70374333863e-05,1.76642814506e-05
6,Incidence,192,Southern Sub-Saharan Africa,1,Male,27,Age-standardized,559,Schizophrenia,3,Rate,2001,13.75099096668,16.7213652847,11.347210161689999
6,Incidence,192,Southern Sub-Saharan Africa,2,Female,27,Age-standardized,559,Schizophrenia,3,Rate,2001,14.04236323106,17.14910816896,11.37429306309
6,Incidence,192,Southern Sub-Saharan Africa,3,Both,27,Age-standardized,559,Schizophrenia,3,Rate,2001,13.895186602089998,16.92722933352,11.34657992742
6,Incidence,44639,Middle SDI,1,Male,22,All ages,559,Schizophrenia,1,Number,2001,190463.304671106,228683.6345434796,158010.98790166288
6,Incidence,44639,Middle SDI,2,Female,22,All ages,559,Schizophrenia,1,Number,2001,159460.4200342931,192238.4965265323,131719.00899767998
6,Incidence,44639,Middle SDI,3,Both,22,All ages,559,Schizophrenia,1,Number,2001,349923.7247053996,420458.7737610491,289785.9956207239
6,Incidence,44639,Middle SDI,1,Male,22,All ages,559,Schizophrenia,2,Percent,2001,4.53502578819e-05,5.45147560622e-05,3.69872102618e-05
6,Incidence,44639,Middle SDI,2,Female,22,All ages,559,Schizophrenia,2,Percent,2001,3.70376816213e-05,4.46802906573e-05,3.01319761517e-05
6,Incidence,44639,Middle SDI,3,Both,22,All ages,559,Schizophrenia,2,Percent,2001,4.1142137756e-05,4.95338966848e-05,3.35026247399e-05
6,Incidence,44639,Middle SDI,1,Male,22,All ages,559,Schizophrenia,3,Rate,2001,18.94624953273,22.748199248109998,15.718070264860001
6,Incidence,44639,Middle SDI,2,Female,22,All ages,559,Schizophrenia,3,Rate,2001,16.399559119619997,19.770590019620002,13.54651941071
6,Incidence,44639,Middle SDI,3,Both,22,All ages,559,Schizophrenia,3,Rate,2001,17.69411136955,21.260760114220002,14.65320959351
6,Incidence,44639,Middle SDI,1,Male,27,Age-standardized,559,Schizophrenia,2,Percent,2001,4.09012803312e-05,4.93476958577e-05,3.33288147486e-05
6,Incidence,44639,Middle SDI,2,Female,27,Age-standardized,559,Schizophrenia,2,Percent,2001,3.30106113524e-05,3.97411180121e-05,2.68434616071e-05
6,Incidence,44639,Middle SDI,3,Both,27,Age-standardized,559,Schizophrenia,2,Percent,2001,3.68818898015e-05,4.428463653e-05,3.00203025181e-05
6,Incidence,44639,Middle SDI,1,Male,27,Age-standardized,559,Schizophrenia,3,Rate,2001,17.17328667218,20.50821655679,14.3251387838
6,Incidence,44639,Middle SDI,2,Female,27,Age-standardized,559,Schizophrenia,3,Rate,2001,14.72308379131,17.64473225051,12.248495747989999
6,Incidence,44639,Middle SDI,3,Both,27,Age-standardized,559,Schizophrenia,3,Rate,2001,15.963724143630001,19.05034385271,13.29991526894
6,Incidence,44637,Low SDI,1,Male,22,All ages,559,Schizophrenia,1,Number,2001,46683.74348698212,57929.41703526341,36822.4165858257
6,Incidence,44637,Low SDI,2,Female,22,All ages,559,Schizophrenia,1,Number,2001,45828.44959236402,57415.48798756389,35620.24881166377
6,Incidence,44637,Low SDI,3,Both,22,All ages,559,Schizophrenia,1,Number,2001,92512.19307934612,115396.77414507668,72306.36001059934
6,Incidence,44637,Low SDI,1,Male,22,All ages,559,Schizophrenia,2,Percent,2001,2.3141719643e-05,2.84895296114e-05,1.79534020697e-05
6,Incidence,44637,Low SDI,2,Female,22,All ages,559,Schizophrenia,2,Percent,2001,2.27397193678e-05,2.83115261168e-05,1.74573095451e-05
6,Incidence,44637,Low SDI,3,Both,22,All ages,559,Schizophrenia,2,Percent,2001,2.2940672395e-05,2.83794493623e-05,1.77367330969e-05
6,Incidence,44637,Low SDI,1,Male,22,All ages,559,Schizophrenia,3,Rate,2001,13.88446886367,17.22910647346,10.95155740271
6,Incidence,44637,Low SDI,2,Female,22,All ages,559,Schizophrenia,3,Rate,2001,13.848433328710001,17.34980267724,10.7637209028
6,Incidence,44637,Low SDI,3,Both,22,All ages,559,Schizophrenia,3,Rate,2001,13.86659426391,17.29674968425,10.837954691090001
6,Incidence,44637,Low SDI,1,Male,27,Age-standardized,559,Schizophrenia,2,Percent,2001,2.68839874952e-05,3.31325043315e-05,2.14795175658e-05
6,Incidence,44637,Low SDI,2,Female,27,Age-standardized,559,Schizophrenia,2,Percent,2001,2.49231482417e-05,3.09062413284e-05,1.97955952928e-05
6,Incidence,44637,Low SDI,3,Both,27,Age-standardized,559,Schizophrenia,2,Percent,2001,2.58823404522e-05,3.19102837459e-05,2.06334099042e-05
6,Incidence,44637,Low SDI,1,Male,27,Age-standardized,559,Schizophrenia,3,Rate,2001,14.9184158883,18.21378171188,12.12652627535
6,Incidence,44637,Low SDI,2,Female,27,Age-standardized,559,Schizophrenia,3,Rate,2001,14.279616347140001,17.636872483330002,11.52632620907
6,Incidence,44637,Low SDI,3,Both,27,Age-standardized,559,Schizophrenia,3,Rate,2001,14.599202527560001,17.89269298563,11.83431742711
