measure_id,measure_name,location_id,location_name,sex_id,sex_name,age_id,age_name,cause_id,cause_name,metric_id,metric_name,year,val,upper,lower
2,DALYs (Disability-Adjusted Life Years),70,Australasia,1,Male,22,All ages,559,Schizophrenia,1,Number,2015,42846.58274239191,52417.92326048128,32055.760613599923
2,DALYs (Disability-Adjusted Life Years),70,Australasia,2,Female,22,All ages,559,Schizophrenia,1,Number,2015,34357.65207063924,42333.347295895044,26019.65968053581
2,DALYs (Disability-Adjusted Life Years),70,Australasia,3,Both,22,All ages,559,Schizophrenia,1,Number,2015,77204.23481303107,94590.09066063404,58294.783265678736
2,DALYs (Disability-Adjusted Life Years),70,Australasia,1,Male,22,All ages,559,Schizophrenia,2,Percent,2015,0.011776246393292198,0.014175283780284771,0.00886767215619297
2,DALYs (Disability-Adjusted Life Years),70,Australasia,2,Female,22,All ages,559,Schizophrenia,2,Percent,2015,0.009527214528892436,0.011731092020657766,0.007310963089881695
2,DALYs (Disability-Adjusted Life Years),70,Australasia,3,Both,22,All ages,559,Schizophrenia,2,Percent,2015,0.010655242936822565,0.012931513151611292,0.008201365855047073
2,DALYs (Disability-Adjusted Life Years),70,Australasia,1,Male,22,All ages,559,Schizophrenia,3,Rate,2015,310.64655012068545,380.04074031436517,232.41086706914928
2,DALYs (Disability-Adjusted Life Years),70,Australasia,2,Female,22,All ages,559,Schizophrenia,3,Rate,2015,243.21201191100636,299.6706103663164,184.18877306085568
2,DALYs (Disability-Adjusted Life Years),70,Australasia,3,Both,22,All ages,559,Schizophrenia,3,Rate,2015,276.5260231596449,338.7977571960919,208.79715505827002
2,DALYs (Disability-Adjusted Life Years),70,Australasia,1,Male,27,Age-standardized,559,Schizophrenia,3,Rate,2015,284.4906312576911,349.400844860826,215.2394576231564
2,DALYs (Disability-Adjusted Life Years),70,Australasia,2,Female,27,Age-standardized,559,Schizophrenia,3,Rate,2015,209.71021618689778,259.5826168175254,159.75367044939395
2,DALYs (Disability-Adjusted Life Years),70,Australasia,3,Both,27,Age-standardized,559,Schizophrenia,3,Rate,2015,247.01056794139217,303.88331323146,187.75203417821808
2,DALYs (Disability-Adjusted Life Years),120,Andean Latin America,1,Male,22,All ages,559,Schizophrenia,1,Number,2015,50288.08908962514,67398.01912040224,36059.613263235675
2,DALYs (Disability-Adjusted Life Years),120,Andean Latin America,2,Female,22,All ages,559,Schizophrenia,1,Number,2015,40435.42076478625,55740.39208789584,27874.017979252603
2,DALYs (Disability-Adjusted Life Years),120,Andean Latin America,3,Both,22,All ages,559,Schizophrenia,1,Number,2015,90723.50985441137,123307.5401777216,64801.61925750227
2,DALYs (Disability-Adjusted Life Years),120,Andean Latin America,1,Male,22,All ages,559,Schizophrenia,2,Percent,2015,0.006581715170856278,0.008832097511688832,0.004610776852096277
2,DALYs (Disability-Adjusted Life Years),120,Andean Latin America,2,Female,22,All ages,559,Schizophrenia,2,Percent,2015,0.005692427175319991,0.007761433809375586,0.003970863360699173
2,DALYs (Disability-Adjusted Life Years),120,Andean Latin America,3,Both,22,All ages,559,Schizophrenia,2,Percent,2015,0.006152315971679736,0.008237069566308524,0.004365451540001362
2,DALYs (Disability-Adjusted Life Years),120,Andean Latin America,1,Male,22,All ages,559,Schizophrenia,3,Rate,2015,169.57165342283125,227.26641132259812,121.59317153485247
2,DALYs (Disability-Adjusted Life Years),120,Andean Latin America,2,Female,22,All ages,559,Schizophrenia,3,Rate,2015,136.29631446498175,187.88502418724357,93.9553947516058
2,DALYs (Disability-Adjusted Life Years),120,Andean Latin America,3,Both,22,All ages,559,Schizophrenia,3,Rate,2015,152.93080470245516,207.85705243900864,109.234792557908
2,DALYs (Disability-Adjusted Life Years),120,Andean Latin America,1,Male,27,Age-standardized,559,Schizophrenia,3,Rate,2015,173.5569736934328,233.8510231042667,124.66226522955505
2,DALYs (Disability-Adjusted Life Years),120,Andean Latin America,2,Female,27,Age-standardized,559,Schizophrenia,3,Rate,2015,135.5359653469298,186.21895437906608,93.54557098730442
2,DALYs (Disability-Adjusted Life Years),120,Andean Latin America,3,Both,27,Age-standardized,559,Schizophrenia,3,Rate,2015,154.24738300775635,208.29117187583807,110.60073801667964
2,DALYs (Disability-Adjusted Life Years),96,Southern Latin America,1,Male,22,All ages,559,Schizophrenia,1,Number,2015,61640.90548944765,83773.19272987252,42750.71542686045
2,DALYs (Disability-Adjusted Life Years),96,Southern Latin America,2,Female,22,All ages,559,Schizophrenia,1,Number,2015,62090.98748242198,84389.89009170292,43227.59633085279
2,DALYs (Disability-Adjusted Life Years),96,Southern Latin America,3,Both,22,All ages,559,Schizophrenia,1,Number,2015,123731.89297186976,166432.5732269974,86652.22565879559
2,DALYs (Disability-Adjusted Life Years),96,Southern Latin America,1,Male,22,All ages,559,Schizophrenia,2,Percent,2015,0.0065782133422316105,0.00866783896560779,0.004630252767085041
2,DALYs (Disability-Adjusted Life Years),96,Southern Latin America,2,Female,22,All ages,559,Schizophrenia,2,Percent,2015,0.007067650130136766,0.009250468033994617,0.004944354042386015
2,DALYs (Disability-Adjusted Life Years),96,Southern Latin America,3,Both,22,All ages,559,Schizophrenia,2,Percent,2015,0.006814053149789298,0.008935919613433964,0.004785020313470721
2,DALYs (Disability-Adjusted Life Years),96,Southern Latin America,1,Male,22,All ages,559,Schizophrenia,3,Rate,2015,196.12549501796602,266.5447362092108,136.02177253707848
2,DALYs (Disability-Adjusted Life Years),96,Southern Latin America,2,Female,22,All ages,559,Schizophrenia,3,Rate,2015,188.19370431540605,255.78021331394766,131.02000486716872
2,DALYs (Disability-Adjusted Life Years),96,Southern Latin America,3,Both,22,All ages,559,Schizophrenia,3,Rate,2015,192.06333039153193,258.3456337072037,134.50626710811352
2,DALYs (Disability-Adjusted Life Years),96,Southern Latin America,1,Male,27,Age-standardized,559,Schizophrenia,3,Rate,2015,183.71973688354612,249.94714371580508,127.21153538002243
2,DALYs (Disability-Adjusted Life Years),96,Southern Latin America,2,Female,27,Age-standardized,559,Schizophrenia,3,Rate,2015,173.98130507961713,237.33861275093827,121.8612995360711
2,DALYs (Disability-Adjusted Life Years),96,Southern Latin America,3,Both,27,Age-standardized,559,Schizophrenia,3,Rate,2015,178.90912041861714,240.67228879040437,125.12914613435817
2,DALYs (Disability-Adjusted Life Years),1,Global,1,Male,22,All ages,559,Schizophrenia,1,Number,2015,7325039.384654804,9447607.665303137,5384329.145284625
2,DALYs (Disability-Adjusted Life Years),1,Global,2,Female,22,All ages,559,Schizophrenia,1,Number,2015,6461446.601681504,8340125.202963843,4768238.604755828
2,DALYs (Disability-Adjusted Life Years),1,Global,3,Both,22,All ages,559,Schizophrenia,1,Number,2015,13786485.986336323,17811970.06136692,10160460.555873096
2,DALYs (Disability-Adjusted Life Years),1,Global,1,Male,22,All ages,559,Schizophrenia,2,Percent,2015,0.0052713272052376265,0.006677434934636495,0.003920050344583772
2,DALYs (Disability-Adjusted Life Years),1,Global,2,Female,22,All ages,559,Schizophrenia,2,Percent,2015,0.005319034414265618,0.0067484197446778926,0.003936204531490384
2,DALYs (Disability-Adjusted Life Years),1,Global,3,Both,22,All ages,559,Schizophrenia,2,Percent,2015,0.0052929801268689295,0.006692590206260235,0.003919476953022376
2,DALYs (Disability-Adjusted Life Years),1,Global,1,Male,22,All ages,559,Schizophrenia,3,Rate,2015,197.29255847756787,254.46179739111037,145.0214827491469
2,DALYs (Disability-Adjusted Life Years),1,Global,2,Female,22,All ages,559,Schizophrenia,3,Rate,2015,175.40972740974095,226.41045861685012,129.44399071055733
2,DALYs (Disability-Adjusted Life Years),1,Global,3,Both,22,All ages,559,Schizophrenia,3,Rate,2015,186.39426364905546,240.81909248070792,137.37014388758823
2,DALYs (Disability-Adjusted Life Years),1,Global,1,Male,27,Age-standardized,559,Schizophrenia,3,Rate,2015,189.5560143383744,244.20605924983502,139.53026735372092
2,DALYs (Disability-Adjusted Life Years),1,Global,2,Female,27,Age-standardized,559,Schizophrenia,3,Rate,2015,166.80954002641067,215.3737243629428,123.14498706423498
2,DALYs (Disability-Adjusted Life Years),1,Global,3,Both,27,Age-standardized,559,Schizophrenia,3,Rate,2015,178.2345496848126,230.02939379617973,131.4568756500054
2,DALYs (Disability-Adjusted Life Years),5,East Asia,1,Male,22,All ages,559,Schizophrenia,1,Number,2015,1796796.7311741505,2253035.236223185,1343259.043473799
2,DALYs (Disability-Adjusted Life Years),5,East Asia,2,Female,22,All ages,559,Schizophrenia,1,Number,2015,1634081.4762676447,2043029.5892231858,1223807.5891162949
2,DALYs (Disability-Adjusted Life Years),5,East Asia,3,Both,22,All ages,559,Schizophrenia,1,Number,2015,3430878.2074417947,4299536.3707324425,2578985.20911263
2,DALYs (Disability-Adjusted Life Years),5,East Asia,1,Male,22,All ages,559,Schizophrenia,2,Percent,2015,0.008120142268896647,0.010288584232912961,0.005993603747400064
2,DALYs (Disability-Adjusted Life Years),5,East Asia,2,Female,22,All ages,559,Schizophrenia,2,Percent,2015,0.009784763899974677,0.012409793707346644,0.0072928796355444265
2,DALYs (Disability-Adjusted Life Years),5,East Asia,3,Both,22,All ages,559,Schizophrenia,2,Percent,2015,0.008827489070603305,0.011112127290205446,0.0065820785149431175
2,DALYs (Disability-Adjusted Life Years),5,East Asia,1,Male,22,All ages,559,Schizophrenia,3,Rate,2015,246.86831747149614,309.55255445447744,184.55515542598576
2,DALYs (Disability-Adjusted Life Years),5,East Asia,2,Female,22,All ages,559,Schizophrenia,3,Rate,2015,233.78427639608782,292.2915418289148,175.0873354999911
2,DALYs (Disability-Adjusted Life Years),5,East Asia,3,Both,22,All ages,559,Schizophrenia,3,Rate,2015,240.45865127635315,301.33996437921934,180.75235189047666
2,DALYs (Disability-Adjusted Life Years),5,East Asia,1,Male,27,Age-standardized,559,Schizophrenia,3,Rate,2015,202.36572920450095,254.15062302323668,151.59563661263866
2,DALYs (Disability-Adjusted Life Years),5,East Asia,2,Female,27,Age-standardized,559,Schizophrenia,3,Rate,2015,189.57682444915386,237.3419995380593,140.93122785283913
2,DALYs (Disability-Adjusted Life Years),5,East Asia,3,Both,27,Age-standardized,559,Schizophrenia,3,Rate,2015,196.06287829921112,245.8677486764955,147.18963488471542
2,DALYs (Disability-Adjusted Life Years),44634,High-middle SDI,1,Male,22,All ages,559,Schizophrenia,1,Number,2015,1436610.7376452738,1812856.9595736964,1073764.0754859317
2,DALYs (Disability-Adjusted Life Years),44634,High-middle SDI,2,Female,22,All ages,559,Schizophrenia,1,Number,2015,1314230.0994046591,1657062.9124221667,982091.7008398138
2,DALYs (Disability-Adjusted Life Years),44634,High-middle SDI,3,Both,22,All ages,559,Schizophrenia,1,Number,2015,2750840.837049929,3471526.649458362,2060322.7770209522
2,DALYs (Disability-Adjusted Life Years),44634,High-middle SDI,1,Male,22,All ages,559,Schizophrenia,2,Percent,2015,0.006894242244470521,0.008588593132592661,0.005163855587777823
2,DALYs (Disability-Adjusted Life Years),44634,High-middle SDI,2,Female,22,All ages,559,Schizophrenia,2,Percent,2015,0.007496547026699381,0.00938711698274536,0.005557239689663464
2,DALYs (Disability-Adjusted Life Years),44634,High-middle SDI,3,Both,22,All ages,559,Schizophrenia,2,Percent,2015,0.007167113758134627,0.008894758454189095,0.005394145524143232
2,DALYs (Disability-Adjusted Life Years),44634,High-middle SDI,1,Male,22,All ages,559,Schizophrenia,3,Rate,2015,227.3895291659932,286.9425096727509,169.95745692414027
2,DALYs (Disability-Adjusted Life Years),44634,High-middle SDI,2,Female,22,All ages,559,Schizophrenia,3,Rate,2015,206.87496667445905,260.84080325059307,154.59255420685824
2,DALYs (Disability-Adjusted Life Years),44634,High-middle SDI,3,Both,22,All ages,559,Schizophrenia,3,Rate,2015,217.1039672171713,273.9824848266437,162.60637206434964
2,DALYs (Disability-Adjusted Life Years),44634,High-middle SDI,1,Male,27,Age-standardized,559,Schizophrenia,3,Rate,2015,188.495406643672,237.81125603381795,141.07347925096116
2,DALYs (Disability-Adjusted Life Years),44634,High-middle SDI,2,Female,27,Age-standardized,559,Schizophrenia,3,Rate,2015,171.7311961096946,216.69652245434835,128.95660291567373
2,DALYs (Disability-Adjusted Life Years),44634,High-middle SDI,3,Both,27,Age-standardized,559,Schizophrenia,3,Rate,2015,180.149425306117,227.6691788251827,135.12836974841892
2,DALYs (Disability-Adjusted Life Years),44636,Low-middle SDI,1,Male,22,All ages,559,Schizophrenia,1,Number,2015,1608109.2030269322,2108433.5105855567,1172953.75283253
2,DALYs (Disability-Adjusted Life Years),44636,Low-middle SDI,2,Female,22,All ages,559,Schizophrenia,1,Number,2015,1302334.539048184,1705469.821288444,953699.9853275147
2,DALYs (Disability-Adjusted Life Years),44636,Low-middle SDI,3,Both,22,All ages,559,Schizophrenia,1,Number,2015,2910443.7420751113,3819746.3726708815,2129222.365128707
2,DALYs (Disability-Adjusted Life Years),44636,Low-middle SDI,1,Male,22,All ages,559,Schizophrenia,2,Percent,2015,0.004468925562672746,0.005746175797743107,0.0032776439955144385
2,DALYs (Disability-Adjusted Life Years),44636,Low-middle SDI,2,Female,22,All ages,559,Schizophrenia,2,Percent,2015,0.003979619086409273,0.005130052710704367,0.0028959383788433584
2,DALYs (Disability-Adjusted Life Years),44636,Low-middle SDI,3,Both,22,All ages,559,Schizophrenia,2,Percent,2015,0.004235491812915688,0.005436530728992072,0.0031014548928609926
2,DALYs (Disability-Adjusted Life Years),44636,Low-middle SDI,1,Male,22,All ages,559,Schizophrenia,3,Rate,2015,179.61307332632586,235.4953395128003,131.00965283908636
2,DALYs (Disability-Adjusted Life Years),44636,Low-middle SDI,2,Female,22,All ages,559,Schizophrenia,3,Rate,2015,147.82927693743588,193.58956010177732,108.25542517612183
2,DALYs (Disability-Adjusted Life Years),44636,Low-middle SDI,3,Both,22,All ages,559,Schizophrenia,3,Rate,2015,163.84952926943387,215.0406262945035,119.8690348116975
2,DALYs (Disability-Adjusted Life Years),44636,Low-middle SDI,1,Male,27,Age-standardized,559,Schizophrenia,3,Rate,2015,193.36560803480066,251.34097405828288,140.19106880808576
2,DALYs (Disability-Adjusted Life Years),44636,Low-middle SDI,2,Female,27,Age-standardized,559,Schizophrenia,3,Rate,2015,156.02564810230743,204.44434108839027,113.95636968558965
2,DALYs (Disability-Adjusted Life Years),44636,Low-middle SDI,3,Both,27,Age-standardized,559,Schizophrenia,3,Rate,2015,174.63457499099218,228.08396819188033,127.13541097624476
2,DALYs (Disability-Adjusted Life Years),73,Western Europe,1,Male,22,All ages,559,Schizophrenia,1,Number,2015,438640.9781611213,562569.637891731,317159.33907512424
2,DALYs (Disability-Adjusted Life Years),73,Western Europe,2,Female,22,All ages,559,Schizophrenia,1,Number,2015,422484.02700052777,541920.998543468,302858.7530694438
2,DALYs (Disability-Adjusted Life Years),73,Western Europe,3,Both,22,All ages,559,Schizophrenia,1,Number,2015,861125.0051616502,1105472.7744048294,623456.7936730324
2,DALYs (Disability-Adjusted Life Years),73,Western Europe,1,Male,22,All ages,559,Schizophrenia,2,Percent,2015,0.00693537934344558,0.008689321841374314,0.0050365199233293936
2,DALYs (Disability-Adjusted Life Years),73,Western Europe,2,Female,22,All ages,559,Schizophrenia,2,Percent,2015,0.00653851408642668,0.0082552356306564,0.004840159562753759
2,DALYs (Disability-Adjusted Life Years),73,Western Europe,3,Both,22,All ages,559,Schizophrenia,2,Percent,2015,0.006733942287438175,0.008459897061884101,0.004921868737328611
2,DALYs (Disability-Adjusted Life Years),73,Western Europe,1,Male,22,All ages,559,Schizophrenia,3,Rate,2015,207.83242845494556,266.5510516327338,150.27322783083983
2,DALYs (Disability-Adjusted Life Years),73,Western Europe,2,Female,22,All ages,559,Schizophrenia,3,Rate,2015,192.54595161580454,246.97902807342973,138.02705685452844
2,DALYs (Disability-Adjusted Life Years),73,Western Europe,3,Both,22,All ages,559,Schizophrenia,3,Rate,2015,200.04067131030195,256.8030362394274,144.8299779843348
2,DALYs (Disability-Adjusted Life Years),73,Western Europe,1,Male,27,Age-standardized,559,Schizophrenia,3,Rate,2015,175.91124491801293,226.5450265820788,127.49195158754912
2,DALYs (Disability-Adjusted Life Years),73,Western Europe,2,Female,27,Age-standardized,559,Schizophrenia,3,Rate,2015,158.87399942770168,206.76963578559878,115.24939720668829
2,DALYs (Disability-Adjusted Life Years),73,Western Europe,3,Both,27,Age-standardized,559,Schizophrenia,3,Rate,2015,167.56458430223446,217.8307593560423,121.84120452208269
2,DALYs (Disability-Adjusted Life Years),134,Tropical Latin America,1,Male,22,All ages,559,Schizophrenia,1,Number,2015,198702.49551920954,259247.6777477365,146456.86530958908
2,DALYs (Disability-Adjusted Life Years),134,Tropical Latin America,2,Female,22,All ages,559,Schizophrenia,1,Number,2015,166894.27288822547,214858.4389493615,121924.24224234052
2,DALYs (Disability-Adjusted Life Years),134,Tropical Latin America,3,Both,22,All ages,559,Schizophrenia,1,Number,2015,365596.7684074349,476260.5909459415,269702.454684801
2,DALYs (Disability-Adjusted Life Years),134,Tropical Latin America,1,Male,22,All ages,559,Schizophrenia,2,Percent,2015,0.005514840200100426,0.007016850691360111,0.004025694764176834
2,DALYs (Disability-Adjusted Life Years),134,Tropical Latin America,2,Female,22,All ages,559,Schizophrenia,2,Percent,2015,0.0055475496546144865,0.007075774183282375,0.0041078727656158115
2,DALYs (Disability-Adjusted Life Years),134,Tropical Latin America,3,Both,22,All ages,559,Schizophrenia,2,Percent,2015,0.005528449225987229,0.007031342606298875,0.004054299921477533
2,DALYs (Disability-Adjusted Life Years),134,Tropical Latin America,1,Male,22,All ages,559,Schizophrenia,3,Rate,2015,188.6805847975049,246.17206400464755,139.07005506909303
2,DALYs (Disability-Adjusted Life Years),134,Tropical Latin America,2,Female,22,All ages,559,Schizophrenia,3,Rate,2015,152.1599954975548,195.88964041349672,111.16014845555652
2,DALYs (Disability-Adjusted Life Years),134,Tropical Latin America,3,Both,22,All ages,559,Schizophrenia,3,Rate,2015,170.04897446535048,221.52172028600492,125.44592784481895
2,DALYs (Disability-Adjusted Life Years),134,Tropical Latin America,1,Male,27,Age-standardized,559,Schizophrenia,3,Rate,2015,173.00127017351755,225.72119259205,128.09841711382734
2,DALYs (Disability-Adjusted Life Years),134,Tropical Latin America,2,Female,27,Age-standardized,559,Schizophrenia,3,Rate,2015,136.79242293050623,176.0516891677903,100.13977377442114
2,DALYs (Disability-Adjusted Life Years),134,Tropical Latin America,3,Both,27,Age-standardized,559,Schizophrenia,3,Rate,2015,154.38193022480144,201.00152470417075,113.99245027439004
2,DALYs (Disability-Adjusted Life Years),65,High-income Asia Pacific,1,Male,22,All ages,559,Schizophrenia,1,Number,2015,207956.2033938442,268799.6150693391,151477.65595879254
2,DALYs (Disability-Adjusted Life Years),65,High-income Asia Pacific,2,Female,22,All ages,559,Schizophrenia,1,Number,2015,207095.67776946397,263544.6604429463,150319.38463643836
2,DALYs (Disability-Adjusted Life Years),65,High-income Asia Pacific,3,Both,22,All ages,559,Schizophrenia,1,Number,2015,415051.8811633077,531081.700899542,303215.8212415079
2,DALYs (Disability-Adjusted Life Years),65,High-income Asia Pacific,1,Male,22,All ages,559,Schizophrenia,2,Percent,2015,0.007872556761937584,0.01002787605464413,0.005798808879613912
2,DALYs (Disability-Adjusted Life Years),65,High-income Asia Pacific,2,Female,22,All ages,559,Schizophrenia,2,Percent,2015,0.008531324436127691,0.010920447806976626,0.006319514560169081
2,DALYs (Disability-Adjusted Life Years),65,High-income Asia Pacific,3,Both,22,All ages,559,Schizophrenia,2,Percent,2015,0.008186766856911967,0.010307434603140903,0.006078564448026331
2,DALYs (Disability-Adjusted Life Years),65,High-income Asia Pacific,1,Male,22,All ages,559,Schizophrenia,3,Rate,2015,225.8830213844473,291.9714257518324,164.53575340286648
2,DALYs (Disability-Adjusted Life Years),65,High-income Asia Pacific,2,Female,22,All ages,559,Schizophrenia,3,Rate,2015,218.27438670048733,277.77039939195834,158.43339582991132
2,DALYs (Disability-Adjusted Life Years),65,High-income Asia Pacific,3,Both,22,All ages,559,Schizophrenia,3,Rate,2015,222.02141966014065,284.0886128711327,162.1975713175163
2,DALYs (Disability-Adjusted Life Years),65,High-income Asia Pacific,1,Male,27,Age-standardized,559,Schizophrenia,3,Rate,2015,188.62448523476388,247.48076273170744,138.22044414030654
2,DALYs (Disability-Adjusted Life Years),65,High-income Asia Pacific,2,Female,27,Age-standardized,559,Schizophrenia,3,Rate,2015,180.92096418482132,236.0939122698821,131.74158344128125
2,DALYs (Disability-Adjusted Life Years),65,High-income Asia Pacific,3,Both,27,Age-standardized,559,Schizophrenia,3,Rate,2015,185.1350310794738,244.09643133591888,135.41765008541117
2,DALYs (Disability-Adjusted Life Years),42,Central Europe,1,Male,22,All ages,559,Schizophrenia,1,Number,2015,102009.57857242455,134541.9443804068,72401.14954436249
2,DALYs (Disability-Adjusted Life Years),42,Central Europe,2,Female,22,All ages,559,Schizophrenia,1,Number,2015,101032.75767903302,133946.4713581974,72746.53747912848
2,DALYs (Disability-Adjusted Life Years),42,Central Europe,3,Both,22,All ages,559,Schizophrenia,1,Number,2015,203042.3362514575,268511.0897004297,144835.22576956177
2,DALYs (Disability-Adjusted Life Years),42,Central Europe,1,Male,22,All ages,559,Schizophrenia,2,Percent,2015,0.004480073501110195,0.0058573733884162635,0.0032252159269479585
2,DALYs (Disability-Adjusted Life Years),42,Central Europe,2,Female,22,All ages,559,Schizophrenia,2,Percent,2015,0.00502766907218901,0.006495988412468858,0.0036459308879540804
2,DALYs (Disability-Adjusted Life Years),42,Central Europe,3,Both,22,All ages,559,Schizophrenia,2,Percent,2015,0.0047362722099287095,0.006118709867524251,0.0034432915240698667
2,DALYs (Disability-Adjusted Life Years),42,Central Europe,1,Male,22,All ages,559,Schizophrenia,3,Rate,2015,178.06360521441783,234.8507268062474,126.38038397918034
2,DALYs (Disability-Adjusted Life Years),42,Central Europe,2,Female,22,All ages,559,Schizophrenia,3,Rate,2015,167.35174162461686,221.87036938533575,120.49814361168418
2,DALYs (Disability-Adjusted Life Years),42,Central Europe,3,Both,22,All ages,559,Schizophrenia,3,Rate,2015,172.56732373146738,228.20974678127243,123.09662976957941
2,DALYs (Disability-Adjusted Life Years),42,Central Europe,1,Male,27,Age-standardized,559,Schizophrenia,3,Rate,2015,146.27294382544383,194.44845191235936,103.98594654924362
2,DALYs (Disability-Adjusted Life Years),42,Central Europe,2,Female,27,Age-standardized,559,Schizophrenia,3,Rate,2015,140.92173307275627,188.55840351519132,101.3388114611272
2,DALYs (Disability-Adjusted Life Years),42,Central Europe,3,Both,27,Age-standardized,559,Schizophrenia,3,Rate,2015,143.5999528708438,191.50392712588038,102.55701423210282
2,DALYs (Disability-Adjusted Life Years),32,Central Asia,1,Male,22,All ages,559,Schizophrenia,1,Number,2015,63640.65095202936,87922.12765726814,44175.24633072572
2,DALYs (Disability-Adjusted Life Years),32,Central Asia,2,Female,22,All ages,559,Schizophrenia,1,Number,2015,63596.90682612076,87160.50881274781,45217.41784872228
2,DALYs (Disability-Adjusted Life Years),32,Central Asia,3,Both,22,All ages,559,Schizophrenia,1,Number,2015,127237.55777815008,175130.81041103668,89912.76802880102
2,DALYs (Disability-Adjusted Life Years),32,Central Asia,1,Male,22,All ages,559,Schizophrenia,2,Percent,2015,0.00425050345457723,0.0058222645143978765,0.003019792793450879
2,DALYs (Disability-Adjusted Life Years),32,Central Asia,2,Female,22,All ages,559,Schizophrenia,2,Percent,2015,0.005092509655878352,0.0068270771967780634,0.0035950025740976374
2,DALYs (Disability-Adjusted Life Years),32,Central Asia,3,Both,22,All ages,559,Schizophrenia,2,Percent,2015,0.004632738513168115,0.006325245885910685,0.003310122327938401
2,DALYs (Disability-Adjusted Life Years),32,Central Asia,1,Male,22,All ages,559,Schizophrenia,3,Rate,2015,146.33647380427058,202.1697443106255,101.57736730798322
2,DALYs (Disability-Adjusted Life Years),32,Central Asia,2,Female,22,All ages,559,Schizophrenia,3,Rate,2015,143.0590831609999,196.06460598295305,101.71504658288136
2,DALYs (Disability-Adjusted Life Years),32,Central Asia,3,Both,22,All ages,559,Schizophrenia,3,Rate,2015,144.6797836491175,199.13843210306067,102.23836462172432
2,DALYs (Disability-Adjusted Life Years),32,Central Asia,1,Male,27,Age-standardized,559,Schizophrenia,3,Rate,2015,141.97740375981223,195.40551626889237,100.05111127274662
2,DALYs (Disability-Adjusted Life Years),32,Central Asia,2,Female,27,Age-standardized,559,Schizophrenia,3,Rate,2015,135.18733715856956,184.06617058407065,96.2695122019807
2,DALYs (Disability-Adjusted Life Years),32,Central Asia,3,Both,27,Age-standardized,559,Schizophrenia,3,Rate,2015,138.4939546790441,189.6763703227424,98.4490805597325
2,DALYs (Disability-Adjusted Life Years),56,Eastern Europe,1,Male,22,All ages,559,Schizophrenia,1,Number,2015,158274.13437952386,204633.15853924234,115975.81025971426
2,DALYs (Disability-Adjusted Life Years),56,Eastern Europe,2,Female,22,All ages,559,Schizophrenia,1,Number,2015,177034.9006104804,226318.05385130586,129412.37348882642
2,DALYs (Disability-Adjusted Life Years),56,Eastern Europe,3,Both,22,All ages,559,Schizophrenia,1,Number,2015,335309.0349900038,429872.03252399265,245823.24239140737
2,DALYs (Disability-Adjusted Life Years),56,Eastern Europe,1,Male,22,All ages,559,Schizophrenia,2,Percent,2015,0.003108211300220315,0.003951585642358797,0.002287305782686403
2,DALYs (Disability-Adjusted Life Years),56,Eastern Europe,2,Female,22,All ages,559,Schizophrenia,2,Percent,2015,0.004104289315758308,0.005176849278928157,0.003039861032826279
2,DALYs (Disability-Adjusted Life Years),56,Eastern Europe,3,Both,22,All ages,559,Schizophrenia,2,Percent,2015,0.0035644597301394214,0.00452105379662477,0.002627524694677432
2,DALYs (Disability-Adjusted Life Years),56,Eastern Europe,1,Male,22,All ages,559,Schizophrenia,3,Rate,2015,161.84752519595526,209.25320749625052,118.59422227589698
2,DALYs (Disability-Adjusted Life Years),56,Eastern Europe,2,Female,22,All ages,559,Schizophrenia,3,Rate,2015,156.91087092179703,200.59187658861129,114.70172357069409
2,DALYs (Disability-Adjusted Life Years),56,Eastern Europe,3,Both,22,All ages,559,Schizophrenia,3,Rate,2015,159.20301884067854,204.10104754570108,116.71562113166021
2,DALYs (Disability-Adjusted Life Years),56,Eastern Europe,1,Male,27,Age-standardized,559,Schizophrenia,3,Rate,2015,132.93493263632112,172.96032986756467,97.76544875221725
2,DALYs (Disability-Adjusted Life Years),56,Eastern Europe,2,Female,27,Age-standardized,559,Schizophrenia,3,Rate,2015,130.84543037982138,169.15717880148324,96.50256845691713
2,DALYs (Disability-Adjusted Life Years),56,Eastern Europe,3,Both,27,Age-standardized,559,Schizophrenia,3,Rate,2015,131.85266113291274,170.1107808329854,97.26664363261166
2,DALYs (Disability-Adjusted Life Years),159,South Asia,1,Male,22,All ages,559,Schizophrenia,1,Number,2015,1798661.6784628234,2328016.065240087,1326707.9858749988
2,DALYs (Disability-Adjusted Life Years),159,South Asia,2,Female,22,All ages,559,Schizophrenia,1,Number,2015,1320341.3721475306,1706678.3311138994,972969.0282001911
2,DALYs (Disability-Adjusted Life Years),159,South Asia,3,Both,22,All ages,559,Schizophrenia,1,Number,2015,3119003.0506103523,4033885.6021828773,2293881.481447655
2,DALYs (Disability-Adjusted Life Years),159,South Asia,1,Male,22,All ages,559,Schizophrenia,2,Percent,2015,0.005481132644132449,0.006955666476132084,0.004000955064020574
2,DALYs (Disability-Adjusted Life Years),159,South Asia,2,Female,22,All ages,559,Schizophrenia,2,Percent,2015,0.0043468550248966994,0.005561409062541149,0.0031665558793478143
2,DALYs (Disability-Adjusted Life Years),159,South Asia,3,Both,22,All ages,559,Schizophrenia,2,Percent,2015,0.00493528997930942,0.006305398766558007,0.0035792602413633307
2,DALYs (Disability-Adjusted Life Years),159,South Asia,1,Male,22,All ages,559,Schizophrenia,3,Rate,2015,205.12909472051288,265.4995287193918,151.30494598272426
2,DALYs (Disability-Adjusted Life Years),159,South Asia,2,Female,22,All ages,559,Schizophrenia,3,Rate,2015,157.52091707445553,203.61214269223393,116.07829372024774
2,DALYs (Disability-Adjusted Life Years),159,South Asia,3,Both,22,All ages,559,Schizophrenia,3,Rate,2015,181.86135575389542,235.20589517395237,133.75055727284055
2,DALYs (Disability-Adjusted Life Years),159,South Asia,1,Male,27,Age-standardized,559,Schizophrenia,3,Rate,2015,212.9275337819695,274.1551706238677,157.42907672626527
2,DALYs (Disability-Adjusted Life Years),159,South Asia,2,Female,27,Age-standardized,559,Schizophrenia,3,Rate,2015,161.2995796318801,208.37282175952535,118.6342792724386
2,DALYs (Disability-Adjusted Life Years),159,South Asia,3,Both,27,Age-standardized,559,Schizophrenia,3,Rate,2015,187.46460176763784,242.5084624647825,138.31164268340257
2,DALYs (Disability-Adjusted Life Years),44637,Low SDI,1,Male,22,All ages,559,Schizophrenia,1,Number,2015,582972.7495641252,768585.7800349037,419827.30959860946
2,DALYs (Disability-Adjusted Life Years),44637,Low SDI,2,Female,22,All ages,559,Schizophrenia,1,Number,2015,557025.0505383956,739978.0325794742,401234.826423268
2,DALYs (Disability-Adjusted Life Years),44637,Low SDI,3,Both,22,All ages,559,Schizophrenia,1,Number,2015,1139997.800102522,1513032.4092895752,822408.1755857207
2,DALYs (Disability-Adjusted Life Years),44637,Low SDI,1,Male,22,All ages,559,Schizophrenia,2,Percent,2015,0.0020977128432140167,0.0027869053485036948,0.001503587678080438
2,DALYs (Disability-Adjusted Life Years),44637,Low SDI,2,Female,22,All ages,559,Schizophrenia,2,Percent,2015,0.0022280233650404605,0.00293757756910493,0.0016066183845121307
2,DALYs (Disability-Adjusted Life Years),44637,Low SDI,3,Both,22,All ages,559,Schizophrenia,2,Percent,2015,0.0021592908821036535,0.0028553689716216005,0.0015552601815688473
2,DALYs (Disability-Adjusted Life Years),44637,Low SDI,1,Male,22,All ages,559,Schizophrenia,3,Rate,2015,119.85426854755818,158.01473834070697,86.31294540928744
2,DALYs (Disability-Adjusted Life Years),44637,Low SDI,2,Female,22,All ages,559,Schizophrenia,3,Rate,2015,115.25399061462849,153.10877157052954,83.01945284893753
2,DALYs (Disability-Adjusted Life Years),44637,Low SDI,3,Both,22,All ages,559,Schizophrenia,3,Rate,2015,117.56148075600198,156.03041554282572,84.81027147508922
2,DALYs (Disability-Adjusted Life Years),44637,Low SDI,1,Male,27,Age-standardized,559,Schizophrenia,3,Rate,2015,160.60298370890442,210.23288377442537,116.06571456596014
2,DALYs (Disability-Adjusted Life Years),44637,Low SDI,2,Female,27,Age-standardized,559,Schizophrenia,3,Rate,2015,150.00493734830806,197.32390149940224,107.05689192313352
2,DALYs (Disability-Adjusted Life Years),44637,Low SDI,3,Both,27,Age-standardized,559,Schizophrenia,3,Rate,2015,155.26414817355908,204.35755796827036,111.9029567451401
2,DALYs (Disability-Adjusted Life Years),104,Caribbean,1,Male,22,All ages,559,Schizophrenia,1,Number,2015,37692.3036280175,51067.29457173505,26350.520134687282
2,DALYs (Disability-Adjusted Life Years),104,Caribbean,2,Female,22,All ages,559,Schizophrenia,1,Number,2015,30074.045236183345,40489.83515450017,21113.84839681645
2,DALYs (Disability-Adjusted Life Years),104,Caribbean,3,Both,22,All ages,559,Schizophrenia,1,Number,2015,67766.34886420086,91709.23932130935,47393.99737750334
2,DALYs (Disability-Adjusted Life Years),104,Caribbean,1,Male,22,All ages,559,Schizophrenia,2,Percent,2015,0.004323451196038196,0.005815570062960384,0.0030695819617884445
2,DALYs (Disability-Adjusted Life Years),104,Caribbean,2,Female,22,All ages,559,Schizophrenia,2,Percent,2015,0.0037581307950638626,0.005049444373891666,0.0026485965116193185
2,DALYs (Disability-Adjusted Life Years),104,Caribbean,3,Both,22,All ages,559,Schizophrenia,2,Percent,2015,0.004052416166739695,0.005407620896187868,0.00292212690642987
2,DALYs (Disability-Adjusted Life Years),104,Caribbean,1,Male,22,All ages,559,Schizophrenia,3,Rate,2015,166.9936796903775,226.25084198959613,116.74453125693056
2,DALYs (Disability-Adjusted Life Years),104,Caribbean,2,Female,22,All ages,559,Schizophrenia,3,Rate,2015,130.7250125147793,176.00007467319753,91.77708134149452
2,DALYs (Disability-Adjusted Life Years),104,Caribbean,3,Both,22,All ages,559,Schizophrenia,3,Rate,2015,148.68647148614494,201.2196824221615,103.98739725237336
2,DALYs (Disability-Adjusted Life Years),104,Caribbean,1,Male,27,Age-standardized,559,Schizophrenia,3,Rate,2015,160.27300245088782,217.57139609646387,111.80903940349444
2,DALYs (Disability-Adjusted Life Years),104,Caribbean,2,Female,27,Age-standardized,559,Schizophrenia,3,Rate,2015,123.41428433450203,165.9739748399482,86.64603748634063
2,DALYs (Disability-Adjusted Life Years),104,Caribbean,3,Both,27,Age-standardized,559,Schizophrenia,3,Rate,2015,141.54250626327573,192.00142661965364,98.87875879683007
2,DALYs (Disability-Adjusted Life Years),9,Southeast Asia,1,Male,22,All ages,559,Schizophrenia,1,Number,2015,722356.0851163223,953132.5039107163,527760.716276639
2,DALYs (Disability-Adjusted Life Years),9,Southeast Asia,2,Female,22,All ages,559,Schizophrenia,1,Number,2015,596913.8958018257,784937.3307140198,431546.7054327727
2,DALYs (Disability-Adjusted Life Years),9,Southeast Asia,3,Both,22,All ages,559,Schizophrenia,1,Number,2015,1319269.980918147,1732637.0463730309,959307.4217094117
2,DALYs (Disability-Adjusted Life Years),9,Southeast Asia,1,Male,22,All ages,559,Schizophrenia,2,Percent,2015,0.006597116118812136,0.008753784889478337,0.00476026020344216
2,DALYs (Disability-Adjusted Life Years),9,Southeast Asia,2,Female,22,All ages,559,Schizophrenia,2,Percent,2015,0.006595558241509794,0.008561350405849065,0.004824498781965758
2,DALYs (Disability-Adjusted Life Years),9,Southeast Asia,3,Both,22,All ages,559,Schizophrenia,2,Percent,2015,0.006593943992169788,0.008619561317260816,0.0048062679428978305
2,DALYs (Disability-Adjusted Life Years),9,Southeast Asia,1,Male,22,All ages,559,Schizophrenia,3,Rate,2015,220.7463343143261,291.26979157411625,161.27952115805982
2,DALYs (Disability-Adjusted Life Years),9,Southeast Asia,2,Female,22,All ages,559,Schizophrenia,3,Rate,2015,182.33220687631956,239.76549511625112,131.81945289791992
2,DALYs (Disability-Adjusted Life Years),9,Southeast Asia,3,Both,22,All ages,559,Schizophrenia,3,Rate,2015,201.53505884279127,264.6820697390323,146.54625700493963
2,DALYs (Disability-Adjusted Life Years),9,Southeast Asia,1,Male,27,Age-standardized,559,Schizophrenia,3,Rate,2015,208.62097348283504,274.1338716401207,152.56100230920663
2,DALYs (Disability-Adjusted Life Years),9,Southeast Asia,2,Female,27,Age-standardized,559,Schizophrenia,3,Rate,2015,170.40671188504902,224.16112740195382,123.29073043312906
2,DALYs (Disability-Adjusted Life Years),9,Southeast Asia,3,Both,27,Age-standardized,559,Schizophrenia,3,Rate,2015,189.36709045656275,248.6941457890766,137.806731070395
2,DALYs (Disability-Adjusted Life Years),174,Eastern Sub-Saharan Africa,1,Male,22,All ages,559,Schizophrenia,1,Number,2015,180244.38757950158,241344.45057167383,129330.53141502995
2,DALYs (Disability-Adjusted Life Years),174,Eastern Sub-Saharan Africa,2,Female,22,All ages,559,Schizophrenia,1,Number,2015,197264.96211386262,265394.96598438313,140890.8575997685
2,DALYs (Disability-Adjusted Life Years),174,Eastern Sub-Saharan Africa,3,Both,22,All ages,559,Schizophrenia,1,Number,2015,377509.34969336505,506469.39852686715,270688.09434155165
2,DALYs (Disability-Adjusted Life Years),174,Eastern Sub-Saharan Africa,1,Male,22,All ages,559,Schizophrenia,2,Percent,2015,0.0018317376405670893,0.0024610245984614068,0.0012905448972966942
2,DALYs (Disability-Adjusted Life Years),174,Eastern Sub-Saharan Africa,2,Female,22,All ages,559,Schizophrenia,2,Percent,2015,0.002273186619172262,0.0030167022922853934,0.0016392882493372434
2,DALYs (Disability-Adjusted Life Years),174,Eastern Sub-Saharan Africa,3,Both,22,All ages,559,Schizophrenia,2,Percent,2015,0.002038449575780255,0.0027270916914873744,0.001452074145405902
2,DALYs (Disability-Adjusted Life Years),174,Eastern Sub-Saharan Africa,1,Male,22,All ages,559,Schizophrenia,3,Rate,2015,97.9180306541557,131.11073041796647,70.2590028442879
2,DALYs (Disability-Adjusted Life Years),174,Eastern Sub-Saharan Africa,2,Female,22,All ages,559,Schizophrenia,3,Rate,2015,105.62339687301059,142.10287280559947,75.43849048798403
2,DALYs (Disability-Adjusted Life Years),174,Eastern Sub-Saharan Africa,3,Both,22,All ages,559,Schizophrenia,3,Rate,2015,101.79861627601215,136.57379346513568,72.99335359175333
2,DALYs (Disability-Adjusted Life Years),174,Eastern Sub-Saharan Africa,1,Male,27,Age-standardized,559,Schizophrenia,3,Rate,2015,134.9091148919295,179.47551003456712,96.72292815843059
2,DALYs (Disability-Adjusted Life Years),174,Eastern Sub-Saharan Africa,2,Female,27,Age-standardized,559,Schizophrenia,3,Rate,2015,140.71334561748088,188.00544125565648,100.2322653640641
2,DALYs (Disability-Adjusted Life Years),174,Eastern Sub-Saharan Africa,3,Both,27,Age-standardized,559,Schizophrenia,3,Rate,2015,137.88403388667805,183.6365022346425,98.60479136124495
2,DALYs (Disability-Adjusted Life Years),44639,Middle SDI,1,Male,22,All ages,559,Schizophrenia,1,Number,2015,2447066.722174322,3162887.527352608,1810149.8190969885
2,DALYs (Disability-Adjusted Life Years),44639,Middle SDI,2,Female,22,All ages,559,Schizophrenia,1,Number,2015,2107806.2288199104,2714992.938982995,1555799.5608882324
2,DALYs (Disability-Adjusted Life Years),44639,Middle SDI,3,Both,22,All ages,559,Schizophrenia,1,Number,2015,4554872.950994239,5888681.61513335,3373441.468972032
2,DALYs (Disability-Adjusted Life Years),44639,Middle SDI,1,Male,22,All ages,559,Schizophrenia,2,Percent,2015,0.006430984621517712,0.008171568661911724,0.004729865702881292
2,DALYs (Disability-Adjusted Life Years),44639,Middle SDI,2,Female,22,All ages,559,Schizophrenia,2,Percent,2015,0.006810120263475971,0.008657449722576321,0.004975048130448391
2,DALYs (Disability-Adjusted Life Years),44639,Middle SDI,3,Both,22,All ages,559,Schizophrenia,2,Percent,2015,0.006599504408813036,0.008345745057156,0.004853331615286845
2,DALYs (Disability-Adjusted Life Years),44639,Middle SDI,1,Male,22,All ages,559,Schizophrenia,3,Rate,2015,209.86432752357797,271.25425634932134,155.24132262489803
2,DALYs (Disability-Adjusted Life Years),44639,Middle SDI,2,Female,22,All ages,559,Schizophrenia,3,Rate,2015,183.70838510051675,236.62847256083597,135.59758053798296
2,DALYs (Disability-Adjusted Life Years),44639,Middle SDI,3,Both,22,All ages,559,Schizophrenia,3,Rate,2015,196.8918325751589,254.54789346038095,145.82252459225177
2,DALYs (Disability-Adjusted Life Years),44639,Middle SDI,1,Male,27,Age-standardized,559,Schizophrenia,3,Rate,2015,192.04841448548024,247.81493215136575,142.38984266939113
2,DALYs (Disability-Adjusted Life Years),44639,Middle SDI,2,Female,27,Age-standardized,559,Schizophrenia,3,Rate,2015,165.24299310097993,212.54383160043258,122.1294662597091
2,DALYs (Disability-Adjusted Life Years),44639,Middle SDI,3,Both,27,Age-standardized,559,Schizophrenia,3,Rate,2015,178.6497107322168,230.5762006009437,132.48853681926184
2,DALYs (Disability-Adjusted Life Years),21,Oceania,1,Male,22,All ages,559,Schizophrenia,1,Number,2015,10602.266095015584,14848.405607230223,7487.445436974708
2,DALYs (Disability-Adjusted Life Years),21,Oceania,2,Female,22,All ages,559,Schizophrenia,1,Number,2015,8407.421875773889,11739.856194661255,5849.1882232365515
2,DALYs (Disability-Adjusted Life Years),21,Oceania,3,Both,22,All ages,559,Schizophrenia,1,Number,2015,19009.68797078947,26422.97898177435,13578.616100458414
2,DALYs (Disability-Adjusted Life Years),21,Oceania,1,Male,22,All ages,559,Schizophrenia,2,Percent,2015,0.003998380305859344,0.005598368779954646,0.0027417593981425717
2,DALYs (Disability-Adjusted Life Years),21,Oceania,2,Female,22,All ages,559,Schizophrenia,2,Percent,2015,0.003758958059914497,0.005199978152462375,0.00258514471525773
2,DALYs (Disability-Adjusted Life Years),21,Oceania,3,Both,22,All ages,559,Schizophrenia,2,Percent,2015,0.003888557503158292,0.005373730118929966,0.0026965106409179325
2,DALYs (Disability-Adjusted Life Years),21,Oceania,1,Male,22,All ages,559,Schizophrenia,3,Rate,2015,170.105383657408,238.23149785932569,120.1304294059618
2,DALYs (Disability-Adjusted Life Years),21,Oceania,2,Female,22,All ages,559,Schizophrenia,3,Rate,2015,144.22529543591952,201.39161006409878,100.34002242559528
2,DALYs (Disability-Adjusted Life Years),21,Oceania,3,Both,22,All ages,559,Schizophrenia,3,Rate,2015,157.59809612744897,219.05731372035223,112.5722867606278
2,DALYs (Disability-Adjusted Life Years),21,Oceania,1,Male,27,Age-standardized,559,Schizophrenia,3,Rate,2015,192.637393989639,264.2444054658089,136.02438682505726
2,DALYs (Disability-Adjusted Life Years),21,Oceania,2,Female,27,Age-standardized,559,Schizophrenia,3,Rate,2015,158.54760595100862,217.97014547634794,111.5765756924758
2,DALYs (Disability-Adjusted Life Years),21,Oceania,3,Both,27,Age-standardized,559,Schizophrenia,3,Rate,2015,175.97993902201273,241.3514972589207,125.08555385777431
2,DALYs (Disability-Adjusted Life Years),199,Western Sub-Saharan Africa,1,Male,22,All ages,559,Schizophrenia,1,Number,2015,196127.06341818793,260992.40237650188,140652.17519195785
2,DALYs (Disability-Adjusted Life Years),199,Western Sub-Saharan Africa,2,Female,22,All ages,559,Schizophrenia,1,Number,2015,262470.9656430756,347204.68954580964,188883.2725784019
2,DALYs (Disability-Adjusted Life Years),199,Western Sub-Saharan Africa,3,Both,22,All ages,559,Schizophrenia,1,Number,2015,458598.02906126337,609413.6584970786,328758.9606862203
2,DALYs (Disability-Adjusted Life Years),199,Western Sub-Saharan Africa,1,Male,22,All ages,559,Schizophrenia,2,Percent,2015,0.0013956527274288394,0.0018742450200457494,0.0009905656136193937
2,DALYs (Disability-Adjusted Life Years),199,Western Sub-Saharan Africa,2,Female,22,All ages,559,Schizophrenia,2,Percent,2015,0.0020580163171916026,0.0027033686377146457,0.0014882915238215542
2,DALYs (Disability-Adjusted Life Years),199,Western Sub-Saharan Africa,3,Both,22,All ages,559,Schizophrenia,2,Percent,2015,0.0017105555776699224,0.002274747582226416,0.0012243093116221307
2,DALYs (Disability-Adjusted Life Years),199,Western Sub-Saharan Africa,1,Male,22,All ages,559,Schizophrenia,3,Rate,2015,96.8517370363632,128.88362820973916,69.45705119868082
2,DALYs (Disability-Adjusted Life Years),199,Western Sub-Saharan Africa,2,Female,22,All ages,559,Schizophrenia,3,Rate,2015,125.28148620500583,165.72621439126522,90.15693240549383
2,DALYs (Disability-Adjusted Life Years),199,Western Sub-Saharan Africa,3,Both,22,All ages,559,Schizophrenia,3,Rate,2015,111.30821255385281,147.91329385358583,79.79443860661928
2,DALYs (Disability-Adjusted Life Years),199,Western Sub-Saharan Africa,1,Male,27,Age-standardized,559,Schizophrenia,3,Rate,2015,134.6828391827781,177.38119607569948,96.58356143385588
2,DALYs (Disability-Adjusted Life Years),199,Western Sub-Saharan Africa,2,Female,27,Age-standardized,559,Schizophrenia,3,Rate,2015,166.01793273375907,219.06965297644976,119.49503547672882
2,DALYs (Disability-Adjusted Life Years),199,Western Sub-Saharan Africa,3,Both,27,Age-standardized,559,Schizophrenia,3,Rate,2015,150.93474283530594,198.61582595251176,108.4260045241081
2,DALYs (Disability-Adjusted Life Years),138,North Africa and Middle East,1,Male,22,All ages,559,Schizophrenia,1,Number,2015,493998.3470945045,664860.8687608296,353808.7998374619
2,DALYs (Disability-Adjusted Life Years),138,North Africa and Middle East,2,Female,22,All ages,559,Schizophrenia,1,Number,2015,398527.22640869126,536390.0266078355,286449.40168499143
2,DALYs (Disability-Adjusted Life Years),138,North Africa and Middle East,3,Both,22,All ages,559,Schizophrenia,1,Number,2015,892525.5735031953,1196505.6350580647,638442.4780770994
2,DALYs (Disability-Adjusted Life Years),138,North Africa and Middle East,1,Male,22,All ages,559,Schizophrenia,2,Percent,2015,0.005283367455363667,0.006937712555986084,0.003817603672439258
2,DALYs (Disability-Adjusted Life Years),138,North Africa and Middle East,2,Female,22,All ages,559,Schizophrenia,2,Percent,2015,0.005150717112008318,0.006821699479203402,0.003693451943568467
2,DALYs (Disability-Adjusted Life Years),138,North Africa and Middle East,3,Both,22,All ages,559,Schizophrenia,2,Percent,2015,0.005222468129593901,0.00684425002428958,0.003775146709192479
2,DALYs (Disability-Adjusted Life Years),138,North Africa and Middle East,1,Male,22,All ages,559,Schizophrenia,3,Rate,2015,168.00096469935397,226.108585179743,120.32473396200056
2,DALYs (Disability-Adjusted Life Years),138,North Africa and Middle East,2,Female,22,All ages,559,Schizophrenia,3,Rate,2015,145.80591779435022,196.24466019565725,104.80091483509192
2,DALYs (Disability-Adjusted Life Years),138,North Africa and Middle East,3,Both,22,All ages,559,Schizophrenia,3,Rate,2015,157.30867038884514,210.8855097842987,112.5262293066478
2,DALYs (Disability-Adjusted Life Years),138,North Africa and Middle East,1,Male,27,Age-standardized,559,Schizophrenia,3,Rate,2015,165.35911429552792,221.03278399429354,118.44415554766898
2,DALYs (Disability-Adjusted Life Years),138,North Africa and Middle East,2,Female,27,Age-standardized,559,Schizophrenia,3,Rate,2015,146.4112086306832,196.1542138634294,106.27393992516326
2,DALYs (Disability-Adjusted Life Years),138,North Africa and Middle East,3,Both,27,Age-standardized,559,Schizophrenia,3,Rate,2015,156.31442674286546,209.34106213217157,112.32780787986921
2,DALYs (Disability-Adjusted Life Years),167,Central Sub-Saharan Africa,1,Male,22,All ages,559,Schizophrenia,1,Number,2015,57057.900298848544,78303.71551301474,39966.54539712196
2,DALYs (Disability-Adjusted Life Years),167,Central Sub-Saharan Africa,2,Female,22,All ages,559,Schizophrenia,1,Number,2015,60039.3051154042,84232.53189966275,41612.036754069
2,DALYs (Disability-Adjusted Life Years),167,Central Sub-Saharan Africa,3,Both,22,All ages,559,Schizophrenia,1,Number,2015,117097.20541425268,162188.09437501748,81714.16223418692
2,DALYs (Disability-Adjusted Life Years),167,Central Sub-Saharan Africa,1,Male,22,All ages,559,Schizophrenia,2,Percent,2015,0.00164172933189235,0.0023273902803127946,0.001116455810168642
2,DALYs (Disability-Adjusted Life Years),167,Central Sub-Saharan Africa,2,Female,22,All ages,559,Schizophrenia,2,Percent,2015,0.0019321151315177347,0.0026946570307562314,0.0013452365695831216
2,DALYs (Disability-Adjusted Life Years),167,Central Sub-Saharan Africa,3,Both,22,All ages,559,Schizophrenia,2,Percent,2015,0.0017786808547324475,0.0024942285986425733,0.0012337946427310195
2,DALYs (Disability-Adjusted Life Years),167,Central Sub-Saharan Africa,1,Male,22,All ages,559,Schizophrenia,3,Rate,2015,98.16591254352039,134.71851660546344,68.76089690597476
2,DALYs (Disability-Adjusted Life Years),167,Central Sub-Saharan Africa,2,Female,22,All ages,559,Schizophrenia,3,Rate,2015,102.93771965649675,144.41714037126286,71.34406644934998
2,DALYs (Disability-Adjusted Life Years),167,Central Sub-Saharan Africa,3,Both,22,All ages,559,Schizophrenia,3,Rate,2015,100.55595298604106,139.2772640062064,70.17114906240542
2,DALYs (Disability-Adjusted Life Years),167,Central Sub-Saharan Africa,1,Male,27,Age-standardized,559,Schizophrenia,3,Rate,2015,131.6361389877066,178.69980044709425,92.47484786394746
2,DALYs (Disability-Adjusted Life Years),167,Central Sub-Saharan Africa,2,Female,27,Age-standardized,559,Schizophrenia,3,Rate,2015,136.42494666264707,189.00700173899156,95.11252685487585
2,DALYs (Disability-Adjusted Life Years),167,Central Sub-Saharan Africa,3,Both,27,Age-standardized,559,Schizophrenia,3,Rate,2015,134.0702822679024,181.74688374054026,94.00785687115402
2,DALYs (Disability-Adjusted Life Years),44635,High SDI,1,Male,22,All ages,559,Schizophrenia,1,Number,2015,1244948.9954861945,1586466.9546320103,923744.1582208048
2,DALYs (Disability-Adjusted Life Years),44635,High SDI,2,Female,22,All ages,559,Schizophrenia,1,Number,2015,1175359.8732580212,1495233.263658944,867796.7652392644
2,DALYs (Disability-Adjusted Life Years),44635,High SDI,3,Both,22,All ages,559,Schizophrenia,1,Number,2015,2420308.8687442155,3078624.833514778,1791259.3925530477
2,DALYs (Disability-Adjusted Life Years),44635,High SDI,1,Male,22,All ages,559,Schizophrenia,2,Percent,2015,0.0077213721139590945,0.009661833609500726,0.0057154124479134715
2,DALYs (Disability-Adjusted Life Years),44635,High SDI,2,Female,22,All ages,559,Schizophrenia,2,Percent,2015,0.007774222665095751,0.009753500695003737,0.005862773563537113
2,DALYs (Disability-Adjusted Life Years),44635,High SDI,3,Both,22,All ages,559,Schizophrenia,2,Percent,2015,0.007745996837951081,0.009657853685570216,0.005756103426883598
2,DALYs (Disability-Adjusted Life Years),44635,High SDI,1,Male,22,All ages,559,Schizophrenia,3,Rate,2015,234.78249742495942,299.18870173890866,174.20710505822672
2,DALYs (Disability-Adjusted Life Years),44635,High SDI,2,Female,22,All ages,559,Schizophrenia,3,Rate,2015,220.23517097575214,280.17202302283204,162.60498023886376
2,DALYs (Disability-Adjusted Life Years),44635,High SDI,3,Both,22,All ages,559,Schizophrenia,3,Rate,2015,227.48540063875782,289.36067322346065,168.3608922088912
2,DALYs (Disability-Adjusted Life Years),44635,High SDI,1,Male,27,Age-standardized,559,Schizophrenia,3,Rate,2015,198.9954777638671,256.82143696209755,148.15819259467602
2,DALYs (Disability-Adjusted Life Years),44635,High SDI,2,Female,27,Age-standardized,559,Schizophrenia,3,Rate,2015,187.17868895003872,239.67606752302297,138.38809711994
2,DALYs (Disability-Adjusted Life Years),44635,High SDI,3,Both,27,Age-standardized,559,Schizophrenia,3,Rate,2015,193.40516273757072,248.75579264136732,143.5114717489788
2,DALYs (Disability-Adjusted Life Years),192,Southern Sub-Saharan Africa,1,Male,22,All ages,559,Schizophrenia,1,Number,2015,49007.23782063806,63899.34072872617,36042.063602300615
2,DALYs (Disability-Adjusted Life Years),192,Southern Sub-Saharan Africa,2,Female,22,All ages,559,Schizophrenia,1,Number,2015,54315.54934327081,71118.63923880519,40120.65164335794
2,DALYs (Disability-Adjusted Life Years),192,Southern Sub-Saharan Africa,3,Both,22,All ages,559,Schizophrenia,1,Number,2015,103322.78716390884,134162.57835515653,75927.12168822327
2,DALYs (Disability-Adjusted Life Years),192,Southern Sub-Saharan Africa,1,Male,22,All ages,559,Schizophrenia,2,Percent,2015,0.0022662564359375013,0.0029309367334742174,0.0016746242472966554
2,DALYs (Disability-Adjusted Life Years),192,Southern Sub-Saharan Africa,2,Female,22,All ages,559,Schizophrenia,2,Percent,2015,0.0027260268657259756,0.0034963927792869593,0.002029307495290665
2,DALYs (Disability-Adjusted Life Years),192,Southern Sub-Saharan Africa,3,Both,22,All ages,559,Schizophrenia,2,Percent,2015,0.0024865752224015997,0.00320809988134867,0.0018449555530051366
2,DALYs (Disability-Adjusted Life Years),192,Southern Sub-Saharan Africa,1,Male,22,All ages,559,Schizophrenia,3,Rate,2015,133.62487382244586,174.2302101061846,98.27356968749258
2,DALYs (Disability-Adjusted Life Years),192,Southern Sub-Saharan Africa,2,Female,22,All ages,559,Schizophrenia,3,Rate,2015,140.63574445289157,184.14290004902864,103.88181248318384
2,DALYs (Disability-Adjusted Life Years),192,Southern Sub-Saharan Africa,3,Both,22,All ages,559,Schizophrenia,3,Rate,2015,137.22091461778342,178.1786207544861,100.83728254277158
2,DALYs (Disability-Adjusted Life Years),192,Southern Sub-Saharan Africa,1,Male,27,Age-standardized,559,Schizophrenia,3,Rate,2015,138.7453116900142,180.62317150590764,102.290416642923
2,DALYs (Disability-Adjusted Life Years),192,Southern Sub-Saharan Africa,2,Female,27,Age-standardized,559,Schizophrenia,3,Rate,2015,143.05124780563185,185.45925291970394,105.44156161202231
2,DALYs (Disability-Adjusted Life Years),192,Southern Sub-Saharan Africa,3,Both,27,Age-standardized,559,Schizophrenia,3,Rate,2015,141.0175356794099,182.14176426160762,103.91877854550742
2,DALYs (Disability-Adjusted Life Years),100,High-income North America,1,Male,22,All ages,559,Schizophrenia,1,Number,2015,453010.1427376003,568243.1802968689,340336.98341769224
2,DALYs (Disability-Adjusted Life Years),100,High-income North America,2,Female,22,All ages,559,Schizophrenia,1,Number,2015,446909.6703583712,557471.5408964563,337328.51452882565
2,DALYs (Disability-Adjusted Life Years),100,High-income North America,3,Both,22,All ages,559,Schizophrenia,1,Number,2015,899919.8130959722,1121789.6830566667,678026.5179837659
2,DALYs (Disability-Adjusted Life Years),100,High-income North America,1,Male,22,All ages,559,Schizophrenia,2,Percent,2015,0.007800268279416957,0.009659163285952952,0.005873453047762503
2,DALYs (Disability-Adjusted Life Years),100,High-income North America,2,Female,22,All ages,559,Schizophrenia,2,Percent,2015,0.008037044143522088,0.009963155972985778,0.0061522303851621486
2,DALYs (Disability-Adjusted Life Years),100,High-income North America,3,Both,22,All ages,559,Schizophrenia,2,Percent,2015,0.007915264040322948,0.009747209522991143,0.006016429289151628
2,DALYs (Disability-Adjusted Life Years),100,High-income North America,1,Male,22,All ages,559,Schizophrenia,3,Rate,2015,257.6558985035271,323.1963114624967,193.57145234440944
2,DALYs (Disability-Adjusted Life Years),100,High-income North America,2,Female,22,All ages,559,Schizophrenia,3,Rate,2015,246.37003704681058,307.320009596274,185.96070779754942
2,DALYs (Disability-Adjusted Life Years),100,High-income North America,3,Both,22,All ages,559,Schizophrenia,3,Rate,2015,251.92485401247924,314.03542629482877,189.8077240593365
2,DALYs (Disability-Adjusted Life Years),100,High-income North America,1,Male,27,Age-standardized,559,Schizophrenia,3,Rate,2015,230.54910406119163,290.93496061061165,171.96151492200667
2,DALYs (Disability-Adjusted Life Years),100,High-income North America,2,Female,27,Age-standardized,559,Schizophrenia,3,Rate,2015,218.39594763668458,274.127180899631,164.37764484016978
2,DALYs (Disability-Adjusted Life Years),100,High-income North America,3,Both,27,Age-standardized,559,Schizophrenia,3,Rate,2015,224.55444991458916,281.7020470444239,168.8619351965998
2,DALYs (Disability-Adjusted Life Years),124,Central Latin America,1,Male,22,All ages,559,Schizophrenia,1,Number,2015,205485.6229295836,273300.00943642267,148014.825692583
2,DALYs (Disability-Adjusted Life Years),124,Central Latin America,2,Female,22,All ages,559,Schizophrenia,1,Number,2015,177078.10827817715,234232.6882860473,128917.08755936113
2,DALYs (Disability-Adjusted Life Years),124,Central Latin America,3,Both,22,All ages,559,Schizophrenia,1,Number,2015,382563.73120776116,507136.4798066703,277813.54848241224
2,DALYs (Disability-Adjusted Life Years),124,Central Latin America,1,Male,22,All ages,559,Schizophrenia,2,Percent,2015,0.005679962243357119,0.00735177980388658,0.0041303187068705335
2,DALYs (Disability-Adjusted Life Years),124,Central Latin America,2,Female,22,All ages,559,Schizophrenia,2,Percent,2015,0.0059168226512671925,0.0076617083674150105,0.004268886953891755
2,DALYs (Disability-Adjusted Life Years),124,Central Latin America,3,Both,22,All ages,559,Schizophrenia,2,Percent,2015,0.00578608697525253,0.007445311870881731,0.004197582611022578
2,DALYs (Disability-Adjusted Life Years),124,Central Latin America,1,Male,22,All ages,559,Schizophrenia,3,Rate,2015,172.76127814321495,229.77597300308014,124.44291773910936
2,DALYs (Disability-Adjusted Life Years),124,Central Latin America,2,Female,22,All ages,559,Schizophrenia,3,Rate,2015,142.93413194637222,189.0682382998855,104.05945818217555
2,DALYs (Disability-Adjusted Life Years),124,Central Latin America,3,Both,22,All ages,559,Schizophrenia,3,Rate,2015,157.5439449531121,208.84437059975102,114.40666957938232
2,DALYs (Disability-Adjusted Life Years),124,Central Latin America,1,Male,27,Age-standardized,559,Schizophrenia,3,Rate,2015,173.9659093938291,230.88760711902486,124.94498643510768
2,DALYs (Disability-Adjusted Life Years),124,Central Latin America,2,Female,27,Age-standardized,559,Schizophrenia,3,Rate,2015,138.94203671553737,182.8165524807612,100.7766086475718
2,DALYs (Disability-Adjusted Life Years),124,Central Latin America,3,Both,27,Age-standardized,559,Schizophrenia,3,Rate,2015,155.7798182991262,205.55770515129825,112.89538141312141
5,Prevalence,21,Oceania,1,Male,22,All ages,559,Schizophrenia,1,Number,2015,16174.75312378192,20933.38526542871,12387.53277249194
5,Prevalence,21,Oceania,2,Female,22,All ages,559,Schizophrenia,1,Number,2015,13135.838716046488,16706.14086295109,10098.636182258137
5,Prevalence,21,Oceania,3,Both,22,All ages,559,Schizophrenia,1,Number,2015,29310.59183982837,37715.04083814051,22607.16640797948
5,Prevalence,21,Oceania,1,Male,22,All ages,559,Schizophrenia,2,Percent,2015,0.0026727364584918,0.0034560463926215,0.0020511758074092
5,Prevalence,21,Oceania,2,Female,22,All ages,559,Schizophrenia,2,Percent,2015,0.0022907765811342,0.0029128274721354,0.0017602418414659
5,Prevalence,21,Oceania,3,Both,22,All ages,559,Schizophrenia,2,Percent,2015,0.0024868990733589,0.0032042550175532,0.001914550674538
5,Prevalence,21,Oceania,1,Male,22,All ages,559,Schizophrenia,3,Rate,2015,259.51174598214,335.86041888706,198.74864448309
5,Prevalence,21,Oceania,2,Female,22,All ages,559,Schizophrenia,3,Rate,2015,225.33902159464998,286.58584488261005,173.23726683478
5,Prevalence,21,Oceania,3,Both,22,All ages,559,Schizophrenia,3,Rate,2015,242.99680654536,312.67312964805996,187.42266523304002
5,Prevalence,21,Oceania,1,Male,27,Age-standardized,559,Schizophrenia,2,Percent,2015,0.0030345548021312,0.0038619213935143,0.0023630294371981
5,Prevalence,21,Oceania,2,Female,27,Age-standardized,559,Schizophrenia,2,Percent,2015,0.0025317497715274,0.0031651414011777,0.0019794528975708
5,Prevalence,21,Oceania,3,Both,27,Age-standardized,559,Schizophrenia,2,Percent,2015,0.0027880003330778,0.0035128258535772,0.0021806332736408
5,Prevalence,21,Oceania,1,Male,27,Age-standardized,559,Schizophrenia,3,Rate,2015,296.46775156928,377.02033702197997,230.75283535890003
5,Prevalence,21,Oceania,2,Female,27,Age-standardized,559,Schizophrenia,3,Rate,2015,249.94736569020998,312.79823274066,195.2435653775
5,Prevalence,21,Oceania,3,Both,27,Age-standardized,559,Schizophrenia,3,Rate,2015,273.75958029693004,344.94592809803,214.07012412390003
5,Prevalence,5,East Asia,1,Male,22,All ages,559,Schizophrenia,1,Number,2015,2735324.420441592,3130298.543800985,2381298.058571111
5,Prevalence,5,East Asia,2,Female,22,All ages,559,Schizophrenia,1,Number,2015,2528688.420122272,2885715.6931395466,2185587.172675132
5,Prevalence,5,East Asia,3,Both,22,All ages,559,Schizophrenia,1,Number,2015,5264012.840563867,6012319.2239285065,4564062.992887758
5,Prevalence,5,East Asia,1,Male,22,All ages,559,Schizophrenia,2,Percent,2015,0.0039788827905168,0.0045600364458373,0.0034621086459536
5,Prevalence,5,East Asia,2,Female,22,All ages,559,Schizophrenia,2,Percent,2015,0.0037365586603681,0.004266662753496,0.0032271476410034
5,Prevalence,5,East Asia,3,Both,22,All ages,559,Schizophrenia,2,Percent,2015,0.0038586706163618,0.0044125999159124,0.0033475595024142
5,Prevalence,5,East Asia,1,Male,22,All ages,559,Schizophrenia,3,Rate,2015,375.81598724962,430.08289211804,327.17504151593
5,Prevalence,5,East Asia,2,Female,22,All ages,559,Schizophrenia,3,Rate,2015,361.77363314815,412.85270349332,312.68692723418
5,Prevalence,5,East Asia,3,Both,22,All ages,559,Schizophrenia,3,Rate,2015,368.93685855645,421.38312240080995,319.87974077005
5,Prevalence,5,East Asia,1,Male,27,Age-standardized,559,Schizophrenia,2,Percent,2015,0.0033346956622048,0.0038144377504121,0.0028803572725072
5,Prevalence,5,East Asia,2,Female,27,Age-standardized,559,Schizophrenia,2,Percent,2015,0.0030863090886411,0.0035384430671782,0.0026710426373138
5,Prevalence,5,East Asia,3,Both,27,Age-standardized,559,Schizophrenia,2,Percent,2015,0.0032123096786524,0.0036797198914184,0.0027820948177961
5,Prevalence,5,East Asia,1,Male,27,Age-standardized,559,Schizophrenia,3,Rate,2015,307.19089704686,350.18313548481,265.61902160776
5,Prevalence,5,East Asia,2,Female,27,Age-standardized,559,Schizophrenia,3,Rate,2015,292.12080346688003,334.38932670351,252.66574856195
5,Prevalence,5,East Asia,3,Both,27,Age-standardized,559,Schizophrenia,3,Rate,2015,299.7715506894,342.25112113055997,258.78800667629
5,Prevalence,1,Global,1,Male,22,All ages,559,Schizophrenia,1,Number,2015,11262487.951704724,13342120.336798947,9293997.159515455
5,Prevalence,1,Global,2,Female,22,All ages,559,Schizophrenia,1,Number,2015,10191159.096963862,12034817.283578234,8443919.58700996
5,Prevalence,1,Global,3,Both,22,All ages,559,Schizophrenia,1,Number,2015,21453647.048668586,25406182.98277539,17737916.746525418
5,Prevalence,1,Global,1,Male,22,All ages,559,Schizophrenia,2,Percent,2015,0.0031725513418976,0.0037660817383414,0.0026186252469548
5,Prevalence,1,Global,2,Female,22,All ages,559,Schizophrenia,2,Percent,2015,0.0028366363469561,0.0033488142391276,0.0023514886488767
5,Prevalence,1,Global,3,Both,22,All ages,559,Schizophrenia,2,Percent,2015,0.0030035884951012,0.0035609317764608,0.0024842766708712
5,Prevalence,1,Global,1,Male,22,All ages,559,Schizophrenia,3,Rate,2015,303.34377006483004,359.35657387413,250.32445312517
5,Prevalence,1,Global,2,Female,22,All ages,559,Schizophrenia,3,Rate,2015,276.66071537641,326.71074285271,229.22817819801003
5,Prevalence,1,Global,3,Both,22,All ages,559,Schizophrenia,3,Rate,2015,290.05482239538003,343.49338721273,239.81788643701998
5,Prevalence,1,Global,1,Male,27,Age-standardized,559,Schizophrenia,2,Percent,2015,0.003055872399687,0.0036277339793846,0.0025267750353604
5,Prevalence,1,Global,2,Female,27,Age-standardized,559,Schizophrenia,2,Percent,2015,0.0027038231728177,0.0031951593067656,0.0022411387447715
5,Prevalence,1,Global,3,Both,27,Age-standardized,559,Schizophrenia,2,Percent,2015,0.0028796192814412,0.0034142507994966,0.0023838723861787
5,Prevalence,1,Global,1,Male,27,Age-standardized,559,Schizophrenia,3,Rate,2015,291.76049867473,345.63243696793,241.18715597609
5,Prevalence,1,Global,2,Female,27,Age-standardized,559,Schizophrenia,3,Rate,2015,262.98192071597,310.88336906495,217.86803308545998
5,Prevalence,1,Global,3,Both,27,Age-standardized,559,Schizophrenia,3,Rate,2015,277.44886464348997,328.67275677614003,229.59737341924003
5,Prevalence,65,High-income Asia Pacific,1,Male,22,All ages,559,Schizophrenia,1,Number,2015,320613.15172602545,381971.1391956355,265728.46932942513
5,Prevalence,65,High-income Asia Pacific,2,Female,22,All ages,559,Schizophrenia,1,Number,2015,326440.34556413675,387388.2625397893,273207.07623274485
5,Prevalence,65,High-income Asia Pacific,3,Both,22,All ages,559,Schizophrenia,1,Number,2015,647053.4972901623,768021.7566106082,537858.2125593979
5,Prevalence,65,High-income Asia Pacific,1,Male,22,All ages,559,Schizophrenia,2,Percent,2015,0.003719942067483,0.0044418194244081,0.0030784100155203
5,Prevalence,65,High-income Asia Pacific,2,Female,22,All ages,559,Schizophrenia,2,Percent,2015,0.0035601761633064,0.0042221335828558,0.0029807966707881
5,Prevalence,65,High-income Asia Pacific,3,Both,22,All ages,559,Schizophrenia,2,Percent,2015,0.0036375834325647,0.0043162773354441,0.0030257762563941
5,Prevalence,65,High-income Asia Pacific,1,Male,22,All ages,559,Schizophrenia,3,Rate,2015,348.25153674453003,414.89887579724,288.63553258047
5,Prevalence,65,High-income Asia Pacific,2,Female,22,All ages,559,Schizophrenia,3,Rate,2015,344.06109770009,408.29889030792,287.95437765398
5,Prevalence,65,High-income Asia Pacific,3,Both,22,All ages,559,Schizophrenia,3,Rate,2015,346.12476797303,410.83365350528,287.71353497688
5,Prevalence,65,High-income Asia Pacific,1,Male,27,Age-standardized,559,Schizophrenia,2,Percent,2015,0.0032403596007887,0.0039318256946716,0.0026525575740143
5,Prevalence,65,High-income Asia Pacific,2,Female,27,Age-standardized,559,Schizophrenia,2,Percent,2015,0.0030360282795396,0.003659084214627,0.0025095303979395
5,Prevalence,65,High-income Asia Pacific,3,Both,27,Age-standardized,559,Schizophrenia,2,Percent,2015,0.0031439409873897,0.0037958522677074,0.0025904829943984
5,Prevalence,65,High-income Asia Pacific,1,Male,27,Age-standardized,559,Schizophrenia,3,Rate,2015,288.08069755906996,350.36645518131,235.05961337343
5,Prevalence,65,High-income Asia Pacific,2,Female,27,Age-standardized,559,Schizophrenia,3,Rate,2015,281.68569935999,339.17322906093,232.52960956261
5,Prevalence,65,High-income Asia Pacific,3,Both,27,Age-standardized,559,Schizophrenia,3,Rate,2015,285.42120013914,343.88308353808003,234.98247774405
5,Prevalence,32,Central Asia,1,Male,22,All ages,559,Schizophrenia,1,Number,2015,97325.31843619148,124191.6634171613,74819.88953941027
5,Prevalence,32,Central Asia,2,Female,22,All ages,559,Schizophrenia,1,Number,2015,99516.3338197871,127176.0890612003,76793.72207833386
5,Prevalence,32,Central Asia,3,Both,22,All ages,559,Schizophrenia,1,Number,2015,196841.65225597867,250669.25122517985,152509.66142977326
5,Prevalence,32,Central Asia,1,Male,22,All ages,559,Schizophrenia,2,Percent,2015,0.0023646269778876,0.00301577596142,0.001813671610452
5,Prevalence,32,Central Asia,2,Female,22,All ages,559,Schizophrenia,2,Percent,2015,0.0023116496856152,0.0029574365129156,0.0017862763977272
5,Prevalence,32,Central Asia,3,Both,22,All ages,559,Schizophrenia,2,Percent,2015,0.0023375382836286,0.0029769521460622,0.0018135650225145
5,Prevalence,32,Central Asia,1,Male,22,All ages,559,Schizophrenia,3,Rate,2015,223.79161273138,285.56857650706,172.04221895647999
5,Prevalence,32,Central Asia,2,Female,22,All ages,559,Schizophrenia,3,Rate,2015,223.85861492803,286.07829545609,172.74487111588
5,Prevalence,32,Central Asia,3,Both,22,All ages,559,Schizophrenia,3,Rate,2015,223.82548171181,285.03198008546,173.41628686816
5,Prevalence,32,Central Asia,1,Male,27,Age-standardized,559,Schizophrenia,2,Percent,2015,0.0023008825113658,0.0029110092983826,0.0017960267082004
5,Prevalence,32,Central Asia,2,Female,27,Age-standardized,559,Schizophrenia,2,Percent,2015,0.0021932910617264,0.0027903943075525,0.0016996062608167
5,Prevalence,32,Central Asia,3,Both,27,Age-standardized,559,Schizophrenia,2,Percent,2015,0.0022461204333726,0.0028431981452127,0.0017532809295955
5,Prevalence,32,Central Asia,1,Male,27,Age-standardized,559,Schizophrenia,3,Rate,2015,218.26685674290002,276.45483991934003,170.47247576734
5,Prevalence,32,Central Asia,2,Female,27,Age-standardized,559,Schizophrenia,3,Rate,2015,212.06811954265999,269.57076115447,164.11599132618
5,Prevalence,32,Central Asia,3,Both,27,Age-standardized,559,Schizophrenia,3,Rate,2015,215.08263628735997,272.30329452503,167.88059585361
5,Prevalence,42,Central Europe,1,Male,22,All ages,559,Schizophrenia,1,Number,2015,158817.8894067747,194508.35504926427,128450.55374372512
5,Prevalence,42,Central Europe,2,Female,22,All ages,559,Schizophrenia,1,Number,2015,160228.7288899177,195816.11408485565,129391.18884192416
5,Prevalence,42,Central Europe,3,Both,22,All ages,559,Schizophrenia,1,Number,2015,319046.6182966924,389528.7889686708,258337.3358159564
5,Prevalence,42,Central Europe,1,Male,22,All ages,559,Schizophrenia,2,Percent,2015,0.0028832743287727,0.0035282153031287,0.0023333063876356
5,Prevalence,42,Central Europe,2,Female,22,All ages,559,Schizophrenia,2,Percent,2015,0.0027178612578204,0.0033240351431627,0.0021947531711003
5,Prevalence,42,Central Europe,3,Both,22,All ages,559,Schizophrenia,2,Percent,2015,0.002797758206428,0.0034207652804173,0.0022651748903314
5,Prevalence,42,Central Europe,1,Male,22,All ages,559,Schizophrenia,3,Rate,2015,277.22578953933,339.52555661043,224.21785298482
5,Prevalence,42,Central Europe,2,Female,22,All ages,559,Schizophrenia,3,Rate,2015,265.40458217732004,324.35190806502,214.32495064983001
5,Prevalence,42,Central Europe,3,Both,22,All ages,559,Schizophrenia,3,Rate,2015,271.16030125288,331.06366814768,219.56299107229
5,Prevalence,42,Central Europe,1,Male,27,Age-standardized,559,Schizophrenia,2,Percent,2015,0.0024088039888622,0.0029714748051836,0.0019210450751036
5,Prevalence,42,Central Europe,2,Female,27,Age-standardized,559,Schizophrenia,2,Percent,2015,0.0023126636254031,0.0028542721600064,0.0018348870043424
5,Prevalence,42,Central Europe,3,Both,27,Age-standardized,559,Schizophrenia,2,Percent,2015,0.0023606674822066,0.0029092974989242,0.0018803251928306
5,Prevalence,42,Central Europe,1,Male,27,Age-standardized,559,Schizophrenia,3,Rate,2015,226.02044318879,278.89857653489,180.89668483359
5,Prevalence,42,Central Europe,2,Female,27,Age-standardized,559,Schizophrenia,3,Rate,2015,220.87978680678998,272.78299989516,175.28548753949002
5,Prevalence,42,Central Europe,3,Both,27,Age-standardized,559,Schizophrenia,3,Rate,2015,223.43175310424002,275.3055135993,178.32161259064
5,Prevalence,70,Australasia,1,Male,22,All ages,559,Schizophrenia,1,Number,2015,66631.5582571967,71826.44976136665,62156.673219252654
5,Prevalence,70,Australasia,2,Female,22,All ages,559,Schizophrenia,1,Number,2015,55111.29757652715,61239.28441537457,49046.56933674139
5,Prevalence,70,Australasia,3,Both,22,All ages,559,Schizophrenia,1,Number,2015,121742.85583372384,132405.47277397948,111336.525654913
5,Prevalence,70,Australasia,1,Male,22,All ages,559,Schizophrenia,2,Percent,2015,0.0051817554443721,0.0056033768321829,0.0048254772738123
5,Prevalence,70,Australasia,2,Female,22,All ages,559,Schizophrenia,2,Percent,2015,0.0041125734936558,0.0045735018440842,0.0036584807795219
5,Prevalence,70,Australasia,3,Both,22,All ages,559,Schizophrenia,2,Percent,2015,0.0046361187886657,0.005049098031374,0.0042490570637009
5,Prevalence,70,Australasia,1,Male,22,All ages,559,Schizophrenia,3,Rate,2015,483.09252166530996,520.75655507783,450.64868343481
5,Prevalence,70,Australasia,2,Female,22,All ages,559,Schizophrenia,3,Rate,2015,390.12356068614,433.50254377194,347.19237453118
5,Prevalence,70,Australasia,3,Both,22,All ages,559,Schizophrenia,3,Rate,2015,436.05208772971,474.24288213501995,398.77924761930007
5,Prevalence,70,Australasia,1,Male,27,Age-standardized,559,Schizophrenia,2,Percent,2015,0.0048518762202061,0.0052808612432011,0.0045030008057183
5,Prevalence,70,Australasia,2,Female,27,Age-standardized,559,Schizophrenia,2,Percent,2015,0.0036320498688234,0.0040653631091798,0.0032384529049449
5,Prevalence,70,Australasia,3,Both,27,Age-standardized,559,Schizophrenia,2,Percent,2015,0.0042366895655079,0.0046336579321531,0.0038800327460401
5,Prevalence,70,Australasia,1,Male,27,Age-standardized,559,Schizophrenia,3,Rate,2015,439.96030013843995,475.83625191558,408.48970168229005
5,Prevalence,70,Australasia,2,Female,27,Age-standardized,559,Schizophrenia,3,Rate,2015,334.36234187068004,374.34854791238996,298.05971277931
5,Prevalence,70,Australasia,3,Both,27,Age-standardized,559,Schizophrenia,3,Rate,2015,387.07896543915996,422.46584222902004,355.76262304345
5,Prevalence,9,Southeast Asia,1,Male,22,All ages,559,Schizophrenia,1,Number,2015,1097091.4040762736,1338272.9873986212,885681.3643187681
5,Prevalence,9,Southeast Asia,2,Female,22,All ages,559,Schizophrenia,1,Number,2015,925811.7426765627,1129386.312248433,747868.952524749
5,Prevalence,9,Southeast Asia,3,Both,22,All ages,559,Schizophrenia,1,Number,2015,2022903.146752836,2471406.9182232586,1628534.82178966
5,Prevalence,9,Southeast Asia,1,Male,22,All ages,559,Schizophrenia,2,Percent,2015,0.0035043299239364,0.0042786049175523,0.0028303300644813
5,Prevalence,9,Southeast Asia,2,Female,22,All ages,559,Schizophrenia,2,Percent,2015,0.0028995526793328,0.003539791258977,0.0023394743057753
5,Prevalence,9,Southeast Asia,3,Both,22,All ages,559,Schizophrenia,2,Percent,2015,0.0031989613975926,0.003905785669465,0.002577135851323
5,Prevalence,9,Southeast Asia,1,Male,22,All ages,559,Schizophrenia,3,Rate,2015,335.26249843745,408.96569208322,270.65725418841
5,Prevalence,9,Southeast Asia,2,Female,22,All ages,559,Schizophrenia,3,Rate,2015,282.7967306197,344.98023948923,228.44265735336
5,Prevalence,9,Southeast Asia,3,Both,22,All ages,559,Schizophrenia,3,Rate,2015,309.0238621441,377.53844618064,248.77914747101
5,Prevalence,9,Southeast Asia,1,Male,27,Age-standardized,559,Schizophrenia,2,Percent,2015,0.0033270181660099,0.0040426857889161,0.0026967286219694
5,Prevalence,9,Southeast Asia,2,Female,27,Age-standardized,559,Schizophrenia,2,Percent,2015,0.0027228920079761,0.0033201568681477,0.0022012408378136
5,Prevalence,9,Southeast Asia,3,Both,27,Age-standardized,559,Schizophrenia,2,Percent,2015,0.0030204162505603,0.0036718336357567,0.0024387478640439
5,Prevalence,9,Southeast Asia,1,Male,27,Age-standardized,559,Schizophrenia,3,Rate,2015,318.07777857325,386.27032505625,257.36916724
5,Prevalence,9,Southeast Asia,2,Female,27,Age-standardized,559,Schizophrenia,3,Rate,2015,264.87136916136,322.54054769574,214.40269776605
5,Prevalence,9,Southeast Asia,3,Both,27,Age-standardized,559,Schizophrenia,3,Rate,2015,291.2426244797,354.65303615837996,235.02239900949
5,Prevalence,100,High-income North America,1,Male,22,All ages,559,Schizophrenia,1,Number,2015,713708.7180253791,826458.9419338892,613013.977869981
5,Prevalence,100,High-income North America,2,Female,22,All ages,559,Schizophrenia,1,Number,2015,721342.8752429044,833672.4228657964,619970.7917561765
5,Prevalence,100,High-income North America,3,Both,22,All ages,559,Schizophrenia,1,Number,2015,1435051.5932682813,1660569.009925987,1231817.8464612472
5,Prevalence,100,High-income North America,1,Male,22,All ages,559,Schizophrenia,2,Percent,2015,0.0043768439352514,0.0050835611813638,0.0037474883800166
5,Prevalence,100,High-income North America,2,Female,22,All ages,559,Schizophrenia,2,Percent,2015,0.0041627518650455,0.0048137809675323,0.0035856572108856
5,Prevalence,100,High-income North America,3,Both,22,All ages,559,Schizophrenia,2,Percent,2015,0.0042665402416408,0.0049446491644103,0.0036562722753433
5,Prevalence,100,High-income North America,1,Male,22,All ages,559,Schizophrenia,3,Rate,2015,405.93188466233005,470.06016239153,348.66033309722
5,Prevalence,100,High-income North America,2,Female,22,All ages,559,Schizophrenia,3,Rate,2015,397.65814589453,459.58259426708,341.7742713207
5,Prevalence,100,High-income North America,3,Both,22,All ages,559,Schizophrenia,3,Rate,2015,401.73041850333,464.86209028341,344.83686948963003
5,Prevalence,100,High-income North America,1,Male,27,Age-standardized,559,Schizophrenia,2,Percent,2015,0.0040111964300106,0.0046796270197287,0.0034075176100008
5,Prevalence,100,High-income North America,2,Female,27,Age-standardized,559,Schizophrenia,2,Percent,2015,0.0037638855456422,0.0043890369659191,0.0032199544699904
5,Prevalence,100,High-income North America,3,Both,27,Age-standardized,559,Schizophrenia,2,Percent,2015,0.0038882716999336,0.0045260798002867,0.0033146451039042
5,Prevalence,100,High-income North America,1,Male,27,Age-standardized,559,Schizophrenia,3,Rate,2015,360.633930051,418.96169061505003,306.66100104277
5,Prevalence,100,High-income North America,2,Female,27,Age-standardized,559,Schizophrenia,3,Rate,2015,349.5783559963,407.13245457842004,298.98947532386
5,Prevalence,100,High-income North America,3,Both,27,Age-standardized,559,Schizophrenia,3,Rate,2015,355.25901068091,413.22727827404,302.83046402118003
5,Prevalence,134,Tropical Latin America,1,Male,22,All ages,559,Schizophrenia,1,Number,2015,308896.05034068634,369992.5572128603,255539.89039643147
5,Prevalence,134,Tropical Latin America,2,Female,22,All ages,559,Schizophrenia,1,Number,2015,267184.805506368,318631.0362793689,221246.7808286631
5,Prevalence,134,Tropical Latin America,3,Both,22,All ages,559,Schizophrenia,1,Number,2015,576080.8558470539,690242.0237618526,476899.4259404538
5,Prevalence,134,Tropical Latin America,1,Male,22,All ages,559,Schizophrenia,2,Percent,2015,0.0030464708710689,0.0036557571889474,0.0025169379611958
5,Prevalence,134,Tropical Latin America,2,Female,22,All ages,559,Schizophrenia,2,Percent,2015,0.002484071961964,0.0029616567612735,0.0020576989008871
5,Prevalence,134,Tropical Latin America,3,Both,22,All ages,559,Schizophrenia,2,Percent,2015,0.0027569726759886,0.0033051129145195,0.0022799007948596
5,Prevalence,134,Tropical Latin America,1,Male,22,All ages,559,Schizophrenia,3,Rate,2015,293.31633338387,351.33133020414,242.65128544612003
5,Prevalence,134,Tropical Latin America,2,Female,22,All ages,559,Schizophrenia,3,Rate,2015,243.59636852303,290.50066372330997,201.71398689806
5,Prevalence,134,Tropical Latin America,3,Both,22,All ages,559,Schizophrenia,3,Rate,2015,267.95083329823,321.05028932527,221.81885977150998
5,Prevalence,134,Tropical Latin America,1,Male,27,Age-standardized,559,Schizophrenia,2,Percent,2015,0.0028135881141751,0.0033719187803378,0.0023376156227577
5,Prevalence,134,Tropical Latin America,2,Female,27,Age-standardized,559,Schizophrenia,2,Percent,2015,0.0022458958764558,0.0026783485004225,0.001862444183303
5,Prevalence,134,Tropical Latin America,3,Both,27,Age-standardized,559,Schizophrenia,2,Percent,2015,0.0025197248703122,0.0030148298668848,0.0020875509152484
5,Prevalence,134,Tropical Latin America,1,Male,27,Age-standardized,559,Schizophrenia,3,Rate,2015,269.54557847956,322.15814837809,223.68191024534002
5,Prevalence,134,Tropical Latin America,2,Female,27,Age-standardized,559,Schizophrenia,3,Rate,2015,219.01040133840002,261.23769414213,181.53429694782
5,Prevalence,134,Tropical Latin America,3,Both,27,Age-standardized,559,Schizophrenia,3,Rate,2015,243.52663285367998,291.32304280053,202.08180794524
5,Prevalence,56,Eastern Europe,1,Male,22,All ages,559,Schizophrenia,1,Number,2015,246794.6422182948,294085.1251585792,203693.7993351588
5,Prevalence,56,Eastern Europe,2,Female,22,All ages,559,Schizophrenia,1,Number,2015,282834.1195593053,335317.4142277381,235255.53345298636
5,Prevalence,56,Eastern Europe,3,Both,22,All ages,559,Schizophrenia,1,Number,2015,529628.7617776007,627850.9964503037,440518.1202391054
5,Prevalence,56,Eastern Europe,1,Male,22,All ages,559,Schizophrenia,2,Percent,2015,0.0026646936847543,0.0031832721098391,0.0021956401912535
5,Prevalence,56,Eastern Europe,2,Female,22,All ages,559,Schizophrenia,2,Percent,2015,0.0025784617156376,0.0030560943915171,0.0021443219951943
5,Prevalence,56,Eastern Europe,3,Both,22,All ages,559,Schizophrenia,2,Percent,2015,0.0026179353472601,0.0031006451461848,0.0021711942093419
5,Prevalence,56,Eastern Europe,1,Male,22,All ages,559,Schizophrenia,3,Rate,2015,252.36658049806,300.72475133382,208.29264016762
5,Prevalence,56,Eastern Europe,2,Female,22,All ages,559,Schizophrenia,3,Rate,2015,250.68361025658,297.2009887332,208.51340902831
5,Prevalence,56,Eastern Europe,3,Both,22,All ages,559,Schizophrenia,3,Rate,2015,251.46503356928002,298.10044939587,209.15575566932003
5,Prevalence,56,Eastern Europe,1,Male,27,Age-standardized,559,Schizophrenia,2,Percent,2015,0.0022370784284975,0.002689012774547,0.0018291314207499
5,Prevalence,56,Eastern Europe,2,Female,27,Age-standardized,559,Schizophrenia,2,Percent,2015,0.0021784328122448,0.002610850145781,0.0018029264181143
5,Prevalence,56,Eastern Europe,3,Both,27,Age-standardized,559,Schizophrenia,2,Percent,2015,0.002207968153614,0.0026452413145037,0.0018158769894344
5,Prevalence,56,Eastern Europe,1,Male,27,Age-standardized,559,Schizophrenia,3,Rate,2015,206.56203410948999,247.42877302167,168.94015509031
5,Prevalence,56,Eastern Europe,2,Female,27,Age-standardized,559,Schizophrenia,3,Rate,2015,206.76603490916,247.85596405254,170.86348342451
5,Prevalence,56,Eastern Europe,3,Both,27,Age-standardized,559,Schizophrenia,3,Rate,2015,206.66291204298003,247.33587371748,169.72038038458
5,Prevalence,96,Southern Latin America,1,Male,22,All ages,559,Schizophrenia,1,Number,2015,95221.61265768562,119820.81360747856,74531.69484193699
5,Prevalence,96,Southern Latin America,2,Female,22,All ages,559,Schizophrenia,1,Number,2015,98688.56398528328,123375.49986943536,78310.57710402568
5,Prevalence,96,Southern Latin America,3,Both,22,All ages,559,Schizophrenia,1,Number,2015,193910.17664296908,242914.25504996337,153597.06103695615
5,Prevalence,96,Southern Latin America,1,Male,22,All ages,559,Schizophrenia,2,Percent,2015,0.0031985520984909,0.0040332196821672,0.0025115329843516
5,Prevalence,96,Southern Latin America,2,Female,22,All ages,559,Schizophrenia,2,Percent,2015,0.0030989668460401,0.0038642708393847,0.0024608923940641
5,Prevalence,96,Southern Latin America,3,Both,22,All ages,559,Schizophrenia,2,Percent,2015,0.0031470719019364,0.0039368843146878,0.0024976633443838
5,Prevalence,96,Southern Latin America,1,Male,22,All ages,559,Schizophrenia,3,Rate,2015,302.97066161843,381.23898725409,237.14066867341998
5,Prevalence,96,Southern Latin America,2,Female,22,All ages,559,Schizophrenia,3,Rate,2015,299.11855460853,373.9430355938,237.35421499708
5,Prevalence,96,Southern Latin America,3,Both,22,All ages,559,Schizophrenia,3,Rate,2015,300.99785454122997,377.06463308599,238.42165809114
5,Prevalence,96,Southern Latin America,1,Male,27,Age-standardized,559,Schizophrenia,2,Percent,2015,0.0030171952136769,0.0038092729736832,0.0023688466542312
5,Prevalence,96,Southern Latin America,2,Female,27,Age-standardized,559,Schizophrenia,2,Percent,2015,0.0028861703207175,0.0036109183147633,0.0022881897474604
5,Prevalence,96,Southern Latin America,3,Both,27,Age-standardized,559,Schizophrenia,2,Percent,2015,0.0029533655767611,0.0037035077581389,0.0023399700420548
5,Prevalence,96,Southern Latin America,1,Male,27,Age-standardized,559,Schizophrenia,3,Rate,2015,283.67126493808,357.36656167833,221.96074823032998
5,Prevalence,96,Southern Latin America,2,Female,27,Age-standardized,559,Schizophrenia,3,Rate,2015,275.80189704807,346.24550473041,218.71428492465
5,Prevalence,96,Southern Latin America,3,Both,27,Age-standardized,559,Schizophrenia,3,Rate,2015,279.93137568978,351.90863210543,221.70615972762002
5,Prevalence,73,Western Europe,1,Male,22,All ages,559,Schizophrenia,1,Number,2015,681462.9747908425,800709.3965156721,577281.650589687
5,Prevalence,73,Western Europe,2,Female,22,All ages,559,Schizophrenia,1,Number,2015,678148.6330416567,797527.0264256606,576136.7424855588
5,Prevalence,73,Western Europe,3,Both,22,All ages,559,Schizophrenia,1,Number,2015,1359611.607832501,1597989.7584814993,1150536.369861173
5,Prevalence,73,Western Europe,1,Male,22,All ages,559,Schizophrenia,2,Percent,2015,0.0034530530968636,0.0040452909893942,0.0029305002408603
5,Prevalence,73,Western Europe,2,Female,22,All ages,559,Schizophrenia,2,Percent,2015,0.0031931744341221,0.0037551690687195,0.0027145416467562
5,Prevalence,73,Western Europe,3,Both,22,All ages,559,Schizophrenia,2,Percent,2015,0.0033183466684587,0.0039018107196235,0.0028097931463535
5,Prevalence,73,Western Europe,1,Male,22,All ages,559,Schizophrenia,3,Rate,2015,322.88388911281,379.38402167117,273.52174857785997
5,Prevalence,73,Western Europe,2,Female,22,All ages,559,Schizophrenia,3,Rate,2015,309.06440371957,363.47078333983,262.57276075095
5,Prevalence,73,Western Europe,3,Both,22,All ages,559,Schizophrenia,3,Rate,2015,315.83988053051,371.21549382208,267.27137920091
5,Prevalence,73,Western Europe,1,Male,27,Age-standardized,559,Schizophrenia,2,Percent,2015,0.0030251358305113,0.0035978819289955,0.0025190150039742
5,Prevalence,73,Western Europe,2,Female,27,Age-standardized,559,Schizophrenia,2,Percent,2015,0.0026840968847834,0.0031938353664545,0.0022293448044972
5,Prevalence,73,Western Europe,3,Both,27,Age-standardized,559,Schizophrenia,2,Percent,2015,0.0028552007215616,0.0033940298643992,0.0023792990418529
5,Prevalence,73,Western Europe,1,Male,27,Age-standardized,559,Schizophrenia,3,Rate,2015,271.00520814912,323.26036682283,226.72595257023
5,Prevalence,73,Western Europe,2,Female,27,Age-standardized,559,Schizophrenia,3,Rate,2015,252.27356147684998,300.54094315805,209.81109304177002
5,Prevalence,73,Western Europe,3,Both,27,Age-standardized,559,Schizophrenia,3,Rate,2015,261.93268953662,312.34797817013,217.94158987236
5,Prevalence,124,Central Latin America,1,Male,22,All ages,559,Schizophrenia,1,Number,2015,317097.89993832924,386510.66589507787,256980.95425786707
5,Prevalence,124,Central Latin America,2,Female,22,All ages,559,Schizophrenia,1,Number,2015,279357.4060411233,342251.2244207753,224481.71350399137
5,Prevalence,124,Central Latin America,3,Both,22,All ages,559,Schizophrenia,1,Number,2015,596455.305979452,731170.9532249344,481059.4121716325
5,Prevalence,124,Central Latin America,1,Male,22,All ages,559,Schizophrenia,2,Percent,2015,0.0028302979185751,0.003458843120649,0.0022918158892119
5,Prevalence,124,Central Latin America,2,Female,22,All ages,559,Schizophrenia,2,Percent,2015,0.0023262611136378,0.0028513576326107,0.0018701465714997
5,Prevalence,124,Central Latin America,3,Both,22,All ages,559,Schizophrenia,2,Percent,2015,0.0025695353194804,0.0031467410355224,0.0020739587075709
5,Prevalence,124,Central Latin America,1,Male,22,All ages,559,Schizophrenia,3,Rate,2015,266.5988875954,324.95741407125,216.05578766581
5,Prevalence,124,Central Latin America,2,Female,22,All ages,559,Schizophrenia,3,Rate,2015,225.49206518826,276.25877724714,181.19743411264
5,Prevalence,124,Central Latin America,3,Both,22,All ages,559,Schizophrenia,3,Rate,2015,245.62684391319,301.10422658865,198.1055478288
5,Prevalence,124,Central Latin America,1,Male,27,Age-standardized,559,Schizophrenia,2,Percent,2015,0.0028564169379975,0.0034636875899681,0.0023234609201579
5,Prevalence,124,Central Latin America,2,Female,27,Age-standardized,559,Schizophrenia,2,Percent,2015,0.0022716247570517,0.0027704210048485,0.0018369817640851
5,Prevalence,124,Central Latin America,3,Both,27,Age-standardized,559,Schizophrenia,2,Percent,2015,0.0025503415775966,0.0031095831363,0.0020666637655687
5,Prevalence,124,Central Latin America,1,Male,27,Age-standardized,559,Schizophrenia,3,Rate,2015,269.4344828829,325.89721092217,218.99831795889997
5,Prevalence,124,Central Latin America,2,Female,27,Age-standardized,559,Schizophrenia,3,Rate,2015,219.67375166553,267.92638116142,177.54597270029
5,Prevalence,124,Central Latin America,3,Both,27,Age-standardized,559,Schizophrenia,3,Rate,2015,243.57947071627,297.33721214472,197.11751810392
5,Prevalence,104,Caribbean,1,Male,22,All ages,559,Schizophrenia,1,Number,2015,58144.68898182604,72879.84017038555,46376.64383096657
5,Prevalence,104,Caribbean,2,Female,22,All ages,559,Schizophrenia,1,Number,2015,47609.14160429929,60002.211393490456,37459.13748097155
5,Prevalence,104,Caribbean,3,Both,22,All ages,559,Schizophrenia,1,Number,2015,105753.83058612527,132679.8584617269,83986.24774125621
5,Prevalence,104,Caribbean,1,Male,22,All ages,559,Schizophrenia,2,Percent,2015,0.0026550357179755,0.0033217377649076,0.0021152190076651
5,Prevalence,104,Caribbean,2,Female,22,All ages,559,Schizophrenia,2,Percent,2015,0.0021119437775949,0.0026628342524056,0.0016595526209898
5,Prevalence,104,Caribbean,3,Both,22,All ages,559,Schizophrenia,2,Percent,2015,0.0023795594361503,0.0029824057981774,0.0018874410093955
5,Prevalence,104,Caribbean,1,Male,22,All ages,559,Schizophrenia,3,Rate,2015,257.60684895656,322.89012646742,205.46917167637
5,Prevalence,104,Caribbean,2,Female,22,All ages,559,Schizophrenia,3,Rate,2015,206.94607536707,260.81592195955,162.82632341394998
5,Prevalence,104,Caribbean,3,Both,22,All ages,559,Schizophrenia,3,Rate,2015,232.03498756447001,291.11351463670997,184.27462950723
5,Prevalence,104,Caribbean,1,Male,27,Age-standardized,559,Schizophrenia,2,Percent,2015,0.0025544712548668,0.0031994198619395,0.002038568798582
5,Prevalence,104,Caribbean,2,Female,27,Age-standardized,559,Schizophrenia,2,Percent,2015,0.0019994140544089,0.0025235269685767,0.0015737236062623
5,Prevalence,104,Caribbean,3,Both,27,Age-standardized,559,Schizophrenia,2,Percent,2015,0.0022712805301386,0.0028497060371528,0.0018045707258443
5,Prevalence,104,Caribbean,1,Male,27,Age-standardized,559,Schizophrenia,3,Rate,2015,247.36615504113,310.15028686359,197.65818207643997
5,Prevalence,104,Caribbean,2,Female,27,Age-standardized,559,Schizophrenia,3,Rate,2015,195.26963523182002,246.51968492685,153.94068086081
5,Prevalence,104,Caribbean,3,Both,27,Age-standardized,559,Schizophrenia,3,Rate,2015,220.87906983252998,277.47519595053996,175.75928018300002
5,Prevalence,120,Andean Latin America,1,Male,22,All ages,559,Schizophrenia,1,Number,2015,76816.75090368524,98308.9453130094,59977.4732833967
5,Prevalence,120,Andean Latin America,2,Female,22,All ages,559,Schizophrenia,1,Number,2015,63317.61860531075,80650.85840240595,49124.079233223456
5,Prevalence,120,Andean Latin America,3,Both,22,All ages,559,Schizophrenia,1,Number,2015,140134.36950899597,178183.1553555689,109072.40003879306
5,Prevalence,120,Andean Latin America,1,Male,22,All ages,559,Schizophrenia,2,Percent,2015,0.0026932313953011,0.003455853884223,0.002096472131071
5,Prevalence,120,Andean Latin America,2,Female,22,All ages,559,Schizophrenia,2,Percent,2015,0.0021825922729707,0.0027792141587077,0.001692825330672
5,Prevalence,120,Andean Latin America,3,Both,22,All ages,559,Schizophrenia,2,Percent,2015,0.0024357435064876,0.0030977778248881,0.0018922707681078
5,Prevalence,120,Andean Latin America,1,Male,22,All ages,559,Schizophrenia,3,Rate,2015,259.02641554131003,331.4981878367,202.24429873768
5,Prevalence,120,Andean Latin America,2,Female,22,All ages,559,Schizophrenia,3,Rate,2015,213.42570185689,271.85112831218004,165.58331344989
5,Prevalence,120,Andean Latin America,3,Both,22,All ages,559,Schizophrenia,3,Rate,2015,236.22170184854,300.35977859188,183.86116162755
5,Prevalence,120,Andean Latin America,1,Male,27,Age-standardized,559,Schizophrenia,2,Percent,2015,0.0027611356129097,0.0035034187914949,0.0021647411623669
5,Prevalence,120,Andean Latin America,2,Female,27,Age-standardized,559,Schizophrenia,2,Percent,2015,0.0021773253013486,0.0027455834762017,0.0016989881973829
5,Prevalence,120,Andean Latin America,3,Both,27,Age-standardized,559,Schizophrenia,2,Percent,2015,0.0024630161097839,0.0031220153097063,0.0019283726338896
5,Prevalence,120,Andean Latin America,1,Male,27,Age-standardized,559,Schizophrenia,3,Rate,2015,266.09571119261,337.43894780749997,209.05201461557002
5,Prevalence,120,Andean Latin America,2,Female,27,Age-standardized,559,Schizophrenia,3,Rate,2015,212.84069784103997,268.51599123869,166.17716195530002
5,Prevalence,120,Andean Latin America,3,Both,27,Age-standardized,559,Schizophrenia,3,Rate,2015,239.04405992823,302.70879746707,187.51675810723998
5,Prevalence,199,Western Sub-Saharan Africa,1,Male,22,All ages,559,Schizophrenia,1,Number,2015,299173.31797227624,371358.48676156194,238496.5446663217
5,Prevalence,199,Western Sub-Saharan Africa,2,Female,22,All ages,559,Schizophrenia,1,Number,2015,413983.2263648429,514503.0464493744,331516.97420730867
5,Prevalence,199,Western Sub-Saharan Africa,3,Both,22,All ages,559,Schizophrenia,1,Number,2015,713156.5443371186,887904.9029964594,570526.0107953146
5,Prevalence,199,Western Sub-Saharan Africa,1,Male,22,All ages,559,Schizophrenia,2,Percent,2015,0.0015054462272576,0.0018691703852472,0.0011991398297559
5,Prevalence,199,Western Sub-Saharan Africa,2,Female,22,All ages,559,Schizophrenia,2,Percent,2015,0.0020026561921892,0.0024886648340025,0.0016024703325146
5,Prevalence,199,Western Sub-Saharan Africa,3,Both,22,All ages,559,Schizophrenia,2,Percent,2015,0.0017589498852648,0.002189069138945,0.0014064406271498
5,Prevalence,199,Western Sub-Saharan Africa,1,Male,22,All ages,559,Schizophrenia,3,Rate,2015,147.73818062408,183.38476026311,117.77469271973999
5,Prevalence,199,Western Sub-Saharan Africa,2,Female,22,All ages,559,Schizophrenia,3,Rate,2015,197.60065169821002,245.58032984049,158.23822314639
5,Prevalence,199,Western Sub-Saharan Africa,3,Both,22,All ages,559,Schizophrenia,3,Rate,2015,173.09315607774,215.50704845514002,138.47471304465998
5,Prevalence,199,Western Sub-Saharan Africa,1,Male,27,Age-standardized,559,Schizophrenia,2,Percent,2015,0.0020995595533684,0.0025574934527514,0.0017054502314435
5,Prevalence,199,Western Sub-Saharan Africa,2,Female,27,Age-standardized,559,Schizophrenia,2,Percent,2015,0.0026671378644666,0.0032448051337972,0.0021670550118315
5,Prevalence,199,Western Sub-Saharan Africa,3,Both,27,Age-standardized,559,Schizophrenia,2,Percent,2015,0.0023943600144838,0.0029158748480016,0.0019454789472869
5,Prevalence,199,Western Sub-Saharan Africa,1,Male,27,Age-standardized,559,Schizophrenia,3,Rate,2015,207.32869440955,252.46283846861,168.42130387486
5,Prevalence,199,Western Sub-Saharan Africa,2,Female,27,Age-standardized,559,Schizophrenia,3,Rate,2015,264.43379675349,321.69119215235,214.82286669245
5,Prevalence,199,Western Sub-Saharan Africa,3,Both,27,Age-standardized,559,Schizophrenia,3,Rate,2015,236.92630519797,288.45248941238,192.59461883579002
5,Prevalence,44636,Low-middle SDI,1,Male,22,All ages,559,Schizophrenia,1,Number,2015,2475286.235357257,2989273.839274377,1992205.465637692
5,Prevalence,44636,Low-middle SDI,2,Female,22,All ages,559,Schizophrenia,1,Number,2015,2065187.994015114,2493605.4226536537,1666864.3404970684
5,Prevalence,44636,Low-middle SDI,3,Both,22,All ages,559,Schizophrenia,1,Number,2015,4540474.229372372,5481761.701443927,3668095.4210997336
5,Prevalence,44636,Low-middle SDI,1,Male,22,All ages,559,Schizophrenia,2,Percent,2015,0.0028644645292236,0.0034616961108454,0.0023090514542076
5,Prevalence,44636,Low-middle SDI,2,Female,22,All ages,559,Schizophrenia,2,Percent,2015,0.002390036900792,0.0028899898475636,0.0019293384903305
5,Prevalence,44636,Low-middle SDI,3,Both,22,All ages,559,Schizophrenia,2,Percent,2015,0.0026272569115859,0.003175117925015,0.0021221650576996
5,Prevalence,44636,Low-middle SDI,1,Male,22,All ages,559,Schizophrenia,3,Rate,2015,276.46988603635,333.87823431109,222.51358658177
5,Prevalence,44636,Low-middle SDI,2,Female,22,All ages,559,Schizophrenia,3,Rate,2015,234.42152437902,283.05160889580003,189.20741393265
5,Prevalence,44636,Low-middle SDI,3,Both,22,All ages,559,Schizophrenia,3,Rate,2015,255.61551126640998,308.60726196631,206.50311819256
5,Prevalence,44636,Low-middle SDI,1,Male,27,Age-standardized,559,Schizophrenia,2,Percent,2015,0.003088429169116,0.0037025046619141,0.0025207481716099
5,Prevalence,44636,Low-middle SDI,2,Female,27,Age-standardized,559,Schizophrenia,2,Percent,2015,0.0025322495037995,0.00303886306963,0.0020692942593845
5,Prevalence,44636,Low-middle SDI,3,Both,27,Age-standardized,559,Schizophrenia,2,Percent,2015,0.0028079132910845,0.003365209989921,0.0022931503441049
5,Prevalence,44636,Low-middle SDI,1,Male,27,Age-standardized,559,Schizophrenia,3,Rate,2015,299.48894005521,358.98665064531997,244.11240006948
5,Prevalence,44636,Low-middle SDI,2,Female,27,Age-standardized,559,Schizophrenia,3,Rate,2015,248.84075112611,298.6863942002,203.18159835665
5,Prevalence,44636,Low-middle SDI,3,Both,27,Age-standardized,559,Schizophrenia,3,Rate,2015,274.07586102869,328.16329685326997,223.57921711634998
5,Prevalence,44635,High SDI,1,Male,22,All ages,559,Schizophrenia,1,Number,2015,1936077.030507258,2277780.6185118123,1619705.7911241984
5,Prevalence,44635,High SDI,2,Female,22,All ages,559,Schizophrenia,1,Number,2015,1877394.6920757112,2198340.816774905,1581454.7343217134
5,Prevalence,44635,High SDI,3,Both,22,All ages,559,Schizophrenia,1,Number,2015,3813471.722582969,4473515.927096466,3192227.9319793163
5,Prevalence,44635,High SDI,1,Male,22,All ages,559,Schizophrenia,2,Percent,2015,0.0039011157824769,0.0045934628579725,0.0032632782969938
5,Prevalence,44635,High SDI,2,Female,22,All ages,559,Schizophrenia,2,Percent,2015,0.003650013786102,0.0042727478108467,0.0030765782822884
5,Prevalence,44635,High SDI,3,Both,22,All ages,559,Schizophrenia,2,Percent,2015,0.0037733181132196,0.0044244296385508,0.003163904365672
5,Prevalence,44635,High SDI,1,Male,22,All ages,559,Schizophrenia,3,Rate,2015,365.12098252834,429.56219422589,305.45714893749
5,Prevalence,44635,High SDI,2,Female,22,All ages,559,Schizophrenia,3,Rate,2015,351.78020826264003,411.91806582894,296.32792621915
5,Prevalence,44635,High SDI,3,Both,22,All ages,559,Schizophrenia,3,Rate,2015,358.42910540854,420.46681565374,300.03825520555
5,Prevalence,44635,High SDI,1,Male,27,Age-standardized,559,Schizophrenia,2,Percent,2015,0.0034103957822065,0.0040304633466415,0.0028489103681148
5,Prevalence,44635,High SDI,2,Female,27,Age-standardized,559,Schizophrenia,2,Percent,2015,0.0031664851120204,0.0037412507437206,0.0026498534504978
5,Prevalence,44635,High SDI,3,Both,27,Age-standardized,559,Schizophrenia,2,Percent,2015,0.0032927326315331,0.003893851302981,0.002745869559852
5,Prevalence,44635,High SDI,1,Male,27,Age-standardized,559,Schizophrenia,3,Rate,2015,307.46137802571,362.88333977772004,256.72438594341
5,Prevalence,44635,High SDI,2,Female,27,Age-standardized,559,Schizophrenia,3,Rate,2015,296.29802449085,349.78338665467,247.37423793253
5,Prevalence,44635,High SDI,3,Both,27,Age-standardized,559,Schizophrenia,3,Rate,2015,302.31625089048,356.89719983863,251.99709153339
5,Prevalence,44637,Low SDI,1,Male,22,All ages,559,Schizophrenia,1,Number,2015,895546.2949220479,1100325.468856041,714113.7025847342
5,Prevalence,44637,Low SDI,2,Female,22,All ages,559,Schizophrenia,1,Number,2015,881115.4688480255,1096295.7227572338,705015.5501261109
5,Prevalence,44637,Low SDI,3,Both,22,All ages,559,Schizophrenia,1,Number,2015,1776661.763770072,2193483.1538044885,1425402.211393489
5,Prevalence,44637,Low SDI,1,Male,22,All ages,559,Schizophrenia,2,Percent,2015,0.0018795688350715,0.0023102218478183,0.0014984261683576
5,Prevalence,44637,Low SDI,2,Female,22,All ages,559,Schizophrenia,2,Percent,2015,0.0018495897781969,0.0023002296946889,0.0014795940901272
5,Prevalence,44637,Low SDI,3,Both,22,All ages,559,Schizophrenia,2,Percent,2015,0.0018645805487165,0.0023023798699817,0.0014955510847613
5,Prevalence,44637,Low SDI,1,Male,22,All ages,559,Schizophrenia,3,Rate,2015,184.11674680953,226.21761365791,146.81573975297
5,Prevalence,44637,Low SDI,2,Female,22,All ages,559,Schizophrenia,3,Rate,2015,182.3115026494,226.83442480619,145.87468825479
5,Prevalence,44637,Low SDI,3,Both,22,All ages,559,Schizophrenia,3,Rate,2015,183.21700948247,226.20142560925,146.99361229401
5,Prevalence,44637,Low SDI,1,Male,27,Age-standardized,559,Schizophrenia,2,Percent,2015,0.0025277967229164,0.0030763102589086,0.002052438557219
5,Prevalence,44637,Low SDI,2,Female,27,Age-standardized,559,Schizophrenia,2,Percent,2015,0.0024198935139513,0.0029413925213269,0.0019658154395219
5,Prevalence,44637,Low SDI,3,Both,27,Age-standardized,559,Schizophrenia,2,Percent,2015,0.0024733978832521,0.0030133343855767,0.0020111811172795
5,Prevalence,44637,Low SDI,1,Male,27,Age-standardized,559,Schizophrenia,3,Rate,2015,249.11042718934,303.08358907177,202.21694317415998
5,Prevalence,44637,Low SDI,2,Female,27,Age-standardized,559,Schizophrenia,3,Rate,2015,239.64838077363,291.48901369353,194.64808882383
5,Prevalence,44637,Low SDI,3,Both,27,Age-standardized,559,Schizophrenia,3,Rate,2015,244.34918636823,297.61933367286,198.66047838637
5,Prevalence,44634,High-middle SDI,1,Male,22,All ages,559,Schizophrenia,1,Number,2015,2201071.9513576077,2531299.926135623,1894769.0453165064
5,Prevalence,44634,High-middle SDI,2,Female,22,All ages,559,Schizophrenia,1,Number,2015,2057599.7205803464,2360010.458415932,1778075.7645975268
5,Prevalence,44634,High-middle SDI,3,Both,22,All ages,559,Schizophrenia,1,Number,2015,4258671.6719379565,4884245.961067857,3676004.0233319546
5,Prevalence,44634,High-middle SDI,1,Male,22,All ages,559,Schizophrenia,2,Percent,2015,0.0036780371520151,0.004243431408128,0.0031685716823294
5,Prevalence,44634,High-middle SDI,2,Female,22,All ages,559,Schizophrenia,2,Percent,2015,0.0033351719502063,0.0038289180106501,0.0028823566962922
5,Prevalence,44634,High-middle SDI,3,Both,22,All ages,559,Schizophrenia,2,Percent,2015,0.003503992501002,0.0040252935415924,0.0030248159494097
5,Prevalence,44634,High-middle SDI,1,Male,22,All ages,559,Schizophrenia,3,Rate,2015,348.38993024653996,400.65905349234,299.90771320491
5,Prevalence,44634,High-middle SDI,2,Female,22,All ages,559,Schizophrenia,3,Rate,2015,323.88991381132996,371.49284981170996,279.88962108873
5,Prevalence,44634,High-middle SDI,3,Both,22,All ages,559,Schizophrenia,3,Rate,2015,336.10614710978,385.47820023983996,290.12040472233
5,Prevalence,44634,High-middle SDI,1,Male,27,Age-standardized,559,Schizophrenia,2,Percent,2015,0.0031124836768764,0.0035916507888265,0.0026758619167655
5,Prevalence,44634,High-middle SDI,2,Female,27,Age-standardized,559,Schizophrenia,2,Percent,2015,0.00280839381632,0.0032346266214075,0.0024128563781194
5,Prevalence,44634,High-middle SDI,3,Both,27,Age-standardized,559,Schizophrenia,2,Percent,2015,0.0029603793261365,0.0034119882430063,0.0025467892534141
5,Prevalence,44634,High-middle SDI,1,Male,27,Age-standardized,559,Schizophrenia,3,Rate,2015,288.09251286235997,331.60557344606,247.09943337808002
5,Prevalence,44634,High-middle SDI,2,Female,27,Age-standardized,559,Schizophrenia,3,Rate,2015,267.34846136028,307.62077544174997,229.58968761098998
5,Prevalence,44634,High-middle SDI,3,Both,27,Age-standardized,559,Schizophrenia,3,Rate,2015,277.76250418986,319.83947680786,238.45154924118
5,Prevalence,174,Eastern Sub-Saharan Africa,1,Male,22,All ages,559,Schizophrenia,1,Number,2015,275843.6363937625,346015.083525495,216787.5841955985
5,Prevalence,174,Eastern Sub-Saharan Africa,2,Female,22,All ages,559,Schizophrenia,1,Number,2015,310069.0658607208,389862.4096737719,244531.2323692665
5,Prevalence,174,Eastern Sub-Saharan Africa,3,Both,22,All ages,559,Schizophrenia,1,Number,2015,585912.7022544837,733362.537285937,462181.01992701855
5,Prevalence,174,Eastern Sub-Saharan Africa,1,Male,22,All ages,559,Schizophrenia,2,Percent,2015,0.0015336887948343,0.0019210409731972,0.0012050773230766
5,Prevalence,174,Eastern Sub-Saharan Africa,2,Female,22,All ages,559,Schizophrenia,2,Percent,2015,0.0016858597695616,0.0021203744150789,0.0013286488778627
5,Prevalence,174,Eastern Sub-Saharan Africa,3,Both,22,All ages,559,Schizophrenia,2,Percent,2015,0.0016106248624154,0.0020153414470365,0.001269645991086
5,Prevalence,174,Eastern Sub-Saharan Africa,1,Male,22,All ages,559,Schizophrenia,3,Rate,2015,149.85246423966,187.97320688005001,117.77017636868999
5,Prevalence,174,Eastern Sub-Saharan Africa,2,Female,22,All ages,559,Schizophrenia,3,Rate,2015,166.02313786746,208.7476234075,130.9316116132
5,Prevalence,174,Eastern Sub-Saharan Africa,3,Both,22,All ages,559,Schizophrenia,3,Rate,2015,157.99635796171,197.75746371582997,124.63105439858
5,Prevalence,174,Eastern Sub-Saharan Africa,1,Male,27,Age-standardized,559,Schizophrenia,2,Percent,2015,0.0021189420052081,0.0026006810211392,0.0017049862041392
5,Prevalence,174,Eastern Sub-Saharan Africa,2,Female,27,Age-standardized,559,Schizophrenia,2,Percent,2015,0.0022564631931177,0.0027817304650884,0.0018250804098465
5,Prevalence,174,Eastern Sub-Saharan Africa,3,Both,27,Age-standardized,559,Schizophrenia,2,Percent,2015,0.0021896821335882,0.0026907788480262,0.0017689085245978
5,Prevalence,174,Eastern Sub-Saharan Africa,1,Male,27,Age-standardized,559,Schizophrenia,3,Rate,2015,208.60790421389999,256.19266474829004,167.86090826006
5,Prevalence,174,Eastern Sub-Saharan Africa,2,Female,27,Age-standardized,559,Schizophrenia,3,Rate,2015,223.37772673308,275.37625923364,180.58245070325
5,Prevalence,174,Eastern Sub-Saharan Africa,3,Both,27,Age-standardized,559,Schizophrenia,3,Rate,2015,216.17378080362,265.52714403276,174.57376771149
5,Prevalence,138,North Africa and Middle East,1,Male,22,All ages,559,Schizophrenia,1,Number,2015,756792.989164686,945679.8372029236,591581.5637302907
5,Prevalence,138,North Africa and Middle East,2,Female,22,All ages,559,Schizophrenia,1,Number,2015,633684.7767808057,792084.1333935151,496256.737540925
5,Prevalence,138,North Africa and Middle East,3,Both,22,All ages,559,Schizophrenia,1,Number,2015,1390477.7659454923,1738514.965321584,1090064.2944031677
5,Prevalence,138,North Africa and Middle East,1,Male,22,All ages,559,Schizophrenia,2,Percent,2015,0.0027198639139203,0.0033965950965971,0.0021261181000682
5,Prevalence,138,North Africa and Middle East,2,Female,22,All ages,559,Schizophrenia,2,Percent,2015,0.0023922150747177,0.0029846463261836,0.0018753505956804
5,Prevalence,138,North Africa and Middle East,3,Both,22,All ages,559,Schizophrenia,2,Percent,2015,0.00256006551042,0.0031960401570205,0.0020070077779668
5,Prevalence,138,North Africa and Middle East,1,Male,22,All ages,559,Schizophrenia,3,Rate,2015,257.37323415183005,321.61064076683,201.18746143502
5,Prevalence,138,North Africa and Middle East,2,Female,22,All ages,559,Schizophrenia,3,Rate,2015,231.84109979999002,289.79338521114005,181.56141985787
5,Prevalence,138,North Africa and Middle East,3,Both,22,All ages,559,Schizophrenia,3,Rate,2015,245.07332345401997,306.41528463147,192.12509969643
5,Prevalence,138,North Africa and Middle East,1,Male,27,Age-standardized,559,Schizophrenia,2,Percent,2015,0.0026826269571018,0.003300229182292,0.0021179729019024
5,Prevalence,138,North Africa and Middle East,2,Female,27,Age-standardized,559,Schizophrenia,2,Percent,2015,0.0024083678009828,0.002976125393821,0.0019082676698231
5,Prevalence,138,North Africa and Middle East,3,Both,27,Age-standardized,559,Schizophrenia,2,Percent,2015,0.0025497064426269,0.003151093448847,0.0020228239192619
5,Prevalence,138,North Africa and Middle East,1,Male,27,Age-standardized,559,Schizophrenia,3,Rate,2015,254.99216822353998,314.169244807,201.59452908241
5,Prevalence,138,North Africa and Middle East,2,Female,27,Age-standardized,559,Schizophrenia,3,Rate,2015,234.09591575079,289.68089659731,185.41267366721002
5,Prevalence,138,North Africa and Middle East,3,Both,27,Age-standardized,559,Schizophrenia,3,Rate,2015,245.00500346764,303.03167412691,194.43788474723002
5,Prevalence,159,South Asia,1,Male,22,All ages,559,Schizophrenia,1,Number,2015,2776059.919569315,3306851.0011943653,2272391.1270219386
5,Prevalence,159,South Asia,2,Female,22,All ages,559,Schizophrenia,1,Number,2015,2102775.0956943315,2506635.233856333,1736524.01319191
5,Prevalence,159,South Asia,3,Both,22,All ages,559,Schizophrenia,1,Number,2015,4878835.015263649,5817433.565705846,4005210.284265929
5,Prevalence,159,South Asia,1,Male,22,All ages,559,Schizophrenia,2,Percent,2015,0.0032586304242964,0.0038857508086552,0.0026698633157976
5,Prevalence,159,South Asia,2,Female,22,All ages,559,Schizophrenia,2,Percent,2015,0.0025452020466966,0.0030377720330297,0.0021032860778807
5,Prevalence,159,South Asia,3,Both,22,All ages,559,Schizophrenia,2,Percent,2015,0.0029073860255777,0.0034694332751621,0.0023872839078037
5,Prevalence,159,South Asia,1,Male,22,All ages,559,Schizophrenia,3,Rate,2015,316.59687033406,377.13115277484,259.15576026242996
5,Prevalence,159,South Asia,2,Female,22,All ages,559,Schizophrenia,3,Rate,2015,250.86774410191998,299.04954062446,207.17282730819997
5,Prevalence,159,South Asia,3,Both,22,All ages,559,Schizophrenia,3,Rate,2015,284.47280620703003,339.20016688039,233.53390828954
5,Prevalence,159,South Asia,1,Male,27,Age-standardized,559,Schizophrenia,2,Percent,2015,0.0033929461155705,0.0040314834723997,0.0028050880156277
5,Prevalence,159,South Asia,2,Female,27,Age-standardized,559,Schizophrenia,2,Percent,2015,0.0026200776950877,0.0031037216253711,0.002174395223683
5,Prevalence,159,South Asia,3,Both,27,Age-standardized,559,Schizophrenia,2,Percent,2015,0.0030097056311208,0.0035685335856104,0.0024973836927394
5,Prevalence,159,South Asia,1,Male,27,Age-standardized,559,Schizophrenia,3,Rate,2015,330.57223064972,392.53651642049,273.36932725505
5,Prevalence,159,South Asia,2,Female,27,Age-standardized,559,Schizophrenia,3,Rate,2015,258.38374112262,306.01811141743,214.46264068330998
5,Prevalence,159,South Asia,3,Both,27,Age-standardized,559,Schizophrenia,3,Rate,2015,294.96505365453,349.62151449828997,244.56806366822
5,Prevalence,167,Central Sub-Saharan Africa,1,Male,22,All ages,559,Schizophrenia,1,Number,2015,88085.74015765579,113270.9305742945,66753.75398257331
5,Prevalence,167,Central Sub-Saharan Africa,2,Female,22,All ages,559,Schizophrenia,1,Number,2015,95497.85292194237,122965.68404711016,73544.0603874217
5,Prevalence,167,Central Sub-Saharan Africa,3,Both,22,All ages,559,Schizophrenia,1,Number,2015,183583.59307959815,236726.55529058757,142659.5222716243
5,Prevalence,167,Central Sub-Saharan Africa,1,Male,22,All ages,559,Schizophrenia,2,Percent,2015,0.0015337383676613,0.0019700373931917,0.0011631385041018
5,Prevalence,167,Central Sub-Saharan Africa,2,Female,22,All ages,559,Schizophrenia,2,Percent,2015,0.0016506688606555,0.0021254201144025,0.0012698316345055
5,Prevalence,167,Central Sub-Saharan Africa,3,Both,22,All ages,559,Schizophrenia,2,Percent,2015,0.001592417556552,0.0020527058990508,0.0012385511197986
5,Prevalence,167,Central Sub-Saharan Africa,1,Male,22,All ages,559,Schizophrenia,3,Rate,2015,151.54811199426,194.87825886056,114.84725412402
5,Prevalence,167,Central Sub-Saharan Africa,2,Female,22,All ages,559,Schizophrenia,3,Rate,2015,163.73159537707002,210.82534328937,126.09169703095
5,Prevalence,167,Central Sub-Saharan Africa,3,Both,22,All ages,559,Schizophrenia,3,Rate,2015,157.65041607452,203.28635751925,122.50731487406
5,Prevalence,167,Central Sub-Saharan Africa,1,Male,27,Age-standardized,559,Schizophrenia,2,Percent,2015,0.0020689364733034,0.0026275649891304,0.0015958015530325
5,Prevalence,167,Central Sub-Saharan Africa,2,Female,27,Age-standardized,559,Schizophrenia,2,Percent,2015,0.0022005072863254,0.0027969519370334,0.001758263332721
5,Prevalence,167,Central Sub-Saharan Africa,3,Both,27,Age-standardized,559,Schizophrenia,2,Percent,2015,0.0021357102368016,0.0027051908485404,0.0016783208540272
5,Prevalence,167,Central Sub-Saharan Africa,1,Male,27,Age-standardized,559,Schizophrenia,3,Rate,2015,205.29128800555,260.68144230277,158.35784090090002
5,Prevalence,167,Central Sub-Saharan Africa,2,Female,27,Age-standardized,559,Schizophrenia,3,Rate,2015,218.93184060471,278.15406213837,174.87423711978002
5,Prevalence,167,Central Sub-Saharan Africa,3,Both,27,Age-standardized,559,Schizophrenia,3,Rate,2015,212.19953513521,268.73443034078,166.63168097235
5,Prevalence,44639,Middle SDI,1,Male,22,All ages,559,Schizophrenia,1,Number,2015,3746296.13323034,4452808.782325338,3091702.385907345
5,Prevalence,44639,Middle SDI,2,Female,22,All ages,559,Schizophrenia,1,Number,2015,3302457.661647484,3920426.9945652727,2734156.7927657785
5,Prevalence,44639,Middle SDI,3,Both,22,All ages,559,Schizophrenia,1,Number,2015,7048753.794877819,8381114.161356042,5825859.178673124
5,Prevalence,44639,Middle SDI,1,Male,22,All ages,559,Schizophrenia,2,Percent,2015,0.0033696676531926,0.0040142801947923,0.0027837118913711
5,Prevalence,44639,Middle SDI,2,Female,22,All ages,559,Schizophrenia,2,Percent,2015,0.0029539711580044,0.0035056337592212,0.0024476932036041
5,Prevalence,44639,Middle SDI,3,Both,22,All ages,559,Schizophrenia,2,Percent,2015,0.0031612398892447,0.0037590819165527,0.0026142846202183
5,Prevalence,44639,Middle SDI,1,Male,22,All ages,559,Schizophrenia,3,Rate,2015,321.28830472018,381.87995130082,265.14930559186
5,Prevalence,44639,Middle SDI,2,Female,22,All ages,559,Schizophrenia,3,Rate,2015,287.82966649821,341.68952640361,238.29872126899
5,Prevalence,44639,Middle SDI,3,Both,22,All ages,559,Schizophrenia,3,Rate,2015,304.69391067025,362.28736652046,251.83229090141
5,Prevalence,44639,Middle SDI,1,Male,27,Age-standardized,559,Schizophrenia,2,Percent,2015,0.0031037562501073,0.0036910885206014,0.0025770198999018
5,Prevalence,44639,Middle SDI,2,Female,27,Age-standardized,559,Schizophrenia,2,Percent,2015,0.0026737915538316,0.0031711762724464,0.0022229473268433
5,Prevalence,44639,Middle SDI,3,Both,27,Age-standardized,559,Schizophrenia,2,Percent,2015,0.0028874269497968,0.0034305061466852,0.0023984574308928
5,Prevalence,44639,Middle SDI,1,Male,27,Age-standardized,559,Schizophrenia,3,Rate,2015,294.47084430757997,349.43112033977997,244.16819247616
5,Prevalence,44639,Middle SDI,2,Female,27,Age-standardized,559,Schizophrenia,3,Rate,2015,259.03381555075,307.28966096588,215.09401390019
5,Prevalence,44639,Middle SDI,3,Both,27,Age-standardized,559,Schizophrenia,3,Rate,2015,276.75496646424,328.64977636355,229.72013301076998
5,Prevalence,192,Southern Sub-Saharan Africa,1,Male,22,All ages,559,Schizophrenia,1,Number,2015,76410.51512246867,92868.4896318131,61623.32010539132
5,Prevalence,192,Southern Sub-Saharan Africa,2,Female,22,All ages,559,Schizophrenia,1,Number,2015,87733.20838971071,106291.3303764695,70893.65322198714
5,Prevalence,192,Southern Sub-Saharan Africa,3,Both,22,All ages,559,Schizophrenia,1,Number,2015,164143.723512179,199096.88384199425,132195.637902982
5,Prevalence,192,Southern Sub-Saharan Africa,1,Male,22,All ages,559,Schizophrenia,2,Percent,2015,0.0021659866719987,0.0026341778088088,0.0017475972681254
5,Prevalence,192,Southern Sub-Saharan Africa,2,Female,22,All ages,559,Schizophrenia,2,Percent,2015,0.0023169832508541,0.0028100591812686,0.0018733894797946
5,Prevalence,192,Southern Sub-Saharan Africa,3,Both,22,All ages,559,Schizophrenia,2,Percent,2015,0.0022441538776853,0.0027233436137578,0.0018097865323957
5,Prevalence,192,Southern Sub-Saharan Africa,1,Male,22,All ages,559,Schizophrenia,3,Rate,2015,208.34362220774,253.21851956949,168.02433150263002
5,Prevalence,192,Southern Sub-Saharan Africa,2,Female,22,All ages,559,Schizophrenia,3,Rate,2015,227.16193105494,275.21327791256,183.56035828429
5,Prevalence,192,Southern Sub-Saharan Africa,3,Both,22,All ages,559,Schizophrenia,3,Rate,2015,217.99597637042,264.41656529269,175.56636671784
5,Prevalence,192,Southern Sub-Saharan Africa,1,Male,27,Age-standardized,559,Schizophrenia,2,Percent,2015,0.0022585011541259,0.0027155484391986,0.0018482509666599
5,Prevalence,192,Southern Sub-Saharan Africa,2,Female,27,Age-standardized,559,Schizophrenia,2,Percent,2015,0.0023656823239198,0.002860864225645,0.0019213057011137
5,Prevalence,192,Southern Sub-Saharan Africa,3,Both,27,Age-standardized,559,Schizophrenia,2,Percent,2015,0.0023157876406775,0.0027933240366903,0.0018924908883765
5,Prevalence,192,Southern Sub-Saharan Africa,1,Male,27,Age-standardized,559,Schizophrenia,3,Rate,2015,218.31983481883998,262.32722240769,178.42610129942
5,Prevalence,192,Southern Sub-Saharan Africa,2,Female,27,Age-standardized,559,Schizophrenia,3,Rate,2015,232.2132417608,281.1528954982,188.53517306376
5,Prevalence,192,Southern Sub-Saharan Africa,3,Both,27,Age-standardized,559,Schizophrenia,3,Rate,2015,225.58117677449002,272.09964776945003,184.20938658545
6,Incidence,42,Central Europe,1,Male,22,All ages,559,Schizophrenia,1,Number,2015,7230.807416249479,8961.986200598945,5738.613541204566
6,Incidence,42,Central Europe,2,Female,22,All ages,559,Schizophrenia,1,Number,2015,6562.870700990598,8124.95191284178,5237.462257341616
6,Incidence,42,Central Europe,3,Both,22,All ages,559,Schizophrenia,1,Number,2015,13793.67811724008,17076.59299609391,11000.22425793645
6,Incidence,42,Central Europe,1,Male,22,All ages,559,Schizophrenia,2,Percent,2015,3.85033557843e-05,4.78680522353e-05,3.03824825013e-05
6,Incidence,42,Central Europe,2,Female,22,All ages,559,Schizophrenia,2,Percent,2015,3.08290026221e-05,3.82751173704e-05,2.4499280078e-05
6,Incidence,42,Central Europe,3,Both,22,All ages,559,Schizophrenia,2,Percent,2015,3.44256163108e-05,4.2776186805e-05,2.73225991614e-05
6,Incidence,42,Central Europe,1,Male,22,All ages,559,Schizophrenia,3,Rate,2015,12.62179155298,15.64366400776,10.01708104649
6,Incidence,42,Central Europe,2,Female,22,All ages,559,Schizophrenia,3,Rate,2015,10.870809300849999,13.45825734609,8.67538856302
6,Incidence,42,Central Europe,3,Both,22,All ages,559,Schizophrenia,3,Rate,2015,11.72335859137,14.513534498230001,9.34917956365
6,Incidence,42,Central Europe,1,Male,27,Age-standardized,559,Schizophrenia,2,Percent,2015,3.86414052234e-05,4.80567987333e-05,2.9849747564e-05
6,Incidence,42,Central Europe,2,Female,27,Age-standardized,559,Schizophrenia,2,Percent,2015,3.45385536791e-05,4.31585845483e-05,2.64613410431e-05
6,Incidence,42,Central Europe,3,Both,27,Age-standardized,559,Schizophrenia,2,Percent,2015,3.65300685134e-05,4.56258286491e-05,2.8124751633e-05
6,Incidence,42,Central Europe,1,Male,27,Age-standardized,559,Schizophrenia,3,Rate,2015,12.90105855675,16.08855902144,10.148700399420001
6,Incidence,42,Central Europe,2,Female,27,Age-standardized,559,Schizophrenia,3,Rate,2015,12.248590901819998,15.2396438619,9.617008257710001
6,Incidence,42,Central Europe,3,Both,27,Age-standardized,559,Schizophrenia,3,Rate,2015,12.57788115507,15.696792052540001,9.901535597039999
6,Incidence,1,Global,1,Male,22,All ages,559,Schizophrenia,1,Number,2015,638276.4464333126,768909.8009913287,525814.2388334966
6,Incidence,1,Global,2,Female,22,All ages,559,Schizophrenia,1,Number,2015,547388.124035966,662810.9056948281,448977.4411553677
6,Incidence,1,Global,3,Both,22,All ages,559,Schizophrenia,1,Number,2015,1185664.570469279,1431720.7066861566,974644.0502485866
6,Incidence,1,Global,1,Male,22,All ages,559,Schizophrenia,2,Percent,2015,4.0341195834e-05,4.85857825386e-05,3.27618591571e-05
6,Incidence,1,Global,2,Female,22,All ages,559,Schizophrenia,2,Percent,2015,3.26209246381e-05,3.93173296454e-05,2.64493730988e-05
6,Incidence,1,Global,3,Both,22,All ages,559,Schizophrenia,2,Percent,2015,3.63674051618e-05,4.37899194351e-05,2.95257744728e-05
6,Incidence,1,Global,1,Male,22,All ages,559,Schizophrenia,3,Rate,2015,17.19133325024,20.70981108905,14.16227695385
6,Incidence,1,Global,2,Female,22,All ages,559,Schizophrenia,3,Rate,2015,14.860016269339999,17.993413465929997,12.1884487207
6,Incidence,1,Global,3,Both,22,All ages,559,Schizophrenia,3,Rate,2015,16.03026868242,19.35696501184,13.177256354230002
6,Incidence,1,Global,1,Male,27,Age-standardized,559,Schizophrenia,2,Percent,2015,3.83771558571e-05,4.63016302605e-05,3.12741441364e-05
6,Incidence,1,Global,2,Female,27,Age-standardized,559,Schizophrenia,2,Percent,2015,3.13434001667e-05,3.78593292695e-05,2.54387804863e-05
6,Incidence,1,Global,3,Both,27,Age-standardized,559,Schizophrenia,2,Percent,2015,3.47678661739e-05,4.19664285899e-05,2.82927073851e-05
6,Incidence,1,Global,1,Male,27,Age-standardized,559,Schizophrenia,3,Rate,2015,16.50029358283,19.84979794575,13.612038995679999
6,Incidence,1,Global,2,Female,27,Age-standardized,559,Schizophrenia,3,Rate,2015,14.420432981900001,17.42781015599,11.86224296454
6,Incidence,1,Global,3,Both,27,Age-standardized,559,Schizophrenia,3,Rate,2015,15.46965051129,18.66345933153,12.746397874049999
6,Incidence,5,East Asia,1,Male,22,All ages,559,Schizophrenia,1,Number,2015,140312.84353670978,164344.5226810451,120197.52838268712
6,Incidence,5,East Asia,2,Female,22,All ages,559,Schizophrenia,1,Number,2015,121454.35235422784,142477.67912420508,103170.4358536413
6,Incidence,5,East Asia,3,Both,22,All ages,559,Schizophrenia,1,Number,2015,261767.19589093784,307255.33164243563,224022.38299892857
6,Incidence,5,East Asia,1,Male,22,All ages,559,Schizophrenia,2,Percent,2015,6.26555215848e-05,7.37238702292e-05,5.25588626276e-05
6,Incidence,5,East Asia,2,Female,22,All ages,559,Schizophrenia,2,Percent,2015,5.41431896785e-05,6.36978776865e-05,4.55106113023e-05
6,Incidence,5,East Asia,3,Both,22,All ages,559,Schizophrenia,2,Percent,2015,5.83951563141e-05,6.8379128755e-05,4.88429974338e-05
6,Incidence,5,East Asia,1,Male,22,All ages,559,Schizophrenia,3,Rate,2015,19.27808249123,22.57988068211,16.51436753041
6,Incidence,5,East Asia,2,Female,22,All ages,559,Schizophrenia,3,Rate,2015,17.37619469571,20.38395367697,14.76035683765
6,Incidence,5,East Asia,3,Both,22,All ages,559,Schizophrenia,3,Rate,2015,18.34637753558,21.53448714208,15.70097124252
6,Incidence,5,East Asia,1,Male,27,Age-standardized,559,Schizophrenia,2,Percent,2015,5.75434757688e-05,6.77179195013e-05,4.85784713885e-05
6,Incidence,5,East Asia,2,Female,27,Age-standardized,559,Schizophrenia,2,Percent,2015,5.1092658907e-05,5.96880256754e-05,4.3241721433e-05
6,Incidence,5,East Asia,3,Both,27,Age-standardized,559,Schizophrenia,2,Percent,2015,5.43223083823e-05,6.38760715565e-05,4.59503608049e-05
6,Incidence,5,East Asia,1,Male,27,Age-standardized,559,Schizophrenia,3,Rate,2015,18.436929340160003,21.36900648334,15.927206228440001
6,Incidence,5,East Asia,2,Female,27,Age-standardized,559,Schizophrenia,3,Rate,2015,16.97875668325,19.596778174449998,14.62959524668
6,Incidence,5,East Asia,3,Both,27,Age-standardized,559,Schizophrenia,3,Rate,2015,17.71919110867,20.51407230745,15.27362612389
6,Incidence,21,Oceania,1,Male,22,All ages,559,Schizophrenia,1,Number,2015,1201.3112108219466,1543.3575063545072,924.6140856957976
6,Incidence,21,Oceania,2,Female,22,All ages,559,Schizophrenia,1,Number,2015,968.7892046606104,1221.7934232893415,748.5563501837
6,Incidence,21,Oceania,3,Both,22,All ages,559,Schizophrenia,1,Number,2015,2170.100415482554,2766.883861811423,1671.6890023114263
6,Incidence,21,Oceania,1,Male,22,All ages,559,Schizophrenia,2,Percent,2015,3.7274800795e-05,4.7704624525e-05,2.82328827018e-05
6,Incidence,21,Oceania,2,Female,22,All ages,559,Schizophrenia,2,Percent,2015,3.02878494874e-05,3.8741178502e-05,2.298832275e-05
6,Incidence,21,Oceania,3,Both,22,All ages,559,Schizophrenia,2,Percent,2015,3.3793175391e-05,4.30063228576e-05,2.56535050571e-05
6,Incidence,21,Oceania,1,Male,22,All ages,559,Schizophrenia,3,Rate,2015,19.27413465927,24.762010157650003,14.83473743941
6,Incidence,21,Oceania,2,Female,22,All ages,559,Schizophrenia,3,Rate,2015,16.61911479188,20.95928098283,12.841125656690002
6,Incidence,21,Oceania,3,Both,22,All ages,559,Schizophrenia,3,Rate,2015,17.9910209158,22.938600017909998,13.85898624355
6,Incidence,21,Oceania,1,Male,27,Age-standardized,559,Schizophrenia,2,Percent,2015,3.75095009424e-05,4.73224119898e-05,2.88449691591e-05
6,Incidence,21,Oceania,2,Female,27,Age-standardized,559,Schizophrenia,2,Percent,2015,2.93513013171e-05,3.72082781041e-05,2.26645240311e-05
6,Incidence,21,Oceania,3,Both,27,Age-standardized,559,Schizophrenia,2,Percent,2015,3.33654370487e-05,4.21162636242e-05,2.57879871787e-05
6,Incidence,21,Oceania,1,Male,27,Age-standardized,559,Schizophrenia,3,Rate,2015,18.4710627365,23.242739320229997,14.46210889758
6,Incidence,21,Oceania,2,Female,27,Age-standardized,559,Schizophrenia,3,Rate,2015,15.460575121649999,19.35557428064,12.24385822555
6,Incidence,21,Oceania,3,Both,27,Age-standardized,559,Schizophrenia,3,Rate,2015,16.99442420723,21.354373167640002,13.399648968470002
6,Incidence,9,Southeast Asia,1,Male,22,All ages,559,Schizophrenia,1,Number,2015,68303.3259846704,82564.43141616273,55609.89526231191
6,Incidence,9,Southeast Asia,2,Female,22,All ages,559,Schizophrenia,1,Number,2015,55391.02381418007,67399.83951646723,44998.70381968359
6,Incidence,9,Southeast Asia,3,Both,22,All ages,559,Schizophrenia,1,Number,2015,123694.34979885072,149961.69557750414,100699.91495471164
6,Incidence,9,Southeast Asia,1,Male,22,All ages,559,Schizophrenia,2,Percent,2015,4.5309836734e-05,5.50851576455e-05,3.59863299585e-05
6,Incidence,9,Southeast Asia,2,Female,22,All ages,559,Schizophrenia,2,Percent,2015,3.65833138314e-05,4.47411824606e-05,2.91449556836e-05
6,Incidence,9,Southeast Asia,3,Both,22,All ages,559,Schizophrenia,2,Percent,2015,4.09366713819e-05,4.97711129286e-05,3.25029673322e-05
6,Incidence,9,Southeast Asia,1,Male,22,All ages,559,Schizophrenia,3,Rate,2015,20.87295884018,25.23104041814,16.99394631497
6,Incidence,9,Southeast Asia,2,Female,22,All ages,559,Schizophrenia,3,Rate,2015,16.91963897005,20.58782944839,13.74522025994
6,Incidence,9,Southeast Asia,3,Both,22,All ages,559,Schizophrenia,3,Rate,2015,18.89586546029,22.90853243044,15.38317674122
6,Incidence,9,Southeast Asia,1,Male,27,Age-standardized,559,Schizophrenia,2,Percent,2015,4.12333181433e-05,5.02126992396e-05,3.28948631875e-05
6,Incidence,9,Southeast Asia,2,Female,27,Age-standardized,559,Schizophrenia,2,Percent,2015,3.35235524274e-05,4.09060212079e-05,2.67760822794e-05
6,Incidence,9,Southeast Asia,3,Both,27,Age-standardized,559,Schizophrenia,2,Percent,2015,3.73622134691e-05,4.53691138937e-05,2.97953001689e-05
6,Incidence,9,Southeast Asia,1,Male,27,Age-standardized,559,Schizophrenia,3,Rate,2015,19.19792618858,23.19540782274,15.66359859853
6,Incidence,9,Southeast Asia,2,Female,27,Age-standardized,559,Schizophrenia,3,Rate,2015,15.75172097696,19.1614816792,12.84041524545
6,Incidence,9,Southeast Asia,3,Both,27,Age-standardized,559,Schizophrenia,3,Rate,2015,17.48258402081,21.18891409765,14.2414931066
6,Incidence,32,Central Asia,1,Male,22,All ages,559,Schizophrenia,1,Number,2015,6256.717944329051,7976.162565873474,4696.971619678942
6,Incidence,32,Central Asia,2,Female,22,All ages,559,Schizophrenia,1,Number,2015,5905.610862020301,7622.809742469792,4499.25454444493
6,Incidence,32,Central Asia,3,Both,22,All ages,559,Schizophrenia,1,Number,2015,12162.328806349366,15549.105730724572,9207.636720745671
6,Incidence,32,Central Asia,1,Male,22,All ages,559,Schizophrenia,2,Percent,2015,4.67107039342e-05,6.0123964004e-05,3.50143985509e-05
6,Incidence,32,Central Asia,2,Female,22,All ages,559,Schizophrenia,2,Percent,2015,4.02506376624e-05,5.23320434202e-05,3.03025965731e-05
6,Incidence,32,Central Asia,3,Both,22,All ages,559,Schizophrenia,2,Percent,2015,4.3332644593e-05,5.56641384195e-05,3.26083258631e-05
6,Incidence,32,Central Asia,1,Male,22,All ages,559,Schizophrenia,3,Rate,2015,14.38681138335,18.3405337142,10.80030222979
6,Incidence,32,Central Asia,2,Female,22,All ages,559,Schizophrenia,3,Rate,2015,13.28447117304,17.14725176571,10.12092037425
6,Incidence,32,Central Asia,3,Both,22,All ages,559,Schizophrenia,3,Rate,2015,13.82958877158,17.68063842423,10.46985585026
6,Incidence,32,Central Asia,1,Male,27,Age-standardized,559,Schizophrenia,2,Percent,2015,4.13055601528e-05,5.28482618892e-05,3.10680484395e-05
6,Incidence,32,Central Asia,2,Female,27,Age-standardized,559,Schizophrenia,2,Percent,2015,3.65493246186e-05,4.69887649409e-05,2.76918470676e-05
6,Incidence,32,Central Asia,3,Both,27,Age-standardized,559,Schizophrenia,2,Percent,2015,3.88282958878e-05,4.9380342492e-05,2.92651736683e-05
6,Incidence,32,Central Asia,1,Male,27,Age-standardized,559,Schizophrenia,3,Rate,2015,12.81049794971,16.02119061524,9.71730013068
6,Incidence,32,Central Asia,2,Female,27,Age-standardized,559,Schizophrenia,3,Rate,2015,12.06132238983,15.420254715750001,9.25370293353
6,Incidence,32,Central Asia,3,Both,27,Age-standardized,559,Schizophrenia,3,Rate,2015,12.43099368278,15.69097556375,9.51339239684
6,Incidence,56,Eastern Europe,1,Male,22,All ages,559,Schizophrenia,1,Number,2015,12147.59029133218,14888.276784693331,9985.606178365191
6,Incidence,56,Eastern Europe,2,Female,22,All ages,559,Schizophrenia,1,Number,2015,11818.517703670135,14523.283572510009,9588.145633958771
6,Incidence,56,Eastern Europe,3,Both,22,All ages,559,Schizophrenia,1,Number,2015,23966.10799500231,29417.66605691441,19584.843662370866
6,Incidence,56,Eastern Europe,1,Male,22,All ages,559,Schizophrenia,2,Percent,2015,3.14841738258e-05,3.8759184979e-05,2.52680674739e-05
6,Incidence,56,Eastern Europe,2,Female,22,All ages,559,Schizophrenia,2,Percent,2015,2.44814211797e-05,2.99157195625e-05,1.95969312287e-05
6,Incidence,56,Eastern Europe,3,Both,22,All ages,559,Schizophrenia,2,Percent,2015,2.75916352558e-05,3.37530443579e-05,2.21745735467e-05
6,Incidence,56,Eastern Europe,1,Male,22,All ages,559,Schizophrenia,3,Rate,2015,12.42184917613,15.224412766370001,10.21105346041
6,Incidence,56,Eastern Europe,2,Female,22,All ages,559,Schizophrenia,3,Rate,2015,10.475075250649999,12.8723831637,8.49823552735
6,Incidence,56,Eastern Europe,3,Both,22,All ages,559,Schizophrenia,3,Rate,2015,11.37898578479,13.967357735070001,9.29878383583
6,Incidence,56,Eastern Europe,1,Male,27,Age-standardized,559,Schizophrenia,2,Percent,2015,2.98191247826e-05,3.60862389798e-05,2.39919782036e-05
6,Incidence,56,Eastern Europe,2,Female,27,Age-standardized,559,Schizophrenia,2,Percent,2015,2.65557220404e-05,3.1981843797e-05,2.13757182671e-05
6,Incidence,56,Eastern Europe,3,Both,27,Age-standardized,559,Schizophrenia,2,Percent,2015,2.80662868583e-05,3.39284593103e-05,2.25966362941e-05
6,Incidence,56,Eastern Europe,1,Male,27,Age-standardized,559,Schizophrenia,3,Rate,2015,11.98815120097,14.5386364532,9.87878759888
6,Incidence,56,Eastern Europe,2,Female,27,Age-standardized,559,Schizophrenia,3,Rate,2015,11.61661143448,14.113103787010001,9.44120326354
6,Incidence,56,Eastern Europe,3,Both,27,Age-standardized,559,Schizophrenia,3,Rate,2015,11.79317825409,14.34054140378,9.7038503033
6,Incidence,73,Western Europe,1,Male,22,All ages,559,Schizophrenia,1,Number,2015,29906.34594980108,36381.51120964363,25049.6610070561
6,Incidence,73,Western Europe,2,Female,22,All ages,559,Schizophrenia,1,Number,2015,25342.536754342687,30804.04312281307,21152.93943033743
6,Incidence,73,Western Europe,3,Both,22,All ages,559,Schizophrenia,1,Number,2015,55248.882704143885,67013.71099898379,46141.507833493306
6,Incidence,73,Western Europe,1,Male,22,All ages,559,Schizophrenia,2,Percent,2015,3.65814950575e-05,4.44252095135e-05,3.02651414606e-05
6,Incidence,73,Western Europe,2,Female,22,All ages,559,Schizophrenia,2,Percent,2015,2.5831839039e-05,3.10299506869e-05,2.11836379024e-05
6,Incidence,73,Western Europe,3,Both,22,All ages,559,Schizophrenia,2,Percent,2015,3.07176106619e-05,3.72079976895e-05,2.53797255149e-05
6,Incidence,73,Western Europe,1,Male,22,All ages,559,Schizophrenia,3,Rate,2015,14.16992213317,17.23791939654,11.86877683178
6,Incidence,73,Western Europe,2,Female,22,All ages,559,Schizophrenia,3,Rate,2015,11.549792522010002,14.03885926482,9.640394883099999
6,Incidence,73,Western Europe,3,Both,22,All ages,559,Schizophrenia,3,Rate,2015,12.834400951120001,15.56738877036,10.71874367479
6,Incidence,73,Western Europe,1,Male,27,Age-standardized,559,Schizophrenia,2,Percent,2015,3.80014155131e-05,4.65000727286e-05,3.08536117215e-05
6,Incidence,73,Western Europe,2,Female,27,Age-standardized,559,Schizophrenia,2,Percent,2015,2.79597349103e-05,3.39267116274e-05,2.25570191063e-05
6,Incidence,73,Western Europe,3,Both,27,Age-standardized,559,Schizophrenia,2,Percent,2015,3.26843200809e-05,3.96253996504e-05,2.64837243981e-05
6,Incidence,73,Western Europe,1,Male,27,Age-standardized,559,Schizophrenia,3,Rate,2015,15.427211363500001,18.65170169905,12.744653563810001
6,Incidence,73,Western Europe,2,Female,27,Age-standardized,559,Schizophrenia,3,Rate,2015,13.05286615238,15.7169255412,10.7743129367
6,Incidence,73,Western Europe,3,Both,27,Age-standardized,559,Schizophrenia,3,Rate,2015,14.25711674441,17.16140955344,11.75131913001
6,Incidence,96,Southern Latin America,1,Male,22,All ages,559,Schizophrenia,1,Number,2015,5245.333999075011,6700.254113271992,4075.462798517754
6,Incidence,96,Southern Latin America,2,Female,22,All ages,559,Schizophrenia,1,Number,2015,4903.757160835854,6223.838289466694,3751.61394240015
6,Incidence,96,Southern Latin America,3,Both,22,All ages,559,Schizophrenia,1,Number,2015,10149.091159910851,12867.144742689865,7783.288017431229
6,Incidence,96,Southern Latin America,1,Male,22,All ages,559,Schizophrenia,2,Percent,2015,3.81868481647e-05,4.91360763017e-05,2.87683344324e-05
6,Incidence,96,Southern Latin America,2,Female,22,All ages,559,Schizophrenia,2,Percent,2015,3.06376811742e-05,3.91375848505e-05,2.32359345053e-05
6,Incidence,96,Southern Latin America,3,Both,22,All ages,559,Schizophrenia,2,Percent,2015,3.41229713879e-05,4.3701432092e-05,2.58062601335e-05
6,Incidence,96,Southern Latin America,1,Male,22,All ages,559,Schizophrenia,3,Rate,2015,16.68930264626,21.31848395602,12.967073608660002
6,Incidence,96,Southern Latin America,2,Female,22,All ages,559,Schizophrenia,3,Rate,2015,14.86296582772,18.86404501275,11.37089541668
6,Incidence,96,Southern Latin America,3,Both,22,All ages,559,Schizophrenia,3,Rate,2015,15.753967726510002,19.97307737361,12.08164024746
6,Incidence,96,Southern Latin America,1,Male,27,Age-standardized,559,Schizophrenia,2,Percent,2015,3.55369342618e-05,4.54861078462e-05,2.68468707901e-05
6,Incidence,96,Southern Latin America,2,Female,27,Age-standardized,559,Schizophrenia,2,Percent,2015,2.94032537057e-05,3.77177188689e-05,2.22249126318e-05
6,Incidence,96,Southern Latin America,3,Both,27,Age-standardized,559,Schizophrenia,2,Percent,2015,3.22814711703e-05,4.13367363217e-05,2.44274141343e-05
6,Incidence,96,Southern Latin America,1,Male,27,Age-standardized,559,Schizophrenia,3,Rate,2015,15.895297914839999,20.233994084720003,12.37124412474
6,Incidence,96,Southern Latin America,2,Female,27,Age-standardized,559,Schizophrenia,3,Rate,2015,14.61214619573,18.55649869389,11.195356014969999
6,Incidence,96,Southern Latin America,3,Both,27,Age-standardized,559,Schizophrenia,3,Rate,2015,15.25325159534,19.31276721839,11.65787139885
6,Incidence,100,High-income North America,1,Male,22,All ages,559,Schizophrenia,1,Number,2015,29188.64448239925,34836.776751078905,24352.48192079116
6,Incidence,100,High-income North America,2,Female,22,All ages,559,Schizophrenia,1,Number,2015,26308.13278559967,31324.26302236236,21962.28563471968
6,Incidence,100,High-income North America,3,Both,22,All ages,559,Schizophrenia,1,Number,2015,55496.77726799893,66163.33476739281,46391.75918653487
6,Incidence,100,High-income North America,1,Male,22,All ages,559,Schizophrenia,2,Percent,2015,3.84615973931e-05,4.60082803288e-05,3.16652082839e-05
6,Incidence,100,High-income North America,2,Female,22,All ages,559,Schizophrenia,2,Percent,2015,3.00945920965e-05,3.62715146315e-05,2.47783054594e-05
6,Incidence,100,High-income North America,3,Both,22,All ages,559,Schizophrenia,2,Percent,2015,3.39823756491e-05,4.06730532836e-05,2.80762567179e-05
6,Incidence,100,High-income North America,1,Male,22,All ages,559,Schizophrenia,3,Rate,2015,16.60145261817,19.81390738963,13.850817052730001
6,Incidence,100,High-income North America,2,Female,22,All ages,559,Schizophrenia,3,Rate,2015,14.503010516239998,17.26827668574,12.10725451771
6,Incidence,100,High-income North America,3,Both,22,All ages,559,Schizophrenia,3,Rate,2015,15.53584809218,18.52185962537,12.98697616206
6,Incidence,100,High-income North America,1,Male,27,Age-standardized,559,Schizophrenia,2,Percent,2015,3.98481778102e-05,4.78689871637e-05,3.25524629729e-05
6,Incidence,100,High-income North America,2,Female,27,Age-standardized,559,Schizophrenia,2,Percent,2015,3.27856108305e-05,3.92549959143e-05,2.67960711437e-05
6,Incidence,100,High-income North America,3,Both,27,Age-standardized,559,Schizophrenia,2,Percent,2015,3.61481032158e-05,4.31847469868e-05,2.9589089304e-05
6,Incidence,100,High-income North America,1,Male,27,Age-standardized,559,Schizophrenia,3,Rate,2015,17.76862470123,21.212946402940002,14.71982758322
6,Incidence,100,High-income North America,2,Female,27,Age-standardized,559,Schizophrenia,3,Rate,2015,16.354797072260002,19.432801599039998,13.52618837486
6,Incidence,100,High-income North America,3,Both,27,Age-standardized,559,Schizophrenia,3,Rate,2015,17.06960711883,20.31474085508,14.10194825492
6,Incidence,70,Australasia,1,Male,22,All ages,559,Schizophrenia,1,Number,2015,2921.3477614250423,3247.7525172660125,2603.432577321808
6,Incidence,70,Australasia,2,Female,22,All ages,559,Schizophrenia,1,Number,2015,2262.6899477681086,2635.155986968133,1946.870032575233
6,Incidence,70,Australasia,3,Both,22,All ages,559,Schizophrenia,1,Number,2015,5184.037709193158,5850.706693890517,4573.119361560632
6,Incidence,70,Australasia,1,Male,22,All ages,559,Schizophrenia,2,Percent,2015,5.09430660552e-05,5.81095942115e-05,4.46332852422e-05
6,Incidence,70,Australasia,2,Female,22,All ages,559,Schizophrenia,2,Percent,2015,3.41441128263e-05,3.9691052599e-05,2.91076316126e-05
6,Incidence,70,Australasia,3,Both,22,All ages,559,Schizophrenia,2,Percent,2015,4.19354420752e-05,4.78350804852e-05,3.65249981641e-05
6,Incidence,70,Australasia,1,Male,22,All ages,559,Schizophrenia,3,Rate,2015,21.180372989029998,23.54687469944,18.87542242235
6,Incidence,70,Australasia,2,Female,22,All ages,559,Schizophrenia,3,Rate,2015,16.01719970258,18.65382384023,13.78156390251
6,Incidence,70,Australasia,3,Both,22,All ages,559,Schizophrenia,3,Rate,2015,18.56791062179,20.95575014315,16.37975576792
6,Incidence,70,Australasia,1,Male,27,Age-standardized,559,Schizophrenia,2,Percent,2015,5.4419279198e-05,6.16853133576e-05,4.80307361215e-05
6,Incidence,70,Australasia,2,Female,27,Age-standardized,559,Schizophrenia,2,Percent,2015,3.54288967769e-05,4.11190846206e-05,3.05118446034e-05
6,Incidence,70,Australasia,3,Both,27,Age-standardized,559,Schizophrenia,2,Percent,2015,4.45221620155e-05,5.05233784874e-05,3.89846080665e-05
6,Incidence,70,Australasia,1,Male,27,Age-standardized,559,Schizophrenia,3,Rate,2015,23.25408079391,25.82444596669,20.89933995605
6,Incidence,70,Australasia,2,Female,27,Age-standardized,559,Schizophrenia,3,Rate,2015,17.11558180603,19.77988056959,14.8660989756
6,Incidence,70,Australasia,3,Both,27,Age-standardized,559,Schizophrenia,3,Rate,2015,20.27128153577,22.65719280705,18.02757168302
6,Incidence,104,Caribbean,1,Male,22,All ages,559,Schizophrenia,1,Number,2015,3314.4129087326446,4159.302629075174,2593.842431418884
6,Incidence,104,Caribbean,2,Female,22,All ages,559,Schizophrenia,1,Number,2015,2520.7761264797746,3189.4505924205696,1956.3358778923
6,Incidence,104,Caribbean,3,Both,22,All ages,559,Schizophrenia,1,Number,2015,5835.189035212416,7337.680302274467,4559.885791657395
6,Incidence,104,Caribbean,1,Male,22,All ages,559,Schizophrenia,2,Percent,2015,3.45920282081e-05,4.36174056191e-05,2.67472148914e-05
6,Incidence,104,Caribbean,2,Female,22,All ages,559,Schizophrenia,2,Percent,2015,2.40938924514e-05,3.05946278518e-05,1.85439859983e-05
6,Incidence,104,Caribbean,3,Both,22,All ages,559,Schizophrenia,2,Percent,2015,2.91118512588e-05,3.67659834077e-05,2.24795514943e-05
6,Incidence,104,Caribbean,1,Male,22,All ages,559,Schizophrenia,3,Rate,2015,14.68432423512,18.42756170675,11.491876337259999
6,Incidence,104,Caribbean,2,Female,22,All ages,559,Schizophrenia,3,Rate,2015,10.957238645250001,13.86381397431,8.50374567545
6,Incidence,104,Caribbean,3,Both,22,All ages,559,Schizophrenia,3,Rate,2015,12.80301628525,16.099639589920002,10.004867314010001
6,Incidence,104,Caribbean,1,Male,27,Age-standardized,559,Schizophrenia,2,Percent,2015,3.25596010118e-05,4.10225756887e-05,2.51983293082e-05
6,Incidence,104,Caribbean,2,Female,27,Age-standardized,559,Schizophrenia,2,Percent,2015,2.28640717463e-05,2.90036621569e-05,1.75443329814e-05
6,Incidence,104,Caribbean,3,Both,27,Age-standardized,559,Schizophrenia,2,Percent,2015,2.75050998139e-05,3.4580354519e-05,2.11420982434e-05
6,Incidence,104,Caribbean,1,Male,27,Age-standardized,559,Schizophrenia,3,Rate,2015,14.011445992450001,17.55065046412,11.01497825874
6,Incidence,104,Caribbean,2,Female,27,Age-standardized,559,Schizophrenia,3,Rate,2015,10.53893981797,13.311443316920002,8.20619565334
6,Incidence,104,Caribbean,3,Both,27,Age-standardized,559,Schizophrenia,3,Rate,2015,12.263782325529998,15.424945189530002,9.5887800717
6,Incidence,138,North Africa and Middle East,1,Male,22,All ages,559,Schizophrenia,1,Number,2015,48281.88398294471,60676.880418793946,37585.69472123647
6,Incidence,138,North Africa and Middle East,2,Female,22,All ages,559,Schizophrenia,1,Number,2015,39931.31422484032,50633.38615141432,30685.897119361587
6,Incidence,138,North Africa and Middle East,3,Both,22,All ages,559,Schizophrenia,1,Number,2015,88213.19820778497,111252.8437749855,68470.82522391384
6,Incidence,138,North Africa and Middle East,1,Male,22,All ages,559,Schizophrenia,2,Percent,2015,4.26492489149e-05,5.3716924514e-05,3.28625004771e-05
6,Incidence,138,North Africa and Middle East,2,Female,22,All ages,559,Schizophrenia,2,Percent,2015,3.41151406452e-05,4.30040739294e-05,2.6347412522e-05
6,Incidence,138,North Africa and Middle East,3,Both,22,All ages,559,Schizophrenia,2,Percent,2015,3.83104477435e-05,4.82258375238e-05,2.94710966631e-05
6,Incidence,138,North Africa and Middle East,1,Male,22,All ages,559,Schizophrenia,3,Rate,2015,16.419899245299998,20.63523998665,12.78229574896
6,Incidence,138,North Africa and Middle East,2,Female,22,All ages,559,Schizophrenia,3,Rate,2015,14.6093454436,18.52482553167,11.226799817789999
6,Incidence,138,North Africa and Middle East,3,Both,22,All ages,559,Schizophrenia,3,Rate,2015,15.547678781170001,19.60844310883,12.068062581240001
6,Incidence,138,North Africa and Middle East,1,Male,27,Age-standardized,559,Schizophrenia,2,Percent,2015,3.88534677385e-05,4.87166617983e-05,2.99342928587e-05
6,Incidence,138,North Africa and Middle East,2,Female,27,Age-standardized,559,Schizophrenia,2,Percent,2015,3.13326024581e-05,3.9476646033e-05,2.42214437969e-05
6,Incidence,138,North Africa and Middle East,3,Both,27,Age-standardized,559,Schizophrenia,2,Percent,2015,3.50561967052e-05,4.42353648706e-05,2.69932058179e-05
6,Incidence,138,North Africa and Middle East,1,Male,27,Age-standardized,559,Schizophrenia,3,Rate,2015,14.84835417926,18.5378296542,11.694378356449999
6,Incidence,138,North Africa and Middle East,2,Female,27,Age-standardized,559,Schizophrenia,3,Rate,2015,13.285169294300001,16.72036692761,10.35175024276
6,Incidence,138,North Africa and Middle East,3,Both,27,Age-standardized,559,Schizophrenia,3,Rate,2015,14.099119092099999,17.65526589357,11.05498432736
6,Incidence,65,High-income Asia Pacific,1,Male,22,All ages,559,Schizophrenia,1,Number,2015,13229.09128809301,15980.478806243926,10826.708500800554
6,Incidence,65,High-income Asia Pacific,2,Female,22,All ages,559,Schizophrenia,1,Number,2015,12398.34947680483,15193.94128278789,10226.958866838158
6,Incidence,65,High-income Asia Pacific,3,Both,22,All ages,559,Schizophrenia,1,Number,2015,25627.440764897856,31191.934192065703,21200.10292304479
6,Incidence,65,High-income Asia Pacific,1,Male,22,All ages,559,Schizophrenia,2,Percent,2015,3.5554652412e-05,4.32620582419e-05,2.88396928289e-05
6,Incidence,65,High-income Asia Pacific,2,Female,22,All ages,559,Schizophrenia,2,Percent,2015,3.02954939164e-05,3.6963668643e-05,2.44697014656e-05
6,Incidence,65,High-income Asia Pacific,3,Both,22,All ages,559,Schizophrenia,2,Percent,2015,3.27995676367e-05,4.01458187027e-05,2.66488791707e-05
6,Incidence,65,High-income Asia Pacific,1,Male,22,All ages,559,Schizophrenia,3,Rate,2015,14.36950214303,17.35807240666,11.760022485010001
6,Incidence,65,High-income Asia Pacific,2,Female,22,All ages,559,Schizophrenia,3,Rate,2015,13.06759347802,16.0140870673,10.77899451361
6,Incidence,65,High-income Asia Pacific,3,Both,22,All ages,559,Schizophrenia,3,Rate,2015,13.708745916120002,16.68532977578,11.34045443842
6,Incidence,65,High-income Asia Pacific,1,Male,27,Age-standardized,559,Schizophrenia,2,Percent,2015,3.7108213472e-05,4.54808578151e-05,2.94634228937e-05
6,Incidence,65,High-income Asia Pacific,2,Female,27,Age-standardized,559,Schizophrenia,2,Percent,2015,3.24469975204e-05,3.97923430302e-05,2.55487630603e-05
6,Incidence,65,High-income Asia Pacific,3,Both,27,Age-standardized,559,Schizophrenia,2,Percent,2015,3.4784211556e-05,4.29556186251e-05,2.75261900685e-05
6,Incidence,65,High-income Asia Pacific,1,Male,27,Age-standardized,559,Schizophrenia,3,Rate,2015,16.27506712042,19.91880789188,13.22132500357
6,Incidence,65,High-income Asia Pacific,2,Female,27,Age-standardized,559,Schizophrenia,3,Rate,2015,15.37244795474,18.7267556144,12.49557810636
6,Incidence,65,High-income Asia Pacific,3,Both,27,Age-standardized,559,Schizophrenia,3,Rate,2015,15.8467661409,19.29480226351,12.90996596754
6,Incidence,124,Central Latin America,1,Male,22,All ages,559,Schizophrenia,1,Number,2015,19537.339229352507,24135.32738399097,15644.96878529371
6,Incidence,124,Central Latin America,2,Female,22,All ages,559,Schizophrenia,1,Number,2015,15939.58985002721,19852.21987574391,12655.61406128946
6,Incidence,124,Central Latin America,3,Both,22,All ages,559,Schizophrenia,1,Number,2015,35476.92907937974,44052.496679297095,28273.267189571143
6,Incidence,124,Central Latin America,1,Male,22,All ages,559,Schizophrenia,2,Percent,2015,3.9217882444e-05,4.84957664388e-05,3.07516756501e-05
6,Incidence,124,Central Latin America,2,Female,22,All ages,559,Schizophrenia,2,Percent,2015,2.88429015615e-05,3.56052858766e-05,2.26437424715e-05
6,Incidence,124,Central Latin America,3,Both,22,All ages,559,Schizophrenia,2,Percent,2015,3.37611633545e-05,4.15753237302e-05,2.65230415629e-05
6,Incidence,124,Central Latin America,1,Male,22,All ages,559,Schizophrenia,3,Rate,2015,16.42594576038,20.29168731036,13.153449693090002
6,Incidence,124,Central Latin America,2,Female,22,All ages,559,Schizophrenia,3,Rate,2015,12.86613834396,16.0243400087,10.21537460326
6,Incidence,124,Central Latin America,3,Both,22,All ages,559,Schizophrenia,3,Rate,2015,14.609788921549999,18.141301816509998,11.643241861149999
6,Incidence,124,Central Latin America,1,Male,27,Age-standardized,559,Schizophrenia,2,Percent,2015,3.64700494673e-05,4.48787666513e-05,2.87327082027e-05
6,Incidence,124,Central Latin America,2,Female,27,Age-standardized,559,Schizophrenia,2,Percent,2015,2.65975479565e-05,3.27795352299e-05,2.09503924125e-05
6,Incidence,124,Central Latin America,3,Both,27,Age-standardized,559,Schizophrenia,2,Percent,2015,3.12426152843e-05,3.84995963063e-05,2.46347803626e-05
6,Incidence,124,Central Latin America,1,Male,27,Age-standardized,559,Schizophrenia,3,Rate,2015,15.32193133068,18.972500904700002,12.318457372129998
6,Incidence,124,Central Latin America,2,Female,27,Age-standardized,559,Schizophrenia,3,Rate,2015,11.954302313,14.85978959874,9.54290678355
6,Incidence,124,Central Latin America,3,Both,27,Age-standardized,559,Schizophrenia,3,Rate,2015,13.597756344179999,16.90852049655,10.88527942237
6,Incidence,167,Central Sub-Saharan Africa,1,Male,22,All ages,559,Schizophrenia,1,Number,2015,7483.663446256089,9568.594692357286,5724.527828756676
6,Incidence,167,Central Sub-Saharan Africa,2,Female,22,All ages,559,Schizophrenia,1,Number,2015,7795.999737428312,10054.08137407967,5924.11808426859
6,Incidence,167,Central Sub-Saharan Africa,3,Both,22,All ages,559,Schizophrenia,1,Number,2015,15279.663183684392,19657.403870996797,11703.292196191276
6,Incidence,167,Central Sub-Saharan Africa,1,Male,22,All ages,559,Schizophrenia,2,Percent,2015,2.25568105851e-05,2.89547734635e-05,1.72816959807e-05
6,Incidence,167,Central Sub-Saharan Africa,2,Female,22,All ages,559,Schizophrenia,2,Percent,2015,2.32401598708e-05,3.00185195607e-05,1.77157159686e-05
6,Incidence,167,Central Sub-Saharan Africa,3,Both,22,All ages,559,Schizophrenia,2,Percent,2015,2.28996151506e-05,2.93501051132e-05,1.75447329365e-05
6,Incidence,167,Central Sub-Saharan Africa,1,Male,22,All ages,559,Schizophrenia,3,Rate,2015,12.875353763849999,16.46239740359,9.84882891322
6,Incidence,167,Central Sub-Saharan Africa,2,Female,22,All ages,559,Schizophrenia,3,Rate,2015,13.366284534279998,17.23777795061,10.15693311903
6,Incidence,167,Central Sub-Saharan Africa,3,Both,22,All ages,559,Schizophrenia,3,Rate,2015,13.12124475819,16.880582012919998,10.05007502697
6,Incidence,167,Central Sub-Saharan Africa,1,Male,27,Age-standardized,559,Schizophrenia,2,Percent,2015,2.54508304617e-05,3.24207672191e-05,1.98507085671e-05
6,Incidence,167,Central Sub-Saharan Africa,2,Female,27,Age-standardized,559,Schizophrenia,2,Percent,2015,2.57821855294e-05,3.27361976831e-05,1.99340859303e-05
6,Incidence,167,Central Sub-Saharan Africa,3,Both,27,Age-standardized,559,Schizophrenia,2,Percent,2015,2.56200757695e-05,3.25364001103e-05,1.99034261748e-05
6,Incidence,167,Central Sub-Saharan Africa,1,Male,27,Age-standardized,559,Schizophrenia,3,Rate,2015,13.627761706500001,17.20039952343,10.76209427866
6,Incidence,167,Central Sub-Saharan Africa,2,Female,27,Age-standardized,559,Schizophrenia,3,Rate,2015,13.966943728510001,17.74410404184,10.950039277210001
6,Incidence,167,Central Sub-Saharan Africa,3,Both,27,Age-standardized,559,Schizophrenia,3,Rate,2015,13.795016727370001,17.42387779457,10.83773071879
6,Incidence,120,Andean Latin America,1,Male,22,All ages,559,Schizophrenia,1,Number,2015,4812.660144443348,6166.013860771117,3661.0555497221785
6,Incidence,120,Andean Latin America,2,Female,22,All ages,559,Schizophrenia,1,Number,2015,3736.641659668214,4779.180347465648,2825.958405529026
6,Incidence,120,Andean Latin America,3,Both,22,All ages,559,Schizophrenia,1,Number,2015,8549.30180411156,10922.794045537245,6472.500692034859
6,Incidence,120,Andean Latin America,1,Male,22,All ages,559,Schizophrenia,2,Percent,2015,3.80832545989e-05,4.85073849062e-05,2.87923054042e-05
6,Incidence,120,Andean Latin America,2,Female,22,All ages,559,Schizophrenia,2,Percent,2015,2.66626825889e-05,3.40533407008e-05,2.02433126033e-05
6,Incidence,120,Andean Latin America,3,Both,22,All ages,559,Schizophrenia,2,Percent,2015,3.20768863814e-05,4.07347060878e-05,2.42605149007e-05
6,Incidence,120,Andean Latin America,1,Male,22,All ages,559,Schizophrenia,3,Rate,2015,16.22831077555,20.79182534726,12.345095112530002
6,Incidence,120,Andean Latin America,2,Female,22,All ages,559,Schizophrenia,3,Rate,2015,12.59515734117,16.10925904078,9.52550284429
6,Incidence,120,Andean Latin America,3,Both,22,All ages,559,Schizophrenia,3,Rate,2015,14.41138693426,18.41233529945,10.91056486745
6,Incidence,120,Andean Latin America,1,Male,27,Age-standardized,559,Schizophrenia,2,Percent,2015,3.54767016489e-05,4.50965124401e-05,2.705348607e-05
6,Incidence,120,Andean Latin America,2,Female,27,Age-standardized,559,Schizophrenia,2,Percent,2015,2.45142156718e-05,3.09819789995e-05,1.86010835393e-05
6,Incidence,120,Andean Latin America,3,Both,27,Age-standardized,559,Schizophrenia,2,Percent,2015,2.96645893111e-05,3.74334861224e-05,2.25895537737e-05
6,Incidence,120,Andean Latin America,1,Male,27,Age-standardized,559,Schizophrenia,3,Rate,2015,15.1264427507,19.18730566491,11.623168238809999
6,Incidence,120,Andean Latin America,2,Female,27,Age-standardized,559,Schizophrenia,3,Rate,2015,11.61269680961,14.688570510140002,8.88515061624
6,Incidence,120,Andean Latin America,3,Both,27,Age-standardized,559,Schizophrenia,3,Rate,2015,13.35852996338,16.87539925334,10.24026288236
6,Incidence,44634,High-middle SDI,1,Male,22,All ages,559,Schizophrenia,1,Number,2015,113317.90534391189,133720.3918935158,97345.79557157496
6,Incidence,44634,High-middle SDI,2,Female,22,All ages,559,Schizophrenia,1,Number,2015,96718.49094177232,114305.99977283253,82466.99087986498
6,Incidence,44634,High-middle SDI,3,Both,22,All ages,559,Schizophrenia,1,Number,2015,210036.39628568405,247681.36582188512,180284.2649524668
6,Incidence,44634,High-middle SDI,1,Male,22,All ages,559,Schizophrenia,2,Percent,2015,5.09162104708e-05,6.04308577791e-05,4.23926618444e-05
6,Incidence,44634,High-middle SDI,2,Female,22,All ages,559,Schizophrenia,2,Percent,2015,3.99705262122e-05,4.73484645096e-05,3.36561182047e-05
6,Incidence,44634,High-middle SDI,3,Both,22,All ages,559,Schizophrenia,2,Percent,2015,4.52141810296e-05,5.36573768013e-05,3.78213594685e-05
6,Incidence,44634,High-middle SDI,1,Male,22,All ages,559,Schizophrenia,3,Rate,2015,17.93617746757,21.16552254259,15.408081007099998
6,Incidence,44634,High-middle SDI,2,Female,22,All ages,559,Schizophrenia,3,Rate,2015,15.22460534075,17.99308196061,12.98125495508
6,Incidence,44634,High-middle SDI,3,Both,22,All ages,559,Schizophrenia,3,Rate,2015,16.576653319760002,19.54769843513,14.228532825610001
6,Incidence,44634,High-middle SDI,1,Male,27,Age-standardized,559,Schizophrenia,2,Percent,2015,4.64879239425e-05,5.45155393346e-05,3.90413180719e-05
6,Incidence,44634,High-middle SDI,2,Female,27,Age-standardized,559,Schizophrenia,2,Percent,2015,3.87375289641e-05,4.55021440283e-05,3.27848643237e-05
6,Incidence,44634,High-middle SDI,3,Both,27,Age-standardized,559,Schizophrenia,2,Percent,2015,4.25309946158e-05,5.00178516535e-05,3.58023719479e-05
6,Incidence,44634,High-middle SDI,1,Male,27,Age-standardized,559,Schizophrenia,3,Rate,2015,17.06324346415,20.06292601574,14.58328363091
6,Incidence,44634,High-middle SDI,2,Female,27,Age-standardized,559,Schizophrenia,3,Rate,2015,15.278924186340001,17.916954741669997,13.033697989130001
6,Incidence,44634,High-middle SDI,3,Both,27,Age-standardized,559,Schizophrenia,3,Rate,2015,16.18613435468,18.98266810389,13.86610946491
6,Incidence,159,South Asia,1,Male,22,All ages,559,Schizophrenia,1,Number,2015,166174.7039237242,204206.43338170275,134230.06658788343
6,Incidence,159,South Asia,2,Female,22,All ages,559,Schizophrenia,1,Number,2015,123452.92726150138,150593.2744138379,99466.44417944914
6,Incidence,159,South Asia,3,Both,22,All ages,559,Schizophrenia,1,Number,2015,289627.6311852256,355627.5206204939,233072.81878465225
6,Incidence,159,South Asia,1,Male,22,All ages,559,Schizophrenia,2,Percent,2015,4.05082366515e-05,4.93664328915e-05,3.24263652026e-05
6,Incidence,159,South Asia,2,Female,22,All ages,559,Schizophrenia,2,Percent,2015,2.89712937062e-05,3.55244829717e-05,2.31803867445e-05
6,Incidence,159,South Asia,3,Both,22,All ages,559,Schizophrenia,2,Percent,2015,3.46297401632e-05,4.22715977852e-05,2.77673350506e-05
6,Incidence,159,South Asia,1,Male,22,All ages,559,Schizophrenia,3,Rate,2015,18.95146096093,23.2888048471,15.308321944660001
6,Incidence,159,South Asia,2,Female,22,All ages,559,Schizophrenia,3,Rate,2015,14.72832611927,17.96625569062,11.866662543330001
6,Incidence,159,South Asia,3,Both,22,All ages,559,Schizophrenia,3,Rate,2015,16.88747103367,20.73576139362,13.58989976148
6,Incidence,159,South Asia,1,Male,27,Age-standardized,559,Schizophrenia,2,Percent,2015,3.65906151084e-05,4.47202082763e-05,2.96049650709e-05
6,Incidence,159,South Asia,2,Female,27,Age-standardized,559,Schizophrenia,2,Percent,2015,2.6026917685e-05,3.16990223727e-05,2.08692939839e-05
6,Incidence,159,South Asia,3,Both,27,Age-standardized,559,Schizophrenia,2,Percent,2015,3.11753022895e-05,3.80020364208e-05,2.51231728951e-05
6,Incidence,159,South Asia,1,Male,27,Age-standardized,559,Schizophrenia,3,Rate,2015,17.21817098552,20.969056938439998,14.036074408669998
6,Incidence,159,South Asia,2,Female,27,Age-standardized,559,Schizophrenia,3,Rate,2015,13.33503103626,16.15414131567,10.88062749899
6,Incidence,159,South Asia,3,Both,27,Age-standardized,559,Schizophrenia,3,Rate,2015,15.31425890734,18.61037637096,12.479460965909999
6,Incidence,134,Tropical Latin America,1,Male,22,All ages,559,Schizophrenia,1,Number,2015,17942.804987964628,21622.979795874795,14765.91822519252
6,Incidence,134,Tropical Latin America,2,Female,22,All ages,559,Schizophrenia,1,Number,2015,14228.130525733506,17249.29122487424,11740.33752145016
6,Incidence,134,Tropical Latin America,3,Both,22,All ages,559,Schizophrenia,1,Number,2015,32170.93551369813,38793.64601811019,26534.024691906063
6,Incidence,134,Tropical Latin America,1,Male,22,All ages,559,Schizophrenia,2,Percent,2015,3.44368479688e-05,4.16054893253e-05,2.78686819062e-05
6,Incidence,134,Tropical Latin America,2,Female,22,All ages,559,Schizophrenia,2,Percent,2015,2.44250170482e-05,2.95316947826e-05,1.98280623181e-05
6,Incidence,134,Tropical Latin America,3,Both,22,All ages,559,Schizophrenia,2,Percent,2015,2.91516451276e-05,3.50368961365e-05,2.36936745364e-05
6,Incidence,134,Tropical Latin America,1,Male,22,All ages,559,Schizophrenia,3,Rate,2015,17.03782798092,20.53238668336,14.02117310364
6,Incidence,134,Tropical Latin America,2,Female,22,All ages,559,Schizophrenia,3,Rate,2015,12.971998614859999,15.726435842830002,10.703840662040001
6,Incidence,134,Tropical Latin America,3,Both,22,All ages,559,Schizophrenia,3,Rate,2015,14.96357480271,18.04397711141,12.34169466801
6,Incidence,134,Tropical Latin America,1,Male,27,Age-standardized,559,Schizophrenia,2,Percent,2015,3.05914516813e-05,3.69505379575e-05,2.47490720281e-05
6,Incidence,134,Tropical Latin America,2,Female,27,Age-standardized,559,Schizophrenia,2,Percent,2015,2.22468552218e-05,2.69287888526e-05,1.80301551947e-05
6,Incidence,134,Tropical Latin America,3,Both,27,Age-standardized,559,Schizophrenia,2,Percent,2015,2.62195483882e-05,3.1548859395e-05,2.12437500434e-05
6,Incidence,134,Tropical Latin America,1,Male,27,Age-standardized,559,Schizophrenia,3,Rate,2015,15.49732925496,18.604785253440003,12.777252769719999
6,Incidence,134,Tropical Latin America,2,Female,27,Age-standardized,559,Schizophrenia,3,Rate,2015,12.04852922328,14.623314632580001,9.90704527581
6,Incidence,134,Tropical Latin America,3,Both,27,Age-standardized,559,Schizophrenia,3,Rate,2015,13.7531340695,16.52848972975,11.31365203657
6,Incidence,174,Eastern Sub-Saharan Africa,1,Male,22,All ages,559,Schizophrenia,1,Number,2015,24428.986942127216,30565.175079350334,18979.42059541829
6,Incidence,174,Eastern Sub-Saharan Africa,2,Female,22,All ages,559,Schizophrenia,1,Number,2015,26716.87997661963,33563.30235560282,20627.50739330992
6,Incidence,174,Eastern Sub-Saharan Africa,3,Both,22,All ages,559,Schizophrenia,1,Number,2015,51145.866918746775,64405.352888462745,39508.26907351593
6,Incidence,174,Eastern Sub-Saharan Africa,1,Male,22,All ages,559,Schizophrenia,2,Percent,2015,2.29659354119e-05,2.86532532557e-05,1.79163787999e-05
6,Incidence,174,Eastern Sub-Saharan Africa,2,Female,22,All ages,559,Schizophrenia,2,Percent,2015,2.43332829785e-05,3.06320945882e-05,1.87227247444e-05
6,Incidence,174,Eastern Sub-Saharan Africa,3,Both,22,All ages,559,Schizophrenia,2,Percent,2015,2.36601957216e-05,2.97107033114e-05,1.83200779343e-05
6,Incidence,174,Eastern Sub-Saharan Africa,1,Male,22,All ages,559,Schizophrenia,3,Rate,2015,13.271083357270001,16.60457665595,10.31059836379
6,Incidence,174,Eastern Sub-Saharan Africa,2,Female,22,All ages,559,Schizophrenia,3,Rate,2015,14.30526529769,17.97110833614,11.04477640913
6,Incidence,174,Eastern Sub-Saharan Africa,3,Both,22,All ages,559,Schizophrenia,3,Rate,2015,13.791919285690001,17.36745278001,10.65374175874
6,Incidence,174,Eastern Sub-Saharan Africa,1,Male,27,Age-standardized,559,Schizophrenia,2,Percent,2015,2.5334207111e-05,3.14572587299e-05,2.00619285104e-05
6,Incidence,174,Eastern Sub-Saharan Africa,2,Female,27,Age-standardized,559,Schizophrenia,2,Percent,2015,2.52201753262e-05,3.15513429823e-05,1.99156004972e-05
6,Incidence,174,Eastern Sub-Saharan Africa,3,Both,27,Age-standardized,559,Schizophrenia,2,Percent,2015,2.52794082824e-05,3.15166674846e-05,2.00099420914e-05
6,Incidence,174,Eastern Sub-Saharan Africa,1,Male,27,Age-standardized,559,Schizophrenia,3,Rate,2015,14.019296220829998,17.34384418519,11.30430575943
6,Incidence,174,Eastern Sub-Saharan Africa,2,Female,27,Age-standardized,559,Schizophrenia,3,Rate,2015,14.37240836167,17.88102323655,11.492585833389999
6,Incidence,174,Eastern Sub-Saharan Africa,3,Both,27,Age-standardized,559,Schizophrenia,3,Rate,2015,14.2049919382,17.64254743984,11.42252616896
6,Incidence,44635,High SDI,1,Male,22,All ages,559,Schizophrenia,1,Number,2015,85166.59298203778,102279.56359689396,70496.40993705945
6,Incidence,44635,High SDI,2,Female,22,All ages,559,Schizophrenia,1,Number,2015,73283.47359720485,88169.97134545556,61488.21502137107
6,Incidence,44635,High SDI,3,Both,22,All ages,559,Schizophrenia,1,Number,2015,158450.06657924273,190310.6398949436,132182.1924667766
6,Incidence,44635,High SDI,1,Male,22,All ages,559,Schizophrenia,2,Percent,2015,4.05101913165e-05,4.88679304082e-05,3.32412591958e-05
6,Incidence,44635,High SDI,2,Female,22,All ages,559,Schizophrenia,2,Percent,2015,3.09457313189e-05,3.71326236641e-05,2.56435386855e-05
6,Incidence,44635,High SDI,3,Both,22,All ages,559,Schizophrenia,2,Percent,2015,3.54434672124e-05,4.2633718841e-05,2.92254635533e-05
6,Incidence,44635,High SDI,1,Male,22,All ages,559,Schizophrenia,3,Rate,2015,16.061401286309998,19.28870296203,13.294780143219999
6,Incidence,44635,High SDI,2,Female,22,All ages,559,Schizophrenia,3,Rate,2015,13.731622717929998,16.5210070175,11.52146492009
6,Incidence,44635,High SDI,3,Both,22,All ages,559,Schizophrenia,3,Rate,2015,14.89275907819,17.88734186838,12.42383540337
6,Incidence,44635,High SDI,1,Male,27,Age-standardized,559,Schizophrenia,2,Percent,2015,4.0320010819e-05,4.86131548539e-05,3.28037341762e-05
6,Incidence,44635,High SDI,2,Female,27,Age-standardized,559,Schizophrenia,2,Percent,2015,3.27477621866e-05,3.93424901246e-05,2.66253130577e-05
6,Incidence,44635,High SDI,3,Both,27,Age-standardized,559,Schizophrenia,2,Percent,2015,3.64384903796e-05,4.38011612443e-05,2.96523473662e-05
6,Incidence,44635,High SDI,1,Male,27,Age-standardized,559,Schizophrenia,3,Rate,2015,16.73342322401,20.09186707767,13.86954474329
6,Incidence,44635,High SDI,2,Female,27,Age-standardized,559,Schizophrenia,3,Rate,2015,15.15211803571,18.165529347699998,12.496969440780001
6,Incidence,44635,High SDI,3,Both,27,Age-standardized,559,Schizophrenia,3,Rate,2015,15.96770278845,19.13795715255,13.19576016161
6,Incidence,44636,Low-middle SDI,1,Male,22,All ages,559,Schizophrenia,1,Number,2015,158369.04027649594,195216.0923799763,126453.60869998272
6,Incidence,44636,Low-middle SDI,2,Female,22,All ages,559,Schizophrenia,1,Number,2015,130317.639815034,160382.8853505892,103539.307787773
6,Incidence,44636,Low-middle SDI,3,Both,22,All ages,559,Schizophrenia,1,Number,2015,288686.6800915298,356013.6108338571,229646.20778083417
6,Incidence,44636,Low-middle SDI,1,Male,22,All ages,559,Schizophrenia,2,Percent,2015,3.79377713048e-05,4.64899727709e-05,3.01489308126e-05
6,Incidence,44636,Low-middle SDI,2,Female,22,All ages,559,Schizophrenia,2,Percent,2015,2.95881971963e-05,3.62437649438e-05,2.33752074395e-05
6,Incidence,44636,Low-middle SDI,3,Both,22,All ages,559,Schizophrenia,2,Percent,2015,3.36507931117e-05,4.12204770477e-05,2.66764108436e-05
6,Incidence,44636,Low-middle SDI,1,Male,22,All ages,559,Schizophrenia,3,Rate,2015,17.68856865582,21.8040928123,14.123867489250001
6,Incidence,44636,Low-middle SDI,2,Female,22,All ages,559,Schizophrenia,3,Rate,2015,14.792483719369999,18.20521936847,11.75284886174
6,Incidence,44636,Low-middle SDI,3,Both,22,All ages,559,Schizophrenia,3,Rate,2015,16.25222159615,20.04253224528,12.92841448863
6,Incidence,44636,Low-middle SDI,1,Male,27,Age-standardized,559,Schizophrenia,2,Percent,2015,3.5544014415e-05,4.34124222209e-05,2.85712534891e-05
6,Incidence,44636,Low-middle SDI,2,Female,27,Age-standardized,559,Schizophrenia,2,Percent,2015,2.7365273243e-05,3.36079836873e-05,2.17913741282e-05
6,Incidence,44636,Low-middle SDI,3,Both,27,Age-standardized,559,Schizophrenia,2,Percent,2015,3.1308218121e-05,3.83193846253e-05,2.50080560164e-05
6,Incidence,44636,Low-middle SDI,1,Male,27,Age-standardized,559,Schizophrenia,3,Rate,2015,16.482205295529997,20.0830182758,13.385553126429999
6,Incidence,44636,Low-middle SDI,2,Female,27,Age-standardized,559,Schizophrenia,3,Rate,2015,13.666262715179998,16.74413166349,11.067066330600001
6,Incidence,44636,Low-middle SDI,3,Both,27,Age-standardized,559,Schizophrenia,3,Rate,2015,15.078511795079999,18.36546129164,12.24456578936
6,Incidence,199,Western Sub-Saharan Africa,1,Male,22,All ages,559,Schizophrenia,1,Number,2015,24731.21694084276,30633.851186580898,19539.54356302833
6,Incidence,199,Western Sub-Saharan Africa,2,Female,22,All ages,559,Schizophrenia,1,Number,2015,33756.60642565695,41958.537894598034,26600.191535427803
6,Incidence,199,Western Sub-Saharan Africa,3,Both,22,All ages,559,Schizophrenia,1,Number,2015,58487.82336649974,72687.03281526348,46159.20809153517
6,Incidence,199,Western Sub-Saharan Africa,1,Male,22,All ages,559,Schizophrenia,2,Percent,2015,2.24424190703e-05,2.78249364003e-05,1.75190255244e-05
6,Incidence,199,Western Sub-Saharan Africa,2,Female,22,All ages,559,Schizophrenia,2,Percent,2015,2.86623284579e-05,3.56772492096e-05,2.23574991642e-05
6,Incidence,199,Western Sub-Saharan Africa,3,Both,22,All ages,559,Schizophrenia,2,Percent,2015,2.5655516401e-05,3.19062762799e-05,2.00224486214e-05
6,Incidence,199,Western Sub-Saharan Africa,1,Male,22,All ages,559,Schizophrenia,3,Rate,2015,12.2128036692,15.12765065577,9.649044359280001
6,Incidence,199,Western Sub-Saharan Africa,2,Female,22,All ages,559,Schizophrenia,3,Rate,2015,16.1125548187,20.02746465135,12.69668635817
6,Incidence,199,Western Sub-Saharan Africa,3,Both,22,All ages,559,Schizophrenia,3,Rate,2015,14.195820004749999,17.64216849137,11.20349111854
6,Incidence,199,Western Sub-Saharan Africa,1,Male,27,Age-standardized,559,Schizophrenia,2,Percent,2015,2.58463304394e-05,3.20161083224e-05,2.05960089389e-05
6,Incidence,199,Western Sub-Saharan Africa,2,Female,27,Age-standardized,559,Schizophrenia,2,Percent,2015,3.03483128416e-05,3.77615904759e-05,2.40784046136e-05
6,Incidence,199,Western Sub-Saharan Africa,3,Both,27,Age-standardized,559,Schizophrenia,2,Percent,2015,2.82666250444e-05,3.50775884992e-05,2.24874244459e-05
6,Incidence,199,Western Sub-Saharan Africa,1,Male,27,Age-standardized,559,Schizophrenia,3,Rate,2015,13.34005974978,16.41734274879,10.87278117108
6,Incidence,199,Western Sub-Saharan Africa,2,Female,27,Age-standardized,559,Schizophrenia,3,Rate,2015,16.47922219239,20.23163373958,13.408862024180001
6,Incidence,199,Western Sub-Saharan Africa,3,Both,27,Age-standardized,559,Schizophrenia,3,Rate,2015,14.98345959542,18.43512705777,12.19321722573
6,Incidence,192,Southern Sub-Saharan Africa,1,Male,22,All ages,559,Schizophrenia,1,Number,2015,5625.414062017824,6941.402304592226,4488.128748964973
6,Incidence,192,Southern Sub-Saharan Africa,2,Female,22,All ages,559,Schizophrenia,1,Number,2015,5992.627482910027,7374.964045890005,4813.049675862685
6,Incidence,192,Southern Sub-Saharan Africa,3,Both,22,All ages,559,Schizophrenia,1,Number,2015,11618.04154492785,14293.616559588523,9331.65761152787
6,Incidence,192,Southern Sub-Saharan Africa,1,Male,22,All ages,559,Schizophrenia,2,Percent,2015,2.5990000159e-05,3.19460619803e-05,2.05241139141e-05
6,Incidence,192,Southern Sub-Saharan Africa,2,Female,22,All ages,559,Schizophrenia,2,Percent,2015,2.5754729872e-05,3.15811925829e-05,2.0384579616e-05
6,Incidence,192,Southern Sub-Saharan Africa,3,Both,22,All ages,559,Schizophrenia,2,Percent,2015,2.58676793445e-05,3.18381785254e-05,2.04189294929e-05
6,Incidence,192,Southern Sub-Saharan Africa,1,Male,22,All ages,559,Schizophrenia,3,Rate,2015,15.33845361755,18.92667386186,12.23749112272
6,Incidence,192,Southern Sub-Saharan Africa,2,Female,22,All ages,559,Schizophrenia,3,Rate,2015,15.51632336371,19.09551816096,12.46211871992
6,Incidence,192,Southern Sub-Saharan Africa,3,Both,22,All ages,559,Schizophrenia,3,Rate,2015,15.429687202810001,18.98306454307,12.39318670645
6,Incidence,192,Southern Sub-Saharan Africa,1,Male,27,Age-standardized,559,Schizophrenia,2,Percent,2015,2.34844096623e-05,2.86499630936e-05,1.88690260763e-05
6,Incidence,192,Southern Sub-Saharan Africa,2,Female,27,Age-standardized,559,Schizophrenia,2,Percent,2015,2.35374161627e-05,2.86975239523e-05,1.87677295204e-05
6,Incidence,192,Southern Sub-Saharan Africa,3,Both,27,Age-standardized,559,Schizophrenia,2,Percent,2015,2.34886733982e-05,2.86517776235e-05,1.883383331e-05
6,Incidence,192,Southern Sub-Saharan Africa,1,Male,27,Age-standardized,559,Schizophrenia,3,Rate,2015,13.69591374678,16.659038784939998,11.18722840732
6,Incidence,192,Southern Sub-Saharan Africa,2,Female,27,Age-standardized,559,Schizophrenia,3,Rate,2015,14.094320837220002,17.13962043181,11.48945242123
6,Incidence,192,Southern Sub-Saharan Africa,3,Both,27,Age-standardized,559,Schizophrenia,3,Rate,2015,13.888685917250001,16.8258476075,11.329720671059999
6,Incidence,44639,Middle SDI,1,Male,22,All ages,559,Schizophrenia,1,Number,2015,211814.48277817943,254004.3594716437,174423.9235313696
6,Incidence,44639,Middle SDI,2,Female,22,All ages,559,Schizophrenia,1,Number,2015,178046.7029913596,214659.63913656445,146147.65500677974
6,Incidence,44639,Middle SDI,3,Both,22,All ages,559,Schizophrenia,1,Number,2015,389861.1857695392,468208.1492772423,320599.49458928336
6,Incidence,44639,Middle SDI,1,Male,22,All ages,559,Schizophrenia,2,Percent,2015,4.53061011178e-05,5.4496878804e-05,3.65364823808e-05
6,Incidence,44639,Middle SDI,2,Female,22,All ages,559,Schizophrenia,2,Percent,2015,3.64478282774e-05,4.38391556127e-05,2.94297445038e-05
6,Incidence,44639,Middle SDI,3,Both,22,All ages,559,Schizophrenia,2,Percent,2015,4.07795092528e-05,4.89098298384e-05,3.29391298748e-05
6,Incidence,44639,Middle SDI,1,Male,22,All ages,559,Schizophrenia,3,Rate,2015,18.16554636013,21.78381717406,14.95887263074
6,Incidence,44639,Middle SDI,2,Female,22,All ages,559,Schizophrenia,3,Rate,2015,15.51787438133,18.708918833640002,12.737674516950001
6,Incidence,44639,Middle SDI,3,Both,22,All ages,559,Schizophrenia,3,Rate,2015,16.85238735349,20.239062983670003,13.858437478159999
6,Incidence,44639,Middle SDI,1,Male,27,Age-standardized,559,Schizophrenia,2,Percent,2015,4.1482799373e-05,4.99573394933e-05,3.3480397862e-05
6,Incidence,44639,Middle SDI,2,Female,27,Age-standardized,559,Schizophrenia,2,Percent,2015,3.34677307716e-05,4.028337121e-05,2.71585908036e-05
6,Incidence,44639,Middle SDI,3,Both,27,Age-standardized,559,Schizophrenia,2,Percent,2015,3.73799884315e-05,4.49740137159e-05,3.02666801646e-05
6,Incidence,44639,Middle SDI,1,Male,27,Age-standardized,559,Schizophrenia,3,Rate,2015,16.93629902357,20.23941453398,13.979644932289998
6,Incidence,44639,Middle SDI,2,Female,27,Age-standardized,559,Schizophrenia,3,Rate,2015,14.50279361266,17.48894086831,12.01998994008
6,Incidence,44639,Middle SDI,3,Both,27,Age-standardized,559,Schizophrenia,3,Rate,2015,15.72927594043,18.8927774684,13.022672083380002
6,Incidence,44637,Low SDI,1,Male,22,All ages,559,Schizophrenia,1,Number,2015,69142.10394418774,85764.69411232491,54442.814567036185
6,Incidence,44637,Low SDI,2,Female,22,All ages,559,Schizophrenia,1,Number,2015,68631.35873920876,85766.76236388937,53361.18426313998
6,Incidence,44637,Low SDI,3,Both,22,All ages,559,Schizophrenia,1,Number,2015,137773.4626833965,171991.23603541806,107590.3048404509
6,Incidence,44637,Low SDI,1,Male,22,All ages,559,Schizophrenia,2,Percent,2015,2.62813141705e-05,3.257771437e-05,2.05518225016e-05
6,Incidence,44637,Low SDI,2,Female,22,All ages,559,Schizophrenia,2,Percent,2015,2.55265314684e-05,3.20097151578e-05,1.97603149248e-05
6,Incidence,44637,Low SDI,3,Both,22,All ages,559,Schizophrenia,2,Percent,2015,2.58996457711e-05,3.22916246885e-05,2.01592164831e-05
6,Incidence,44637,Low SDI,1,Male,22,All ages,559,Schizophrenia,3,Rate,2015,14.21503200666,17.632496008980002,11.19298238636
6,Incidence,44637,Low SDI,2,Female,22,All ages,559,Schizophrenia,3,Rate,2015,14.2005067247,17.74599116319,11.04095663975
6,Incidence,44637,Low SDI,3,Both,22,All ages,559,Schizophrenia,3,Rate,2015,14.20779257686,17.73647667,11.09517540375
6,Incidence,44637,Low SDI,1,Male,27,Age-standardized,559,Schizophrenia,2,Percent,2015,2.8614556094e-05,3.53162180904e-05,2.28769426855e-05
6,Incidence,44637,Low SDI,2,Female,27,Age-standardized,559,Schizophrenia,2,Percent,2015,2.64933991562e-05,3.28354266898e-05,2.0897878597e-05
6,Incidence,44637,Low SDI,3,Both,27,Age-standardized,559,Schizophrenia,2,Percent,2015,2.75228097462e-05,3.39809120293e-05,2.18371416703e-05
6,Incidence,44637,Low SDI,1,Male,27,Age-standardized,559,Schizophrenia,3,Rate,2015,14.845901427829999,18.24291856629,11.99822890042
6,Incidence,44637,Low SDI,2,Female,27,Age-standardized,559,Schizophrenia,3,Rate,2015,14.329383574009999,17.76187104229,11.51821434366
6,Incidence,44637,Low SDI,3,Both,27,Age-standardized,559,Schizophrenia,3,Rate,2015,14.587136060499999,17.96977584861,11.77291219085
