measure_id,measure_name,location_id,location_name,sex_id,sex_name,age_id,age_name,cause_id,cause_name,metric_id,metric_name,year,val,upper,lower
2,DALYs (Disability-Adjusted Life Years),65,High-income Asia Pacific,1,Male,22,All ages,559,Schizophrenia,1,Number,2020,192225.33750713748,248394.58953623657,140946.1189931997
2,DALYs (Disability-Adjusted Life Years),65,High-income Asia Pacific,2,Female,22,All ages,559,Schizophrenia,1,Number,2020,195727.80992278317,252524.11651490128,141708.48456306334
2,DALYs (Disability-Adjusted Life Years),65,High-income Asia Pacific,3,Both,22,All ages,559,Schizophrenia,1,Number,2020,387953.14742992056,495010.860332859,284046.51231752563
2,DALYs (Disability-Adjusted Life Years),65,High-income Asia Pacific,1,Male,22,All ages,559,Schizophrenia,2,Percent,2020,0.007159889267349409,0.009081795487987602,0.005190600432105435
2,DALYs (Disability-Adjusted Life Years),65,High-income Asia Pacific,2,Female,22,All ages,559,Schizophrenia,2,Percent,2020,0.007888795897002407,0.010063673245940713,0.005877725243012407
2,DALYs (Disability-Adjusted Life Years),65,High-income Asia Pacific,3,Both,22,All ages,559,Schizophrenia,2,Percent,2020,0.007508971555269623,0.009458042794482037,0.005503984230917154
2,DALYs (Disability-Adjusted Life Years),65,High-income Asia Pacific,1,Male,22,All ages,559,Schizophrenia,3,Rate,2020,210.0499617230863,271.42766245563723,154.01573634089678
2,DALYs (Disability-Adjusted Life Years),65,High-income Asia Pacific,2,Female,22,All ages,559,Schizophrenia,3,Rate,2020,207.2726094259035,267.4189865694798,150.0670108390023
2,DALYs (Disability-Adjusted Life Years),65,High-income Asia Pacific,3,Both,22,All ages,559,Schizophrenia,3,Rate,2020,208.63950792765166,266.2146782488661,152.7589734768152
2,DALYs (Disability-Adjusted Life Years),65,High-income Asia Pacific,1,Male,27,Age-standardized,559,Schizophrenia,3,Rate,2020,177.3225425518725,231.98290946692003,130.58293269866658
2,DALYs (Disability-Adjusted Life Years),65,High-income Asia Pacific,2,Female,27,Age-standardized,559,Schizophrenia,3,Rate,2020,174.6408827858431,230.21394671285952,127.19931381108451
2,DALYs (Disability-Adjusted Life Years),65,High-income Asia Pacific,3,Both,27,Age-standardized,559,Schizophrenia,3,Rate,2020,176.2381157188962,231.95199405116546,129.0807398846004
2,DALYs (Disability-Adjusted Life Years),5,East Asia,1,Male,22,All ages,559,Schizophrenia,1,Number,2020,1877510.0333429119,2351818.053132784,1396319.9096413297
2,DALYs (Disability-Adjusted Life Years),5,East Asia,2,Female,22,All ages,559,Schizophrenia,1,Number,2020,1685174.7821408522,2108191.7662301096,1263963.0331893796
2,DALYs (Disability-Adjusted Life Years),5,East Asia,3,Both,22,All ages,559,Schizophrenia,1,Number,2020,3562684.8154837647,4458782.395985486,2671002.554101214
2,DALYs (Disability-Adjusted Life Years),5,East Asia,1,Male,22,All ages,559,Schizophrenia,2,Percent,2020,0.008131024159723563,0.010698376966069675,0.006034914978936695
2,DALYs (Disability-Adjusted Life Years),5,East Asia,2,Female,22,All ages,559,Schizophrenia,2,Percent,2020,0.009328691239235604,0.01195679321646688,0.006772011975514403
2,DALYs (Disability-Adjusted Life Years),5,East Asia,3,Both,22,All ages,559,Schizophrenia,2,Percent,2020,0.008637604059273938,0.011100298683956088,0.0064368373851581145
2,DALYs (Disability-Adjusted Life Years),5,East Asia,1,Male,22,All ages,559,Schizophrenia,3,Rate,2020,249.9704391463687,313.11949395403684,185.9051055937082
2,DALYs (Disability-Adjusted Life Years),5,East Asia,2,Female,22,All ages,559,Schizophrenia,3,Rate,2020,234.58029200720372,293.4652508276776,175.94662616253976
2,DALYs (Disability-Adjusted Life Years),5,East Asia,3,Both,22,All ages,559,Schizophrenia,3,Rate,2020,242.4466773920209,303.4276207714229,181.76620388450178
2,DALYs (Disability-Adjusted Life Years),5,East Asia,1,Male,27,Age-standardized,559,Schizophrenia,3,Rate,2020,209.5330465421972,262.1464477512748,156.23076379779022
2,DALYs (Disability-Adjusted Life Years),5,East Asia,2,Female,27,Age-standardized,559,Schizophrenia,3,Rate,2020,196.26104273667332,246.74537519866962,147.30050927144666
2,DALYs (Disability-Adjusted Life Years),5,East Asia,3,Both,27,Age-standardized,559,Schizophrenia,3,Rate,2020,203.01461707417926,253.8905696101081,152.50292463727254
2,DALYs (Disability-Adjusted Life Years),70,Australasia,1,Male,22,All ages,559,Schizophrenia,1,Number,2020,46671.26923711222,56553.09148668876,34577.362591974044
2,DALYs (Disability-Adjusted Life Years),70,Australasia,2,Female,22,All ages,559,Schizophrenia,1,Number,2020,37431.128082975825,45946.111679862835,28094.46440058814
2,DALYs (Disability-Adjusted Life Years),70,Australasia,3,Both,22,All ages,559,Schizophrenia,1,Number,2020,84102.39732008803,102195.24332485543,63540.40647555351
2,DALYs (Disability-Adjusted Life Years),70,Australasia,1,Male,22,All ages,559,Schizophrenia,2,Percent,2020,0.011921787396271488,0.014241221595365922,0.009140745058132787
2,DALYs (Disability-Adjusted Life Years),70,Australasia,2,Female,22,All ages,559,Schizophrenia,2,Percent,2020,0.009736505034991289,0.012048954072006198,0.0074055729885892044
2,DALYs (Disability-Adjusted Life Years),70,Australasia,3,Both,22,All ages,559,Schizophrenia,2,Percent,2020,0.010837741205851984,0.013184888619466957,0.008501252525719292
2,DALYs (Disability-Adjusted Life Years),70,Australasia,1,Male,22,All ages,559,Schizophrenia,3,Rate,2020,309.5730700514565,375.1197350877614,229.35352877371443
2,DALYs (Disability-Adjusted Life Years),70,Australasia,2,Female,22,All ages,559,Schizophrenia,3,Rate,2020,243.26792547026977,298.607491791547,182.58819388982897
2,DALYs (Disability-Adjusted Life Years),70,Australasia,3,Both,22,All ages,559,Schizophrenia,3,Rate,2020,276.0822761895605,335.47551903295204,208.58359106002172
2,DALYs (Disability-Adjusted Life Years),70,Australasia,1,Male,27,Age-standardized,559,Schizophrenia,3,Rate,2020,283.8804345422053,345.0394463191122,210.6777986791493
2,DALYs (Disability-Adjusted Life Years),70,Australasia,2,Female,27,Age-standardized,559,Schizophrenia,3,Rate,2020,209.54335596928576,255.7557201969861,157.05976799376475
2,DALYs (Disability-Adjusted Life Years),70,Australasia,3,Both,27,Age-standardized,559,Schizophrenia,3,Rate,2020,246.8538497345865,301.45610460765573,185.05939242100342
2,DALYs (Disability-Adjusted Life Years),1,Global,1,Male,22,All ages,559,Schizophrenia,1,Number,2020,7805434.22244714,10043039.949217208,5783747.689008687
2,DALYs (Disability-Adjusted Life Years),1,Global,2,Female,22,All ages,559,Schizophrenia,1,Number,2020,6868511.453731759,8871495.407787474,5036482.938982671
2,DALYs (Disability-Adjusted Life Years),1,Global,3,Both,22,All ages,559,Schizophrenia,1,Number,2020,14673945.676178886,18934214.158477172,10800648.046552842
2,DALYs (Disability-Adjusted Life Years),1,Global,1,Male,22,All ages,559,Schizophrenia,2,Percent,2020,0.005280432502860065,0.0066771738678377095,0.003926280170858687
2,DALYs (Disability-Adjusted Life Years),1,Global,2,Female,22,All ages,559,Schizophrenia,2,Percent,2020,0.005379828046246896,0.006834296585116271,0.003932228124429938
2,DALYs (Disability-Adjusted Life Years),1,Global,3,Both,22,All ages,559,Schizophrenia,2,Percent,2020,0.0053255822600304075,0.006713560807576676,0.003938316847902745
2,DALYs (Disability-Adjusted Life Years),1,Global,1,Male,22,All ages,559,Schizophrenia,3,Rate,2020,198.8180623288645,255.8137940426756,147.32217013895198
2,DALYs (Disability-Adjusted Life Years),1,Global,2,Female,22,All ages,559,Schizophrenia,3,Rate,2020,176.2763327638169,227.68174547720477,129.25839150039357
2,DALYs (Disability-Adjusted Life Years),1,Global,3,Both,22,All ages,559,Schizophrenia,3,Rate,2020,187.58966295655085,242.05233757283443,138.07396943374633
2,DALYs (Disability-Adjusted Life Years),1,Global,1,Male,27,Age-standardized,559,Schizophrenia,3,Rate,2020,189.4069475753734,243.36602005125755,140.447367414049
2,DALYs (Disability-Adjusted Life Years),1,Global,2,Female,27,Age-standardized,559,Schizophrenia,3,Rate,2020,166.35533614915818,214.88661455277992,122.23945070750564
2,DALYs (Disability-Adjusted Life Years),1,Global,3,Both,27,Age-standardized,559,Schizophrenia,3,Rate,2020,177.9515590536363,229.33459887831302,131.30605554377345
2,DALYs (Disability-Adjusted Life Years),96,Southern Latin America,1,Male,22,All ages,559,Schizophrenia,1,Number,2020,66051.66199773867,90999.90217538989,46451.46575077214
2,DALYs (Disability-Adjusted Life Years),96,Southern Latin America,2,Female,22,All ages,559,Schizophrenia,1,Number,2020,65822.53613940981,88424.94034185164,45092.558416811706
2,DALYs (Disability-Adjusted Life Years),96,Southern Latin America,3,Both,22,All ages,559,Schizophrenia,1,Number,2020,131874.19813714852,178325.0254314299,93449.76603213284
2,DALYs (Disability-Adjusted Life Years),96,Southern Latin America,1,Male,22,All ages,559,Schizophrenia,2,Percent,2020,0.006503510510627841,0.008663412672576094,0.004570202769295806
2,DALYs (Disability-Adjusted Life Years),96,Southern Latin America,2,Female,22,All ages,559,Schizophrenia,2,Percent,2020,0.006911900495033164,0.009130664835110804,0.004869399869480272
2,DALYs (Disability-Adjusted Life Years),96,Southern Latin America,3,Both,22,All ages,559,Schizophrenia,2,Percent,2020,0.0067001622319607,0.008819062429803626,0.004755912139652315
2,DALYs (Disability-Adjusted Life Years),96,Southern Latin America,1,Male,22,All ages,559,Schizophrenia,3,Rate,2020,200.7277984138128,276.54429074265687,141.16375229992448
2,DALYs (Disability-Adjusted Life Years),96,Southern Latin America,2,Female,22,All ages,559,Schizophrenia,3,Rate,2020,191.04973458898166,256.65315216018587,130.88102985311778
2,DALYs (Disability-Adjusted Life Years),96,Southern Latin America,3,Both,22,All ages,559,Schizophrenia,3,Rate,2020,195.77763094468153,264.73754161376644,138.73353593459305
2,DALYs (Disability-Adjusted Life Years),96,Southern Latin America,1,Male,27,Age-standardized,559,Schizophrenia,3,Rate,2020,183.22367987074392,251.8123266947947,129.50323559731316
2,DALYs (Disability-Adjusted Life Years),96,Southern Latin America,2,Female,27,Age-standardized,559,Schizophrenia,3,Rate,2020,172.2274844426575,233.86252188270967,118.53930391394917
2,DALYs (Disability-Adjusted Life Years),96,Southern Latin America,3,Both,27,Age-standardized,559,Schizophrenia,3,Rate,2020,177.801955167227,240.53529095662552,125.64664170291611
2,DALYs (Disability-Adjusted Life Years),120,Andean Latin America,1,Male,22,All ages,559,Schizophrenia,1,Number,2020,57093.660686210336,78124.65391114657,40128.342181318134
2,DALYs (Disability-Adjusted Life Years),120,Andean Latin America,2,Female,22,All ages,559,Schizophrenia,1,Number,2020,45318.580340333894,61357.130289931054,31324.837344375537
2,DALYs (Disability-Adjusted Life Years),120,Andean Latin America,3,Both,22,All ages,559,Schizophrenia,1,Number,2020,102412.24102654438,138815.59615004802,73192.59855395353
2,DALYs (Disability-Adjusted Life Years),120,Andean Latin America,1,Male,22,All ages,559,Schizophrenia,2,Percent,2020,0.005096024610044679,0.0069396240146700075,0.003600284508909555
2,DALYs (Disability-Adjusted Life Years),120,Andean Latin America,2,Female,22,All ages,559,Schizophrenia,2,Percent,2020,0.004848030875755286,0.006639042768510838,0.0033794406436643033
2,DALYs (Disability-Adjusted Life Years),120,Andean Latin America,3,Both,22,All ages,559,Schizophrenia,2,Percent,2020,0.004982333693401224,0.0067785367171569,0.003507795528186219
2,DALYs (Disability-Adjusted Life Years),120,Andean Latin America,1,Male,22,All ages,559,Schizophrenia,3,Rate,2020,174.72929930460108,239.09249945162648,122.80868011131875
2,DALYs (Disability-Adjusted Life Years),120,Andean Latin America,2,Female,22,All ages,559,Schizophrenia,3,Rate,2020,139.31909423501148,188.62505737508263,96.29930887295099
2,DALYs (Disability-Adjusted Life Years),120,Andean Latin America,3,Both,22,All ages,559,Schizophrenia,3,Rate,2020,157.06407751464013,212.89392103333634,112.25150292137891
2,DALYs (Disability-Adjusted Life Years),120,Andean Latin America,1,Male,27,Age-standardized,559,Schizophrenia,3,Rate,2020,173.45032046848615,234.87710384793024,122.17509459803557
2,DALYs (Disability-Adjusted Life Years),120,Andean Latin America,2,Female,27,Age-standardized,559,Schizophrenia,3,Rate,2020,134.49353780617622,182.04271373596018,93.34633113394707
2,DALYs (Disability-Adjusted Life Years),120,Andean Latin America,3,Both,27,Age-standardized,559,Schizophrenia,3,Rate,2020,153.73088142578845,207.44752726295852,110.15930307156147
2,DALYs (Disability-Adjusted Life Years),134,Tropical Latin America,1,Male,22,All ages,559,Schizophrenia,1,Number,2020,212580.28501176788,274446.59270543855,158366.90825360082
2,DALYs (Disability-Adjusted Life Years),134,Tropical Latin America,2,Female,22,All ages,559,Schizophrenia,1,Number,2020,178584.5518222705,229615.4571400955,131744.32085184296
2,DALYs (Disability-Adjusted Life Years),134,Tropical Latin America,3,Both,22,All ages,559,Schizophrenia,1,Number,2020,391164.83683403814,505478.07774167333,289814.6707836344
2,DALYs (Disability-Adjusted Life Years),134,Tropical Latin America,1,Male,22,All ages,559,Schizophrenia,2,Percent,2020,0.005369403702847845,0.006794078355921678,0.003924349661492098
2,DALYs (Disability-Adjusted Life Years),134,Tropical Latin America,2,Female,22,All ages,559,Schizophrenia,2,Percent,2020,0.005243089648379369,0.006641250493673983,0.0038756601533763545
2,DALYs (Disability-Adjusted Life Years),134,Tropical Latin America,3,Both,22,All ages,559,Schizophrenia,2,Percent,2020,0.005309848900801155,0.006691510793495727,0.003916421019892017
2,DALYs (Disability-Adjusted Life Years),134,Tropical Latin America,1,Male,22,All ages,559,Schizophrenia,3,Rate,2020,192.5883592822191,248.63650454137803,143.47343180704806
2,DALYs (Disability-Adjusted Life Years),134,Tropical Latin America,2,Female,22,All ages,559,Schizophrenia,3,Rate,2020,154.74306535653562,198.96121656962717,114.1561229339592
2,DALYs (Disability-Adjusted Life Years),134,Tropical Latin America,3,Both,22,All ages,559,Schizophrenia,3,Rate,2020,173.24445596084146,223.8730742958946,128.35710227881114
2,DALYs (Disability-Adjusted Life Years),134,Tropical Latin America,1,Male,27,Age-standardized,559,Schizophrenia,3,Rate,2020,172.92352853688365,223.11268479463607,128.87009955963217
2,DALYs (Disability-Adjusted Life Years),134,Tropical Latin America,2,Female,27,Age-standardized,559,Schizophrenia,3,Rate,2020,136.32313010240387,175.34484602777906,101.05181395173597
2,DALYs (Disability-Adjusted Life Years),134,Tropical Latin America,3,Both,27,Age-standardized,559,Schizophrenia,3,Rate,2020,154.131690115085,198.38119618752876,114.70326105029513
2,DALYs (Disability-Adjusted Life Years),44636,Low-middle SDI,1,Male,22,All ages,559,Schizophrenia,1,Number,2020,1775708.327539032,2319674.9131661886,1313918.738862382
2,DALYs (Disability-Adjusted Life Years),44636,Low-middle SDI,2,Female,22,All ages,559,Schizophrenia,1,Number,2020,1440883.4509871327,1901558.979388209,1049115.3262665584
2,DALYs (Disability-Adjusted Life Years),44636,Low-middle SDI,3,Both,22,All ages,559,Schizophrenia,1,Number,2020,3216591.778526168,4225529.795753425,2362783.300539417
2,DALYs (Disability-Adjusted Life Years),44636,Low-middle SDI,1,Male,22,All ages,559,Schizophrenia,2,Percent,2020,0.0046707288051850825,0.006047926259008201,0.003427286504057451
2,DALYs (Disability-Adjusted Life Years),44636,Low-middle SDI,2,Female,22,All ages,559,Schizophrenia,2,Percent,2020,0.004303987050807159,0.0055518278526751515,0.0031177677194334725
2,DALYs (Disability-Adjusted Life Years),44636,Low-middle SDI,3,Both,22,All ages,559,Schizophrenia,2,Percent,2020,0.004498298881893698,0.005794991314549644,0.0032882302574950826
2,DALYs (Disability-Adjusted Life Years),44636,Low-middle SDI,1,Male,22,All ages,559,Schizophrenia,3,Rate,2020,185.82674739846178,242.75250470491855,137.50076057089296
2,DALYs (Disability-Adjusted Life Years),44636,Low-middle SDI,2,Female,22,All ages,559,Schizophrenia,3,Rate,2020,152.62161656115384,201.41740487183785,111.124655463417
2,DALYs (Disability-Adjusted Life Years),44636,Low-middle SDI,3,Both,22,All ages,559,Schizophrenia,3,Rate,2020,169.32454291529814,222.4360287237802,124.3792280520752
2,DALYs (Disability-Adjusted Life Years),44636,Low-middle SDI,1,Male,27,Age-standardized,559,Schizophrenia,3,Rate,2020,192.68437489343793,251.53741797828621,141.88814859576047
2,DALYs (Disability-Adjusted Life Years),44636,Low-middle SDI,2,Female,27,Age-standardized,559,Schizophrenia,3,Rate,2020,155.36509439647602,204.6105608940706,113.18876280695223
2,DALYs (Disability-Adjusted Life Years),44636,Low-middle SDI,3,Both,27,Age-standardized,559,Schizophrenia,3,Rate,2020,173.940380011278,227.95493006147444,127.29928096982172
2,DALYs (Disability-Adjusted Life Years),44634,High-middle SDI,1,Male,22,All ages,559,Schizophrenia,1,Number,2020,1514365.3006709772,1899787.4177089985,1128892.3446247843
2,DALYs (Disability-Adjusted Life Years),44634,High-middle SDI,2,Female,22,All ages,559,Schizophrenia,1,Number,2020,1368005.8643108073,1716314.122958513,1021958.981448425
2,DALYs (Disability-Adjusted Life Years),44634,High-middle SDI,3,Both,22,All ages,559,Schizophrenia,1,Number,2020,2882371.164981784,3606841.4141682163,2155880.2128953086
2,DALYs (Disability-Adjusted Life Years),44634,High-middle SDI,1,Male,22,All ages,559,Schizophrenia,2,Percent,2020,0.006826963176659841,0.008556547743371563,0.005090688956076601
2,DALYs (Disability-Adjusted Life Years),44634,High-middle SDI,2,Female,22,All ages,559,Schizophrenia,2,Percent,2020,0.007206374058242768,0.009052831683653556,0.005353021045602096
2,DALYs (Disability-Adjusted Life Years),44634,High-middle SDI,3,Both,22,All ages,559,Schizophrenia,2,Percent,2020,0.006998335140785129,0.00871726474106909,0.0052020217005421
2,DALYs (Disability-Adjusted Life Years),44634,High-middle SDI,1,Male,22,All ages,559,Schizophrenia,3,Rate,2020,232.60715877239895,291.80816102234144,173.39834762902765
2,DALYs (Disability-Adjusted Life Years),44634,High-middle SDI,2,Female,22,All ages,559,Schizophrenia,3,Rate,2020,210.31524803216908,263.86365723145974,157.11449948375048
2,DALYs (Disability-Adjusted Life Years),44634,High-middle SDI,3,Both,22,All ages,559,Schizophrenia,3,Rate,2020,221.4662127907802,277.1306894259138,165.6464759921098
2,DALYs (Disability-Adjusted Life Years),44634,High-middle SDI,1,Male,27,Age-standardized,559,Schizophrenia,3,Rate,2020,194.42962537344334,244.2378899222742,145.5208263493837
2,DALYs (Disability-Adjusted Life Years),44634,High-middle SDI,2,Female,27,Age-standardized,559,Schizophrenia,3,Rate,2020,176.66634836964764,221.71550711389295,132.24341529188274
2,DALYs (Disability-Adjusted Life Years),44634,High-middle SDI,3,Both,27,Age-standardized,559,Schizophrenia,3,Rate,2020,185.65935605323955,232.50976520413255,139.26991667824566
2,DALYs (Disability-Adjusted Life Years),44639,Middle SDI,1,Male,22,All ages,559,Schizophrenia,1,Number,2020,2603258.1115494017,3364866.89123561,1924067.5053602655
2,DALYs (Disability-Adjusted Life Years),44639,Middle SDI,2,Female,22,All ages,559,Schizophrenia,1,Number,2020,2224778.8771031955,2874151.704650633,1636512.9926396415
2,DALYs (Disability-Adjusted Life Years),44639,Middle SDI,3,Both,22,All ages,559,Schizophrenia,1,Number,2020,4828036.988652589,6221021.692322796,3561311.393701796
2,DALYs (Disability-Adjusted Life Years),44639,Middle SDI,1,Male,22,All ages,559,Schizophrenia,2,Percent,2020,0.006313158118333463,0.007962674798232332,0.004663686984718748
2,DALYs (Disability-Adjusted Life Years),44639,Middle SDI,2,Female,22,All ages,559,Schizophrenia,2,Percent,2020,0.0065746778064587974,0.00842157075417593,0.004767384213963993
2,DALYs (Disability-Adjusted Life Years),44639,Middle SDI,3,Both,22,All ages,559,Schizophrenia,2,Percent,2020,0.006428508663173815,0.00815570354365096,0.0047044374767431976
2,DALYs (Disability-Adjusted Life Years),44639,Middle SDI,1,Male,22,All ages,559,Schizophrenia,3,Rate,2020,212.48656900446414,274.65160588698853,157.0487770433373
2,DALYs (Disability-Adjusted Life Years),44639,Middle SDI,2,Female,22,All ages,559,Schizophrenia,3,Rate,2020,184.39847386752766,238.22106253157594,135.64067036633088
2,DALYs (Disability-Adjusted Life Years),44639,Middle SDI,3,Both,22,All ages,559,Schizophrenia,3,Rate,2020,198.55014240458894,255.83580776530934,146.45680760700085
2,DALYs (Disability-Adjusted Life Years),44639,Middle SDI,1,Male,27,Age-standardized,559,Schizophrenia,3,Rate,2020,192.7818564799113,248.5635856754852,142.65075551838703
2,DALYs (Disability-Adjusted Life Years),44639,Middle SDI,2,Female,27,Age-standardized,559,Schizophrenia,3,Rate,2020,164.8395422511405,212.45319724579625,121.67847168933831
2,DALYs (Disability-Adjusted Life Years),44639,Middle SDI,3,Both,27,Age-standardized,559,Schizophrenia,3,Rate,2020,178.84735721466282,230.44583846219237,132.51426551534558
2,DALYs (Disability-Adjusted Life Years),73,Western Europe,1,Male,22,All ages,559,Schizophrenia,1,Number,2020,433197.1530845156,556624.0222867429,316200.31739372143
2,DALYs (Disability-Adjusted Life Years),73,Western Europe,2,Female,22,All ages,559,Schizophrenia,1,Number,2020,414632.4636966289,531609.5610711651,297449.66672687756
2,DALYs (Disability-Adjusted Life Years),73,Western Europe,3,Both,22,All ages,559,Schizophrenia,1,Number,2020,847829.6167811439,1088591.1919453386,613296.5059199804
2,DALYs (Disability-Adjusted Life Years),73,Western Europe,1,Male,22,All ages,559,Schizophrenia,2,Percent,2020,0.006330822700304254,0.007922193917705858,0.004597436403600917
2,DALYs (Disability-Adjusted Life Years),73,Western Europe,2,Female,22,All ages,559,Schizophrenia,2,Percent,2020,0.006021879425319419,0.007563058246070656,0.004481455534824594
2,DALYs (Disability-Adjusted Life Years),73,Western Europe,3,Both,22,All ages,559,Schizophrenia,2,Percent,2020,0.006175089061537941,0.007712291303962447,0.004506869903806511
2,DALYs (Disability-Adjusted Life Years),73,Western Europe,1,Male,22,All ages,559,Schizophrenia,3,Rate,2020,201.7866500300924,259.279859029,147.28860134702418
2,DALYs (Disability-Adjusted Life Years),73,Western Europe,2,Female,22,All ages,559,Schizophrenia,3,Rate,2020,186.5628887068357,239.19645483952,133.8367685315978
2,DALYs (Disability-Adjusted Life Years),73,Western Europe,3,Both,22,All ages,559,Schizophrenia,3,Rate,2020,194.0429367141898,249.1460873568432,140.3652959625074
2,DALYs (Disability-Adjusted Life Years),73,Western Europe,1,Male,27,Age-standardized,559,Schizophrenia,3,Rate,2020,172.17385900387814,223.32383644260338,126.6570285997921
2,DALYs (Disability-Adjusted Life Years),73,Western Europe,2,Female,27,Age-standardized,559,Schizophrenia,3,Rate,2020,154.3798536402154,200.16455156257064,111.03470549498275
2,DALYs (Disability-Adjusted Life Years),73,Western Europe,3,Both,27,Age-standardized,559,Schizophrenia,3,Rate,2020,163.46722074794909,213.1321329701956,119.19956378954396
2,DALYs (Disability-Adjusted Life Years),42,Central Europe,1,Male,22,All ages,559,Schizophrenia,1,Number,2020,100405.87831579131,132868.47592961742,71059.33219546912
2,DALYs (Disability-Adjusted Life Years),42,Central Europe,2,Female,22,All ages,559,Schizophrenia,1,Number,2020,99093.99200233039,130410.67618876047,70871.77813147413
2,DALYs (Disability-Adjusted Life Years),42,Central Europe,3,Both,22,All ages,559,Schizophrenia,1,Number,2020,199499.87031812163,262915.3961752787,142363.42232526687
2,DALYs (Disability-Adjusted Life Years),42,Central Europe,1,Male,22,All ages,559,Schizophrenia,2,Percent,2020,0.004000190489337257,0.005225944245937066,0.0028657067910250332
2,DALYs (Disability-Adjusted Life Years),42,Central Europe,2,Female,22,All ages,559,Schizophrenia,2,Percent,2020,0.0045825755821560865,0.005934550610444966,0.0033174779689575367
2,DALYs (Disability-Adjusted Life Years),42,Central Europe,3,Both,22,All ages,559,Schizophrenia,2,Percent,2020,0.004269283769855684,0.005535418192160323,0.0030872032459163643
2,DALYs (Disability-Adjusted Life Years),42,Central Europe,1,Male,22,All ages,559,Schizophrenia,3,Rate,2020,177.74344610414659,235.21034013624845,125.79274036683152
2,DALYs (Disability-Adjusted Life Years),42,Central Europe,2,Female,22,All ages,559,Schizophrenia,3,Rate,2020,166.76378630380975,219.46616233975473,119.26904774418853
2,DALYs (Disability-Adjusted Life Years),42,Central Europe,3,Both,22,All ages,559,Schizophrenia,3,Rate,2020,172.11472323931167,226.82526347462795,122.82133814845298
2,DALYs (Disability-Adjusted Life Years),42,Central Europe,1,Male,27,Age-standardized,559,Schizophrenia,3,Rate,2020,146.56135656055412,195.77251659071223,104.72349961822519
2,DALYs (Disability-Adjusted Life Years),42,Central Europe,2,Female,27,Age-standardized,559,Schizophrenia,3,Rate,2020,141.51932360473228,189.31514964977566,101.8293444059007
2,DALYs (Disability-Adjusted Life Years),42,Central Europe,3,Both,27,Age-standardized,559,Schizophrenia,3,Rate,2020,144.05636443807197,193.1393999016277,102.91108547593045
2,DALYs (Disability-Adjusted Life Years),56,Eastern Europe,1,Male,22,All ages,559,Schizophrenia,1,Number,2020,154560.81934439193,199357.65854492132,113133.02906012346
2,DALYs (Disability-Adjusted Life Years),56,Eastern Europe,2,Female,22,All ages,559,Schizophrenia,1,Number,2020,172245.177155638,218859.98275318003,126332.8022834807
2,DALYs (Disability-Adjusted Life Years),56,Eastern Europe,3,Both,22,All ages,559,Schizophrenia,1,Number,2020,326805.9965000303,416900.3693324436,239217.27594906202
2,DALYs (Disability-Adjusted Life Years),56,Eastern Europe,1,Male,22,All ages,559,Schizophrenia,2,Percent,2020,0.0030040401455058425,0.0037844553432165315,0.002211575953725786
2,DALYs (Disability-Adjusted Life Years),56,Eastern Europe,2,Female,22,All ages,559,Schizophrenia,2,Percent,2020,0.0038049678720122075,0.004816546372660602,0.0028005021913883026
2,DALYs (Disability-Adjusted Life Years),56,Eastern Europe,3,Both,22,All ages,559,Schizophrenia,2,Percent,2020,0.0033780492436298465,0.004265531547874674,0.00248556413323421
2,DALYs (Disability-Adjusted Life Years),56,Eastern Europe,1,Male,22,All ages,559,Schizophrenia,3,Rate,2020,159.71222406064382,206.00211078582817,116.90367431120485
2,DALYs (Disability-Adjusted Life Years),56,Eastern Europe,2,Female,22,All ages,559,Schizophrenia,3,Rate,2020,154.76197505242635,196.64529219425756,113.50979062614165
2,DALYs (Disability-Adjusted Life Years),56,Eastern Europe,3,Both,22,All ages,559,Schizophrenia,3,Rate,2020,157.0643492086879,200.3640872423707,114.96883829795668
2,DALYs (Disability-Adjusted Life Years),56,Eastern Europe,1,Male,27,Age-standardized,559,Schizophrenia,3,Rate,2020,132.19871669109287,170.201963805412,97.3793452787555
2,DALYs (Disability-Adjusted Life Years),56,Eastern Europe,2,Female,27,Age-standardized,559,Schizophrenia,3,Rate,2020,130.60330390151262,167.4800869641833,96.25883140539048
2,DALYs (Disability-Adjusted Life Years),56,Eastern Europe,3,Both,27,Age-standardized,559,Schizophrenia,3,Rate,2020,131.36344847468783,168.9448163994199,96.84583742485094
2,DALYs (Disability-Adjusted Life Years),32,Central Asia,1,Male,22,All ages,559,Schizophrenia,1,Number,2020,69483.06395186324,94522.62039606675,48766.85242056845
2,DALYs (Disability-Adjusted Life Years),32,Central Asia,2,Female,22,All ages,559,Schizophrenia,1,Number,2020,68490.12761268605,93870.36784960014,48772.74340197049
2,DALYs (Disability-Adjusted Life Years),32,Central Asia,3,Both,22,All ages,559,Schizophrenia,1,Number,2020,137973.19156454926,188115.60106320522,98270.42865043436
2,DALYs (Disability-Adjusted Life Years),32,Central Asia,1,Male,22,All ages,559,Schizophrenia,2,Percent,2020,0.004133142005236791,0.005608119439795285,0.0029451636008345442
2,DALYs (Disability-Adjusted Life Years),32,Central Asia,2,Female,22,All ages,559,Schizophrenia,2,Percent,2020,0.0049558959669793725,0.00662810077200103,0.0035189108594236443
2,DALYs (Disability-Adjusted Life Years),32,Central Asia,3,Both,22,All ages,559,Schizophrenia,2,Percent,2020,0.004503674767000593,0.006098340894161712,0.0032104059647268214
2,DALYs (Disability-Adjusted Life Years),32,Central Asia,1,Male,22,All ages,559,Schizophrenia,3,Rate,2020,148.13520253967488,201.51856755557898,103.96904151417505
2,DALYs (Disability-Adjusted Life Years),32,Central Asia,2,Female,22,All ages,559,Schizophrenia,3,Rate,2020,143.6597716617453,196.89546626833518,102.30206052567155
2,DALYs (Disability-Adjusted Life Years),32,Central Asia,3,Both,22,All ages,559,Schizophrenia,3,Rate,2020,145.87926785199286,198.89491460954875,103.90147550018874
2,DALYs (Disability-Adjusted Life Years),32,Central Asia,1,Male,27,Age-standardized,559,Schizophrenia,3,Rate,2020,142.89034780830238,194.07792511450762,100.3460775199689
2,DALYs (Disability-Adjusted Life Years),32,Central Asia,2,Female,27,Age-standardized,559,Schizophrenia,3,Rate,2020,135.1198196165267,185.19302132594777,96.83016353168107
2,DALYs (Disability-Adjusted Life Years),32,Central Asia,3,Both,27,Age-standardized,559,Schizophrenia,3,Rate,2020,138.91788821319523,189.16587192059933,99.483465606187
2,DALYs (Disability-Adjusted Life Years),159,South Asia,1,Male,22,All ages,559,Schizophrenia,1,Number,2020,1997753.6849382883,2595534.811709241,1482790.8736601577
2,DALYs (Disability-Adjusted Life Years),159,South Asia,2,Female,22,All ages,559,Schizophrenia,1,Number,2020,1467178.8174477564,1906451.5153351084,1075041.3166894263
2,DALYs (Disability-Adjusted Life Years),159,South Asia,3,Both,22,All ages,559,Schizophrenia,1,Number,2020,3464932.50238604,4500365.820325318,2562599.7198898615
2,DALYs (Disability-Adjusted Life Years),159,South Asia,1,Male,22,All ages,559,Schizophrenia,2,Percent,2020,0.005707740356566286,0.007254570723481483,0.004209924286749394
2,DALYs (Disability-Adjusted Life Years),159,South Asia,2,Female,22,All ages,559,Schizophrenia,2,Percent,2020,0.004727678071531812,0.006060074202720593,0.0034480955949633845
2,DALYs (Disability-Adjusted Life Years),159,South Asia,3,Both,22,All ages,559,Schizophrenia,2,Percent,2020,0.005245776380848851,0.006673815618355814,0.0038194921770584706
2,DALYs (Disability-Adjusted Life Years),159,South Asia,1,Male,22,All ages,559,Schizophrenia,3,Rate,2020,214.30738614083918,278.43386566054295,159.06517341121335
2,DALYs (Disability-Adjusted Life Years),159,South Asia,2,Female,22,All ages,559,Schizophrenia,3,Rate,2020,163.7877534712226,212.8257354081277,120.01168504845617
2,DALYs (Disability-Adjusted Life Years),159,South Asia,3,Both,22,All ages,559,Schizophrenia,3,Rate,2020,189.55070458415784,246.19455401849655,140.18818032899443
2,DALYs (Disability-Adjusted Life Years),159,South Asia,1,Male,27,Age-standardized,559,Schizophrenia,3,Rate,2020,212.79412152628396,275.15552754143954,158.50936553369888
2,DALYs (Disability-Adjusted Life Years),159,South Asia,2,Female,27,Age-standardized,559,Schizophrenia,3,Rate,2020,160.46659999700333,208.03843244608873,118.34826841399804
2,DALYs (Disability-Adjusted Life Years),159,South Asia,3,Both,27,Age-standardized,559,Schizophrenia,3,Rate,2020,186.9291694108721,241.54497939443522,138.14348314987308
2,DALYs (Disability-Adjusted Life Years),44635,High SDI,1,Male,22,All ages,559,Schizophrenia,1,Number,2020,1232665.5194249775,1568977.852772357,913934.5845509095
2,DALYs (Disability-Adjusted Life Years),44635,High SDI,2,Female,22,All ages,559,Schizophrenia,1,Number,2020,1182164.140154561,1499906.7968035638,871858.6878173883
2,DALYs (Disability-Adjusted Life Years),44635,High SDI,3,Both,22,All ages,559,Schizophrenia,1,Number,2020,2414829.6595795397,3055322.9538247297,1789901.285015971
2,DALYs (Disability-Adjusted Life Years),44635,High SDI,1,Male,22,All ages,559,Schizophrenia,2,Percent,2020,0.006818916373129866,0.008531478349923705,0.0050659935899806715
2,DALYs (Disability-Adjusted Life Years),44635,High SDI,2,Female,22,All ages,559,Schizophrenia,2,Percent,2020,0.0071136503732105024,0.008949424432445589,0.005376915247316151
2,DALYs (Disability-Adjusted Life Years),44635,High SDI,3,Both,22,All ages,559,Schizophrenia,2,Percent,2020,0.006959218020994974,0.008713674597619119,0.005183341514310678
2,DALYs (Disability-Adjusted Life Years),44635,High SDI,1,Male,22,All ages,559,Schizophrenia,3,Rate,2020,226.49384943355176,288.28893803744245,167.92922242357542
2,DALYs (Disability-Adjusted Life Years),44635,High SDI,2,Female,22,All ages,559,Schizophrenia,3,Rate,2020,216.1950579843675,274.30407156801124,159.44616586171406
2,DALYs (Disability-Adjusted Life Years),44635,High SDI,3,Both,22,All ages,559,Schizophrenia,3,Rate,2020,221.33234079349265,280.03705295215696,164.0542386210558
2,DALYs (Disability-Adjusted Life Years),44635,High SDI,1,Male,27,Age-standardized,559,Schizophrenia,3,Rate,2020,192.63056587368683,246.15040310304028,143.9525366552123
2,DALYs (Disability-Adjusted Life Years),44635,High SDI,2,Female,27,Age-standardized,559,Schizophrenia,3,Rate,2020,184.34106910297234,235.94847960262965,135.73806636627003
2,DALYs (Disability-Adjusted Life Years),44635,High SDI,3,Both,27,Age-standardized,559,Schizophrenia,3,Rate,2020,188.75279438247253,240.91424098152075,140.11318570280253
2,DALYs (Disability-Adjusted Life Years),21,Oceania,1,Male,22,All ages,559,Schizophrenia,1,Number,2020,12075.371497645112,16774.63098356533,8539.084430892006
2,DALYs (Disability-Adjusted Life Years),21,Oceania,2,Female,22,All ages,559,Schizophrenia,1,Number,2020,9606.542337639832,13254.825893944662,6712.626049613291
2,DALYs (Disability-Adjusted Life Years),21,Oceania,3,Both,22,All ages,559,Schizophrenia,1,Number,2020,21681.91383528492,30198.704872087183,15407.75948663352
2,DALYs (Disability-Adjusted Life Years),21,Oceania,1,Male,22,All ages,559,Schizophrenia,2,Percent,2020,0.004102748801982869,0.005654233161078529,0.002816511482804361
2,DALYs (Disability-Adjusted Life Years),21,Oceania,2,Female,22,All ages,559,Schizophrenia,2,Percent,2020,0.0039004749500303063,0.0054271777347929045,0.0027021333450511272
2,DALYs (Disability-Adjusted Life Years),21,Oceania,3,Both,22,All ages,559,Schizophrenia,2,Percent,2020,0.004010237219255011,0.005548931518718087,0.0027898950662427024
2,DALYs (Disability-Adjusted Life Years),21,Oceania,1,Male,22,All ages,559,Schizophrenia,3,Rate,2020,171.83441133077568,238.70560346023862,121.51249729851116
2,DALYs (Disability-Adjusted Life Years),21,Oceania,2,Female,22,All ages,559,Schizophrenia,3,Rate,2020,145.98306225446586,201.42315576607587,102.00649432961319
2,DALYs (Disability-Adjusted Life Years),21,Oceania,3,Both,22,All ages,559,Schizophrenia,3,Rate,2020,159.33308226469882,221.92011112234914,113.2264351038646
2,DALYs (Disability-Adjusted Life Years),21,Oceania,1,Male,27,Age-standardized,559,Schizophrenia,3,Rate,2020,192.418578595909,263.2660199421614,139.04184157520424
2,DALYs (Disability-Adjusted Life Years),21,Oceania,2,Female,27,Age-standardized,559,Schizophrenia,3,Rate,2020,158.55846246459734,217.56101328583674,111.25287932055423
2,DALYs (Disability-Adjusted Life Years),21,Oceania,3,Both,27,Age-standardized,559,Schizophrenia,3,Rate,2020,175.82690980155684,241.65126687310115,126.66866732539278
2,DALYs (Disability-Adjusted Life Years),44637,Low SDI,1,Male,22,All ages,559,Schizophrenia,1,Number,2020,673919.6361428102,891688.3728613927,488378.1507352459
2,DALYs (Disability-Adjusted Life Years),44637,Low SDI,2,Female,22,All ages,559,Schizophrenia,1,Number,2020,647850.3111273055,857242.1664561306,466794.6579327319
2,DALYs (Disability-Adjusted Life Years),44637,Low SDI,3,Both,22,All ages,559,Schizophrenia,1,Number,2020,1321769.9472701175,1752107.1473187106,953024.2620356287
2,DALYs (Disability-Adjusted Life Years),44637,Low SDI,1,Male,22,All ages,559,Schizophrenia,2,Percent,2020,0.0023988551826199436,0.0032532946717932863,0.0017115564344649947
2,DALYs (Disability-Adjusted Life Years),44637,Low SDI,2,Female,22,All ages,559,Schizophrenia,2,Percent,2020,0.0026350429233886435,0.0035106397477705914,0.0018968578768802282
2,DALYs (Disability-Adjusted Life Years),44637,Low SDI,3,Both,22,All ages,559,Schizophrenia,2,Percent,2020,0.0025088915349380683,0.003371918714952828,0.0017990817081531762
2,DALYs (Disability-Adjusted Life Years),44637,Low SDI,1,Male,22,All ages,559,Schizophrenia,3,Rate,2020,123.23853473021427,163.0615322864997,89.30887966901322
2,DALYs (Disability-Adjusted Life Years),44637,Low SDI,2,Female,22,All ages,559,Schizophrenia,3,Rate,2020,118.767270168857,157.15406820824208,85.57521127929458
2,DALYs (Disability-Adjusted Life Years),44637,Low SDI,3,Both,22,All ages,559,Schizophrenia,3,Rate,2020,121.00569171516393,160.40229826549088,87.2476789831173
2,DALYs (Disability-Adjusted Life Years),44637,Low SDI,1,Male,27,Age-standardized,559,Schizophrenia,3,Rate,2020,160.07017203679638,211.1108071899074,115.69566234125729
2,DALYs (Disability-Adjusted Life Years),44637,Low SDI,2,Female,27,Age-standardized,559,Schizophrenia,3,Rate,2020,149.65696185938583,196.99602440862654,108.28467932839084
2,DALYs (Disability-Adjusted Life Years),44637,Low SDI,3,Both,27,Age-standardized,559,Schizophrenia,3,Rate,2020,154.80406666566535,203.5622915869618,111.93081080042673
2,DALYs (Disability-Adjusted Life Years),104,Caribbean,1,Male,22,All ages,559,Schizophrenia,1,Number,2020,39708.480870624706,53690.489808323255,27706.741211033215
2,DALYs (Disability-Adjusted Life Years),104,Caribbean,2,Female,22,All ages,559,Schizophrenia,1,Number,2020,31741.234972990664,42757.35112803396,22239.02643243313
2,DALYs (Disability-Adjusted Life Years),104,Caribbean,3,Both,22,All ages,559,Schizophrenia,1,Number,2020,71449.71584361534,96575.8178620468,50067.65156257126
2,DALYs (Disability-Adjusted Life Years),104,Caribbean,1,Male,22,All ages,559,Schizophrenia,2,Percent,2020,0.004199251614504738,0.005709642335722427,0.0029779007408128784
2,DALYs (Disability-Adjusted Life Years),104,Caribbean,2,Female,22,All ages,559,Schizophrenia,2,Percent,2020,0.003728040796623128,0.0050180624092338415,0.0026416771382491823
2,DALYs (Disability-Adjusted Life Years),104,Caribbean,3,Both,22,All ages,559,Schizophrenia,2,Percent,2020,0.003975399401302247,0.005362435883562054,0.002819277858579518
2,DALYs (Disability-Adjusted Life Years),104,Caribbean,1,Male,22,All ages,559,Schizophrenia,3,Rate,2020,170.0243074136617,229.892661320962,118.63509713312708
2,DALYs (Disability-Adjusted Life Years),104,Caribbean,2,Female,22,All ages,559,Schizophrenia,3,Rate,2020,133.08702097838298,179.2762156670613,93.2454512204878
2,DALYs (Disability-Adjusted Life Years),104,Caribbean,3,Both,22,All ages,559,Schizophrenia,3,Rate,2020,151.3618425429438,204.58994922647233,106.06525026489763
2,DALYs (Disability-Adjusted Life Years),104,Caribbean,1,Male,27,Age-standardized,559,Schizophrenia,3,Rate,2020,160.7322250645086,217.27991179056355,112.10734334732041
2,DALYs (Disability-Adjusted Life Years),104,Caribbean,2,Female,27,Age-standardized,559,Schizophrenia,3,Rate,2020,123.88445682142591,167.19088605417457,87.1117202076124
2,DALYs (Disability-Adjusted Life Years),104,Caribbean,3,Both,27,Age-standardized,559,Schizophrenia,3,Rate,2020,142.03089776704613,191.49839991726338,99.66822378209358
2,DALYs (Disability-Adjusted Life Years),124,Central Latin America,1,Male,22,All ages,559,Schizophrenia,1,Number,2020,222256.47919242765,292569.3991299211,160752.23008212209
2,DALYs (Disability-Adjusted Life Years),124,Central Latin America,2,Female,22,All ages,559,Schizophrenia,1,Number,2020,190196.78945232704,251624.73897242028,138050.5794008838
2,DALYs (Disability-Adjusted Life Years),124,Central Latin America,3,Both,22,All ages,559,Schizophrenia,1,Number,2020,412453.2686447547,544039.4417675817,300037.8980620767
2,DALYs (Disability-Adjusted Life Years),124,Central Latin America,1,Male,22,All ages,559,Schizophrenia,2,Percent,2020,0.004773792633621809,0.006224700149812634,0.0034699246889893787
2,DALYs (Disability-Adjusted Life Years),124,Central Latin America,2,Female,22,All ages,559,Schizophrenia,2,Percent,2020,0.005144031482264169,0.006656263026572861,0.0037583129661394885
2,DALYs (Disability-Adjusted Life Years),124,Central Latin America,3,Both,22,All ages,559,Schizophrenia,2,Percent,2020,0.004936739611264491,0.0064245363562680895,0.0036056342550391716
2,DALYs (Disability-Adjusted Life Years),124,Central Latin America,1,Male,22,All ages,559,Schizophrenia,3,Rate,2020,180.77642899410648,237.96674634563578,130.75080741256997
2,DALYs (Disability-Adjusted Life Years),124,Central Latin America,2,Female,22,All ages,559,Schizophrenia,3,Rate,2020,147.48198276611507,195.1143104124815,107.04688144673761
2,DALYs (Disability-Adjusted Life Years),124,Central Latin America,3,Both,22,All ages,559,Schizophrenia,3,Rate,2020,163.73156027383885,215.96731902211175,119.10603436943228
2,DALYs (Disability-Adjusted Life Years),124,Central Latin America,1,Male,27,Age-standardized,559,Schizophrenia,3,Rate,2020,174.7075507795639,230.01415984473104,126.47900443168614
2,DALYs (Disability-Adjusted Life Years),124,Central Latin America,2,Female,27,Age-standardized,559,Schizophrenia,3,Rate,2020,137.92932895015298,182.54021985379694,100.15117202431433
2,DALYs (Disability-Adjusted Life Years),124,Central Latin America,3,Both,27,Age-standardized,559,Schizophrenia,3,Rate,2020,155.60163671073988,205.16047873143515,113.17421159037903
2,DALYs (Disability-Adjusted Life Years),100,High-income North America,1,Male,22,All ages,559,Schizophrenia,1,Number,2020,443776.964779361,554962.2524827484,332656.6213591542
2,DALYs (Disability-Adjusted Life Years),100,High-income North America,2,Female,22,All ages,559,Schizophrenia,1,Number,2020,459901.0708553662,574089.0719976851,346009.8818329378
2,DALYs (Disability-Adjusted Life Years),100,High-income North America,3,Both,22,All ages,559,Schizophrenia,1,Number,2020,903678.035634727,1129030.0315681412,677079.5624189756
2,DALYs (Disability-Adjusted Life Years),100,High-income North America,1,Male,22,All ages,559,Schizophrenia,2,Percent,2020,0.006320732155375968,0.007801348737193339,0.004806341271050729
2,DALYs (Disability-Adjusted Life Years),100,High-income North America,2,Female,22,All ages,559,Schizophrenia,2,Percent,2020,0.007133596217934668,0.00871997993459183,0.005458045950398097
2,DALYs (Disability-Adjusted Life Years),100,High-income North America,3,Both,22,All ages,559,Schizophrenia,2,Percent,2020,0.006709116975050405,0.008242758369466389,0.005111042361376093
2,DALYs (Disability-Adjusted Life Years),100,High-income North America,1,Male,22,All ages,559,Schizophrenia,3,Rate,2020,244.7269158314021,306.0415732044036,183.44807287732044
2,DALYs (Disability-Adjusted Life Years),100,High-income North America,2,Female,22,All ages,559,Schizophrenia,3,Rate,2020,245.44879419187552,306.39082926788655,184.6651674813708
2,DALYs (Disability-Adjusted Life Years),100,High-income North America,3,Both,22,All ages,559,Schizophrenia,3,Rate,2020,245.09376376375846,306.2132849615948,183.63617547064382
2,DALYs (Disability-Adjusted Life Years),100,High-income North America,1,Male,27,Age-standardized,559,Schizophrenia,3,Rate,2020,219.01540358482802,275.8733410418266,165.37604389970656
2,DALYs (Disability-Adjusted Life Years),100,High-income North America,2,Female,27,Age-standardized,559,Schizophrenia,3,Rate,2020,217.3786159653787,271.8464370189779,162.80695117720302
2,DALYs (Disability-Adjusted Life Years),100,High-income North America,3,Both,27,Age-standardized,559,Schizophrenia,3,Rate,2020,218.31795843983045,273.5892645319562,164.50824551059085
2,DALYs (Disability-Adjusted Life Years),9,Southeast Asia,1,Male,22,All ages,559,Schizophrenia,1,Number,2020,771733.7981560426,1024113.3447547904,559980.3407129514
2,DALYs (Disability-Adjusted Life Years),9,Southeast Asia,2,Female,22,All ages,559,Schizophrenia,1,Number,2020,636675.2322682221,838508.6165011597,467771.0767209173
2,DALYs (Disability-Adjusted Life Years),9,Southeast Asia,3,Both,22,All ages,559,Schizophrenia,1,Number,2020,1408409.0304242617,1864378.8242644705,1030487.5913434288
2,DALYs (Disability-Adjusted Life Years),9,Southeast Asia,1,Male,22,All ages,559,Schizophrenia,2,Percent,2020,0.0066486967959288774,0.008722812418774074,0.004873583247801849
2,DALYs (Disability-Adjusted Life Years),9,Southeast Asia,2,Female,22,All ages,559,Schizophrenia,2,Percent,2020,0.006662748198422254,0.008725865788566323,0.004767690786230563
2,DALYs (Disability-Adjusted Life Years),9,Southeast Asia,3,Both,22,All ages,559,Schizophrenia,2,Percent,2020,0.006651994116046821,0.008691289167451308,0.004868923267593486
2,DALYs (Disability-Adjusted Life Years),9,Southeast Asia,1,Male,22,All ages,559,Schizophrenia,3,Rate,2020,222.85562114657142,295.7359339647251,161.7070121298749
2,DALYs (Disability-Adjusted Life Years),9,Southeast Asia,2,Female,22,All ages,559,Schizophrenia,3,Rate,2020,184.2587679173561,242.67092032802816,135.37659060005694
2,DALYs (Disability-Adjusted Life Years),9,Southeast Asia,3,Both,22,All ages,559,Schizophrenia,3,Rate,2020,203.57839362740208,269.4865184458325,148.9517632782226
2,DALYs (Disability-Adjusted Life Years),9,Southeast Asia,1,Male,27,Age-standardized,559,Schizophrenia,3,Rate,2020,205.86785346548734,272.8223728699054,149.40193931218215
2,DALYs (Disability-Adjusted Life Years),9,Southeast Asia,2,Female,27,Age-standardized,559,Schizophrenia,3,Rate,2020,168.94015076979377,222.79090961539913,124.10132023709377
2,DALYs (Disability-Adjusted Life Years),9,Southeast Asia,3,Both,27,Age-standardized,559,Schizophrenia,3,Rate,2020,187.33451332048017,247.72439765812933,137.36678268204562
2,DALYs (Disability-Adjusted Life Years),174,Eastern Sub-Saharan Africa,1,Male,22,All ages,559,Schizophrenia,1,Number,2020,211002.28625565636,281734.7292749094,151750.44901276566
2,DALYs (Disability-Adjusted Life Years),174,Eastern Sub-Saharan Africa,2,Female,22,All ages,559,Schizophrenia,1,Number,2020,232195.12138901968,308399.17564178084,165699.49392074405
2,DALYs (Disability-Adjusted Life Years),174,Eastern Sub-Saharan Africa,3,Both,22,All ages,559,Schizophrenia,1,Number,2020,443197.4076446757,589337.980429273,317892.32053259434
2,DALYs (Disability-Adjusted Life Years),174,Eastern Sub-Saharan Africa,1,Male,22,All ages,559,Schizophrenia,2,Percent,2020,0.0021038963813452645,0.0028564116727349638,0.0014842181771927538
2,DALYs (Disability-Adjusted Life Years),174,Eastern Sub-Saharan Africa,2,Female,22,All ages,559,Schizophrenia,2,Percent,2020,0.0026838823480105595,0.0036249503931571076,0.0019283605353577265
2,DALYs (Disability-Adjusted Life Years),174,Eastern Sub-Saharan Africa,3,Both,22,All ages,559,Schizophrenia,2,Percent,2020,0.0023722867984103486,0.0032149009476079124,0.0016866815200825645
2,DALYs (Disability-Adjusted Life Years),174,Eastern Sub-Saharan Africa,1,Male,22,All ages,559,Schizophrenia,3,Rate,2020,102.10406980828164,136.33152026821497,73.4320879379674
2,DALYs (Disability-Adjusted Life Years),174,Eastern Sub-Saharan Africa,2,Female,22,All ages,559,Schizophrenia,3,Rate,2020,110.57166369637342,146.86014817757638,78.90634655397278
2,DALYs (Disability-Adjusted Life Years),174,Eastern Sub-Saharan Africa,3,Both,22,All ages,559,Schizophrenia,3,Rate,2020,106.37181647039783,141.4470175410346,76.29734062919495
2,DALYs (Disability-Adjusted Life Years),174,Eastern Sub-Saharan Africa,1,Male,27,Age-standardized,559,Schizophrenia,3,Rate,2020,135.1794895135828,179.03467655588832,97.78575574903537
2,DALYs (Disability-Adjusted Life Years),174,Eastern Sub-Saharan Africa,2,Female,27,Age-standardized,559,Schizophrenia,3,Rate,2020,140.94451422939048,186.1364092033007,100.58949522028806
2,DALYs (Disability-Adjusted Life Years),174,Eastern Sub-Saharan Africa,3,Both,27,Age-standardized,559,Schizophrenia,3,Rate,2020,138.14751480667994,182.38836818931028,99.16666684836694
2,DALYs (Disability-Adjusted Life Years),138,North Africa and Middle East,1,Male,22,All ages,559,Schizophrenia,1,Number,2020,549724.9084045793,736275.8182048218,393983.8346302757
2,DALYs (Disability-Adjusted Life Years),138,North Africa and Middle East,2,Female,22,All ages,559,Schizophrenia,1,Number,2020,439314.8476582196,588376.7299230488,315856.4409237219
2,DALYs (Disability-Adjusted Life Years),138,North Africa and Middle East,3,Both,22,All ages,559,Schizophrenia,1,Number,2020,989039.7560627989,1326591.3753944626,708095.255519139
2,DALYs (Disability-Adjusted Life Years),138,North Africa and Middle East,1,Male,22,All ages,559,Schizophrenia,2,Percent,2020,0.005499357208299486,0.00725211969932117,0.0039263181734538275
2,DALYs (Disability-Adjusted Life Years),138,North Africa and Middle East,2,Female,22,All ages,559,Schizophrenia,2,Percent,2020,0.005272234510359884,0.006897821181765344,0.0037962371221017532
2,DALYs (Disability-Adjusted Life Years),138,North Africa and Middle East,3,Both,22,All ages,559,Schizophrenia,2,Percent,2020,0.005395102841830612,0.007041059576956431,0.0038672804131050864
2,DALYs (Disability-Adjusted Life Years),138,North Africa and Middle East,1,Male,22,All ages,559,Schizophrenia,3,Rate,2020,172.2010736089526,230.63805992554555,123.41525419469315
2,DALYs (Disability-Adjusted Life Years),138,North Africa and Middle East,2,Female,22,All ages,559,Schizophrenia,3,Rate,2020,148.5627960926017,198.97094901102486,106.81295266394548
2,DALYs (Disability-Adjusted Life Years),138,North Africa and Middle East,3,Both,22,All ages,559,Schizophrenia,3,Rate,2020,160.83407124609056,215.72549584255012,115.14789175770265
2,DALYs (Disability-Adjusted Life Years),138,North Africa and Middle East,1,Male,27,Age-standardized,559,Schizophrenia,3,Rate,2020,165.2914645219262,220.73878965332295,119.61128299817211
2,DALYs (Disability-Adjusted Life Years),138,North Africa and Middle East,2,Female,27,Age-standardized,559,Schizophrenia,3,Rate,2020,145.6228350754965,194.99419332681256,104.54936279574719
2,DALYs (Disability-Adjusted Life Years),138,North Africa and Middle East,3,Both,27,Age-standardized,559,Schizophrenia,3,Rate,2020,155.92744738663336,208.93852643309071,112.55331254848439
2,DALYs (Disability-Adjusted Life Years),199,Western Sub-Saharan Africa,1,Male,22,All ages,559,Schizophrenia,1,Number,2020,227045.05695486796,303949.92653855274,164676.28214552708
2,DALYs (Disability-Adjusted Life Years),199,Western Sub-Saharan Africa,2,Female,22,All ages,559,Schizophrenia,1,Number,2020,309609.1794032571,410795.4770457031,224975.06074951426
2,DALYs (Disability-Adjusted Life Years),199,Western Sub-Saharan Africa,3,Both,22,All ages,559,Schizophrenia,1,Number,2020,536654.236358125,714627.1889325709,388625.5212250934
2,DALYs (Disability-Adjusted Life Years),199,Western Sub-Saharan Africa,1,Male,22,All ages,559,Schizophrenia,2,Percent,2020,0.001640536212697299,0.002225950590356527,0.001144171441419799
2,DALYs (Disability-Adjusted Life Years),199,Western Sub-Saharan Africa,2,Female,22,All ages,559,Schizophrenia,2,Percent,2020,0.002470972323407218,0.0032923148360849827,0.0017921398601280954
2,DALYs (Disability-Adjusted Life Years),199,Western Sub-Saharan Africa,3,Both,22,All ages,559,Schizophrenia,2,Percent,2020,0.0020347373091820415,0.0027222065201964614,0.0014509745588267816
2,DALYs (Disability-Adjusted Life Years),199,Western Sub-Saharan Africa,1,Male,22,All ages,559,Schizophrenia,3,Rate,2020,97.53631400908968,130.5738864149643,70.74330434944625
2,DALYs (Disability-Adjusted Life Years),199,Western Sub-Saharan Africa,2,Female,22,All ages,559,Schizophrenia,3,Rate,2020,127.00773507123034,168.51633151717687,92.28916587157127
2,DALYs (Disability-Adjusted Life Years),199,Western Sub-Saharan Africa,3,Both,22,All ages,559,Schizophrenia,3,Rate,2020,112.61191026031916,149.95788240820886,81.5494583962719
2,DALYs (Disability-Adjusted Life Years),199,Western Sub-Saharan Africa,1,Male,27,Age-standardized,559,Schizophrenia,3,Rate,2020,134.53368162519212,178.6508535430315,96.27951053114569
2,DALYs (Disability-Adjusted Life Years),199,Western Sub-Saharan Africa,2,Female,27,Age-standardized,559,Schizophrenia,3,Rate,2020,165.77841678926313,217.93702082234978,119.80508209186465
2,DALYs (Disability-Adjusted Life Years),199,Western Sub-Saharan Africa,3,Both,27,Age-standardized,559,Schizophrenia,3,Rate,2020,150.9286217877057,199.3709977718903,108.96674772259314
2,DALYs (Disability-Adjusted Life Years),192,Southern Sub-Saharan Africa,1,Male,22,All ages,559,Schizophrenia,1,Number,2020,53671.80037884807,70217.97169998643,38745.146277835076
2,DALYs (Disability-Adjusted Life Years),192,Southern Sub-Saharan Africa,2,Female,22,All ages,559,Schizophrenia,1,Number,2020,58579.752313719764,76130.6374895495,42657.30845980387
2,DALYs (Disability-Adjusted Life Years),192,Southern Sub-Saharan Africa,3,Both,22,All ages,559,Schizophrenia,1,Number,2020,112251.55269256787,145561.6513033775,81428.02032232046
2,DALYs (Disability-Adjusted Life Years),192,Southern Sub-Saharan Africa,1,Male,22,All ages,559,Schizophrenia,2,Percent,2020,0.0023069543820513913,0.0029887845212952123,0.001682752903286316
2,DALYs (Disability-Adjusted Life Years),192,Southern Sub-Saharan Africa,2,Female,22,All ages,559,Schizophrenia,2,Percent,2020,0.002873865645107771,0.0037058289303844513,0.002097464536703066
2,DALYs (Disability-Adjusted Life Years),192,Southern Sub-Saharan Africa,3,Both,22,All ages,559,Schizophrenia,2,Percent,2020,0.002571409296830337,0.003304569141344236,0.001891444569894737
2,DALYs (Disability-Adjusted Life Years),192,Southern Sub-Saharan Africa,1,Male,22,All ages,559,Schizophrenia,3,Rate,2020,137.96838625218547,180.50186826165617,99.59802483474093
2,DALYs (Disability-Adjusted Life Years),192,Southern Sub-Saharan Africa,2,Female,22,All ages,559,Schizophrenia,3,Rate,2020,143.66394018080544,186.70661650550636,104.61493551600655
2,DALYs (Disability-Adjusted Life Years),192,Southern Sub-Saharan Africa,3,Both,22,All ages,559,Schizophrenia,3,Rate,2020,140.88314357924224,182.68952658828638,102.19756612063742
2,DALYs (Disability-Adjusted Life Years),192,Southern Sub-Saharan Africa,1,Male,27,Age-standardized,559,Schizophrenia,3,Rate,2020,138.28906514555783,180.03862353350573,99.67225270243979
2,DALYs (Disability-Adjusted Life Years),192,Southern Sub-Saharan Africa,2,Female,27,Age-standardized,559,Schizophrenia,3,Rate,2020,141.81582543269892,183.5168409354121,104.1564235459004
2,DALYs (Disability-Adjusted Life Years),192,Southern Sub-Saharan Africa,3,Both,27,Age-standardized,559,Schizophrenia,3,Rate,2020,140.1309444261763,181.56404271103492,102.28505617687954
2,DALYs (Disability-Adjusted Life Years),167,Central Sub-Saharan Africa,1,Male,22,All ages,559,Schizophrenia,1,Number,2020,66906.22853935276,92877.07473531806,46628.35425520869
2,DALYs (Disability-Adjusted Life Years),167,Central Sub-Saharan Africa,2,Female,22,All ages,559,Schizophrenia,1,Number,2020,70991.71671732234,95862.64398579436,48810.535710502176
2,DALYs (Disability-Adjusted Life Years),167,Central Sub-Saharan Africa,3,Both,22,All ages,559,Schizophrenia,1,Number,2020,137897.9452566751,189277.8838689239,95790.24171838972
2,DALYs (Disability-Adjusted Life Years),167,Central Sub-Saharan Africa,1,Male,22,All ages,559,Schizophrenia,2,Percent,2020,0.001944289911328447,0.002743063436181758,0.0013313933992406817
2,DALYs (Disability-Adjusted Life Years),167,Central Sub-Saharan Africa,2,Female,22,All ages,559,Schizophrenia,2,Percent,2020,0.002379829779601298,0.003319514595458148,0.00161843402691027
2,DALYs (Disability-Adjusted Life Years),167,Central Sub-Saharan Africa,3,Both,22,All ages,559,Schizophrenia,2,Percent,2020,0.002146356698796366,0.0030158400028999243,0.0014678034456591543
2,DALYs (Disability-Adjusted Life Years),167,Central Sub-Saharan Africa,1,Male,22,All ages,559,Schizophrenia,3,Rate,2020,100.29982735570505,139.23299466470607,69.90105381485198
2,DALYs (Disability-Adjusted Life Years),167,Central Sub-Saharan Africa,2,Female,22,All ages,559,Schizophrenia,3,Rate,2020,106.13481940572953,143.31762743110886,72.97326550587545
2,DALYs (Disability-Adjusted Life Years),167,Central Sub-Saharan Africa,3,Both,22,All ages,559,Schizophrenia,3,Rate,2020,103.22129838751877,141.68092854919882,71.70225128896786
2,DALYs (Disability-Adjusted Life Years),167,Central Sub-Saharan Africa,1,Male,27,Age-standardized,559,Schizophrenia,3,Rate,2020,131.08611164820303,180.62662444451007,89.8907226531642
2,DALYs (Disability-Adjusted Life Years),167,Central Sub-Saharan Africa,2,Female,27,Age-standardized,559,Schizophrenia,3,Rate,2020,136.86870008981265,186.40884326209957,95.95260864334043
2,DALYs (Disability-Adjusted Life Years),167,Central Sub-Saharan Africa,3,Both,27,Age-standardized,559,Schizophrenia,3,Rate,2020,134.0264335821073,183.5136805968793,94.6770646953088
5,Prevalence,21,Oceania,1,Male,22,All ages,559,Schizophrenia,1,Number,2020,18455.22981455572,23632.00038864777,14018.303917594609
5,Prevalence,21,Oceania,2,Female,22,All ages,559,Schizophrenia,1,Number,2020,14988.51587058384,19104.002489851693,11343.667530251469
5,Prevalence,21,Oceania,3,Both,22,All ages,559,Schizophrenia,1,Number,2020,33443.74568513956,42489.645105398464,25431.24568126696
5,Prevalence,21,Oceania,1,Male,22,All ages,559,Schizophrenia,2,Percent,2020,0.0027077807022983,0.0034704238481821,0.0020612506937464
5,Prevalence,21,Oceania,2,Female,22,All ages,559,Schizophrenia,2,Percent,2020,0.0023174460491308,0.0029572043510644,0.0017549580757338
5,Prevalence,21,Oceania,3,Both,22,All ages,559,Schizophrenia,2,Percent,2020,0.0025177232875562,0.0031984636916572,0.0019152927341303
5,Prevalence,21,Oceania,1,Male,22,All ages,559,Schizophrenia,3,Rate,2020,262.62078576852,336.28703482488,199.48264134196
5,Prevalence,21,Oceania,2,Female,22,All ages,559,Schizophrenia,3,Rate,2020,227.7686776921,290.30848839944,172.38078645365002
5,Prevalence,21,Oceania,3,Both,22,All ages,559,Schizophrenia,3,Rate,2020,245.7668231214,312.24209128434,186.88565921855
5,Prevalence,21,Oceania,1,Male,27,Age-standardized,559,Schizophrenia,2,Percent,2020,0.0030378671546964,0.0038328692454412,0.002351808614296
5,Prevalence,21,Oceania,2,Female,27,Age-standardized,559,Schizophrenia,2,Percent,2020,0.0025293581490962,0.0031729845497976,0.001932187523514
5,Prevalence,21,Oceania,3,Both,27,Age-standardized,559,Schizophrenia,2,Percent,2020,0.002787799671742,0.0034766969509318,0.0021504715206234
5,Prevalence,21,Oceania,1,Male,27,Age-standardized,559,Schizophrenia,3,Rate,2020,296.45816276896,373.63950587512,229.68677132472
5,Prevalence,21,Oceania,2,Female,27,Age-standardized,559,Schizophrenia,3,Rate,2020,249.52118065110002,312.98108299508004,190.73463295987
5,Prevalence,21,Oceania,3,Both,27,Age-standardized,559,Schizophrenia,3,Rate,2020,273.47963906258997,341.41584939588,211.14644553092
5,Prevalence,5,East Asia,1,Male,22,All ages,559,Schizophrenia,1,Number,2020,2872610.1772464225,3266751.476779064,2504301.743848227
5,Prevalence,5,East Asia,2,Female,22,All ages,559,Schizophrenia,1,Number,2020,2624072.3339513177,2991640.9712964986,2281007.623413344
5,Prevalence,5,East Asia,3,Both,22,All ages,559,Schizophrenia,1,Number,2020,5496682.511197744,6260769.920805838,4780467.065392147
5,Prevalence,5,East Asia,1,Male,22,All ages,559,Schizophrenia,2,Percent,2020,0.0040451383352309,0.0046017832843636,0.0035266463938839
5,Prevalence,5,East Asia,2,Female,22,All ages,559,Schizophrenia,2,Percent,2020,0.0037641458526675,0.0042918389971287,0.0032722951332409
5,Prevalence,5,East Asia,3,Both,22,All ages,559,Schizophrenia,2,Percent,2020,0.0039059399381576,0.0044490133741058,0.0034005745723395
5,Prevalence,5,East Asia,1,Male,22,All ages,559,Schizophrenia,3,Rate,2020,382.45741154527,434.93312244971,333.42107128458
5,Prevalence,5,East Asia,2,Female,22,All ages,559,Schizophrenia,3,Rate,2020,365.27703883885,416.44345741745,317.52162448763
5,Prevalence,5,East Asia,3,Both,22,All ages,559,Schizophrenia,3,Rate,2020,374.05846448355,426.05589431271,325.31880208688
5,Prevalence,5,East Asia,1,Male,27,Age-standardized,559,Schizophrenia,2,Percent,2020,0.0034608779163405,0.0039603685876926,0.0030076226268464
5,Prevalence,5,East Asia,2,Female,27,Age-standardized,559,Schizophrenia,2,Percent,2020,0.0031880849196935,0.003643814618887,0.0027645303510064
5,Prevalence,5,East Asia,3,Both,27,Age-standardized,559,Schizophrenia,2,Percent,2020,0.0033269394235223,0.0038080948098967,0.0028853629408761
5,Prevalence,5,East Asia,1,Male,27,Age-standardized,559,Schizophrenia,3,Rate,2020,318.60997450176,363.85037328452,277.20927870310004
5,Prevalence,5,East Asia,2,Female,27,Age-standardized,559,Schizophrenia,3,Rate,2020,302.96102774587,346.34657582735,262.04080244102
5,Prevalence,5,East Asia,3,Both,27,Age-standardized,559,Schizophrenia,3,Rate,2020,310.91951460591,354.78562383839,269.37171565355
5,Prevalence,1,Global,1,Male,22,All ages,559,Schizophrenia,1,Number,2020,12035654.515779508,14231835.98300204,9948011.096779848
5,Prevalence,1,Global,2,Female,22,All ages,559,Schizophrenia,1,Number,2020,10884440.182517065,12860127.345941298,9010835.35385546
5,Prevalence,1,Global,3,Both,22,All ages,559,Schizophrenia,1,Number,2020,22920094.69829655,27095221.516492367,18958846.45063531
5,Prevalence,1,Global,1,Male,22,All ages,559,Schizophrenia,2,Percent,2020,0.0032068689695033,0.0037982969835622,0.0026499686327461
5,Prevalence,1,Global,2,Female,22,All ages,559,Schizophrenia,2,Percent,2020,0.0028615139175419,0.0033781887730371,0.0023697513414982
5,Prevalence,1,Global,3,Both,22,All ages,559,Schizophrenia,2,Percent,2020,0.003033033105759,0.0035875942646495,0.0025089620538941
5,Prevalence,1,Global,1,Male,22,All ages,559,Schizophrenia,3,Rate,2020,306.56917238573,362.50975575264,253.39324295371
5,Prevalence,1,Global,2,Female,22,All ages,559,Schizophrenia,3,Rate,2020,279.34279683246,330.04765336548996,231.25782376808
5,Prevalence,1,Global,3,Both,22,All ages,559,Schizophrenia,3,Rate,2020,293.0072752256,346.38151075229,242.36723334018
5,Prevalence,1,Global,1,Male,27,Age-standardized,559,Schizophrenia,2,Percent,2020,0.0030636061256548,0.0036326862572667,0.0025334742009116
5,Prevalence,1,Global,2,Female,27,Age-standardized,559,Schizophrenia,2,Percent,2020,0.0027052412932805,0.0032010164099755,0.0022370778994897
5,Prevalence,1,Global,3,Both,27,Age-standardized,559,Schizophrenia,2,Percent,2020,0.0028843369607299,0.0034179216218806,0.0023852740081362
5,Prevalence,1,Global,1,Male,27,Age-standardized,559,Schizophrenia,3,Rate,2020,291.95722269569,345.45585481589,241.49746628883997
5,Prevalence,1,Global,2,Female,27,Age-standardized,559,Schizophrenia,3,Rate,2020,263.09424119592,311.17037297867,217.48652591364998
5,Prevalence,1,Global,3,Both,27,Age-standardized,559,Schizophrenia,3,Rate,2020,277.62496913012,328.42631685828,229.57754450930997
5,Prevalence,65,High-income Asia Pacific,1,Male,22,All ages,559,Schizophrenia,1,Number,2020,296948.21291282587,352153.8718060573,245301.4059616318
5,Prevalence,65,High-income Asia Pacific,2,Female,22,All ages,559,Schizophrenia,1,Number,2020,308955.3480944738,366279.8876482389,258349.0246159296
5,Prevalence,65,High-income Asia Pacific,3,Both,22,All ages,559,Schizophrenia,1,Number,2020,605903.5610072997,719559.1937702745,502947.79030221386
5,Prevalence,65,High-income Asia Pacific,1,Male,22,All ages,559,Schizophrenia,2,Percent,2020,0.0034540748870652,0.0041092677683605,0.0028419702055279
5,Prevalence,65,High-income Asia Pacific,2,Female,22,All ages,559,Schizophrenia,2,Percent,2020,0.003378685864029,0.0040074153700042,0.0028249324913941
5,Prevalence,65,High-income Asia Pacific,3,Both,22,All ages,559,Schizophrenia,2,Percent,2020,0.0034152156735899,0.0040572425463521,0.0028360894042473
5,Prevalence,65,High-income Asia Pacific,1,Male,22,All ages,559,Schizophrenia,3,Rate,2020,324.4835543793,384.80831014669,268.04765490890003
5,Prevalence,65,High-income Asia Pacific,2,Female,22,All ages,559,Schizophrenia,3,Rate,2020,327.17875513394,387.88452250617,273.58747076312
5,Prevalence,65,High-income Asia Pacific,3,Both,22,All ages,559,Schizophrenia,3,Rate,2020,325.85228824058004,386.97579103973,270.48312451417
5,Prevalence,65,High-income Asia Pacific,1,Male,27,Age-standardized,559,Schizophrenia,2,Percent,2020,0.0030507041185742,0.0036869907334736,0.0024770882942222
5,Prevalence,65,High-income Asia Pacific,2,Female,27,Age-standardized,559,Schizophrenia,2,Percent,2020,0.0029327404913764,0.0035261434450797,0.0024222956090723
5,Prevalence,65,High-income Asia Pacific,3,Both,27,Age-standardized,559,Schizophrenia,2,Percent,2020,0.0029962197820594,0.0036083766128589,0.0024517192746952
5,Prevalence,65,High-income Asia Pacific,1,Male,27,Age-standardized,559,Schizophrenia,3,Rate,2020,270.70902964576,327.61924535823,219.93266038717002
5,Prevalence,65,High-income Asia Pacific,2,Female,27,Age-standardized,559,Schizophrenia,3,Rate,2020,271.821785127,326.93932384924,223.98854978886
5,Prevalence,65,High-income Asia Pacific,3,Both,27,Age-standardized,559,Schizophrenia,3,Rate,2020,271.62247080543,326.81303839773,222.45472746883001
5,Prevalence,32,Central Asia,1,Male,22,All ages,559,Schizophrenia,1,Number,2020,106500.16096598204,135998.90090182744,81801.61226887043
5,Prevalence,32,Central Asia,2,Female,22,All ages,559,Schizophrenia,1,Number,2020,107534.9726693859,136059.51179077502,84976.89624927402
5,Prevalence,32,Central Asia,3,Both,22,All ages,559,Schizophrenia,1,Number,2020,214035.133635368,271851.9978825604,167446.21134843642
5,Prevalence,32,Central Asia,1,Male,22,All ages,559,Schizophrenia,2,Percent,2020,0.0024054917987451,0.00307491732959,0.0018421274645905
5,Prevalence,32,Central Asia,2,Female,22,All ages,559,Schizophrenia,2,Percent,2020,0.0023329467707734,0.0029494231414839,0.0018437841596661
5,Prevalence,32,Central Asia,3,Both,22,All ages,559,Schizophrenia,2,Percent,2020,0.0023684859216703,0.0030050521336585,0.001850754396419
5,Prevalence,32,Central Asia,1,Male,22,All ages,559,Schizophrenia,3,Rate,2020,227.05422037999,289.94439197762,174.39787067991
5,Prevalence,32,Central Asia,2,Female,22,All ages,559,Schizophrenia,3,Rate,2020,225.55731983297002,285.38826072578,178.24118507604
5,Prevalence,32,Central Asia,3,Both,22,All ages,559,Schizophrenia,3,Rate,2020,226.29967630141,287.42953587948,177.04113704342998
5,Prevalence,32,Central Asia,1,Male,27,Age-standardized,559,Schizophrenia,2,Percent,2020,0.0023238950370244,0.002951406059168,0.001795917296394
5,Prevalence,32,Central Asia,2,Female,27,Age-standardized,559,Schizophrenia,2,Percent,2020,0.0021987864998723,0.0027700492517515,0.0017424335674631
5,Prevalence,32,Central Asia,3,Both,27,Age-standardized,559,Schizophrenia,2,Percent,2020,0.0022603758664621,0.0028593562988968,0.0017719964523362
5,Prevalence,32,Central Asia,1,Male,27,Age-standardized,559,Schizophrenia,3,Rate,2020,219.83235602648,278.91657842264,170.4308594519
5,Prevalence,32,Central Asia,2,Female,27,Age-standardized,559,Schizophrenia,3,Rate,2020,212.32913119361,267.37078523917,168.33052439117
5,Prevalence,32,Central Asia,3,Both,27,Age-standardized,559,Schizophrenia,3,Rate,2020,215.99542188413,272.99455484564004,169.5492444059
5,Prevalence,42,Central Europe,1,Male,22,All ages,559,Schizophrenia,1,Number,2020,156690.26095976835,191306.6570539056,127133.2858323744
5,Prevalence,42,Central Europe,2,Female,22,All ages,559,Schizophrenia,1,Number,2020,157596.79403747842,191413.77095263064,127854.04118255996
5,Prevalence,42,Central Europe,3,Both,22,All ages,559,Schizophrenia,1,Number,2020,314287.05499724665,382388.2683138595,254804.91686837055
5,Prevalence,42,Central Europe,1,Male,22,All ages,559,Schizophrenia,2,Percent,2020,0.0028868379031392,0.0035253753547948,0.0023413728659564
5,Prevalence,42,Central Europe,2,Female,22,All ages,559,Schizophrenia,2,Percent,2020,0.0027179828246685,0.0033034987168101,0.0022062977488034
5,Prevalence,42,Central Europe,3,Both,22,All ages,559,Schizophrenia,2,Percent,2020,0.0027996212179967,0.0034107191764915,0.0022702226004715
5,Prevalence,42,Central Europe,1,Male,22,All ages,559,Schizophrenia,3,Rate,2020,277.38084085428,338.66049535943,225.05762329291
5,Prevalence,42,Central Europe,2,Female,22,All ages,559,Schizophrenia,3,Rate,2020,265.21727051235,322.12735151491,215.16363980316
5,Prevalence,42,Central Europe,3,Both,22,All ages,559,Schizophrenia,3,Rate,2020,271.14518622138,329.89821429884,219.82810152648997
5,Prevalence,42,Central Europe,1,Male,27,Age-standardized,559,Schizophrenia,2,Percent,2020,0.0024199659780061,0.00296878649125,0.0019196275034095
5,Prevalence,42,Central Europe,2,Female,27,Age-standardized,559,Schizophrenia,2,Percent,2020,0.0023284281214932,0.002874483751744,0.0018431927403799
5,Prevalence,42,Central Europe,3,Both,27,Age-standardized,559,Schizophrenia,2,Percent,2020,0.0023743478944102,0.002925114010208,0.0018794149084718
5,Prevalence,42,Central Europe,1,Male,27,Age-standardized,559,Schizophrenia,3,Rate,2020,226.49881661025998,277.64058864901,180.13181281565
5,Prevalence,42,Central Europe,2,Female,27,Age-standardized,559,Schizophrenia,3,Rate,2020,221.88006951397,274.03919853953,176.03885737441001
5,Prevalence,42,Central Europe,3,Both,27,Age-standardized,559,Schizophrenia,3,Rate,2020,224.18568421525998,276.45541106831996,178.11068525834
5,Prevalence,70,Australasia,1,Male,22,All ages,559,Schizophrenia,1,Number,2020,72759.89300864885,78786.10947364819,67147.3039242373
5,Prevalence,70,Australasia,2,Female,22,All ages,559,Schizophrenia,1,Number,2020,60214.10083435171,66695.87150917252,53674.44715923724
5,Prevalence,70,Australasia,3,Both,22,All ages,559,Schizophrenia,1,Number,2020,132973.99384300062,145087.5933914393,121803.8333568543
5,Prevalence,70,Australasia,1,Male,22,All ages,559,Schizophrenia,2,Percent,2020,0.0051444075841206,0.0055917172731975,0.0047610698635986
5,Prevalence,70,Australasia,2,Female,22,All ages,559,Schizophrenia,2,Percent,2020,0.0040720406182968,0.0045140883724921,0.0036280891688857
5,Prevalence,70,Australasia,3,Both,22,All ages,559,Schizophrenia,2,Percent,2020,0.0045962807332728,0.0050229602329292,0.0042169436018501
5,Prevalence,70,Australasia,1,Male,22,All ages,559,Schizophrenia,3,Rate,2020,482.62033202627003,522.5925539597799,445.39172302978
5,Prevalence,70,Australasia,2,Female,22,All ages,559,Schizophrenia,3,Rate,2020,391.33630601671,433.46185729431005,348.83456844384
5,Prevalence,70,Australasia,3,Both,22,All ages,559,Schizophrenia,3,Rate,2020,436.5126805419,476.27789821403996,399.84448283665995
5,Prevalence,70,Australasia,1,Male,27,Age-standardized,559,Schizophrenia,2,Percent,2020,0.0048217147585918,0.0052394409432624,0.0044645596389446
5,Prevalence,70,Australasia,2,Female,27,Age-standardized,559,Schizophrenia,2,Percent,2020,0.0035720851514382,0.0039875082510378,0.0031663808035417
5,Prevalence,70,Australasia,3,Both,27,Age-standardized,559,Schizophrenia,2,Percent,2020,0.0041922870052839,0.0045834040974985,0.0038359101888488
5,Prevalence,70,Australasia,1,Male,27,Age-standardized,559,Schizophrenia,3,Rate,2020,439.7599426684,476.74371474915,406.53857771222005
5,Prevalence,70,Australasia,2,Female,27,Age-standardized,559,Schizophrenia,3,Rate,2020,334.75066615196,373.93479792341003,298.04687405462
5,Prevalence,70,Australasia,3,Both,27,Age-standardized,559,Schizophrenia,3,Rate,2020,387.51108926766,423.87138733032,354.17817184843
5,Prevalence,9,Southeast Asia,1,Male,22,All ages,559,Schizophrenia,1,Number,2020,1174324.8782525046,1432521.515238162,948180.4601132376
5,Prevalence,9,Southeast Asia,2,Female,22,All ages,559,Schizophrenia,1,Number,2020,990071.499141298,1197346.8196409226,794337.9374708623
5,Prevalence,9,Southeast Asia,3,Both,22,All ages,559,Schizophrenia,1,Number,2020,2164396.377393802,2630005.806336517,1749114.9229225344
5,Prevalence,9,Southeast Asia,1,Male,22,All ages,559,Schizophrenia,2,Percent,2020,0.0035460568279424,0.004326495841317,0.002858985478112
5,Prevalence,9,Southeast Asia,2,Female,22,All ages,559,Schizophrenia,2,Percent,2020,0.0029364761473537,0.0035523632297629,0.00235271053934
5,Prevalence,9,Southeast Asia,3,Both,22,All ages,559,Schizophrenia,2,Percent,2020,0.0032385280791524,0.0039393203800075,0.0026090124077607
5,Prevalence,9,Southeast Asia,1,Male,22,All ages,559,Schizophrenia,3,Rate,2020,339.11291794676004,413.67304742518996,273.80859294029
5,Prevalence,9,Southeast Asia,2,Female,22,All ages,559,Schizophrenia,3,Rate,2020,286.53439828645,346.52148941119,229.88758200465
5,Prevalence,9,Southeast Asia,3,Both,22,All ages,559,Schizophrenia,3,Rate,2020,312.85253656039004,380.15402182094,252.82570516536
5,Prevalence,9,Southeast Asia,1,Male,27,Age-standardized,559,Schizophrenia,2,Percent,2020,0.0032945837538011,0.0040081107608646,0.0026683229883258
5,Prevalence,9,Southeast Asia,2,Female,27,Age-standardized,559,Schizophrenia,2,Percent,2020,0.0027053596164709,0.0032776040114404,0.00217039195966
5,Prevalence,9,Southeast Asia,3,Both,27,Age-standardized,559,Schizophrenia,2,Percent,2020,0.0029965074961636,0.0036434322044443,0.0024184441072056
5,Prevalence,9,Southeast Asia,1,Male,27,Age-standardized,559,Schizophrenia,3,Rate,2020,313.97566402615,381.92895778842,254.18451216851
5,Prevalence,9,Southeast Asia,2,Female,27,Age-standardized,559,Schizophrenia,3,Rate,2020,262.81127316205,318.13194784407,211.17031580812
5,Prevalence,9,Southeast Asia,3,Both,27,Age-standardized,559,Schizophrenia,3,Rate,2020,288.27018888662,350.1233849239,233.43764320277998
5,Prevalence,100,High-income North America,1,Male,22,All ages,559,Schizophrenia,1,Number,2020,705298.809456464,819338.9055356852,603047.0662649858
5,Prevalence,100,High-income North America,2,Female,22,All ages,559,Schizophrenia,1,Number,2020,750382.406153544,869809.9685269597,641236.4016188906
5,Prevalence,100,High-income North America,3,Both,22,All ages,559,Schizophrenia,1,Number,2020,1455681.2156100073,1682995.8518202482,1247936.453543942
5,Prevalence,100,High-income North America,1,Male,22,All ages,559,Schizophrenia,2,Percent,2020,0.0041506735736554,0.0048221811580321,0.0035469136551033
5,Prevalence,100,High-income North America,2,Female,22,All ages,559,Schizophrenia,2,Percent,2020,0.0041624314536976,0.0048322881293856,0.0035518684163216
5,Prevalence,100,High-income North America,3,Both,22,All ages,559,Schizophrenia,2,Percent,2020,0.0041567237827776,0.004814901927464,0.0035451970861318
5,Prevalence,100,High-income North America,1,Male,22,All ages,559,Schizophrenia,3,Rate,2020,388.94673693497,451.83571768334997,332.55860565358
5,Prevalence,100,High-income North America,2,Female,22,All ages,559,Schizophrenia,3,Rate,2020,400.47842556798,464.21680983247,342.2272996159
5,Prevalence,100,High-income North America,3,Both,22,All ages,559,Schizophrenia,3,Rate,2020,394.80697096224003,456.45879556172,338.46284879796
5,Prevalence,100,High-income North America,1,Male,27,Age-standardized,559,Schizophrenia,2,Percent,2020,0.0037992179452807,0.0044377110661538,0.0032308594895315
5,Prevalence,100,High-income North America,2,Female,27,Age-standardized,559,Schizophrenia,2,Percent,2020,0.0037538994330112,0.0043864448491574,0.0032026673105563
5,Prevalence,100,High-income North America,3,Both,27,Age-standardized,559,Schizophrenia,2,Percent,2020,0.0037796270960878,0.0044111089634292,0.0032117287971799
5,Prevalence,100,High-income North America,1,Male,27,Age-standardized,559,Schizophrenia,3,Rate,2020,345.10388043259996,400.88039308196005,293.93489433668003
5,Prevalence,100,High-income North America,2,Female,27,Age-standardized,559,Schizophrenia,3,Rate,2020,351.37715950426,410.10014797334,299.30629652234
5,Prevalence,100,High-income North America,3,Both,27,Age-standardized,559,Schizophrenia,3,Rate,2020,348.46580223574,405.45063003803995,296.61550600571996
5,Prevalence,134,Tropical Latin America,1,Male,22,All ages,559,Schizophrenia,1,Number,2020,331717.4663162292,397556.87935238366,275767.6861687866
5,Prevalence,134,Tropical Latin America,2,Female,22,All ages,559,Schizophrenia,1,Number,2020,287770.81320504635,342813.5052818889,237416.34766725084
5,Prevalence,134,Tropical Latin America,3,Both,22,All ages,559,Schizophrenia,1,Number,2020,619488.2795212755,739558.2689242659,513288.7780004617
5,Prevalence,134,Tropical Latin America,1,Male,22,All ages,559,Schizophrenia,2,Percent,2020,0.0031202133168154,0.003743463902497,0.0026003677946799
5,Prevalence,134,Tropical Latin America,2,Female,22,All ages,559,Schizophrenia,2,Percent,2020,0.0025397612373739,0.0030243360331405,0.0020967778882827
5,Prevalence,134,Tropical Latin America,3,Both,22,All ages,559,Schizophrenia,2,Percent,2020,0.002820742729398,0.0033706221062209,0.0023414807526057
5,Prevalence,134,Tropical Latin America,1,Male,22,All ages,559,Schizophrenia,3,Rate,2020,300.52138926975005,360.16899267773,249.83335693317
5,Prevalence,134,Tropical Latin America,2,Female,22,All ages,559,Schizophrenia,3,Rate,2020,249.35268645077997,297.04704080861,205.72066860713
5,Prevalence,134,Tropical Latin America,3,Both,22,All ages,559,Schizophrenia,3,Rate,2020,274.36747849939,327.54572468251996,227.33238451395
5,Prevalence,134,Tropical Latin America,1,Male,27,Age-standardized,559,Schizophrenia,2,Percent,2020,0.0028221500912139,0.0033802079670845,0.0023535309312383
5,Prevalence,134,Tropical Latin America,2,Female,27,Age-standardized,559,Schizophrenia,2,Percent,2020,0.0022476466570763,0.0026848889670889,0.0018582123528141
5,Prevalence,134,Tropical Latin America,3,Both,27,Age-standardized,559,Schizophrenia,2,Percent,2020,0.0025250229117303,0.0030171911177722,0.0021003794137412
5,Prevalence,134,Tropical Latin America,1,Male,27,Age-standardized,559,Schizophrenia,3,Rate,2020,269.91285441131,323.25609987094003,224.32020578274998
5,Prevalence,134,Tropical Latin America,2,Female,27,Age-standardized,559,Schizophrenia,3,Rate,2020,219.2570062437,261.81463766869,181.00629126977
5,Prevalence,134,Tropical Latin America,3,Both,27,Age-standardized,559,Schizophrenia,3,Rate,2020,243.87142267137003,291.31810021699,202.40321181909997
5,Prevalence,56,Eastern Europe,1,Male,22,All ages,559,Schizophrenia,1,Number,2020,242051.295504246,286873.22618776,200669.3747169681
5,Prevalence,56,Eastern Europe,2,Female,22,All ages,559,Schizophrenia,1,Number,2020,276036.12890694215,326865.74800752866,230816.17734847096
5,Prevalence,56,Eastern Europe,3,Both,22,All ages,559,Schizophrenia,1,Number,2020,518087.4244111884,611931.3124278478,431683.3871597776
5,Prevalence,56,Eastern Europe,1,Male,22,All ages,559,Schizophrenia,2,Percent,2020,0.0026415282117373,0.0031324143545915,0.0021902013125829
5,Prevalence,56,Eastern Europe,2,Female,22,All ages,559,Schizophrenia,2,Percent,2020,0.0025507828083276,0.0030218279644912,0.0021351252972866
5,Prevalence,56,Eastern Europe,3,Both,22,All ages,559,Schizophrenia,2,Percent,2020,0.0025923868033735,0.0030629557563314,0.0021630742235562
5,Prevalence,56,Eastern Europe,1,Male,22,All ages,559,Schizophrenia,3,Rate,2020,250.11869700046,296.43451149032,207.35754554647
5,Prevalence,56,Eastern Europe,2,Female,22,All ages,559,Schizophrenia,3,Rate,2020,248.01795441194,293.68827373857,207.38791106019
5,Prevalence,56,Eastern Europe,3,Both,22,All ages,559,Schizophrenia,3,Rate,2020,248.99501545205,294.09678639995997,207.46886836406003
5,Prevalence,56,Eastern Europe,1,Male,27,Age-standardized,559,Schizophrenia,2,Percent,2020,0.0022336368462723,0.0026671062348888,0.0018340968334891
5,Prevalence,56,Eastern Europe,2,Female,27,Age-standardized,559,Schizophrenia,2,Percent,2020,0.0021786546084243,0.0026260515016747,0.0017983936299096
5,Prevalence,56,Eastern Europe,3,Both,27,Age-standardized,559,Schizophrenia,2,Percent,2020,0.0022063447794041,0.0026378723253517,0.0018111163704452
5,Prevalence,56,Eastern Europe,1,Male,27,Age-standardized,559,Schizophrenia,3,Rate,2020,205.81371133235,245.11832847093,168.66537908119
5,Prevalence,56,Eastern Europe,2,Female,27,Age-standardized,559,Schizophrenia,3,Rate,2020,206.5673824362,249.29496033935,169.95778057439
5,Prevalence,56,Eastern Europe,3,Both,27,Age-standardized,559,Schizophrenia,3,Rate,2020,206.17986618990003,246.19210620605998,169.30913047612
5,Prevalence,96,Southern Latin America,1,Male,22,All ages,559,Schizophrenia,1,Number,2020,102393.32359193776,129170.63442963104,79350.9253100926
5,Prevalence,96,Southern Latin America,2,Female,22,All ages,559,Schizophrenia,1,Number,2020,105075.53278662784,132717.1754205618,83096.54226522779
5,Prevalence,96,Southern Latin America,3,Both,22,All ages,559,Schizophrenia,1,Number,2020,207468.8563785657,259772.3120351884,163797.8663954217
5,Prevalence,96,Southern Latin America,1,Male,22,All ages,559,Schizophrenia,2,Percent,2020,0.0032825207802892,0.0041352145301088,0.0025576343957685
5,Prevalence,96,Southern Latin America,2,Female,22,All ages,559,Schizophrenia,2,Percent,2020,0.0031504237441961,0.0039823811971107,0.0024874930616814
5,Prevalence,96,Southern Latin America,3,Both,22,All ages,559,Schizophrenia,2,Percent,2020,0.0032142473593606,0.0040210955104672,0.0025451708704509
5,Prevalence,96,Southern Latin America,1,Male,22,All ages,559,Schizophrenia,3,Rate,2020,311.16834603777,392.54329542324996,241.14361482893
5,Prevalence,96,Southern Latin America,2,Female,22,All ages,559,Schizophrenia,3,Rate,2020,304.98145206929,385.21124567116,241.18749103513
5,Prevalence,96,Southern Latin America,3,Both,22,All ages,559,Schizophrenia,3,Rate,2020,308.00385344793,385.65245175845,243.17083015237
5,Prevalence,96,Southern Latin America,1,Male,27,Age-standardized,559,Schizophrenia,2,Percent,2020,0.003029543551216,0.003818161168289,0.0023628504745064
5,Prevalence,96,Southern Latin America,2,Female,27,Age-standardized,559,Schizophrenia,2,Percent,2020,0.0028684594704464,0.0036297764693543,0.0022472114959138
5,Prevalence,96,Southern Latin America,3,Both,27,Age-standardized,559,Schizophrenia,2,Percent,2020,0.0029507228430784,0.0036960353760303,0.0023298901335517
5,Prevalence,96,Southern Latin America,1,Male,27,Age-standardized,559,Schizophrenia,3,Rate,2020,283.68554029548,357.88956842999,219.60373471742
5,Prevalence,96,Southern Latin America,2,Female,27,Age-standardized,559,Schizophrenia,3,Rate,2020,274.01709235151,346.46264670147997,214.68580998758998
5,Prevalence,96,Southern Latin America,3,Both,27,Age-standardized,559,Schizophrenia,3,Rate,2020,279.05890443584997,349.73890468481,219.82111857855
5,Prevalence,73,Western Europe,1,Male,22,All ages,559,Schizophrenia,1,Number,2020,675388.5433110122,793246.3830823846,571754.1996412929
5,Prevalence,73,Western Europe,2,Female,22,All ages,559,Schizophrenia,1,Number,2020,668232.0094429961,786213.5173258012,564831.3040982599
5,Prevalence,73,Western Europe,3,Both,22,All ages,559,Schizophrenia,1,Number,2020,1343620.552754008,1574141.771443937,1139680.6980250836
5,Prevalence,73,Western Europe,1,Male,22,All ages,559,Schizophrenia,2,Percent,2020,0.0033563293887316,0.0039423123761906,0.0028429047597672
5,Prevalence,73,Western Europe,2,Female,22,All ages,559,Schizophrenia,2,Percent,2020,0.0031008398644131,0.0036456577487934,0.0026202037906968
5,Prevalence,73,Western Europe,3,Both,22,All ages,559,Schizophrenia,2,Percent,2020,0.0032242061886881,0.003777752198553,0.0027348208525277
5,Prevalence,73,Western Europe,1,Male,22,All ages,559,Schizophrenia,3,Rate,2020,314.60130948008,369.50042065362,266.3276149549
5,Prevalence,73,Western Europe,2,Female,22,All ages,559,Schizophrenia,3,Rate,2020,300.66939982604003,353.75489807277,254.14449892597
5,Prevalence,73,Western Europe,3,Both,22,All ages,559,Schizophrenia,3,Rate,2020,307.51470899987004,360.27414717491,260.83895299726004
5,Prevalence,73,Western Europe,1,Male,27,Age-standardized,559,Schizophrenia,2,Percent,2020,0.0029662212297488,0.0035420770464231,0.0024764461190184
5,Prevalence,73,Western Europe,2,Female,27,Age-standardized,559,Schizophrenia,2,Percent,2020,0.0026123069580551,0.003106007729187,0.0021665464462051
5,Prevalence,73,Western Europe,3,Both,27,Age-standardized,559,Schizophrenia,2,Percent,2020,0.0027899011799512,0.0033161308745397,0.0023215220480192
5,Prevalence,73,Western Europe,1,Male,27,Age-standardized,559,Schizophrenia,3,Rate,2020,265.81606061325,316.68743206638,222.63987591884
5,Prevalence,73,Western Europe,2,Female,27,Age-standardized,559,Schizophrenia,3,Rate,2020,245.8604524961,292.52771613472,204.12620451893997
5,Prevalence,73,Western Europe,3,Both,27,Age-standardized,559,Schizophrenia,3,Rate,2020,256.14833396751,304.94884893983,212.73457696576
5,Prevalence,124,Central Latin America,1,Male,22,All ages,559,Schizophrenia,1,Number,2020,344139.65845976793,424590.8998724728,279389.3832256584
5,Prevalence,124,Central Latin America,2,Female,22,All ages,559,Schizophrenia,1,Number,2020,302166.6973244365,368705.1744847543,245720.22277128056
5,Prevalence,124,Central Latin America,3,Both,22,All ages,559,Schizophrenia,1,Number,2020,646306.3557842047,792831.8536359264,524561.2543684021
5,Prevalence,124,Central Latin America,1,Male,22,All ages,559,Schizophrenia,2,Percent,2020,0.0029700342346066,0.0036585390407367,0.0024153419112474
5,Prevalence,124,Central Latin America,2,Female,22,All ages,559,Schizophrenia,2,Percent,2020,0.0024129700701631,0.0029417547882706,0.0019634066177434
5,Prevalence,124,Central Latin America,3,Both,22,All ages,559,Schizophrenia,2,Percent,2020,0.0026806904008662,0.003282647014576,0.0021784925021315
5,Prevalence,124,Central Latin America,1,Male,22,All ages,559,Schizophrenia,3,Rate,2020,279.91237311802,345.34888225186,227.24653599264
5,Prevalence,124,Central Latin America,2,Female,22,All ages,559,Schizophrenia,3,Rate,2020,234.30544635174002,285.90056827834997,190.53584324105
5,Prevalence,124,Central Latin America,3,Both,22,All ages,559,Schizophrenia,3,Rate,2020,256.56421246255,314.73043444933,208.23506362102
5,Prevalence,124,Central Latin America,1,Male,27,Age-standardized,559,Schizophrenia,2,Percent,2020,0.002885426259305,0.0035470573074541,0.0023510188786696
5,Prevalence,124,Central Latin America,2,Female,27,Age-standardized,559,Schizophrenia,2,Percent,2020,0.0022700694479902,0.0027665898166289,0.001849295871542
5,Prevalence,124,Central Latin America,3,Both,27,Age-standardized,559,Schizophrenia,2,Percent,2020,0.0025628970565621,0.0031340610127555,0.0020846746850387
5,Prevalence,124,Central Latin America,1,Male,27,Age-standardized,559,Schizophrenia,3,Rate,2020,270.96304241003,333.76599305548996,220.39851171851998
5,Prevalence,124,Central Latin America,2,Female,27,Age-standardized,559,Schizophrenia,3,Rate,2020,219.17917343404,267.40606462515,178.33081466964998
5,Prevalence,124,Central Latin America,3,Both,27,Age-standardized,559,Schizophrenia,3,Rate,2020,244.04636697497997,299.03392084182,198.2557313084
5,Prevalence,104,Caribbean,1,Male,22,All ages,559,Schizophrenia,1,Number,2020,61505.96837389455,76837.83717078622,48307.47388345248
5,Prevalence,104,Caribbean,2,Female,22,All ages,559,Schizophrenia,1,Number,2020,50500.35681599699,63132.254743182624,39840.2711210866
5,Prevalence,104,Caribbean,3,Both,22,All ages,559,Schizophrenia,1,Number,2020,112006.32518989146,139560.02115312108,88297.10334498575
5,Prevalence,104,Caribbean,1,Male,22,All ages,559,Schizophrenia,2,Percent,2020,0.0027138819767208,0.0033922026829489,0.0021283776217427
5,Prevalence,104,Caribbean,2,Female,22,All ages,559,Schizophrenia,2,Percent,2020,0.0021604940565082,0.0026983415100115,0.0017035365557389
5,Prevalence,104,Caribbean,3,Both,22,All ages,559,Schizophrenia,2,Percent,2020,0.0024329138413759,0.0030340384395769,0.001916810608288
5,Prevalence,104,Caribbean,1,Male,22,All ages,559,Schizophrenia,3,Rate,2020,263.35708254994,329.005284556,206.84359134004
5,Prevalence,104,Caribbean,2,Female,22,All ages,559,Schizophrenia,3,Rate,2020,211.74166829694,264.70563349435,167.04526471601
5,Prevalence,104,Caribbean,3,Both,22,All ages,559,Schizophrenia,3,Rate,2020,237.27853297993,295.64934860348,187.05200007728
5,Prevalence,104,Caribbean,1,Male,27,Age-standardized,559,Schizophrenia,2,Percent,2020,0.0025714795540022,0.0032153572298344,0.002016199922017
5,Prevalence,104,Caribbean,2,Female,27,Age-standardized,559,Schizophrenia,2,Percent,2020,0.0020157738576638,0.0025274499547881,0.0015888042748899
5,Prevalence,104,Caribbean,3,Both,27,Age-standardized,559,Schizophrenia,2,Percent,2020,0.002288230579298,0.0028630405712386,0.0018003317241451
5,Prevalence,104,Caribbean,1,Male,27,Age-standardized,559,Schizophrenia,3,Rate,2020,248.76863440148,311.01741492254996,195.37696593353002
5,Prevalence,104,Caribbean,2,Female,27,Age-standardized,559,Schizophrenia,3,Rate,2020,196.71792330264998,246.89925873807,155.29425423791
5,Prevalence,104,Caribbean,3,Both,27,Age-standardized,559,Schizophrenia,3,Rate,2020,222.33265348778,277.82298038973,175.05033142303
5,Prevalence,120,Andean Latin America,1,Male,22,All ages,559,Schizophrenia,1,Number,2020,87627.16946668125,111111.0163693156,67353.24061382134
5,Prevalence,120,Andean Latin America,2,Female,22,All ages,559,Schizophrenia,1,Number,2020,71537.48578609174,90231.99827996032,55787.48841921178
5,Prevalence,120,Andean Latin America,3,Both,22,All ages,559,Schizophrenia,1,Number,2020,159164.65525277276,201848.623637376,123093.57767270909
5,Prevalence,120,Andean Latin America,1,Male,22,All ages,559,Schizophrenia,2,Percent,2020,0.0027828722716496,0.0035318470121463,0.0021288420587579
5,Prevalence,120,Andean Latin America,2,Female,22,All ages,559,Schizophrenia,2,Percent,2020,0.0022466133659515,0.0028318619034361,0.0017495292562204
5,Prevalence,120,Andean Latin America,3,Both,22,All ages,559,Schizophrenia,2,Percent,2020,0.0025132406785464,0.0031901317948161,0.0019403425981567
5,Prevalence,120,Andean Latin America,1,Male,22,All ages,559,Schizophrenia,3,Rate,2020,268.17397477994,340.04388231356,206.12769258268
5,Prevalence,120,Andean Latin America,2,Female,22,All ages,559,Schizophrenia,3,Rate,2020,219.92166675834,277.39263182944,171.50277651776
5,Prevalence,120,Andean Latin America,3,Both,22,All ages,559,Schizophrenia,3,Rate,2020,244.10216493293,309.56424301844,188.78191738944
5,Prevalence,120,Andean Latin America,1,Male,27,Age-standardized,559,Schizophrenia,2,Percent,2020,0.0027700319371605,0.0034956845634214,0.0021379672773862
5,Prevalence,120,Andean Latin America,2,Female,27,Age-standardized,559,Schizophrenia,2,Percent,2020,0.0021761941927159,0.0027283621064819,0.0017003615329279
5,Prevalence,120,Andean Latin America,3,Both,27,Age-standardized,559,Schizophrenia,2,Percent,2020,0.0024678553520628,0.0031169706401496,0.0019140278309033
5,Prevalence,120,Andean Latin America,1,Male,27,Age-standardized,559,Schizophrenia,3,Rate,2020,266.98882223877,335.78727391147,206.38833928112
5,Prevalence,120,Andean Latin America,2,Female,27,Age-standardized,559,Schizophrenia,3,Rate,2020,212.70080268081,266.72804762311,166.44951723577
5,Prevalence,120,Andean Latin America,3,Both,27,Age-standardized,559,Schizophrenia,3,Rate,2020,239.50224167877,302.24066072588,186.27133068328
5,Prevalence,199,Western Sub-Saharan Africa,1,Male,22,All ages,559,Schizophrenia,1,Number,2020,346126.0908528597,430500.8439473272,276768.59054220025
5,Prevalence,199,Western Sub-Saharan Africa,2,Female,22,All ages,559,Schizophrenia,1,Number,2020,488947.2000678272,605561.2294370581,390310.62925240793
5,Prevalence,199,Western Sub-Saharan Africa,3,Both,22,All ages,559,Schizophrenia,1,Number,2020,835073.2909206871,1036333.4358169772,665744.2860859815
5,Prevalence,199,Western Sub-Saharan Africa,1,Male,22,All ages,559,Schizophrenia,2,Percent,2020,0.0015227765452494,0.0018939475421242,0.0012162408860669
5,Prevalence,199,Western Sub-Saharan Africa,2,Female,22,All ages,559,Schizophrenia,2,Percent,2020,0.0020378085923603,0.0025204558795772,0.0016254946032646
5,Prevalence,199,Western Sub-Saharan Africa,3,Both,22,All ages,559,Schizophrenia,2,Percent,2020,0.0017872581690934,0.0022173575890837,0.0014232582326294
5,Prevalence,199,Western Sub-Saharan Africa,1,Male,22,All ages,559,Schizophrenia,3,Rate,2020,148.69235004254,184.93891062676002,118.89705293316
5,Prevalence,199,Western Sub-Saharan Africa,2,Female,22,All ages,559,Schizophrenia,3,Rate,2020,200.57569536448,248.41304881847,160.11304668395002
5,Prevalence,199,Western Sub-Saharan Africa,3,Both,22,All ages,559,Schizophrenia,3,Rate,2020,175.23237892637002,217.46495223063002,139.7002589783
5,Prevalence,199,Western Sub-Saharan Africa,1,Male,27,Age-standardized,559,Schizophrenia,2,Percent,2020,0.0021043634452751,0.0025735870519004,0.0017142414247505
5,Prevalence,199,Western Sub-Saharan Africa,2,Female,27,Age-standardized,559,Schizophrenia,2,Percent,2020,0.002670812622051,0.0032363939913531,0.0021691992577008
5,Prevalence,199,Western Sub-Saharan Africa,3,Both,27,Age-standardized,559,Schizophrenia,2,Percent,2020,0.002402477403879,0.0029252412579198,0.0019507026371806
5,Prevalence,199,Western Sub-Saharan Africa,1,Male,27,Age-standardized,559,Schizophrenia,3,Rate,2020,207.04454237999,253.18984774825,168.70993068364
5,Prevalence,199,Western Sub-Saharan Africa,2,Female,27,Age-standardized,559,Schizophrenia,3,Rate,2020,264.27092575103,320.34083308482,214.50142781995999
5,Prevalence,199,Western Sub-Saharan Africa,3,Both,27,Age-standardized,559,Schizophrenia,3,Rate,2020,237.06537771017003,288.47538450718,192.50451226987
5,Prevalence,44636,Low-middle SDI,1,Male,22,All ages,559,Schizophrenia,1,Number,2020,2735777.892576224,3297610.551541034,2221025.5595394624
5,Prevalence,44636,Low-middle SDI,2,Female,22,All ages,559,Schizophrenia,1,Number,2020,2292625.164898341,2762900.5951195154,1845589.503479931
5,Prevalence,44636,Low-middle SDI,3,Both,22,All ages,559,Schizophrenia,1,Number,2020,5028403.057474568,6060946.54509696,4066615.063019394
5,Prevalence,44636,Low-middle SDI,1,Male,22,All ages,559,Schizophrenia,2,Percent,2020,0.0029746535000143,0.0035898520481644,0.002411890728338
5,Prevalence,44636,Low-middle SDI,2,Female,22,All ages,559,Schizophrenia,2,Percent,2020,0.0024770116810483,0.0029856996568473,0.0019940653210415
5,Prevalence,44636,Low-middle SDI,3,Both,22,All ages,559,Schizophrenia,2,Percent,2020,0.0027250410897282,0.0032884316285127,0.0022024492702459
5,Prevalence,44636,Low-middle SDI,1,Male,22,All ages,559,Schizophrenia,3,Rate,2020,286.29741692242,345.09284744357,232.42891257375
5,Prevalence,44636,Low-middle SDI,2,Female,22,All ages,559,Schizophrenia,3,Rate,2020,242.84001498931,292.65264649686003,195.48899207387
5,Prevalence,44636,Low-middle SDI,3,Both,22,All ages,559,Schizophrenia,3,Rate,2020,264.70006389523,319.05416479452,214.07060148418998
5,Prevalence,44636,Low-middle SDI,1,Male,27,Age-standardized,559,Schizophrenia,2,Percent,2020,0.0030905601997922,0.0037049571990186,0.0025264091893754
5,Prevalence,44636,Low-middle SDI,2,Female,27,Age-standardized,559,Schizophrenia,2,Percent,2020,0.0025316302128272,0.0030494963207568,0.0020623471407999
5,Prevalence,44636,Low-middle SDI,3,Both,27,Age-standardized,559,Schizophrenia,2,Percent,2020,0.0028080503617722,0.0033762065314203,0.0022909979578104
5,Prevalence,44636,Low-middle SDI,1,Male,27,Age-standardized,559,Schizophrenia,3,Rate,2020,298.47223371491,357.85182990718,243.98138793804
5,Prevalence,44636,Low-middle SDI,2,Female,27,Age-standardized,559,Schizophrenia,3,Rate,2020,248.35836115373002,298.94671253941,202.14251313001
5,Prevalence,44636,Low-middle SDI,3,Both,27,Age-standardized,559,Schizophrenia,3,Rate,2020,273.29352483139,328.21675805267,222.77684405143
5,Prevalence,44635,High SDI,1,Male,22,All ages,559,Schizophrenia,1,Number,2020,1927487.7022778883,2267010.660689872,1611611.4648830637
5,Prevalence,44635,High SDI,2,Female,22,All ages,559,Schizophrenia,1,Number,2020,1899956.061793248,2223146.711638406,1605743.622617641
5,Prevalence,44635,High SDI,3,Both,22,All ages,559,Schizophrenia,1,Number,2020,3827443.764071137,4485518.139712023,3211250.841802634
5,Prevalence,44635,High SDI,1,Male,22,All ages,559,Schizophrenia,2,Percent,2020,0.0037647970643621,0.0044204209629703,0.0031499667197448
5,Prevalence,44635,High SDI,2,Female,22,All ages,559,Schizophrenia,2,Percent,2020,0.003592178676573,0.0042021021098774,0.0030398835626418
5,Prevalence,44635,High SDI,3,Both,22,All ages,559,Schizophrenia,2,Percent,2020,0.0036770812041369,0.0043107428243042,0.0030872407441461
5,Prevalence,44635,High SDI,1,Male,22,All ages,559,Schizophrenia,3,Rate,2020,354.1626682544,416.54768723154,296.12257236081
5,Prevalence,44635,High SDI,2,Female,22,All ages,559,Schizophrenia,3,Rate,2020,347.46537895612,406.5707255911,293.6595890605
5,Prevalence,44635,High SDI,3,Both,22,All ages,559,Schizophrenia,3,Rate,2020,350.80614659370997,411.12226098256997,294.32869638308
5,Prevalence,44635,High SDI,1,Male,27,Age-standardized,559,Schizophrenia,2,Percent,2020,0.0033016178260394,0.0038954632558078,0.0027434355032316
5,Prevalence,44635,High SDI,2,Female,27,Age-standardized,559,Schizophrenia,2,Percent,2020,0.0031219238164072,0.0036865419778916,0.002604635959669
5,Prevalence,44635,High SDI,3,Both,27,Age-standardized,559,Schizophrenia,2,Percent,2020,0.0032156200813512,0.0037893670169966,0.0026696390858848
5,Prevalence,44635,High SDI,1,Male,27,Age-standardized,559,Schizophrenia,3,Rate,2020,298.80633312871004,352.72694203143,248.34019155483
5,Prevalence,44635,High SDI,2,Female,27,Age-standardized,559,Schizophrenia,3,Rate,2020,293.28160106176,346.20182246246003,244.59896093045
5,Prevalence,44635,High SDI,3,Both,27,Age-standardized,559,Schizophrenia,3,Rate,2020,296.38949112369,349.30564945134,246.06154696774001
5,Prevalence,44637,Low SDI,1,Male,22,All ages,559,Schizophrenia,1,Number,2020,1036296.8228645336,1277415.7982988586,830353.7947854996
5,Prevalence,44637,Low SDI,2,Female,22,All ages,559,Schizophrenia,1,Number,2020,1026683.7451938523,1273418.478954992,818334.2296204602
5,Prevalence,44637,Low SDI,3,Both,22,All ages,559,Schizophrenia,1,Number,2020,2062980.5680583853,2553647.289688512,1649520.1061608726
5,Prevalence,44637,Low SDI,1,Male,22,All ages,559,Schizophrenia,2,Percent,2020,0.0019446737435963,0.0023962406945314,0.0015587634553752
5,Prevalence,44637,Low SDI,2,Female,22,All ages,559,Schizophrenia,2,Percent,2020,0.0019139871880613,0.0023735016309815,0.0015249630741351
5,Prevalence,44637,Low SDI,3,Both,22,All ages,559,Schizophrenia,2,Percent,2020,0.0019292796797212,0.0023874382520457,0.0015430233439065
5,Prevalence,44637,Low SDI,1,Male,22,All ages,559,Schizophrenia,3,Rate,2020,189.50583296008,233.59884885475,151.84538257814998
5,Prevalence,44637,Low SDI,2,Female,22,All ages,559,Schizophrenia,3,Rate,2020,188.21697489229,233.44966256926,150.02126396858
5,Prevalence,44637,Low SDI,3,Both,22,All ages,559,Schizophrenia,3,Rate,2020,188.86220794202,233.781875071,151.0106368028
5,Prevalence,44637,Low SDI,1,Male,27,Age-standardized,559,Schizophrenia,2,Percent,2020,0.0025323216138818,0.0030702678614107,0.002074232946869
5,Prevalence,44637,Low SDI,2,Female,27,Age-standardized,559,Schizophrenia,2,Percent,2020,0.0024231203415689,0.002950081076027,0.0019655710623854
5,Prevalence,44637,Low SDI,3,Both,27,Age-standardized,559,Schizophrenia,2,Percent,2020,0.0024770373719509,0.0030045419697727,0.0020208724476934
5,Prevalence,44637,Low SDI,1,Male,27,Age-standardized,559,Schizophrenia,3,Rate,2020,248.53111437169,301.22447604235003,203.62465062771
5,Prevalence,44637,Low SDI,2,Female,27,Age-standardized,559,Schizophrenia,3,Rate,2020,239.46320801942997,291.6196068371,194.21055922118998
5,Prevalence,44637,Low SDI,3,Both,27,Age-standardized,559,Schizophrenia,3,Rate,2020,243.94864316819002,295.62116888018,199.0558942418
5,Prevalence,44634,High-middle SDI,1,Male,22,All ages,559,Schizophrenia,1,Number,2020,2328226.461592792,2668466.428699789,2014283.042251012
5,Prevalence,44634,High-middle SDI,2,Female,22,All ages,559,Schizophrenia,1,Number,2020,2153128.1221790565,2467368.26302176,1868075.6352574327
5,Prevalence,44634,High-middle SDI,3,Both,22,All ages,559,Schizophrenia,1,Number,2020,4481354.5837718565,5135452.420622187,3874954.806116597
5,Prevalence,44634,High-middle SDI,1,Male,22,All ages,559,Schizophrenia,2,Percent,2020,0.0037712660109992,0.0043329686833544,0.0032637009309686
5,Prevalence,44634,High-middle SDI,2,Female,22,All ages,559,Schizophrenia,2,Percent,2020,0.0034032325598572,0.0039028052272445,0.0029512978065298
5,Prevalence,44634,High-middle SDI,3,Both,22,All ages,559,Schizophrenia,2,Percent,2020,0.0035849934885911,0.0041209637516762,0.0030988780080113
5,Prevalence,44634,High-middle SDI,1,Male,22,All ages,559,Schizophrenia,3,Rate,2020,357.61658165956,409.87758632898,309.39473798946
5,Prevalence,44634,High-middle SDI,2,Female,22,All ages,559,Schizophrenia,3,Rate,2020,331.01881130404,379.32963722019,287.19525319429
5,Prevalence,44634,High-middle SDI,3,Both,22,All ages,559,Schizophrenia,3,Rate,2020,344.32367347346997,394.58110474458005,297.73110974467
5,Prevalence,44634,High-middle SDI,1,Male,27,Age-standardized,559,Schizophrenia,2,Percent,2020,0.0032167597983748,0.0037079875574635,0.0027682501450047
5,Prevalence,44634,High-middle SDI,2,Female,27,Age-standardized,559,Schizophrenia,2,Percent,2020,0.0028918101623964,0.0033322663823667,0.0024883450726101
5,Prevalence,44634,High-middle SDI,3,Both,27,Age-standardized,559,Schizophrenia,2,Percent,2020,0.0030552959682224,0.0035227654868735,0.0026320543461787
5,Prevalence,44634,High-middle SDI,1,Male,27,Age-standardized,559,Schizophrenia,3,Rate,2020,297.46315302628,343.01013825154996,255.88189397555
5,Prevalence,44634,High-middle SDI,2,Female,27,Age-standardized,559,Schizophrenia,3,Rate,2020,275.72372768036,318.11012936291,237.19314190157002
5,Prevalence,44634,High-middle SDI,3,Both,27,Age-standardized,559,Schizophrenia,3,Rate,2020,286.72549908408,330.67676397233,246.92355997607999
5,Prevalence,174,Eastern Sub-Saharan Africa,1,Male,22,All ages,559,Schizophrenia,1,Number,2020,323213.6517958635,405558.2387709732,252677.0503394212
5,Prevalence,174,Eastern Sub-Saharan Africa,2,Female,22,All ages,559,Schizophrenia,1,Number,2020,365487.8006922796,458529.9347184976,288655.529692268
5,Prevalence,174,Eastern Sub-Saharan Africa,3,Both,22,All ages,559,Schizophrenia,1,Number,2020,688701.4524881428,863614.0143499533,541732.0236947669
5,Prevalence,174,Eastern Sub-Saharan Africa,1,Male,22,All ages,559,Schizophrenia,2,Percent,2020,0.0016103794866085,0.0020178427191933,0.0012574942692347
5,Prevalence,174,Eastern Sub-Saharan Africa,2,Female,22,All ages,559,Schizophrenia,2,Percent,2020,0.0017722467413576,0.0022229525809359,0.0013989773934778
5,Prevalence,174,Eastern Sub-Saharan Africa,3,Both,22,All ages,559,Schizophrenia,2,Percent,2020,0.0016924103079412,0.0021198087335587,0.0013294299212299
5,Prevalence,174,Eastern Sub-Saharan Africa,1,Male,22,All ages,559,Schizophrenia,3,Rate,2020,156.40318335683,196.24975377101998,122.27050068806999
5,Prevalence,174,Eastern Sub-Saharan Africa,2,Female,22,All ages,559,Schizophrenia,3,Rate,2020,174.04583671491,218.35263993970003,137.45819448014
5,Prevalence,174,Eastern Sub-Saharan Africa,3,Both,22,All ages,559,Schizophrenia,3,Rate,2020,165.29524596339,207.27601256491,130.02111114963
5,Prevalence,174,Eastern Sub-Saharan Africa,1,Male,27,Age-standardized,559,Schizophrenia,2,Percent,2020,0.0021344094699412,0.0026257412096878,0.0017139170625033
5,Prevalence,174,Eastern Sub-Saharan Africa,2,Female,27,Age-standardized,559,Schizophrenia,2,Percent,2020,0.0022686069873395,0.0027982037110531,0.0018235687013724
5,Prevalence,174,Eastern Sub-Saharan Africa,3,Both,27,Age-standardized,559,Schizophrenia,2,Percent,2020,0.0022039007252549,0.002714354986126,0.0017738893957482
5,Prevalence,174,Eastern Sub-Saharan Africa,1,Male,27,Age-standardized,559,Schizophrenia,3,Rate,2020,209.13791227076,257.29086922498,168.02376815623
5,Prevalence,174,Eastern Sub-Saharan Africa,2,Female,27,Age-standardized,559,Schizophrenia,3,Rate,2020,224.02156400994,276.32509989443,180.04120903672998
5,Prevalence,174,Eastern Sub-Saharan Africa,3,Both,27,Age-standardized,559,Schizophrenia,3,Rate,2020,216.79244854558002,266.98634354801,174.40446554725
5,Prevalence,138,North Africa and Middle East,1,Male,22,All ages,559,Schizophrenia,1,Number,2020,845081.7948968468,1053794.2712341314,662721.2948768137
5,Prevalence,138,North Africa and Middle East,2,Female,22,All ages,559,Schizophrenia,1,Number,2020,702200.2993330227,881664.1821545649,551325.4269104411
5,Prevalence,138,North Africa and Middle East,3,Both,22,All ages,559,Schizophrenia,1,Number,2020,1547282.0942298698,1933529.4312241424,1213645.5805054782
5,Prevalence,138,North Africa and Middle East,1,Male,22,All ages,559,Schizophrenia,2,Percent,2020,0.0027963051990365,0.0034796312186876,0.0021959501200669
5,Prevalence,138,North Africa and Middle East,2,Female,22,All ages,559,Schizophrenia,2,Percent,2020,0.0024481086205473,0.0030750647912483,0.00192280462736
5,Prevalence,138,North Africa and Middle East,3,Both,22,All ages,559,Schizophrenia,2,Percent,2020,0.0026267508749809,0.0032793332092768,0.0020618746080491
5,Prevalence,138,North Africa and Middle East,1,Male,22,All ages,559,Schizophrenia,3,Rate,2020,264.72148186073,330.10056865738,207.597139472
5,Prevalence,138,North Africa and Middle East,2,Female,22,All ages,559,Schizophrenia,3,Rate,2020,237.46258621137,298.15176248602,186.44133567387001
5,Prevalence,138,North Africa and Middle East,3,Both,22,All ages,559,Schizophrenia,3,Rate,2020,251.61342307595,314.42356931723,197.35865880615
5,Prevalence,138,North Africa and Middle East,1,Male,27,Age-standardized,559,Schizophrenia,2,Percent,2020,0.002693005192447,0.0033276831268816,0.00213239616514
5,Prevalence,138,North Africa and Middle East,2,Female,27,Age-standardized,559,Schizophrenia,2,Percent,2020,0.0024061388852037,0.0029878114769777,0.0019046710484341
5,Prevalence,138,North Africa and Middle East,3,Both,27,Age-standardized,559,Schizophrenia,2,Percent,2020,0.0025541852645029,0.0031673561220228,0.0020231307443141
5,Prevalence,138,North Africa and Middle East,1,Male,27,Age-standardized,559,Schizophrenia,3,Rate,2020,255.35200877250998,316.08002529544,202.14661207831
5,Prevalence,138,North Africa and Middle East,2,Female,27,Age-standardized,559,Schizophrenia,3,Rate,2020,233.64857795673,290.48055987461,184.88384699288
5,Prevalence,138,North Africa and Middle East,3,Both,27,Age-standardized,559,Schizophrenia,3,Rate,2020,245.00914674314,303.69948300698,193.91489147457
5,Prevalence,159,South Asia,1,Male,22,All ages,559,Schizophrenia,1,Number,2020,3085621.5534088984,3674586.373571465,2537935.60529129
5,Prevalence,159,South Asia,2,Female,22,All ages,559,Schizophrenia,1,Number,2020,2344471.2443059245,2785135.1845635874,1930096.4479817147
5,Prevalence,159,South Asia,3,Both,22,All ages,559,Schizophrenia,1,Number,2020,5430092.797714828,6459598.157103669,4468389.173126374
5,Prevalence,159,South Asia,1,Male,22,All ages,559,Schizophrenia,2,Percent,2020,0.0034178269882702,0.0040687869799508,0.0028143319916664
5,Prevalence,159,South Asia,2,Female,22,All ages,559,Schizophrenia,2,Percent,2020,0.0026567800572116,0.0031564310875079,0.0021881881637575
5,Prevalence,159,South Asia,3,Both,22,All ages,559,Schizophrenia,2,Percent,2020,0.0030416405439775,0.0036180104084189,0.0025017377932587
5,Prevalence,159,South Asia,1,Male,22,All ages,559,Schizophrenia,3,Rate,2020,331.00751845256,394.18823592017003,272.25495808835996
5,Prevalence,159,South Asia,2,Female,22,All ages,559,Schizophrenia,3,Rate,2020,261.72384280379,310.9171353679,215.46532531571
5,Prevalence,159,South Asia,3,Both,22,All ages,559,Schizophrenia,3,Rate,2020,297.05569013405,353.37524790637,244.44525702566
5,Prevalence,159,South Asia,1,Male,27,Age-standardized,559,Schizophrenia,2,Percent,2020,0.003405534913204,0.0040389570559841,0.0028189825442612
5,Prevalence,159,South Asia,2,Female,27,Age-standardized,559,Schizophrenia,2,Percent,2020,0.0026168081053892,0.0030873347768722,0.0021730389304671
5,Prevalence,159,South Asia,3,Both,27,Age-standardized,559,Schizophrenia,2,Percent,2020,0.003013135571728,0.0035670650527522,0.0024972462662729
5,Prevalence,159,South Asia,1,Male,27,Age-standardized,559,Schizophrenia,3,Rate,2020,330.31294837114,391.62743014207996,273.08578693007
5,Prevalence,159,South Asia,2,Female,27,Age-standardized,559,Schizophrenia,3,Rate,2020,257.58493752815997,303.65728002455,213.77310237516
5,Prevalence,159,South Asia,3,Both,27,Age-standardized,559,Schizophrenia,3,Rate,2020,294.35859486397,348.26001831219,243.71312912007002
5,Prevalence,167,Central Sub-Saharan Africa,1,Male,22,All ages,559,Schizophrenia,1,Number,2020,103390.7718970317,133117.60117169228,78910.27660073392
5,Prevalence,167,Central Sub-Saharan Africa,2,Female,22,All ages,559,Schizophrenia,1,Number,2020,113222.53274858335,145165.37978769664,85973.35285475448
5,Prevalence,167,Central Sub-Saharan Africa,3,Both,22,All ages,559,Schizophrenia,1,Number,2020,216613.3046456151,277770.4679889761,165634.3563495419
5,Prevalence,167,Central Sub-Saharan Africa,1,Male,22,All ages,559,Schizophrenia,2,Percent,2020,0.0015757109667205,0.0020257949882691,0.0012019146210384
5,Prevalence,167,Central Sub-Saharan Africa,2,Female,22,All ages,559,Schizophrenia,2,Percent,2020,0.0017107029082904,0.0021915884740704,0.0012982219375102
5,Prevalence,167,Central Sub-Saharan Africa,3,Both,22,All ages,559,Schizophrenia,2,Percent,2020,0.0016434980656935,0.0021056865438985,0.0012559373328639
5,Prevalence,167,Central Sub-Saharan Africa,1,Male,22,All ages,559,Schizophrenia,3,Rate,2020,154.99418810231998,199.55798894976002,118.29522142305
5,Prevalence,167,Central Sub-Saharan Africa,2,Female,22,All ages,559,Schizophrenia,3,Rate,2020,169.27119981869,217.02674734687,128.53283031987
5,Prevalence,167,Central Sub-Saharan Africa,3,Both,22,All ages,559,Schizophrenia,3,Rate,2020,162.14241997524,207.92063512014002,123.98294469259
5,Prevalence,167,Central Sub-Saharan Africa,1,Male,27,Age-standardized,559,Schizophrenia,2,Percent,2020,0.0020703561130941,0.0026127795309206,0.0016131403830163
5,Prevalence,167,Central Sub-Saharan Africa,2,Female,27,Age-standardized,559,Schizophrenia,2,Percent,2020,0.0022167261006972,0.0027780731445956,0.0017262981437784
5,Prevalence,167,Central Sub-Saharan Africa,3,Both,27,Age-standardized,559,Schizophrenia,2,Percent,2020,0.0021447953486081,0.0026893571574726,0.0016681440362163
5,Prevalence,167,Central Sub-Saharan Africa,1,Male,27,Age-standardized,559,Schizophrenia,3,Rate,2020,204.72623320947,258.61812377594003,159.58976336879002
5,Prevalence,167,Central Sub-Saharan Africa,2,Female,27,Age-standardized,559,Schizophrenia,3,Rate,2020,220.11279239744,276.17780313545995,171.43790734063998
5,Prevalence,167,Central Sub-Saharan Africa,3,Both,27,Age-standardized,559,Schizophrenia,3,Rate,2020,212.52594612533,266.80720962545,165.29045835191
5,Prevalence,44639,Middle SDI,1,Male,22,All ages,559,Schizophrenia,1,Number,2020,3999348.301631411,4753398.821677793,3298789.087802377
5,Prevalence,44639,Middle SDI,2,Female,22,All ages,559,Schizophrenia,1,Number,2020,3504403.3053188585,4143856.037054933,2901394.5066501466
5,Prevalence,44639,Middle SDI,3,Both,22,All ages,559,Schizophrenia,1,Number,2020,7503751.606950267,8907148.96183667,6200183.594452525
5,Prevalence,44639,Middle SDI,1,Male,22,All ages,559,Schizophrenia,2,Percent,2020,0.0034235275829366,0.0040769438261187,0.0028263002817907
5,Prevalence,44639,Middle SDI,2,Female,22,All ages,559,Schizophrenia,2,Percent,2020,0.0029770603838672,0.0035175716120803,0.0024658921130098
5,Prevalence,44639,Middle SDI,3,Both,22,All ages,559,Schizophrenia,2,Percent,2020,0.0031994411457012,0.0037974121801807,0.0026453695784559
5,Prevalence,44639,Middle SDI,1,Male,22,All ages,559,Schizophrenia,3,Rate,2020,326.44008486799,387.98819150784004,269.25811621472
5,Prevalence,44639,Middle SDI,2,Female,22,All ages,559,Schizophrenia,3,Rate,2020,290.45880827423997,343.45918015663,240.47905372534
5,Prevalence,44639,Middle SDI,3,Both,22,All ages,559,Schizophrenia,3,Rate,2020,308.5873106669,366.30119010026,254.97885341526
5,Prevalence,44639,Middle SDI,1,Male,27,Age-standardized,559,Schizophrenia,2,Percent,2020,0.0031282540271974,0.0037300782518229,0.0025874028952269
5,Prevalence,44639,Middle SDI,2,Female,27,Age-standardized,559,Schizophrenia,2,Percent,2020,0.0026751089530763,0.0031712989827969,0.0022161091081598
5,Prevalence,44639,Middle SDI,3,Both,27,Age-standardized,559,Schizophrenia,2,Percent,2020,0.0029005745201172,0.0034492596398976,0.0023991337866498
5,Prevalence,44639,Middle SDI,1,Male,27,Age-standardized,559,Schizophrenia,3,Rate,2020,296.03213765436,352.21597365185,244.75785562303
5,Prevalence,44639,Middle SDI,2,Female,27,Age-standardized,559,Schizophrenia,3,Rate,2020,259.15118173260004,307.2223790553,214.54439830419
5,Prevalence,44639,Middle SDI,3,Both,27,Age-standardized,559,Schizophrenia,3,Rate,2020,277.6357353756,330.21744824827,229.51861815386
5,Prevalence,192,Southern Sub-Saharan Africa,1,Male,22,All ages,559,Schizophrenia,1,Number,2020,83809.60528705116,102189.90299098149,67468.38536368866
5,Prevalence,192,Southern Sub-Saharan Africa,2,Female,22,All ages,559,Schizophrenia,1,Number,2020,94976.11034885031,115282.76606200136,76881.55656080728
5,Prevalence,192,Southern Sub-Saharan Africa,3,Both,22,All ages,559,Schizophrenia,1,Number,2020,178785.71563590135,217356.4947705735,143802.5093346148
5,Prevalence,192,Southern Sub-Saharan Africa,1,Male,22,All ages,559,Schizophrenia,2,Percent,2020,0.0022441472038975,0.0027389957185202,0.0018119462423197
5,Prevalence,192,Southern Sub-Saharan Africa,2,Female,22,All ages,559,Schizophrenia,2,Percent,2020,0.0023774867531503,0.0028886407382168,0.0019283977252934
5,Prevalence,192,Southern Sub-Saharan Africa,3,Both,22,All ages,559,Schizophrenia,2,Percent,2020,0.0023130593795154,0.0028100106418554,0.0018642756563522
5,Prevalence,192,Southern Sub-Saharan Africa,1,Male,22,All ages,559,Schizophrenia,3,Rate,2020,215.44043449759,262.68871003793,173.43379923839998
5,Prevalence,192,Southern Sub-Saharan Africa,2,Female,22,All ages,559,Schizophrenia,3,Rate,2020,232.92420498279998,282.72527201399004,188.54820832303
5,Prevalence,192,Southern Sub-Saharan Africa,3,Both,22,All ages,559,Schizophrenia,3,Rate,2020,224.38793087196,272.79681684679997,180.4816867445
5,Prevalence,192,Southern Sub-Saharan Africa,1,Male,27,Age-standardized,559,Schizophrenia,2,Percent,2020,0.002258372613819,0.0027287113960036,0.0018462607431794
5,Prevalence,192,Southern Sub-Saharan Africa,2,Female,27,Age-standardized,559,Schizophrenia,2,Percent,2020,0.0023543110051608,0.0028357069743129,0.0019237059956968
5,Prevalence,192,Southern Sub-Saharan Africa,3,Both,27,Age-standardized,559,Schizophrenia,2,Percent,2020,0.0023092614233349,0.0027791986098727,0.0018883512423602
5,Prevalence,192,Southern Sub-Saharan Africa,1,Male,27,Age-standardized,559,Schizophrenia,3,Rate,2020,217.54667440960998,262.92874933465,177.46156404756002
5,Prevalence,192,Southern Sub-Saharan Africa,2,Female,27,Age-standardized,559,Schizophrenia,3,Rate,2020,230.70337576349002,277.88758329036,188.29335436756
5,Prevalence,192,Southern Sub-Saharan Africa,3,Both,27,Age-standardized,559,Schizophrenia,3,Rate,2020,224.35933448652997,269.60409805881,183.25231127312
6,Incidence,42,Central Europe,1,Male,22,All ages,559,Schizophrenia,1,Number,2020,6700.998345349869,8295.8072916051,5345.426775287446
6,Incidence,42,Central Europe,2,Female,22,All ages,559,Schizophrenia,1,Number,2020,6035.987131096227,7474.155350758871,4822.161100610154
6,Incidence,42,Central Europe,3,Both,22,All ages,559,Schizophrenia,1,Number,2020,12736.98547644608,15760.91849334764,10183.63809928791
6,Incidence,42,Central Europe,1,Male,22,All ages,559,Schizophrenia,2,Percent,2020,3.33443020719e-05,4.13805345181e-05,2.62036753681e-05
6,Incidence,42,Central Europe,2,Female,22,All ages,559,Schizophrenia,2,Percent,2020,2.66565088348e-05,3.2945522156e-05,2.10009742977e-05
6,Incidence,42,Central Europe,3,Both,22,All ages,559,Schizophrenia,2,Percent,2020,2.98008457868e-05,3.68830433582e-05,2.34709854546e-05
6,Incidence,42,Central Europe,1,Male,22,All ages,559,Schizophrenia,3,Rate,2020,11.86243831755,14.685647901889999,9.46273855549
6,Incidence,42,Central Europe,2,Female,22,All ages,559,Schizophrenia,3,Rate,2020,10.157871811629999,12.578143442700002,8.11514227104
6,Incidence,42,Central Europe,3,Both,22,All ages,559,Schizophrenia,3,Rate,2020,10.98859225665,13.59743302165,8.78574031268
6,Incidence,42,Central Europe,1,Male,27,Age-standardized,559,Schizophrenia,2,Percent,2020,3.58417499752e-05,4.46730090191e-05,2.7564691083e-05
6,Incidence,42,Central Europe,2,Female,27,Age-standardized,559,Schizophrenia,2,Percent,2020,3.21844201501e-05,4.02563089394e-05,2.4663467949e-05
6,Incidence,42,Central Europe,3,Both,27,Age-standardized,559,Schizophrenia,2,Percent,2020,3.39707066982e-05,4.24311045349e-05,2.60974568334e-05
6,Incidence,42,Central Europe,1,Male,27,Age-standardized,559,Schizophrenia,3,Rate,2020,12.903637708349999,16.0667850965,10.14176089151
6,Incidence,42,Central Europe,2,Female,27,Age-standardized,559,Schizophrenia,3,Rate,2020,12.27641134399,15.36161264976,9.6404059594
6,Incidence,42,Central Europe,3,Both,27,Age-standardized,559,Schizophrenia,3,Rate,2020,12.5940394168,15.77612877485,9.891592060199999
6,Incidence,1,Global,1,Male,22,All ages,559,Schizophrenia,1,Number,2020,656439.9347248313,786817.9966332926,541885.9997612109
6,Incidence,1,Global,2,Female,22,All ages,559,Schizophrenia,1,Number,2020,560105.3131008914,675908.1476210544,461019.02482362266
6,Incidence,1,Global,3,Both,22,All ages,559,Schizophrenia,1,Number,2020,1216545.247825723,1462248.6430062298,1002905.0245848336
6,Incidence,1,Global,1,Male,22,All ages,559,Schizophrenia,2,Percent,2020,3.78416525418e-05,4.53830340151e-05,3.07491162886e-05
6,Incidence,1,Global,2,Female,22,All ages,559,Schizophrenia,2,Percent,2020,3.03724323201e-05,3.64832848199e-05,2.46837245158e-05
6,Incidence,1,Global,3,Both,22,All ages,559,Schizophrenia,2,Percent,2020,3.39926910265e-05,4.07899320867e-05,2.76419113961e-05
6,Incidence,1,Global,1,Male,22,All ages,559,Schizophrenia,3,Rate,2020,16.72067333319,20.041630617579997,13.802784240469999
6,Incidence,1,Global,2,Female,22,All ages,559,Schizophrenia,3,Rate,2020,14.37477555654,17.34678763374,11.83178387015
6,Incidence,1,Global,3,Both,22,All ages,559,Schizophrenia,3,Rate,2020,15.55214378239,18.69318151732,12.82099713948
6,Incidence,1,Global,1,Male,27,Age-standardized,559,Schizophrenia,2,Percent,2020,3.68305326352e-05,4.42446087852e-05,2.99880253557e-05
6,Incidence,1,Global,2,Female,27,Age-standardized,559,Schizophrenia,2,Percent,2020,3.005050373e-05,3.62389265267e-05,2.44067752007e-05
6,Incidence,1,Global,3,Both,27,Age-standardized,559,Schizophrenia,2,Percent,2020,3.33563045789e-05,4.01691684642e-05,2.71031411925e-05
6,Incidence,1,Global,1,Male,27,Age-standardized,559,Schizophrenia,3,Rate,2020,16.45029102005,19.74451607357,13.576950590330002
6,Incidence,1,Global,2,Female,27,Age-standardized,559,Schizophrenia,3,Rate,2020,14.39117029323,17.35860598918,11.82493563183
6,Incidence,1,Global,3,Both,27,Age-standardized,559,Schizophrenia,3,Rate,2020,15.43277423907,18.57259186296,12.71362172896
6,Incidence,5,East Asia,1,Male,22,All ages,559,Schizophrenia,1,Number,2020,135565.4971592267,158187.18223253085,115892.2053542412
6,Incidence,5,East Asia,2,Female,22,All ages,559,Schizophrenia,1,Number,2020,112853.17277271218,131810.82197897584,95670.6914428215
6,Incidence,5,East Asia,3,Both,22,All ages,559,Schizophrenia,1,Number,2020,248418.66993193884,289796.19235724123,211965.5173730956
6,Incidence,5,East Asia,1,Male,22,All ages,559,Schizophrenia,2,Percent,2020,5.90795680498e-05,6.94650761684e-05,4.98504768373e-05
6,Incidence,5,East Asia,2,Female,22,All ages,559,Schizophrenia,2,Percent,2020,4.88686368159e-05,5.76209148939e-05,4.12078165783e-05
6,Incidence,5,East Asia,3,Both,22,All ages,559,Schizophrenia,2,Percent,2020,5.3957250401e-05,6.34613269696e-05,4.56059894406e-05
6,Incidence,5,East Asia,1,Male,22,All ages,559,Schizophrenia,3,Rate,2020,18.04910027439,21.06093640393,15.42981126681
6,Incidence,5,East Asia,2,Female,22,All ages,559,Schizophrenia,3,Rate,2020,15.7094270004,18.34837634483,13.3175851983
6,Incidence,5,East Asia,3,Both,22,All ages,559,Schizophrenia,3,Rate,2020,16.90530716199,19.72111696564,14.42460898742
6,Incidence,5,East Asia,1,Male,27,Age-standardized,559,Schizophrenia,2,Percent,2020,6.01532590156e-05,7.0304734944e-05,5.09064998494e-05
6,Incidence,5,East Asia,2,Female,27,Age-standardized,559,Schizophrenia,2,Percent,2020,5.28780928065e-05,6.17361787988e-05,4.48177319632e-05
6,Incidence,5,East Asia,3,Both,27,Age-standardized,559,Schizophrenia,2,Percent,2020,5.65424722713e-05,6.59518738163e-05,4.79691065003e-05
6,Incidence,5,East Asia,1,Male,27,Age-standardized,559,Schizophrenia,3,Rate,2020,19.050048165350002,21.994173822300002,16.413401419910002
6,Incidence,5,East Asia,2,Female,27,Age-standardized,559,Schizophrenia,3,Rate,2020,17.53908510851,20.28760304527,15.111270253559999
6,Incidence,5,East Asia,3,Both,27,Age-standardized,559,Schizophrenia,3,Rate,2020,18.31346123881,21.132586458909998,15.779417924419999
6,Incidence,21,Oceania,1,Male,22,All ages,559,Schizophrenia,1,Number,2020,1339.1177567627017,1704.6815823986726,1022.7062081764668
6,Incidence,21,Oceania,2,Female,22,All ages,559,Schizophrenia,1,Number,2020,1073.032918206866,1366.4553881848278,827.7303376678872
6,Incidence,21,Oceania,3,Both,22,All ages,559,Schizophrenia,1,Number,2020,2412.1506749695664,3066.623329722667,1852.4542146321207
6,Incidence,21,Oceania,1,Male,22,All ages,559,Schizophrenia,2,Percent,2020,3.6563197167e-05,4.66478553287e-05,2.70676995863e-05
6,Incidence,21,Oceania,2,Female,22,All ages,559,Schizophrenia,2,Percent,2020,2.96032550343e-05,3.76659316128e-05,2.26684812197e-05
6,Incidence,21,Oceania,3,Both,22,All ages,559,Schizophrenia,2,Percent,2020,3.30999750927e-05,4.22960684512e-05,2.47554146114e-05
6,Incidence,21,Oceania,1,Male,22,All ages,559,Schizophrenia,3,Rate,2020,19.055853600920003,24.2578836001,14.55326813594
6,Incidence,21,Oceania,2,Female,22,All ages,559,Schizophrenia,3,Rate,2020,16.30603663567,20.764946948669998,12.57836640559
6,Incidence,21,Oceania,3,Both,22,All ages,559,Schizophrenia,3,Rate,2020,17.7260828933,22.53558200542,13.613062113139998
6,Incidence,21,Oceania,1,Male,27,Age-standardized,559,Schizophrenia,2,Percent,2020,3.70296824551e-05,4.68310781476e-05,2.81623173789e-05
6,Incidence,21,Oceania,2,Female,27,Age-standardized,559,Schizophrenia,2,Percent,2020,2.90978880978e-05,3.67269960619e-05,2.2374078376e-05
6,Incidence,21,Oceania,3,Both,27,Age-standardized,559,Schizophrenia,2,Percent,2020,3.3011398269e-05,4.15616039275e-05,2.51748367263e-05
6,Incidence,21,Oceania,1,Male,27,Age-standardized,559,Schizophrenia,3,Rate,2020,18.43693288074,23.2799113126,14.20007906143
6,Incidence,21,Oceania,2,Female,27,Age-standardized,559,Schizophrenia,3,Rate,2020,15.43032963296,19.49583166342,11.99638756017
6,Incidence,21,Oceania,3,Both,27,Age-standardized,559,Schizophrenia,3,Rate,2020,16.96324888682,21.41928530617,13.12771319331
6,Incidence,9,Southeast Asia,1,Male,22,All ages,559,Schizophrenia,1,Number,2020,69958.36901959592,85017.98242854007,56888.97653288984
6,Incidence,9,Southeast Asia,2,Female,22,All ages,559,Schizophrenia,1,Number,2020,56510.15999225068,68732.89055581075,45826.89662818977
6,Incidence,9,Southeast Asia,3,Both,22,All ages,559,Schizophrenia,1,Number,2020,126468.5290118467,153751.19340586424,102599.5592881498
6,Incidence,9,Southeast Asia,1,Male,22,All ages,559,Schizophrenia,2,Percent,2020,4.35749021311e-05,5.32764515928e-05,3.46162661403e-05
6,Incidence,9,Southeast Asia,2,Female,22,All ages,559,Schizophrenia,2,Percent,2020,3.49396818503e-05,4.25948071017e-05,2.77613716533e-05
6,Incidence,9,Southeast Asia,3,Both,22,All ages,559,Schizophrenia,2,Percent,2020,3.92410140226e-05,4.79614698208e-05,3.11260538564e-05
6,Incidence,9,Southeast Asia,1,Male,22,All ages,559,Schizophrenia,3,Rate,2020,20.20206426038,24.550868872149998,16.427981036880002
6,Incidence,9,Southeast Asia,2,Female,22,All ages,559,Schizophrenia,3,Rate,2020,16.354480160770002,19.89183352412,13.26266058772
6,Incidence,9,Southeast Asia,3,Both,22,All ages,559,Schizophrenia,3,Rate,2020,18.280385473589998,22.2239564613,14.830246764650001
6,Incidence,9,Southeast Asia,1,Male,27,Age-standardized,559,Schizophrenia,2,Percent,2020,3.99107147392e-05,4.89191358344e-05,3.17885786871e-05
6,Incidence,9,Southeast Asia,2,Female,27,Age-standardized,559,Schizophrenia,2,Percent,2020,3.25601881473e-05,3.97808340311e-05,2.59410071455e-05
6,Incidence,9,Southeast Asia,3,Both,27,Age-standardized,559,Schizophrenia,2,Percent,2020,3.62332070438e-05,4.43039798829e-05,2.8839885631e-05
6,Incidence,9,Southeast Asia,1,Male,27,Age-standardized,559,Schizophrenia,3,Rate,2020,18.84322066932,22.88775125371,15.411512810989999
6,Incidence,9,Southeast Asia,2,Female,27,Age-standardized,559,Schizophrenia,3,Rate,2020,15.58094129731,18.90671225175,12.64524145222
6,Incidence,9,Southeast Asia,3,Both,27,Age-standardized,559,Schizophrenia,3,Rate,2020,17.22877105765,20.88618967343,14.053744033900001
6,Incidence,32,Central Asia,1,Male,22,All ages,559,Schizophrenia,1,Number,2020,6359.646164090909,8130.93204539547,4883.969940362136
6,Incidence,32,Central Asia,2,Female,22,All ages,559,Schizophrenia,1,Number,2020,5892.444987422516,7502.13673450886,4551.216416307654
6,Incidence,32,Central Asia,3,Both,22,All ages,559,Schizophrenia,1,Number,2020,12252.091151513418,15636.59235858876,9432.07518495142
6,Incidence,32,Central Asia,1,Male,22,All ages,559,Schizophrenia,2,Percent,2020,4.01200685415e-05,5.14501117608e-05,3.02551391589e-05
6,Incidence,32,Central Asia,2,Female,22,All ages,559,Schizophrenia,2,Percent,2020,3.43870743537e-05,4.37033083682e-05,2.61990469744e-05
6,Incidence,32,Central Asia,3,Both,22,All ages,559,Schizophrenia,2,Percent,2020,3.71413949711e-05,4.73127596693e-05,2.81162277309e-05
6,Incidence,32,Central Asia,1,Male,22,All ages,559,Schizophrenia,3,Rate,2020,13.55851942929,17.33483235879,10.4124348462
6,Incidence,32,Central Asia,2,Female,22,All ages,559,Schizophrenia,3,Rate,2020,12.359552112520001,15.73592118778,9.54629132606
6,Incidence,32,Central Asia,3,Both,22,All ages,559,Schizophrenia,3,Rate,2020,12.954154836679999,16.532593173389998,9.9725476138
6,Incidence,32,Central Asia,1,Male,27,Age-standardized,559,Schizophrenia,2,Percent,2020,3.78951516552e-05,4.81521669554e-05,2.877096097e-05
6,Incidence,32,Central Asia,2,Female,27,Age-standardized,559,Schizophrenia,2,Percent,2020,3.35773907337e-05,4.24620105856e-05,2.55896015535e-05
6,Incidence,32,Central Asia,3,Both,27,Age-standardized,559,Schizophrenia,2,Percent,2020,3.56636828789e-05,4.51235926715e-05,2.71750835764e-05
6,Incidence,32,Central Asia,1,Male,27,Age-standardized,559,Schizophrenia,3,Rate,2020,12.864351293,16.291561821389998,9.94263013474
6,Incidence,32,Central Asia,2,Female,27,Age-standardized,559,Schizophrenia,3,Rate,2020,12.05161220158,15.30616577756,9.298354390930001
6,Incidence,32,Central Asia,3,Both,27,Age-standardized,559,Schizophrenia,3,Rate,2020,12.45542752387,15.764208863619999,9.5841446811
6,Incidence,56,Eastern Europe,1,Male,22,All ages,559,Schizophrenia,1,Number,2020,11035.531431950209,13405.439442180796,9104.42245624619
6,Incidence,56,Eastern Europe,2,Female,22,All ages,559,Schizophrenia,1,Number,2020,10608.120098170715,12912.928106187175,8682.186196615337
6,Incidence,56,Eastern Europe,3,Both,22,All ages,559,Schizophrenia,1,Number,2020,21643.65153012094,26305.42368155064,17764.716426299918
6,Incidence,56,Eastern Europe,1,Male,22,All ages,559,Schizophrenia,2,Percent,2020,2.68378335195e-05,3.27368756903e-05,2.16852444454e-05
6,Incidence,56,Eastern Europe,2,Female,22,All ages,559,Schizophrenia,2,Percent,2020,2.07699936068e-05,2.52870155998e-05,1.69291602953e-05
6,Incidence,56,Eastern Europe,3,Both,22,All ages,559,Schizophrenia,2,Percent,2020,2.34759419456e-05,2.85422445593e-05,1.90252407414e-05
6,Incidence,56,Eastern Europe,1,Male,22,All ages,559,Schizophrenia,3,Rate,2020,11.40333802683,13.852233424369999,9.40786653075
6,Incidence,56,Eastern Europe,2,Female,22,All ages,559,Schizophrenia,3,Rate,2020,9.53137640831,11.6022421668,7.800928338019999
6,Incidence,56,Eastern Europe,3,Both,22,All ages,559,Schizophrenia,3,Rate,2020,10.402030802630001,12.64249828782,8.53779812566
6,Incidence,56,Eastern Europe,1,Male,27,Age-standardized,559,Schizophrenia,2,Percent,2020,2.77672475175e-05,3.36423547715e-05,2.24315676417e-05
6,Incidence,56,Eastern Europe,2,Female,27,Age-standardized,559,Schizophrenia,2,Percent,2020,2.49154924791e-05,2.99482239064e-05,2.01551352115e-05
6,Incidence,56,Eastern Europe,3,Both,27,Age-standardized,559,Schizophrenia,2,Percent,2020,2.62416250514e-05,3.16110438408e-05,2.12620333263e-05
6,Incidence,56,Eastern Europe,1,Male,27,Age-standardized,559,Schizophrenia,3,Rate,2020,11.94880824519,14.446358681540001,9.81577581148
6,Incidence,56,Eastern Europe,2,Female,27,Age-standardized,559,Schizophrenia,3,Rate,2020,11.589722622870001,14.008100435280001,9.51697395828
6,Incidence,56,Eastern Europe,3,Both,27,Age-standardized,559,Schizophrenia,3,Rate,2020,11.760132290000001,14.220790342799999,9.65069212116
6,Incidence,73,Western Europe,1,Male,22,All ages,559,Schizophrenia,1,Number,2020,29444.06036540705,35556.45107438418,24632.84808627373
6,Incidence,73,Western Europe,2,Female,22,All ages,559,Schizophrenia,1,Number,2020,24498.87500745362,29804.870174427186,20440.0829315706
6,Incidence,73,Western Europe,3,Both,22,All ages,559,Schizophrenia,1,Number,2020,53942.935372860695,65027.9700414501,44891.8812213336
6,Incidence,73,Western Europe,1,Male,22,All ages,559,Schizophrenia,2,Percent,2020,3.54188496193e-05,4.28244204692e-05,2.93928031739e-05
6,Incidence,73,Western Europe,2,Female,22,All ages,559,Schizophrenia,2,Percent,2020,2.46043883158e-05,2.95091030182e-05,2.02272361947e-05
6,Incidence,73,Western Europe,3,Both,22,All ages,559,Schizophrenia,2,Percent,2020,2.95248845781e-05,3.57754922707e-05,2.43471599971e-05
6,Incidence,73,Western Europe,1,Male,22,All ages,559,Schizophrenia,3,Rate,2020,13.71527550934,16.56247530292,11.47417488927
6,Incidence,73,Western Europe,2,Female,22,All ages,559,Schizophrenia,3,Rate,2020,11.02321041316,13.41063029097,9.19696659331
6,Incidence,73,Western Europe,3,Both,22,All ages,559,Schizophrenia,3,Rate,2020,12.345930582689999,14.88296472033,10.2744139794
6,Incidence,73,Western Europe,1,Male,27,Age-standardized,559,Schizophrenia,2,Percent,2020,3.78214680486e-05,4.56429169098e-05,3.0699737539e-05
6,Incidence,73,Western Europe,2,Female,27,Age-standardized,559,Schizophrenia,2,Percent,2020,2.7338592782e-05,3.31779191734e-05,2.2094081961e-05
6,Incidence,73,Western Europe,3,Both,27,Age-standardized,559,Schizophrenia,2,Percent,2020,3.22749790599e-05,3.9080093983e-05,2.61548058057e-05
6,Incidence,73,Western Europe,1,Male,27,Age-standardized,559,Schizophrenia,3,Rate,2020,15.29925976824,18.44984977719,12.59067728473
6,Incidence,73,Western Europe,2,Female,27,Age-standardized,559,Schizophrenia,3,Rate,2020,12.824077234830002,15.491907530599999,10.549620346780001
6,Incidence,73,Western Europe,3,Both,27,Age-standardized,559,Schizophrenia,3,Rate,2020,14.086940481840001,16.989951826509998,11.58449307072
6,Incidence,96,Southern Latin America,1,Male,22,All ages,559,Schizophrenia,1,Number,2020,5487.518645645119,7031.899442460182,4163.027713849689
6,Incidence,96,Southern Latin America,2,Female,22,All ages,559,Schizophrenia,1,Number,2020,5060.571990290198,6459.63369794217,3885.525114723344
6,Incidence,96,Southern Latin America,3,Both,22,All ages,559,Schizophrenia,1,Number,2020,10548.090635935305,13512.018485286955,8050.21301793051
6,Incidence,96,Southern Latin America,1,Male,22,All ages,559,Schizophrenia,2,Percent,2020,3.91314274059e-05,5.00644362439e-05,2.93212451759e-05
6,Incidence,96,Southern Latin America,2,Female,22,All ages,559,Schizophrenia,2,Percent,2020,3.07928386718e-05,3.94179008615e-05,2.36701753878e-05
6,Incidence,96,Southern Latin America,3,Both,22,All ages,559,Schizophrenia,2,Percent,2020,3.46306545548e-05,4.42420926375e-05,2.6273967409e-05
6,Incidence,96,Southern Latin America,1,Male,22,All ages,559,Schizophrenia,3,Rate,2020,16.67630311153,21.369601476499998,12.65123938539
6,Incidence,96,Southern Latin America,2,Female,22,All ages,559,Schizophrenia,3,Rate,2020,14.68829662785,18.74906948161,11.27772622334
6,Incidence,96,Southern Latin America,3,Both,22,All ages,559,Schizophrenia,3,Rate,2020,15.659471108559998,20.0596553814,11.95117510107
6,Incidence,96,Southern Latin America,1,Male,27,Age-standardized,559,Schizophrenia,2,Percent,2020,3.63435186397e-05,4.64530608063e-05,2.71923906778e-05
6,Incidence,96,Southern Latin America,2,Female,27,Age-standardized,559,Schizophrenia,2,Percent,2020,2.96537466086e-05,3.80953407164e-05,2.26167269718e-05
6,Incidence,96,Southern Latin America,3,Both,27,Age-standardized,559,Schizophrenia,2,Percent,2020,3.28012552662e-05,4.20106654139e-05,2.46755437189e-05
6,Incidence,96,Southern Latin America,1,Male,27,Age-standardized,559,Schizophrenia,3,Rate,2020,15.936447586280002,20.41615595303,12.15049048466
6,Incidence,96,Southern Latin America,2,Female,27,Age-standardized,559,Schizophrenia,3,Rate,2020,14.54992733038,18.703612431379998,11.12284181019
6,Incidence,96,Southern Latin America,3,Both,27,Age-standardized,559,Schizophrenia,3,Rate,2020,15.246650210030001,19.53517980345,11.605631248929999
6,Incidence,100,High-income North America,1,Male,22,All ages,559,Schizophrenia,1,Number,2020,28159.92498296475,33608.79857912749,23508.68404345626
6,Incidence,100,High-income North America,2,Female,22,All ages,559,Schizophrenia,1,Number,2020,26435.009387687765,31506.02980808522,22070.779614233725
6,Incidence,100,High-income North America,3,Both,22,All ages,559,Schizophrenia,1,Number,2020,54594.93437065241,64935.56313307164,45673.87869150149
6,Incidence,100,High-income North America,1,Male,22,All ages,559,Schizophrenia,2,Percent,2020,3.48137506747e-05,4.16438271354e-05,2.86864030676e-05
6,Incidence,100,High-income North America,2,Female,22,All ages,559,Schizophrenia,2,Percent,2020,2.81034839289e-05,3.36777309738e-05,2.32183475941e-05
6,Incidence,100,High-income North America,3,Both,22,All ages,559,Schizophrenia,2,Percent,2020,3.12055722756e-05,3.73731165032e-05,2.57666544027e-05
6,Incidence,100,High-income North America,1,Male,22,All ages,559,Schizophrenia,3,Rate,2020,15.5291782541,18.53403460262,12.96418741353
6,Incidence,100,High-income North America,2,Female,22,All ages,559,Schizophrenia,3,Rate,2020,14.108341097330001,16.814740204419998,11.77915553254
6,Incidence,100,High-income North America,3,Both,22,All ages,559,Schizophrenia,3,Rate,2020,14.807129773749999,17.61169458901,12.38757875345
6,Incidence,100,High-income North America,1,Male,27,Age-standardized,559,Schizophrenia,2,Percent,2020,3.6660146499e-05,4.39303315209e-05,3.00749260754e-05
6,Incidence,100,High-income North America,2,Female,27,Age-standardized,559,Schizophrenia,2,Percent,2020,3.1166548665e-05,3.72727401633e-05,2.54968003747e-05
6,Incidence,100,High-income North America,3,Both,27,Age-standardized,559,Schizophrenia,2,Percent,2020,3.37584271942e-05,4.03746429924e-05,2.77421792439e-05
6,Incidence,100,High-income North America,1,Male,27,Age-standardized,559,Schizophrenia,3,Rate,2020,16.96695217727,20.239402384399998,14.03109223464
6,Incidence,100,High-income North America,2,Female,27,Age-standardized,559,Schizophrenia,3,Rate,2020,16.29718453715,19.42499516768,13.49257355777
6,Incidence,100,High-income North America,3,Both,27,Age-standardized,559,Schizophrenia,3,Rate,2020,16.633564585840002,19.83477105021,13.74620076302
6,Incidence,70,Australasia,1,Male,22,All ages,559,Schizophrenia,1,Number,2020,3104.169321884264,3487.6242150639623,2743.40872615586
6,Incidence,70,Australasia,2,Female,22,All ages,559,Schizophrenia,1,Number,2020,2408.421303381269,2841.5332495438934,2058.3665315220937
6,Incidence,70,Australasia,3,Both,22,All ages,559,Schizophrenia,1,Number,2020,5512.590625265524,6326.393331010706,4829.681388608546
6,Incidence,70,Australasia,1,Male,22,All ages,559,Schizophrenia,2,Percent,2020,4.92211955884e-05,5.59844349679e-05,4.25173913629e-05
6,Incidence,70,Australasia,2,Female,22,All ages,559,Schizophrenia,2,Percent,2020,3.3166354611e-05,3.91973908256e-05,2.82114966935e-05
6,Incidence,70,Australasia,3,Both,22,All ages,559,Schizophrenia,2,Percent,2020,4.06268497778e-05,4.65146778522e-05,3.53374926657e-05
6,Incidence,70,Australasia,1,Male,22,All ages,559,Schizophrenia,3,Rate,2020,20.590124130819998,23.133601316,18.19717945632
6,Incidence,70,Australasia,2,Female,22,All ages,559,Schizophrenia,3,Rate,2020,15.65252462691,18.46735415611,13.377490383689999
6,Incidence,70,Australasia,3,Both,22,All ages,559,Schizophrenia,3,Rate,2020,18.096137756119997,20.76760147809,15.85435699249
6,Incidence,70,Australasia,1,Male,27,Age-standardized,559,Schizophrenia,2,Percent,2020,5.36810309349e-05,6.09718428184e-05,4.67095115647e-05
6,Incidence,70,Australasia,2,Female,27,Age-standardized,559,Schizophrenia,2,Percent,2020,3.4863957251e-05,4.07854528437e-05,2.98903868058e-05
6,Incidence,70,Australasia,3,Both,27,Age-standardized,559,Schizophrenia,2,Percent,2020,4.39275581728e-05,5.01398507066e-05,3.8425687608e-05
6,Incidence,70,Australasia,1,Male,27,Age-standardized,559,Schizophrenia,3,Rate,2020,23.21989198419,26.0419827023,20.63233779277
6,Incidence,70,Australasia,2,Female,27,Age-standardized,559,Schizophrenia,3,Rate,2020,17.09800010519,19.94555944686,14.735565648929999
6,Incidence,70,Australasia,3,Both,27,Age-standardized,559,Schizophrenia,3,Rate,2020,20.270354309090003,22.883804492670002,17.92159318462
6,Incidence,104,Caribbean,1,Male,22,All ages,559,Schizophrenia,1,Number,2020,3396.4869933143555,4273.28315708506,2646.835013883591
6,Incidence,104,Caribbean,2,Female,22,All ages,559,Schizophrenia,1,Number,2020,2579.836587449854,3287.910865890638,2019.2689430738037
6,Incidence,104,Caribbean,3,Both,22,All ages,559,Schizophrenia,1,Number,2020,5976.323580764213,7524.79298467377,4656.024432706006
6,Incidence,104,Caribbean,1,Male,22,All ages,559,Schizophrenia,2,Percent,2020,3.40319175024e-05,4.28475590341e-05,2.61399126555e-05
6,Incidence,104,Caribbean,2,Female,22,All ages,559,Schizophrenia,2,Percent,2020,2.35444568794e-05,3.02073524031e-05,1.82659544333e-05
6,Incidence,104,Caribbean,3,Both,22,All ages,559,Schizophrenia,2,Percent,2020,2.8543036477e-05,3.59919081567e-05,2.20035488066e-05
6,Incidence,104,Caribbean,1,Male,22,All ages,559,Schizophrenia,3,Rate,2020,14.54312368582,18.297401291499998,11.33325375856
6,Incidence,104,Caribbean,2,Female,22,All ages,559,Schizophrenia,3,Rate,2020,10.81693155061,13.785798276469999,8.4665416584
6,Incidence,104,Caribbean,3,Both,22,All ages,559,Schizophrenia,3,Rate,2020,12.66047510667,15.94081260459,9.86350230702
6,Incidence,104,Caribbean,1,Male,27,Age-standardized,559,Schizophrenia,2,Percent,2020,3.24814097755e-05,4.0821171665e-05,2.49074703157e-05
6,Incidence,104,Caribbean,2,Female,27,Age-standardized,559,Schizophrenia,2,Percent,2020,2.28186330987e-05,2.92423123082e-05,1.75949777675e-05
6,Incidence,104,Caribbean,3,Both,27,Age-standardized,559,Schizophrenia,2,Percent,2020,2.74475000757e-05,3.45935228293e-05,2.11246501042e-05
6,Incidence,104,Caribbean,1,Male,27,Age-standardized,559,Schizophrenia,3,Rate,2020,14.09984010509,17.76664994277,10.96613294349
6,Incidence,104,Caribbean,2,Female,27,Age-standardized,559,Schizophrenia,3,Rate,2020,10.63667389942,13.565887866339999,8.27227272641
6,Incidence,104,Caribbean,3,Both,27,Age-standardized,559,Schizophrenia,3,Rate,2020,12.360887253929999,15.589317198529999,9.607313371590001
6,Incidence,138,North Africa and Middle East,1,Male,22,All ages,559,Schizophrenia,1,Number,2020,50502.4548672189,63076.68678206627,39808.39430595936
6,Incidence,138,North Africa and Middle East,2,Female,22,All ages,559,Schizophrenia,1,Number,2020,41574.99543280329,52127.20761173229,32340.686792703
6,Incidence,138,North Africa and Middle East,3,Both,22,All ages,559,Schizophrenia,1,Number,2020,92077.45030002226,115185.58463651816,72189.27181865384
6,Incidence,138,North Africa and Middle East,1,Male,22,All ages,559,Schizophrenia,2,Percent,2020,3.87814732227e-05,4.90137715186e-05,3.00078080137e-05
6,Incidence,138,North Africa and Middle East,2,Female,22,All ages,559,Schizophrenia,2,Percent,2020,3.0896447836e-05,3.91531258299e-05,2.3958083508e-05
6,Incidence,138,North Africa and Middle East,3,Both,22,All ages,559,Schizophrenia,2,Percent,2020,3.47739241725e-05,4.39903220755e-05,2.69006677306e-05
6,Incidence,138,North Africa and Middle East,1,Male,22,All ages,559,Schizophrenia,3,Rate,2020,15.819870657230002,19.75874299582,12.46996112661
6,Incidence,138,North Africa and Middle East,2,Female,22,All ages,559,Schizophrenia,3,Rate,2020,14.05938725257,17.62782149653,10.93662753055
6,Incidence,138,North Africa and Middle East,3,Both,22,All ages,559,Schizophrenia,3,Rate,2020,14.97330224688,18.731063551680002,11.73915852796
6,Incidence,138,North Africa and Middle East,1,Male,27,Age-standardized,559,Schizophrenia,2,Percent,2020,3.62749311159e-05,4.55924778582e-05,2.79379523494e-05
6,Incidence,138,North Africa and Middle East,2,Female,27,Age-standardized,559,Schizophrenia,2,Percent,2020,2.91734522045e-05,3.67646042424e-05,2.25237424373e-05
6,Incidence,138,North Africa and Middle East,3,Both,27,Age-standardized,559,Schizophrenia,2,Percent,2020,3.26909318041e-05,4.11415940575e-05,2.51676617656e-05
6,Incidence,138,North Africa and Middle East,1,Male,27,Age-standardized,559,Schizophrenia,3,Rate,2020,14.814732594230001,18.50970714476,11.62089341205
6,Incidence,138,North Africa and Middle East,2,Female,27,Age-standardized,559,Schizophrenia,3,Rate,2020,13.22874468349,16.55232495924,10.334353930499999
6,Incidence,138,North Africa and Middle East,3,Both,27,Age-standardized,559,Schizophrenia,3,Rate,2020,14.054835884869998,17.54205154325,11.02126974425
6,Incidence,65,High-income Asia Pacific,1,Male,22,All ages,559,Schizophrenia,1,Number,2020,11826.09429873428,14324.184958481115,9646.442009368951
6,Incidence,65,High-income Asia Pacific,2,Female,22,All ages,559,Schizophrenia,1,Number,2020,11214.982091325115,13750.24411602793,9224.281956672385
6,Incidence,65,High-income Asia Pacific,3,Both,22,All ages,559,Schizophrenia,1,Number,2020,23041.076390059407,28006.90454044152,18897.93252033036
6,Incidence,65,High-income Asia Pacific,1,Male,22,All ages,559,Schizophrenia,2,Percent,2020,3.20818254725e-05,3.91720057472e-05,2.57082112025e-05
6,Incidence,65,High-income Asia Pacific,2,Female,22,All ages,559,Schizophrenia,2,Percent,2020,2.7680357307e-05,3.37660046862e-05,2.25700073257e-05
6,Incidence,65,High-income Asia Pacific,3,Both,22,All ages,559,Schizophrenia,2,Percent,2020,2.97768067655e-05,3.63992850257e-05,2.41179101677e-05
6,Incidence,65,High-income Asia Pacific,1,Male,22,All ages,559,Schizophrenia,3,Rate,2020,12.92270148668,15.65243448789,10.54093493141
6,Incidence,65,High-income Asia Pacific,2,Female,22,All ages,559,Schizophrenia,3,Rate,2020,11.87648604278,14.561287837920002,9.76836654941
6,Incidence,65,High-income Asia Pacific,3,Both,22,All ages,559,Schizophrenia,3,Rate,2020,12.39139022841,15.06199091463,10.16322555445
6,Incidence,65,High-income Asia Pacific,1,Male,27,Age-standardized,559,Schizophrenia,2,Percent,2020,3.50463689449e-05,4.3164746521e-05,2.74745643554e-05
6,Incidence,65,High-income Asia Pacific,2,Female,27,Age-standardized,559,Schizophrenia,2,Percent,2020,3.13175047338e-05,3.87291585714e-05,2.48637922931e-05
6,Incidence,65,High-income Asia Pacific,3,Both,27,Age-standardized,559,Schizophrenia,2,Percent,2020,3.31739264117e-05,4.09487396589e-05,2.62535856257e-05
6,Incidence,65,High-income Asia Pacific,1,Male,27,Age-standardized,559,Schizophrenia,3,Rate,2020,15.36865086209,18.80391339793,12.27588327672
6,Incidence,65,High-income Asia Pacific,2,Female,27,Age-standardized,559,Schizophrenia,3,Rate,2020,14.859896065170002,18.20679075084,12.07700525428
6,Incidence,65,High-income Asia Pacific,3,Both,27,Age-standardized,559,Schizophrenia,3,Rate,2020,15.124353301729998,18.3710001683,12.17438376466
6,Incidence,124,Central Latin America,1,Male,22,All ages,559,Schizophrenia,1,Number,2020,20162.89267017147,24858.81121134702,16226.212556799364
6,Incidence,124,Central Latin America,2,Female,22,All ages,559,Schizophrenia,1,Number,2020,16278.855986412622,20147.04079603045,13041.187567903882
6,Incidence,124,Central Latin America,3,Both,22,All ages,559,Schizophrenia,1,Number,2020,36441.74865658404,45007.36157713029,29289.029427394114
6,Incidence,124,Central Latin America,1,Male,22,All ages,559,Schizophrenia,2,Percent,2020,3.70865320383e-05,4.58479167726e-05,2.92897035865e-05
6,Incidence,124,Central Latin America,2,Female,22,All ages,559,Schizophrenia,2,Percent,2020,2.66822571671e-05,3.30141706713e-05,2.09705547325e-05
6,Incidence,124,Central Latin America,3,Both,22,All ages,559,Schizophrenia,2,Percent,2020,3.15845451354e-05,3.90543713317e-05,2.48982442721e-05
6,Incidence,124,Central Latin America,1,Male,22,All ages,559,Schizophrenia,3,Rate,2020,16.399862664740002,20.21937509383,13.197890890630001
6,Incidence,124,Central Latin America,2,Female,22,All ages,559,Schizophrenia,3,Rate,2020,12.62291527082,15.6223747626,10.11236943419
6,Incidence,124,Central Latin America,3,Both,22,All ages,559,Schizophrenia,3,Rate,2020,14.46627974668,17.86657082157,11.62686503324
6,Incidence,124,Central Latin America,1,Male,27,Age-standardized,559,Schizophrenia,2,Percent,2020,3.45224565768e-05,4.26074908603e-05,2.7287984397e-05
6,Incidence,124,Central Latin America,2,Female,27,Age-standardized,559,Schizophrenia,2,Percent,2020,2.49191148922e-05,3.08720382483e-05,1.96324777416e-05
6,Incidence,124,Central Latin America,3,Both,27,Age-standardized,559,Schizophrenia,2,Percent,2020,2.94402604437e-05,3.64233129423e-05,2.32048942865e-05
6,Incidence,124,Central Latin America,1,Male,27,Age-standardized,559,Schizophrenia,3,Rate,2020,15.41645832045,19.02654643849,12.431323216040001
6,Incidence,124,Central Latin America,2,Female,27,Age-standardized,559,Schizophrenia,3,Rate,2020,11.922727181439999,14.75089589198,9.56333895513
6,Incidence,124,Central Latin America,3,Both,27,Age-standardized,559,Schizophrenia,3,Rate,2020,13.63039946486,16.83202597314,10.95278531702
6,Incidence,167,Central Sub-Saharan Africa,1,Male,22,All ages,559,Schizophrenia,1,Number,2020,8738.67321614142,11134.8286224066,6670.738513375083
6,Incidence,167,Central Sub-Saharan Africa,2,Female,22,All ages,559,Schizophrenia,1,Number,2020,9156.727945192251,11658.637073471298,6949.335518224433
6,Incidence,167,Central Sub-Saharan Africa,3,Both,22,All ages,559,Schizophrenia,1,Number,2020,17895.401161333666,22697.088467020767,13595.094931346506
6,Incidence,167,Central Sub-Saharan Africa,1,Male,22,All ages,559,Schizophrenia,2,Percent,2020,2.20775807666e-05,2.84567050697e-05,1.66901608061e-05
6,Incidence,167,Central Sub-Saharan Africa,2,Female,22,All ages,559,Schizophrenia,2,Percent,2020,2.28537609513e-05,2.92809057479e-05,1.72092286601e-05
6,Incidence,167,Central Sub-Saharan Africa,3,Both,22,All ages,559,Schizophrenia,2,Percent,2020,2.2467342616e-05,2.89303371074e-05,1.70480948466e-05
6,Incidence,167,Central Sub-Saharan Africa,1,Male,22,All ages,559,Schizophrenia,3,Rate,2020,13.10023646574,16.69233811028,10.00017391255
6,Incidence,167,Central Sub-Saharan Africa,2,Female,22,All ages,559,Schizophrenia,3,Rate,2020,13.689592416530001,17.43002419897,10.389472241570001
6,Incidence,167,Central Sub-Saharan Africa,3,Both,22,All ages,559,Schizophrenia,3,Rate,2020,13.395315931639999,16.98954206185,10.17639057567
6,Incidence,167,Central Sub-Saharan Africa,1,Male,27,Age-standardized,559,Schizophrenia,2,Percent,2020,2.36962916423e-05,2.98741845342e-05,1.83882273481e-05
6,Incidence,167,Central Sub-Saharan Africa,2,Female,27,Age-standardized,559,Schizophrenia,2,Percent,2020,2.41429080681e-05,3.07386529731e-05,1.86352268929e-05
6,Incidence,167,Central Sub-Saharan Africa,3,Both,27,Age-standardized,559,Schizophrenia,2,Percent,2020,2.39200977027e-05,3.03299682412e-05,1.84735355392e-05
6,Incidence,167,Central Sub-Saharan Africa,1,Male,27,Age-standardized,559,Schizophrenia,3,Rate,2020,13.5864647288,17.05239135299,10.57677908009
6,Incidence,167,Central Sub-Saharan Africa,2,Female,27,Age-standardized,559,Schizophrenia,3,Rate,2020,14.013673626850002,17.65614500637,10.944345618849999
6,Incidence,167,Central Sub-Saharan Africa,3,Both,27,Age-standardized,559,Schizophrenia,3,Rate,2020,13.797868894870001,17.41833314783,10.73090495876
6,Incidence,120,Andean Latin America,1,Male,22,All ages,559,Schizophrenia,1,Number,2020,5332.3351317853285,6846.2780377746,4103.084310816875
6,Incidence,120,Andean Latin America,2,Female,22,All ages,559,Schizophrenia,1,Number,2020,4037.33862144217,5174.616317353455,3127.3864798534905
6,Incidence,120,Andean Latin America,3,Both,22,All ages,559,Schizophrenia,1,Number,2020,9369.673753227496,12086.195037079313,7212.857007691019
6,Incidence,120,Andean Latin America,1,Male,22,All ages,559,Schizophrenia,2,Percent,2020,3.51329485929e-05,4.51016357587e-05,2.64362822287e-05
6,Incidence,120,Andean Latin America,2,Female,22,All ages,559,Schizophrenia,2,Percent,2020,2.43057953346e-05,3.12012522616e-05,1.84854623626e-05
6,Incidence,120,Andean Latin America,3,Both,22,All ages,559,Schizophrenia,2,Percent,2020,2.94746186545e-05,3.77884576705e-05,2.22797881203e-05
6,Incidence,120,Andean Latin America,1,Male,22,All ages,559,Schizophrenia,3,Rate,2020,16.319065374959997,20.95233253582,12.557069173699999
6,Incidence,120,Andean Latin America,2,Female,22,All ages,559,Schizophrenia,3,Rate,2020,12.411650048060002,15.907887072660001,9.614260826879999
6,Incidence,120,Andean Latin America,3,Both,22,All ages,559,Schizophrenia,3,Rate,2020,14.369758438169999,18.53593921129,11.06196603845
6,Incidence,120,Andean Latin America,1,Male,27,Age-standardized,559,Schizophrenia,2,Percent,2020,3.2466343632e-05,4.13826519611e-05,2.44697037458e-05
6,Incidence,120,Andean Latin America,2,Female,27,Age-standardized,559,Schizophrenia,2,Percent,2020,2.25673390663e-05,2.88234978143e-05,1.71812118064e-05
6,Incidence,120,Andean Latin America,3,Both,27,Age-standardized,559,Schizophrenia,2,Percent,2020,2.72848078178e-05,3.47736587219e-05,2.07214007225e-05
6,Incidence,120,Andean Latin America,1,Male,27,Age-standardized,559,Schizophrenia,3,Rate,2020,15.14570464215,19.36223584388,11.708792742169999
6,Incidence,120,Andean Latin America,2,Female,27,Age-standardized,559,Schizophrenia,3,Rate,2020,11.5644864559,14.696191771739999,8.96085949157
6,Incidence,120,Andean Latin America,3,Both,27,Age-standardized,559,Schizophrenia,3,Rate,2020,13.360197977359999,17.14395673881,10.35299808102
6,Incidence,44634,High-middle SDI,1,Male,22,All ages,559,Schizophrenia,1,Number,2020,111452.69843492248,131415.40173268088,95707.63517550936
6,Incidence,44634,High-middle SDI,2,Female,22,All ages,559,Schizophrenia,1,Number,2020,92392.57626988571,108990.99419592318,78590.2669227928
6,Incidence,44634,High-middle SDI,3,Both,22,All ages,559,Schizophrenia,1,Number,2020,203845.2747048085,240499.67119497625,174505.03619570436
6,Incidence,44634,High-middle SDI,1,Male,22,All ages,559,Schizophrenia,2,Percent,2020,4.75862178647e-05,5.63245565829e-05,4.02724359785e-05
6,Incidence,44634,High-middle SDI,2,Female,22,All ages,559,Schizophrenia,2,Percent,2020,3.62708605647e-05,4.26987058913e-05,3.03479529761e-05
6,Incidence,44634,High-middle SDI,3,Both,22,All ages,559,Schizophrenia,2,Percent,2020,4.16907601542e-05,4.91876164982e-05,3.51305512199e-05
6,Incidence,44634,High-middle SDI,1,Male,22,All ages,559,Schizophrenia,3,Rate,2020,17.11918221381,20.1854619902,14.70073375369
6,Incidence,44634,High-middle SDI,2,Female,22,All ages,559,Schizophrenia,3,Rate,2020,14.204301386029998,16.75611821235,12.082354258839999
6,Incidence,44634,High-middle SDI,3,Both,22,All ages,559,Schizophrenia,3,Rate,2020,15.662396825439998,18.478727515750002,13.408047495299998
6,Incidence,44634,High-middle SDI,1,Male,27,Age-standardized,559,Schizophrenia,2,Percent,2020,4.68963694392e-05,5.51242691483e-05,3.93445223046e-05
6,Incidence,44634,High-middle SDI,2,Female,27,Age-standardized,559,Schizophrenia,2,Percent,2020,3.8551012719e-05,4.5250384544e-05,3.2641043871e-05
6,Incidence,44634,High-middle SDI,3,Both,27,Age-standardized,559,Schizophrenia,2,Percent,2020,4.26596081377e-05,5.00244158166e-05,3.59284771967e-05
6,Incidence,44634,High-middle SDI,1,Male,27,Age-standardized,559,Schizophrenia,3,Rate,2020,17.4865969024,20.312108864869998,15.01445476673
6,Incidence,44634,High-middle SDI,2,Female,27,Age-standardized,559,Schizophrenia,3,Rate,2020,15.57095946782,18.20427039695,13.30934607327
6,Incidence,44634,High-middle SDI,3,Both,27,Age-standardized,559,Schizophrenia,3,Rate,2020,16.55532105592,19.23667484528,14.22729912251
6,Incidence,159,South Asia,1,Male,22,All ages,559,Schizophrenia,1,Number,2020,178286.6712086831,218527.5324853652,143790.80350829885
6,Incidence,159,South Asia,2,Female,22,All ages,559,Schizophrenia,1,Number,2020,132841.365113587,162167.03440468526,106639.38462729288
6,Incidence,159,South Asia,3,Both,22,All ages,559,Schizophrenia,1,Number,2020,311128.03632227017,380080.477968359,250292.77439356945
6,Incidence,159,South Asia,1,Male,22,All ages,559,Schizophrenia,2,Percent,2020,3.88154101189e-05,4.74735537574e-05,3.10764731117e-05
6,Incidence,159,South Asia,2,Female,22,All ages,559,Schizophrenia,2,Percent,2020,2.77786483197e-05,3.41455789298e-05,2.2423183716e-05
6,Incidence,159,South Asia,3,Both,22,All ages,559,Schizophrenia,2,Percent,2020,3.31854880303e-05,4.0616258467e-05,2.66730284976e-05
6,Incidence,159,South Asia,1,Male,22,All ages,559,Schizophrenia,3,Rate,2020,19.12555625778,23.44236160835,15.425040375730001
6,Incidence,159,South Asia,2,Female,22,All ages,559,Schizophrenia,3,Rate,2020,14.829677542539999,18.10343356676,11.90463291314
6,Incidence,159,South Asia,3,Both,22,All ages,559,Schizophrenia,3,Rate,2020,17.02040038591,20.7924749899,13.69237978112
6,Incidence,159,South Asia,1,Male,27,Age-standardized,559,Schizophrenia,2,Percent,2020,3.4534114368e-05,4.21015683284e-05,2.78526344541e-05
6,Incidence,159,South Asia,2,Female,27,Age-standardized,559,Schizophrenia,2,Percent,2020,2.47246892455e-05,3.0162293417e-05,1.99839585111e-05
6,Incidence,159,South Asia,3,Both,27,Age-standardized,559,Schizophrenia,2,Percent,2020,2.95179340275e-05,3.58592844287e-05,2.38659361486e-05
6,Incidence,159,South Asia,1,Male,27,Age-standardized,559,Schizophrenia,3,Rate,2020,17.16806134572,20.92769769342,14.00644316414
6,Incidence,159,South Asia,2,Female,27,Age-standardized,559,Schizophrenia,3,Rate,2020,13.30672191502,16.140023298080003,10.834075660389999
6,Incidence,159,South Asia,3,Both,27,Age-standardized,559,Schizophrenia,3,Rate,2020,15.273925683569999,18.57139737041,12.4503642837
6,Incidence,134,Tropical Latin America,1,Male,22,All ages,559,Schizophrenia,1,Number,2020,18222.27289764649,22016.08593808469,15086.242785730694
6,Incidence,134,Tropical Latin America,2,Female,22,All ages,559,Schizophrenia,1,Number,2020,14428.389516207711,17554.71865574563,11921.421755647953
6,Incidence,134,Tropical Latin America,3,Both,22,All ages,559,Schizophrenia,1,Number,2020,32650.66241385417,39597.28471562839,26985.210930139736
6,Incidence,134,Tropical Latin America,1,Male,22,All ages,559,Schizophrenia,2,Percent,2020,3.20635171686e-05,3.88557294214e-05,2.60297130419e-05
6,Incidence,134,Tropical Latin America,2,Female,22,All ages,559,Schizophrenia,2,Percent,2020,2.25664720809e-05,2.73902542349e-05,1.83640225542e-05
6,Incidence,134,Tropical Latin America,3,Both,22,All ages,559,Schizophrenia,2,Percent,2020,2.70353384126e-05,3.25877557878e-05,2.20204008934e-05
6,Incidence,134,Tropical Latin America,1,Male,22,All ages,559,Schizophrenia,3,Rate,2020,16.508575287470002,19.94560252093,13.6674703662
6,Incidence,134,Tropical Latin America,2,Female,22,All ages,559,Schizophrenia,3,Rate,2020,12.50216325608,15.211119598769999,10.32988199176
6,Incidence,134,Tropical Latin America,3,Both,22,All ages,559,Schizophrenia,3,Rate,2020,14.46077385797,17.53738936149,11.95158088446
6,Incidence,134,Tropical Latin America,1,Male,27,Age-standardized,559,Schizophrenia,2,Percent,2020,2.94559161083e-05,3.5627877266e-05,2.38721875331e-05
6,Incidence,134,Tropical Latin America,2,Female,27,Age-standardized,559,Schizophrenia,2,Percent,2020,2.13749823646e-05,2.57130025571e-05,1.73111488998e-05
6,Incidence,134,Tropical Latin America,3,Both,27,Age-standardized,559,Schizophrenia,2,Percent,2020,2.52254768406e-05,3.03853985637e-05,2.04949203095e-05
6,Incidence,134,Tropical Latin America,1,Male,27,Age-standardized,559,Schizophrenia,3,Rate,2020,15.523264316070001,18.76224729774,12.74103810858
6,Incidence,134,Tropical Latin America,2,Female,27,Age-standardized,559,Schizophrenia,3,Rate,2020,12.07808939397,14.67984833634,9.910710507460001
6,Incidence,134,Tropical Latin America,3,Both,27,Age-standardized,559,Schizophrenia,3,Rate,2020,13.785524994740001,16.71271125152,11.31144852471
6,Incidence,174,Eastern Sub-Saharan Africa,1,Male,22,All ages,559,Schizophrenia,1,Number,2020,28236.9149883655,35424.27558424965,22016.57087598481
6,Incidence,174,Eastern Sub-Saharan Africa,2,Female,22,All ages,559,Schizophrenia,1,Number,2020,30825.90625294963,38857.86177914188,23749.367327689048
6,Incidence,174,Eastern Sub-Saharan Africa,3,Both,22,All ages,559,Schizophrenia,1,Number,2020,59062.82124131518,74185.26383245697,45735.26278467385
6,Incidence,174,Eastern Sub-Saharan Africa,1,Male,22,All ages,559,Schizophrenia,2,Percent,2020,2.3289066201e-05,2.88769132313e-05,1.80300804404e-05
6,Incidence,174,Eastern Sub-Saharan Africa,2,Female,22,All ages,559,Schizophrenia,2,Percent,2020,2.44664341006e-05,3.0612010206e-05,1.88277326243e-05
6,Incidence,174,Eastern Sub-Saharan Africa,3,Both,22,All ages,559,Schizophrenia,2,Percent,2020,2.38888086876e-05,2.97464473571e-05,1.84572744849e-05
6,Incidence,174,Eastern Sub-Saharan Africa,1,Male,22,All ages,559,Schizophrenia,3,Rate,2020,13.66385165916,17.14181761414,10.65382527152
6,Incidence,174,Eastern Sub-Saharan Africa,2,Female,22,All ages,559,Schizophrenia,3,Rate,2020,14.679342610409998,18.50417183143,11.30948420212
6,Incidence,174,Eastern Sub-Saharan Africa,3,Both,22,All ages,559,Schizophrenia,3,Rate,2020,14.175668613880001,17.80520628748,10.976921108380001
6,Incidence,174,Eastern Sub-Saharan Africa,1,Male,27,Age-standardized,559,Schizophrenia,2,Percent,2020,2.44114881047e-05,3.01352870046e-05,1.94311545834e-05
6,Incidence,174,Eastern Sub-Saharan Africa,2,Female,27,Age-standardized,559,Schizophrenia,2,Percent,2020,2.41861628091e-05,3.01092361704e-05,1.91330971065e-05
6,Incidence,174,Eastern Sub-Saharan Africa,3,Both,27,Age-standardized,559,Schizophrenia,2,Percent,2020,2.42931877264e-05,3.01677592303e-05,1.92626423523e-05
6,Incidence,174,Eastern Sub-Saharan Africa,1,Male,27,Age-standardized,559,Schizophrenia,3,Rate,2020,13.98110046895,17.34097816537,11.30838078889
6,Incidence,174,Eastern Sub-Saharan Africa,2,Female,27,Age-standardized,559,Schizophrenia,3,Rate,2020,14.32551843865,17.78541560561,11.53492424818
6,Incidence,174,Eastern Sub-Saharan Africa,3,Both,27,Age-standardized,559,Schizophrenia,3,Rate,2020,14.16073676127,17.598894293759997,11.434063585599999
6,Incidence,44635,High SDI,1,Male,22,All ages,559,Schizophrenia,1,Number,2020,81848.96340446877,98044.74100885222,67786.54325765192
6,Incidence,44635,High SDI,2,Female,22,All ages,559,Schizophrenia,1,Number,2020,71131.64366062969,85641.19932510465,59360.67733223023
6,Incidence,44635,High SDI,3,Both,22,All ages,559,Schizophrenia,1,Number,2020,152980.60706509842,183969.9071335305,127333.72125180584
6,Incidence,44635,High SDI,1,Male,22,All ages,559,Schizophrenia,2,Percent,2020,3.73160949122e-05,4.4779330218e-05,3.06773850365e-05
6,Incidence,44635,High SDI,2,Female,22,All ages,559,Schizophrenia,2,Percent,2020,2.87579358158e-05,3.44150803965e-05,2.37198722389e-05
6,Incidence,44635,High SDI,3,Both,22,All ages,559,Schizophrenia,2,Percent,2020,3.27800634633e-05,3.93901627846e-05,2.69944374363e-05
6,Incidence,44635,High SDI,1,Male,22,All ages,559,Schizophrenia,3,Rate,2020,15.03918662564,18.01504987189,12.455313205629999
6,Incidence,44635,High SDI,2,Female,22,All ages,559,Schizophrenia,3,Rate,2020,13.00860794485,15.662126286050002,10.8559248601
6,Incidence,44635,High SDI,3,Both,22,All ages,559,Schizophrenia,3,Rate,2020,14.021509021719998,16.86184779944,11.670831718830001
6,Incidence,44635,High SDI,1,Male,27,Age-standardized,559,Schizophrenia,2,Percent,2020,3.86376973994e-05,4.64279376813e-05,3.13023935395e-05
6,Incidence,44635,High SDI,2,Female,27,Age-standardized,559,Schizophrenia,2,Percent,2020,3.16032554737e-05,3.80001284427e-05,2.57041369082e-05
6,Incidence,44635,High SDI,3,Both,27,Age-standardized,559,Schizophrenia,2,Percent,2020,3.501970786e-05,4.20843033766e-05,2.83980671691e-05
6,Incidence,44635,High SDI,1,Male,27,Age-standardized,559,Schizophrenia,3,Rate,2020,16.310527103840002,19.56878905959,13.448206704790001
6,Incidence,44635,High SDI,2,Female,27,Age-standardized,559,Schizophrenia,3,Rate,2020,14.97918484287,17.93973571019,12.33337627263
6,Incidence,44635,High SDI,3,Both,27,Age-standardized,559,Schizophrenia,3,Rate,2020,15.66568695968,18.73339010025,12.918987785959999
6,Incidence,44636,Low-middle SDI,1,Male,22,All ages,559,Schizophrenia,1,Number,2020,169388.78904725742,208111.7701381013,135813.37870644368
6,Incidence,44636,Low-middle SDI,2,Female,22,All ages,559,Schizophrenia,1,Number,2020,140141.88884734907,172835.50181323872,111247.0184327394
6,Incidence,44636,Low-middle SDI,3,Both,22,All ages,559,Schizophrenia,1,Number,2020,309530.6778946065,381173.7161351977,247130.464299616
6,Incidence,44636,Low-middle SDI,1,Male,22,All ages,559,Schizophrenia,2,Percent,2020,3.6312155119e-05,4.40797600225e-05,2.87006120605e-05
6,Incidence,44636,Low-middle SDI,2,Female,22,All ages,559,Schizophrenia,2,Percent,2020,2.84035879937e-05,3.49700159354e-05,2.2512143913e-05
6,Incidence,44636,Low-middle SDI,3,Both,22,All ages,559,Schizophrenia,2,Percent,2020,3.22467314408e-05,3.94070422391e-05,2.5553864806e-05
6,Incidence,44636,Low-middle SDI,1,Male,22,All ages,559,Schizophrenia,3,Rate,2020,17.72642906847,21.77876441774,14.212783725119998
6,Incidence,44636,Low-middle SDI,2,Female,22,All ages,559,Schizophrenia,3,Rate,2020,14.84414413196,18.30712516534,11.78353445532
6,Incidence,44636,Low-middle SDI,3,Both,22,All ages,559,Schizophrenia,3,Rate,2020,16.29399816994,20.06535790049,13.009189785080002
6,Incidence,44636,Low-middle SDI,1,Male,27,Age-standardized,559,Schizophrenia,2,Percent,2020,3.35587069939e-05,4.08546560156e-05,2.68442552699e-05
6,Incidence,44636,Low-middle SDI,2,Female,27,Age-standardized,559,Schizophrenia,2,Percent,2020,2.6085289782e-05,3.18877622696e-05,2.07604263567e-05
6,Incidence,44636,Low-middle SDI,3,Both,27,Age-standardized,559,Schizophrenia,2,Percent,2020,2.96962865517e-05,3.61815812726e-05,2.3713298774e-05
6,Incidence,44636,Low-middle SDI,1,Male,27,Age-standardized,559,Schizophrenia,3,Rate,2020,16.39815075236,19.9327426235,13.343450445030001
6,Incidence,44636,Low-middle SDI,2,Female,27,Age-standardized,559,Schizophrenia,3,Rate,2020,13.668756693479999,16.73466097749,11.03519171015
6,Incidence,44636,Low-middle SDI,3,Both,27,Age-standardized,559,Schizophrenia,3,Rate,2020,15.03780162132,18.32680127881,12.19503413603
6,Incidence,199,Western Sub-Saharan Africa,1,Male,22,All ages,559,Schizophrenia,1,Number,2020,28738.90982079602,35864.10235143871,22621.812640971675
6,Incidence,199,Western Sub-Saharan Africa,2,Female,22,All ages,559,Schizophrenia,1,Number,2020,39675.2326279566,49095.78768755247,31208.05127649023
6,Incidence,199,Western Sub-Saharan Africa,3,Both,22,All ages,559,Schizophrenia,1,Number,2020,68414.14244875252,84779.13667810586,53872.07281402385
6,Incidence,199,Western Sub-Saharan Africa,1,Male,22,All ages,559,Schizophrenia,2,Percent,2020,2.17663095433e-05,2.69282289559e-05,1.69310517951e-05
6,Incidence,199,Western Sub-Saharan Africa,2,Female,22,All ages,559,Schizophrenia,2,Percent,2020,2.7901036944e-05,3.44469037531e-05,2.16914122385e-05
6,Incidence,199,Western Sub-Saharan Africa,3,Both,22,All ages,559,Schizophrenia,2,Percent,2020,2.49471819335e-05,3.07892336418e-05,1.9482101969e-05
6,Incidence,199,Western Sub-Saharan Africa,1,Male,22,All ages,559,Schizophrenia,3,Rate,2020,12.34595181306,15.40686415075,9.71810728142
6,Incidence,199,Western Sub-Saharan Africa,2,Female,22,All ages,559,Schizophrenia,3,Rate,2020,16.275555667349998,20.140051427899998,12.802152430529999
6,Incidence,199,Western Sub-Saharan Africa,3,Both,22,All ages,559,Schizophrenia,3,Rate,2020,14.35607277091,17.79011490961,11.30455443795
6,Incidence,199,Western Sub-Saharan Africa,1,Male,27,Age-standardized,559,Schizophrenia,2,Percent,2020,2.41970941513e-05,2.99221701304e-05,1.9334904541e-05
6,Incidence,199,Western Sub-Saharan Africa,2,Female,27,Age-standardized,559,Schizophrenia,2,Percent,2020,2.86611358506e-05,3.53938032103e-05,2.29317599324e-05
6,Incidence,199,Western Sub-Saharan Africa,3,Both,27,Age-standardized,559,Schizophrenia,2,Percent,2020,2.65912296542e-05,3.28287746149e-05,2.11777059187e-05
6,Incidence,199,Western Sub-Saharan Africa,1,Male,27,Age-standardized,559,Schizophrenia,3,Rate,2020,13.281432863449998,16.355010078699998,10.82617183979
6,Incidence,199,Western Sub-Saharan Africa,2,Female,27,Age-standardized,559,Schizophrenia,3,Rate,2020,16.44997154544,20.23936186977,13.36504073291
6,Incidence,199,Western Sub-Saharan Africa,3,Both,27,Age-standardized,559,Schizophrenia,3,Rate,2020,14.945708430269999,18.4338806159,12.14784493314
6,Incidence,192,Southern Sub-Saharan Africa,1,Male,22,All ages,559,Schizophrenia,1,Number,2020,5841.395439096584,7126.75137992582,4732.81294724421
6,Incidence,192,Southern Sub-Saharan Africa,2,Female,22,All ages,559,Schizophrenia,1,Number,2020,6115.887336893036,7500.492737806468,4969.000521025365
6,Incidence,192,Southern Sub-Saharan Africa,3,Both,22,All ages,559,Schizophrenia,1,Number,2020,11957.282775989604,14579.379503537715,9693.463362703653
6,Incidence,192,Southern Sub-Saharan Africa,1,Male,22,All ages,559,Schizophrenia,2,Percent,2020,2.46349156571e-05,2.99666582108e-05,1.95729976168e-05
6,Incidence,192,Southern Sub-Saharan Africa,2,Female,22,All ages,559,Schizophrenia,2,Percent,2020,2.415548749e-05,2.95820783794e-05,1.91798003268e-05
6,Incidence,192,Southern Sub-Saharan Africa,3,Both,22,All ages,559,Schizophrenia,2,Percent,2020,2.43868688395e-05,2.97517717808e-05,1.94141314957e-05
6,Incidence,192,Southern Sub-Saharan Africa,1,Male,22,All ages,559,Schizophrenia,3,Rate,2020,15.015853697919999,18.319981445899998,12.16613864553
6,Incidence,192,Southern Sub-Saharan Africa,2,Female,22,All ages,559,Schizophrenia,3,Rate,2020,14.99891067846,18.3945868231,12.18622758573
6,Incidence,192,Southern Sub-Saharan Africa,3,Both,22,All ages,559,Schizophrenia,3,Rate,2020,15.007182936349999,18.29808823686,12.16593942756
6,Incidence,192,Southern Sub-Saharan Africa,1,Male,27,Age-standardized,559,Schizophrenia,2,Percent,2020,2.255488579e-05,2.7493515413e-05,1.81850952224e-05
6,Incidence,192,Southern Sub-Saharan Africa,2,Female,27,Age-standardized,559,Schizophrenia,2,Percent,2020,2.25405135583e-05,2.74286129202e-05,1.80489962059e-05
6,Incidence,192,Southern Sub-Saharan Africa,3,Both,27,Age-standardized,559,Schizophrenia,2,Percent,2020,2.25237640442e-05,2.74365652109e-05,1.80494438856e-05
6,Incidence,192,Southern Sub-Saharan Africa,1,Male,27,Age-standardized,559,Schizophrenia,3,Rate,2020,13.667170740729999,16.557512876340002,11.17271378391
6,Incidence,192,Southern Sub-Saharan Africa,2,Female,27,Age-standardized,559,Schizophrenia,3,Rate,2020,13.96519577828,17.02780042848,11.44547005955
6,Incidence,192,Southern Sub-Saharan Africa,3,Both,27,Age-standardized,559,Schizophrenia,3,Rate,2020,13.809055074289999,16.758550810190002,11.33643289307
6,Incidence,44639,Middle SDI,1,Male,22,All ages,559,Schizophrenia,1,Number,2020,213630.9657795818,257159.3872411861,175291.08266916338
6,Incidence,44639,Middle SDI,2,Female,22,All ages,559,Schizophrenia,1,Number,2020,176704.42111875658,213012.61881658775,145708.68643535412
6,Incidence,44639,Middle SDI,3,Both,22,All ages,559,Schizophrenia,1,Number,2020,390335.38689833856,469857.3624952063,319972.4661301874
6,Incidence,44639,Middle SDI,1,Male,22,All ages,559,Schizophrenia,2,Percent,2020,4.20286406485e-05,5.06860920136e-05,3.41458843134e-05
6,Incidence,44639,Middle SDI,2,Female,22,All ages,559,Schizophrenia,2,Percent,2020,3.30901436766e-05,3.98184151328e-05,2.67198456189e-05
6,Incidence,44639,Middle SDI,3,Both,22,All ages,559,Schizophrenia,2,Percent,2020,3.74489192523e-05,4.51058189545e-05,3.03638739036e-05
6,Incidence,44639,Middle SDI,1,Male,22,All ages,559,Schizophrenia,3,Rate,2020,17.43726860975,20.99020286914,14.30784007478
6,Incidence,44639,Middle SDI,2,Female,22,All ages,559,Schizophrenia,3,Rate,2020,14.64596141004,17.65532845918,12.076912309999999
6,Incidence,44639,Middle SDI,3,Both,22,All ages,559,Schizophrenia,3,Rate,2020,16.052310045749998,19.32260387659,13.15867688358
6,Incidence,44639,Middle SDI,1,Male,27,Age-standardized,559,Schizophrenia,2,Percent,2020,4.00729924498e-05,4.81422639876e-05,3.25526779998e-05
6,Incidence,44639,Middle SDI,2,Female,27,Age-standardized,559,Schizophrenia,2,Percent,2020,3.20747461215e-05,3.85999284899e-05,2.60467939939e-05
6,Incidence,44639,Middle SDI,3,Both,27,Age-standardized,559,Schizophrenia,2,Percent,2020,3.59902242084e-05,4.3143939495e-05,2.92562712264e-05
6,Incidence,44639,Middle SDI,1,Male,27,Age-standardized,559,Schizophrenia,3,Rate,2020,16.94346146709,20.36412040425,13.987040443109999
6,Incidence,44639,Middle SDI,2,Female,27,Age-standardized,559,Schizophrenia,3,Rate,2020,14.454263263389999,17.49141513406,11.93822252342
6,Incidence,44639,Middle SDI,3,Both,27,Age-standardized,559,Schizophrenia,3,Rate,2020,15.71553052637,18.95352964525,12.97980484862
6,Incidence,44637,Low SDI,1,Male,22,All ages,559,Schizophrenia,1,Number,2020,79649.2918959565,99271.63223246616,62632.11776200529
6,Incidence,44637,Low SDI,2,Female,22,All ages,559,Schizophrenia,1,Number,2020,79344.02513271355,99166.24481688392,61522.39071051021
6,Incidence,44637,Low SDI,3,Both,22,All ages,559,Schizophrenia,1,Number,2020,158993.31702867016,198437.8770493501,124103.48616521397
6,Incidence,44637,Low SDI,1,Male,22,All ages,559,Schizophrenia,2,Percent,2020,2.6121357162e-05,3.24081550391e-05,2.04055304032e-05
6,Incidence,44637,Low SDI,2,Female,22,All ages,559,Schizophrenia,2,Percent,2020,2.53411513253e-05,3.16022261607e-05,1.95824988559e-05
6,Incidence,44637,Low SDI,3,Both,22,All ages,559,Schizophrenia,2,Percent,2020,2.5725920197e-05,3.19647750972e-05,2.0017473506e-05
6,Incidence,44637,Low SDI,1,Male,22,All ages,559,Schizophrenia,3,Rate,2020,14.56533019535,18.15363411374,11.453428578239999
6,Incidence,44637,Low SDI,2,Female,22,All ages,559,Schizophrenia,3,Rate,2020,14.545757109879998,18.17966895671,11.2786029017
6,Incidence,44637,Low SDI,3,Both,22,All ages,559,Schizophrenia,3,Rate,2020,14.55555586271,18.16663529416,11.36145379814
6,Incidence,44637,Low SDI,1,Male,27,Age-standardized,559,Schizophrenia,2,Percent,2020,2.71256614861e-05,3.34964684439e-05,2.15992326454e-05
6,Incidence,44637,Low SDI,2,Female,27,Age-standardized,559,Schizophrenia,2,Percent,2020,2.52495348837e-05,3.13535306971e-05,1.99739198812e-05
6,Incidence,44637,Low SDI,3,Both,27,Age-standardized,559,Schizophrenia,2,Percent,2020,2.61577361037e-05,3.2372557723e-05,2.07450447649e-05
6,Incidence,44637,Low SDI,1,Male,27,Age-standardized,559,Schizophrenia,3,Rate,2020,14.78066883397,18.13740945901,11.9217963988
6,Incidence,44637,Low SDI,2,Female,27,Age-standardized,559,Schizophrenia,3,Rate,2020,14.31144755423,17.61313184202,11.47926653879
6,Incidence,44637,Low SDI,3,Both,27,Age-standardized,559,Schizophrenia,3,Rate,2020,14.544819149250001,17.8676203042,11.7178881215
