measure_id,measure_name,location_id,location_name,sex_id,sex_name,age_id,age_name,cause_id,cause_name,metric_id,metric_name,year,val,upper,lower
2,DALYs (Disability-Adjusted Life Years),5,East Asia,1,Male,22,All ages,559,Schizophrenia,1,Number,1991,1314947.180451742,1645604.6280157242,992618.2073303487
2,DALYs (Disability-Adjusted Life Years),5,East Asia,2,Female,22,All ages,559,Schizophrenia,1,Number,1991,1154683.1069262598,1448655.0609046412,873446.9109438094
2,DALYs (Disability-Adjusted Life Years),5,East Asia,3,Both,22,All ages,559,Schizophrenia,1,Number,1991,2469630.2873780015,3104638.58463946,1869330.976574011
2,DALYs (Disability-Adjusted Life Years),5,East Asia,1,Male,22,All ages,559,Schizophrenia,2,Percent,1991,0.005560955855297863,0.007095178131737772,0.004113465919424165
2,DALYs (Disability-Adjusted Life Years),5,East Asia,2,Female,22,All ages,559,Schizophrenia,2,Percent,1991,0.006016537571394779,0.007658278046471867,0.004489800185839759
2,DALYs (Disability-Adjusted Life Years),5,East Asia,3,Both,22,All ages,559,Schizophrenia,2,Percent,1991,0.005760876710838231,0.007244386954760497,0.004278136527332799
2,DALYs (Disability-Adjusted Life Years),5,East Asia,1,Male,22,All ages,559,Schizophrenia,3,Rate,1991,206.6508779130347,258.6154380439638,155.9951814237966
2,DALYs (Disability-Adjusted Life Years),5,East Asia,2,Female,22,All ages,559,Schizophrenia,3,Rate,1991,193.0927202837759,242.25239356584746,146.06279337242574
2,DALYs (Disability-Adjusted Life Years),5,East Asia,3,Both,22,All ages,559,Schizophrenia,3,Rate,1991,200.08225661362454,251.52878030334628,151.44775396635328
2,DALYs (Disability-Adjusted Life Years),5,East Asia,1,Male,27,Age-standardized,559,Schizophrenia,3,Rate,1991,201.85375557744325,252.92570508942464,151.64034188471905
2,DALYs (Disability-Adjusted Life Years),5,East Asia,2,Female,27,Age-standardized,559,Schizophrenia,3,Rate,1991,188.13747751138237,234.4339510277243,142.4354722657882
2,DALYs (Disability-Adjusted Life Years),5,East Asia,3,Both,27,Age-standardized,559,Schizophrenia,3,Rate,1991,195.25912380203644,243.6070876595423,147.8531762968242
2,DALYs (Disability-Adjusted Life Years),65,High-income Asia Pacific,1,Male,22,All ages,559,Schizophrenia,1,Number,1991,182242.38374600836,236498.29963240965,133772.94467846557
2,DALYs (Disability-Adjusted Life Years),65,High-income Asia Pacific,2,Female,22,All ages,559,Schizophrenia,1,Number,1991,173174.5250582557,221392.8296736062,127506.25889465169
2,DALYs (Disability-Adjusted Life Years),65,High-income Asia Pacific,3,Both,22,All ages,559,Schizophrenia,1,Number,1991,355416.90880426386,459589.55281965644,261473.03928357462
2,DALYs (Disability-Adjusted Life Years),65,High-income Asia Pacific,1,Male,22,All ages,559,Schizophrenia,2,Percent,1991,0.0075819081548493825,0.009604231973315744,0.005611921302985989
2,DALYs (Disability-Adjusted Life Years),65,High-income Asia Pacific,2,Female,22,All ages,559,Schizophrenia,2,Percent,1991,0.008463115801284662,0.010779432466941227,0.006282917125677508
2,DALYs (Disability-Adjusted Life Years),65,High-income Asia Pacific,3,Both,22,All ages,559,Schizophrenia,2,Percent,1991,0.007985719303045005,0.010131799059909345,0.005956181648079947
2,DALYs (Disability-Adjusted Life Years),65,High-income Asia Pacific,1,Male,22,All ages,559,Schizophrenia,3,Rate,1991,211.5039672166418,274.4714351517602,155.25207651574934
2,DALYs (Disability-Adjusted Life Years),65,High-income Asia Pacific,2,Female,22,All ages,559,Schizophrenia,3,Rate,1991,196.6709278153498,251.43151516613958,144.80636935853903
2,DALYs (Disability-Adjusted Life Years),65,High-income Asia Pacific,3,Both,22,All ages,559,Schizophrenia,3,Rate,1991,204.0070772358141,263.80152175170804,150.08388514679265
2,DALYs (Disability-Adjusted Life Years),65,High-income Asia Pacific,1,Male,27,Age-standardized,559,Schizophrenia,3,Rate,1991,185.09811502826923,241.1067206811287,136.0018218262855
2,DALYs (Disability-Adjusted Life Years),65,High-income Asia Pacific,2,Female,27,Age-standardized,559,Schizophrenia,3,Rate,1991,171.66835660419204,221.8425930448552,126.37407959737098
2,DALYs (Disability-Adjusted Life Years),65,High-income Asia Pacific,3,Both,27,Age-standardized,559,Schizophrenia,3,Rate,1991,178.73012211004848,232.25268690471412,131.5787121023837
2,DALYs (Disability-Adjusted Life Years),159,South Asia,1,Male,22,All ages,559,Schizophrenia,1,Number,1991,1008809.6960827493,1297367.963310313,736420.7778474152
2,DALYs (Disability-Adjusted Life Years),159,South Asia,2,Female,22,All ages,559,Schizophrenia,1,Number,1991,685704.6354010748,894967.7979750985,507211.7385695299
2,DALYs (Disability-Adjusted Life Years),159,South Asia,3,Both,22,All ages,559,Schizophrenia,1,Number,1991,1694514.3314838246,2191292.182919001,1250275.4935909712
2,DALYs (Disability-Adjusted Life Years),159,South Asia,1,Male,22,All ages,559,Schizophrenia,2,Percent,1991,0.0028209979176959886,0.0035989538887733173,0.002073639861659071
2,DALYs (Disability-Adjusted Life Years),159,South Asia,2,Female,22,All ages,559,Schizophrenia,2,Percent,1991,0.002057212309106768,0.0026293924697506745,0.0014891123903993148
2,DALYs (Disability-Adjusted Life Years),159,South Asia,3,Both,22,All ages,559,Schizophrenia,2,Percent,1991,0.0024523989037016475,0.0031315232217808435,0.0017903417675738257
2,DALYs (Disability-Adjusted Life Years),159,South Asia,1,Male,22,All ages,559,Schizophrenia,3,Rate,1991,174.13344986089533,223.9422956256928,127.11564043620743
2,DALYs (Disability-Adjusted Life Years),159,South Asia,2,Female,22,All ages,559,Schizophrenia,3,Rate,1991,128.14097579224577,167.2470055100153,94.78513598725357
2,DALYs (Disability-Adjusted Life Years),159,South Asia,3,Both,22,All ages,559,Schizophrenia,3,Rate,1991,152.04955202475492,196.62565761625828,112.18779633546646
2,DALYs (Disability-Adjusted Life Years),159,South Asia,1,Male,27,Age-standardized,559,Schizophrenia,3,Rate,1991,207.11241767396513,266.8567408925339,151.60910314810064
2,DALYs (Disability-Adjusted Life Years),159,South Asia,2,Female,27,Age-standardized,559,Schizophrenia,3,Rate,1991,154.13939925623913,198.76314425222728,113.99672690979514
2,DALYs (Disability-Adjusted Life Years),159,South Asia,3,Both,27,Age-standardized,559,Schizophrenia,3,Rate,1991,181.77987153577845,234.41528921595852,133.70683322751768
2,DALYs (Disability-Adjusted Life Years),42,Central Europe,1,Male,22,All ages,559,Schizophrenia,1,Number,1991,95032.7069414639,126653.1642994842,67298.97012271808
2,DALYs (Disability-Adjusted Life Years),42,Central Europe,2,Female,22,All ages,559,Schizophrenia,1,Number,1991,96123.88303691686,127537.19590024435,68774.41427289476
2,DALYs (Disability-Adjusted Life Years),42,Central Europe,3,Both,22,All ages,559,Schizophrenia,1,Number,1991,191156.58997838083,254660.0181915608,136070.92824525438
2,DALYs (Disability-Adjusted Life Years),42,Central Europe,1,Male,22,All ages,559,Schizophrenia,2,Percent,1991,0.0034729263118658603,0.004549820903940814,0.002505951041414111
2,DALYs (Disability-Adjusted Life Years),42,Central Europe,2,Female,22,All ages,559,Schizophrenia,2,Percent,1991,0.004387376325088052,0.005681252753546365,0.0031852334665663723
2,DALYs (Disability-Adjusted Life Years),42,Central Europe,3,Both,22,All ages,559,Schizophrenia,2,Percent,1991,0.003879143292760273,0.00504658206454048,0.0028140815708766957
2,DALYs (Disability-Adjusted Life Years),42,Central Europe,1,Male,22,All ages,559,Schizophrenia,3,Rate,1991,155.20059884059012,206.84086118312135,109.90784962943759
2,DALYs (Disability-Adjusted Life Years),42,Central Europe,2,Female,22,All ages,559,Schizophrenia,3,Rate,1991,150.43845968179068,199.60179195007015,107.6352371736595
2,DALYs (Disability-Adjusted Life Years),42,Central Europe,3,Both,22,All ages,559,Schizophrenia,3,Rate,1991,152.7688426821542,203.51961844967533,108.74539158218376
2,DALYs (Disability-Adjusted Life Years),42,Central Europe,1,Male,27,Age-standardized,559,Schizophrenia,3,Rate,1991,142.28429044397518,190.48416229253797,100.80819024645173
2,DALYs (Disability-Adjusted Life Years),42,Central Europe,2,Female,27,Age-standardized,559,Schizophrenia,3,Rate,1991,138.21171146749808,184.44794031704973,99.02020568218175
2,DALYs (Disability-Adjusted Life Years),42,Central Europe,3,Both,27,Age-standardized,559,Schizophrenia,3,Rate,1991,140.2355765923358,188.03410602385836,99.80935771787708
2,DALYs (Disability-Adjusted Life Years),100,High-income North America,1,Male,22,All ages,559,Schizophrenia,1,Number,1991,371207.38125102187,471799.8775344294,276615.8245513396
2,DALYs (Disability-Adjusted Life Years),100,High-income North America,2,Female,22,All ages,559,Schizophrenia,1,Number,1991,357522.68289448426,451885.7034104401,266632.9010013122
2,DALYs (Disability-Adjusted Life Years),100,High-income North America,3,Both,22,All ages,559,Schizophrenia,1,Number,1991,728730.0641455064,922592.2662923909,542297.7983964388
2,DALYs (Disability-Adjusted Life Years),100,High-income North America,1,Male,22,All ages,559,Schizophrenia,2,Percent,1991,0.007734674118313938,0.009598874765556493,0.005872327505330923
2,DALYs (Disability-Adjusted Life Years),100,High-income North America,2,Female,22,All ages,559,Schizophrenia,2,Percent,1991,0.008262215628317979,0.010253742266338838,0.006255390515429501
2,DALYs (Disability-Adjusted Life Years),100,High-income North America,3,Both,22,All ages,559,Schizophrenia,2,Percent,1991,0.007983686821109644,0.00988633421660724,0.006050019641625532
2,DALYs (Disability-Adjusted Life Years),100,High-income North America,1,Male,22,All ages,559,Schizophrenia,3,Rate,1991,266.6939188558887,338.96459125175,198.7346211126736
2,DALYs (Disability-Adjusted Life Years),100,High-income North America,2,Female,22,All ages,559,Schizophrenia,3,Rate,1991,245.88033854711244,310.7769522191434,183.37238755100202
2,DALYs (Disability-Adjusted Life Years),100,High-income North America,3,Both,22,All ages,559,Schizophrenia,3,Rate,1991,256.05980478970184,324.17874221276554,190.55158449940214
2,DALYs (Disability-Adjusted Life Years),100,High-income North America,1,Male,27,Age-standardized,559,Schizophrenia,3,Rate,1991,239.44116784780917,303.8464956546726,178.2554207163823
2,DALYs (Disability-Adjusted Life Years),100,High-income North America,2,Female,27,Age-standardized,559,Schizophrenia,3,Rate,1991,220.94582823051354,279.2796723013925,164.40074299709536
2,DALYs (Disability-Adjusted Life Years),100,High-income North America,3,Both,27,Age-standardized,559,Schizophrenia,3,Rate,1991,230.26927836843248,291.974237102791,170.87219793726385
2,DALYs (Disability-Adjusted Life Years),56,Eastern Europe,1,Male,22,All ages,559,Schizophrenia,1,Number,1991,145000.93827059094,187626.18234344682,106016.38333555424
2,DALYs (Disability-Adjusted Life Years),56,Eastern Europe,2,Female,22,All ages,559,Schizophrenia,1,Number,1991,167848.6119674761,215748.83713635243,123886.47145848768
2,DALYs (Disability-Adjusted Life Years),56,Eastern Europe,3,Both,22,All ages,559,Schizophrenia,1,Number,1991,312849.55023806705,403145.7487207221,230123.18206524928
2,DALYs (Disability-Adjusted Life Years),56,Eastern Europe,1,Male,22,All ages,559,Schizophrenia,2,Percent,1991,0.002748591454326718,0.003514346308489541,0.0020222220080759554
2,DALYs (Disability-Adjusted Life Years),56,Eastern Europe,2,Female,22,All ages,559,Schizophrenia,2,Percent,1991,0.003708702521175226,0.004702241435352559,0.0027220342129173273
2,DALYs (Disability-Adjusted Life Years),56,Eastern Europe,3,Both,22,All ages,559,Schizophrenia,2,Percent,1991,0.0031915585278463597,0.0040854015729247985,0.0023603062779725677
2,DALYs (Disability-Adjusted Life Years),56,Eastern Europe,1,Male,22,All ages,559,Schizophrenia,3,Rate,1991,136.57530901437786,176.7237104695445,99.85604567344173
2,DALYs (Disability-Adjusted Life Years),56,Eastern Europe,2,Female,22,All ages,559,Schizophrenia,3,Rate,1991,138.990423366262,178.65516945812413,102.58668758431004
2,DALYs (Disability-Adjusted Life Years),56,Eastern Europe,3,Both,22,All ages,559,Schizophrenia,3,Rate,1991,137.86052156328128,177.6505132974159,101.40625703049828
2,DALYs (Disability-Adjusted Life Years),56,Eastern Europe,1,Male,27,Age-standardized,559,Schizophrenia,3,Rate,1991,122.55566366432164,158.54781006743715,89.92761516752168
2,DALYs (Disability-Adjusted Life Years),56,Eastern Europe,2,Female,27,Age-standardized,559,Schizophrenia,3,Rate,1991,125.20663492883509,162.63466102320768,92.44469073908188
2,DALYs (Disability-Adjusted Life Years),56,Eastern Europe,3,Both,27,Age-standardized,559,Schizophrenia,3,Rate,1991,123.93428624796105,159.41317862923356,90.97405606561657
2,DALYs (Disability-Adjusted Life Years),124,Central Latin America,1,Male,22,All ages,559,Schizophrenia,1,Number,1991,115800.52739710732,154317.74680182178,84566.85101701625
2,DALYs (Disability-Adjusted Life Years),124,Central Latin America,2,Female,22,All ages,559,Schizophrenia,1,Number,1991,97780.08248261406,129693.87622948509,71030.70675293452
2,DALYs (Disability-Adjusted Life Years),124,Central Latin America,3,Both,22,All ages,559,Schizophrenia,1,Number,1991,213580.60987972125,285024.3698977685,156192.17253397932
2,DALYs (Disability-Adjusted Life Years),124,Central Latin America,1,Male,22,All ages,559,Schizophrenia,2,Percent,1991,0.0036241905804670223,0.004735316923808991,0.002618003113914795
2,DALYs (Disability-Adjusted Life Years),124,Central Latin America,2,Female,22,All ages,559,Schizophrenia,2,Percent,1991,0.0039186536072700305,0.005103329195259704,0.002854448966554071
2,DALYs (Disability-Adjusted Life Years),124,Central Latin America,3,Both,22,All ages,559,Schizophrenia,2,Percent,1991,0.003752929218465739,0.0048813835799769644,0.0027139441177654556
2,DALYs (Disability-Adjusted Life Years),124,Central Latin America,1,Male,22,All ages,559,Schizophrenia,3,Rate,1991,139.64188376142047,186.08914264549912,101.977725362955
2,DALYs (Disability-Adjusted Life Years),124,Central Latin America,2,Female,22,All ages,559,Schizophrenia,3,Rate,1991,114.9273666579516,152.43774895942917,83.48706476515225
2,DALYs (Disability-Adjusted Life Years),124,Central Latin America,3,Both,22,All ages,559,Schizophrenia,3,Rate,1991,127.1262594308272,169.65061581262984,92.96783382068826
2,DALYs (Disability-Adjusted Life Years),124,Central Latin America,1,Male,27,Age-standardized,559,Schizophrenia,3,Rate,1991,172.93422406635975,229.8302317542157,125.19330375842654
2,DALYs (Disability-Adjusted Life Years),124,Central Latin America,2,Female,27,Age-standardized,559,Schizophrenia,3,Rate,1991,138.5998991244219,183.28725151063838,99.78862714631778
2,DALYs (Disability-Adjusted Life Years),124,Central Latin America,3,Both,27,Age-standardized,559,Schizophrenia,3,Rate,1991,155.27633273366294,205.61659115983238,112.1141197420738
2,DALYs (Disability-Adjusted Life Years),21,Oceania,1,Male,22,All ages,559,Schizophrenia,1,Number,1991,5407.311468140019,7414.3877234858855,3781.9256402371484
2,DALYs (Disability-Adjusted Life Years),21,Oceania,2,Female,22,All ages,559,Schizophrenia,1,Number,1991,4211.301799096844,5808.390237206066,2983.785655435724
2,DALYs (Disability-Adjusted Life Years),21,Oceania,3,Both,22,All ages,559,Schizophrenia,1,Number,1991,9618.613267236859,13152.856056130184,6776.137078695419
2,DALYs (Disability-Adjusted Life Years),21,Oceania,1,Male,22,All ages,559,Schizophrenia,2,Percent,1991,0.0030143729165484925,0.004219600264011453,0.002046872667252491
2,DALYs (Disability-Adjusted Life Years),21,Oceania,2,Female,22,All ages,559,Schizophrenia,2,Percent,1991,0.002827572485692355,0.00393468983670757,0.001961130154909629
2,DALYs (Disability-Adjusted Life Years),21,Oceania,3,Both,22,All ages,559,Schizophrenia,2,Percent,1991,0.0029294612627101357,0.004035008509904353,0.00200850956015568
2,DALYs (Disability-Adjusted Life Years),21,Oceania,1,Male,22,All ages,559,Schizophrenia,3,Rate,1991,155.8654913944028,213.7193673267853,109.01382356201103
2,DALYs (Disability-Adjusted Life Years),21,Oceania,2,Female,22,All ages,559,Schizophrenia,3,Rate,1991,130.20030589639376,179.57729503310446,92.24933847066458
2,DALYs (Disability-Adjusted Life Years),21,Oceania,3,Both,22,All ages,559,Schizophrenia,3,Rate,1991,143.48224620266407,196.20305739311704,101.08061750856481
2,DALYs (Disability-Adjusted Life Years),21,Oceania,1,Male,27,Age-standardized,559,Schizophrenia,3,Rate,1991,192.6811929957157,259.97587483691893,134.17376435932047
2,DALYs (Disability-Adjusted Life Years),21,Oceania,2,Female,27,Age-standardized,559,Schizophrenia,3,Rate,1991,158.40182386388327,216.53196614283527,110.20249157038336
2,DALYs (Disability-Adjusted Life Years),21,Oceania,3,Both,27,Age-standardized,559,Schizophrenia,3,Rate,1991,176.0921205482717,238.01588884957053,123.15363341882271
2,DALYs (Disability-Adjusted Life Years),32,Central Asia,1,Male,22,All ages,559,Schizophrenia,1,Number,1991,41771.35278109989,57104.36348444085,28993.072890446332
2,DALYs (Disability-Adjusted Life Years),32,Central Asia,2,Female,22,All ages,559,Schizophrenia,1,Number,1991,42825.705362604676,58981.49251770608,30126.59466945667
2,DALYs (Disability-Adjusted Life Years),32,Central Asia,3,Both,22,All ages,559,Schizophrenia,1,Number,1991,84597.05814370449,116563.22076583529,59378.62684999197
2,DALYs (Disability-Adjusted Life Years),32,Central Asia,1,Male,22,All ages,559,Schizophrenia,2,Percent,1991,0.0026853929209856597,0.0036810296236769826,0.0018788429945525633
2,DALYs (Disability-Adjusted Life Years),32,Central Asia,2,Female,22,All ages,559,Schizophrenia,2,Percent,1991,0.003305030251748486,0.004486944150628473,0.0023287402921350875
2,DALYs (Disability-Adjusted Life Years),32,Central Asia,3,Both,22,All ages,559,Schizophrenia,2,Percent,1991,0.002966769617184577,0.004001676639241328,0.0020911856606453754
2,DALYs (Disability-Adjusted Life Years),32,Central Asia,1,Male,22,All ages,559,Schizophrenia,3,Rate,1991,121.68623517830187,166.35360221848038,84.46118335637978
2,DALYs (Disability-Adjusted Life Years),32,Central Asia,2,Female,22,All ages,559,Schizophrenia,3,Rate,1991,119.68506015598372,164.83566167331466,84.19483730108873
2,DALYs (Disability-Adjusted Life Years),32,Central Asia,3,Both,22,All ages,559,Schizophrenia,3,Rate,1991,120.66488353206285,166.2597703331404,84.69461291404599
2,DALYs (Disability-Adjusted Life Years),32,Central Asia,1,Male,27,Age-standardized,559,Schizophrenia,3,Rate,1991,140.04380368750085,189.33296724024808,98.45164409410805
2,DALYs (Disability-Adjusted Life Years),32,Central Asia,2,Female,27,Age-standardized,559,Schizophrenia,3,Rate,1991,134.4377088282211,185.64023800362182,95.52476626426095
2,DALYs (Disability-Adjusted Life Years),32,Central Asia,3,Both,27,Age-standardized,559,Schizophrenia,3,Rate,1991,137.14120070699968,187.42741971740574,97.75084853821808
2,DALYs (Disability-Adjusted Life Years),70,Australasia,1,Male,22,All ages,559,Schizophrenia,1,Number,1991,31426.826421235757,38307.220942915985,23627.512747655597
2,DALYs (Disability-Adjusted Life Years),70,Australasia,2,Female,22,All ages,559,Schizophrenia,1,Number,1991,23639.002701864643,29331.80431064104,17883.63085351082
2,DALYs (Disability-Adjusted Life Years),70,Australasia,3,Both,22,All ages,559,Schizophrenia,1,Number,1991,55065.82912310049,67613.87328817259,41562.34808131876
2,DALYs (Disability-Adjusted Life Years),70,Australasia,1,Male,22,All ages,559,Schizophrenia,2,Percent,1991,0.010072874912974938,0.011970505649516171,0.007671773406225336
2,DALYs (Disability-Adjusted Life Years),70,Australasia,2,Female,22,All ages,559,Schizophrenia,2,Percent,1991,0.00851223741182584,0.010463933219866075,0.006507996836401462
2,DALYs (Disability-Adjusted Life Years),70,Australasia,3,Both,22,All ages,559,Schizophrenia,2,Percent,1991,0.009336435642004787,0.011261831154835724,0.00723102114268798
2,DALYs (Disability-Adjusted Life Years),70,Australasia,1,Male,22,All ages,559,Schizophrenia,3,Rate,1991,308.28890575789615,375.7837673083491,231.7796888913184
2,DALYs (Disability-Adjusted Life Years),70,Australasia,2,Female,22,All ages,559,Schizophrenia,3,Rate,1991,228.50796218994657,283.53780042717983,172.87328464879172
2,DALYs (Disability-Adjusted Life Years),70,Australasia,3,Both,22,All ages,559,Schizophrenia,3,Rate,1991,268.10519590552553,329.1992699017081,202.35927892277962
2,DALYs (Disability-Adjusted Life Years),70,Australasia,1,Male,27,Age-standardized,559,Schizophrenia,3,Rate,1991,282.4386821291131,343.96424923407756,212.2148912329041
2,DALYs (Disability-Adjusted Life Years),70,Australasia,2,Female,27,Age-standardized,559,Schizophrenia,3,Rate,1991,209.05274644598646,259.82302352146127,158.20119730849112
2,DALYs (Disability-Adjusted Life Years),70,Australasia,3,Both,27,Age-standardized,559,Schizophrenia,3,Rate,1991,245.88121971632913,302.2738459561987,185.46902363534815
2,DALYs (Disability-Adjusted Life Years),120,Andean Latin America,1,Male,22,All ages,559,Schizophrenia,1,Number,1991,26687.471828383183,37261.09582839135,18759.263815267484
2,DALYs (Disability-Adjusted Life Years),120,Andean Latin America,2,Female,22,All ages,559,Schizophrenia,1,Number,1991,21670.242829823637,29946.436437880773,15178.264011937514
2,DALYs (Disability-Adjusted Life Years),120,Andean Latin America,3,Both,22,All ages,559,Schizophrenia,1,Number,1991,48357.71465820678,67436.29150715531,34199.4510970736
2,DALYs (Disability-Adjusted Life Years),120,Andean Latin America,1,Male,22,All ages,559,Schizophrenia,2,Percent,1991,0.0029685136303738407,0.0040826160592591825,0.002099715221920071
2,DALYs (Disability-Adjusted Life Years),120,Andean Latin America,2,Female,22,All ages,559,Schizophrenia,2,Percent,1991,0.00270526200538397,0.003694854357771252,0.001890074884737289
2,DALYs (Disability-Adjusted Life Years),120,Andean Latin America,3,Both,22,All ages,559,Schizophrenia,2,Percent,1991,0.002844304008204606,0.0038687113344961378,0.0020186595313573296
2,DALYs (Disability-Adjusted Life Years),120,Andean Latin America,1,Male,22,All ages,559,Schizophrenia,3,Rate,1991,138.39775852336405,193.2311976171949,97.28310273363044
2,DALYs (Disability-Adjusted Life Years),120,Andean Latin America,2,Female,22,All ages,559,Schizophrenia,3,Rate,1991,110.97047428938072,153.35177740670795,77.7259013441269
2,DALYs (Disability-Adjusted Life Years),120,Andean Latin America,3,Both,22,All ages,559,Schizophrenia,3,Rate,1991,124.59762928204333,173.7551517633263,88.11769868697435
2,DALYs (Disability-Adjusted Life Years),120,Andean Latin America,1,Male,27,Age-standardized,559,Schizophrenia,3,Rate,1991,170.71098095900862,237.73412251079966,118.96985923248575
2,DALYs (Disability-Adjusted Life Years),120,Andean Latin America,2,Female,27,Age-standardized,559,Schizophrenia,3,Rate,1991,134.09271145868465,182.03764891194677,94.35966518658991
2,DALYs (Disability-Adjusted Life Years),120,Andean Latin America,3,Both,27,Age-standardized,559,Schizophrenia,3,Rate,1991,152.07022802228195,209.92845962391885,106.78042903935281
2,DALYs (Disability-Adjusted Life Years),96,Southern Latin America,1,Male,22,All ages,559,Schizophrenia,1,Number,1991,43286.334657344734,59603.69055706583,30225.307303513953
2,DALYs (Disability-Adjusted Life Years),96,Southern Latin America,2,Female,22,All ages,559,Schizophrenia,1,Number,1991,43073.09956617035,58410.598102554504,30037.03062510967
2,DALYs (Disability-Adjusted Life Years),96,Southern Latin America,3,Both,22,All ages,559,Schizophrenia,1,Number,1991,86359.43422351507,118212.46779314158,60592.9635526637
2,DALYs (Disability-Adjusted Life Years),96,Southern Latin America,1,Male,22,All ages,559,Schizophrenia,2,Percent,1991,0.005086964847678159,0.006780134810290524,0.0035629686953810302
2,DALYs (Disability-Adjusted Life Years),96,Southern Latin America,2,Female,22,All ages,559,Schizophrenia,2,Percent,1991,0.005926923238106042,0.0077843472474499915,0.00422172440318048
2,DALYs (Disability-Adjusted Life Years),96,Southern Latin America,3,Both,22,All ages,559,Schizophrenia,2,Percent,1991,0.005473113962392845,0.007230875023991846,0.003889796034596539
2,DALYs (Disability-Adjusted Life Years),96,Southern Latin America,1,Male,22,All ages,559,Schizophrenia,3,Rate,1991,176.25429950953722,242.6956869986752,123.07210597553826
2,DALYs (Disability-Adjusted Life Years),96,Southern Latin America,2,Female,22,All ages,559,Schizophrenia,3,Rate,1991,168.19371116562934,228.08424202628592,117.2899026101371
2,DALYs (Disability-Adjusted Life Years),96,Southern Latin America,3,Both,22,All ages,559,Schizophrenia,3,Rate,1991,172.13963710462073,235.63205908095352,120.77951703635506
2,DALYs (Disability-Adjusted Life Years),96,Southern Latin America,1,Male,27,Age-standardized,559,Schizophrenia,3,Rate,1991,183.05148985515837,251.51452445491933,128.120287762198
2,DALYs (Disability-Adjusted Life Years),96,Southern Latin America,2,Female,27,Age-standardized,559,Schizophrenia,3,Rate,1991,172.30315143338314,233.55506742677366,119.71359655874039
2,DALYs (Disability-Adjusted Life Years),96,Southern Latin America,3,Both,27,Age-standardized,559,Schizophrenia,3,Rate,1991,177.71430308167592,242.68787547596673,124.41463366160937
2,DALYs (Disability-Adjusted Life Years),138,North Africa and Middle East,1,Male,22,All ages,559,Schizophrenia,1,Number,1991,235457.63200334233,316504.00148470956,168527.14398165594
2,DALYs (Disability-Adjusted Life Years),138,North Africa and Middle East,2,Female,22,All ages,559,Schizophrenia,1,Number,1991,196735.4462796854,263443.1728710972,141253.5032999122
2,DALYs (Disability-Adjusted Life Years),138,North Africa and Middle East,3,Both,22,All ages,559,Schizophrenia,1,Number,1991,432193.07828302734,579427.4961466977,309569.7690387672
2,DALYs (Disability-Adjusted Life Years),138,North Africa and Middle East,1,Male,22,All ages,559,Schizophrenia,2,Percent,1991,0.0027696155138549187,0.003698900049683788,0.001991009418196399
2,DALYs (Disability-Adjusted Life Years),138,North Africa and Middle East,2,Female,22,All ages,559,Schizophrenia,2,Percent,1991,0.0026847689754388765,0.003545435265125554,0.0019154627833317605
2,DALYs (Disability-Adjusted Life Years),138,North Africa and Middle East,3,Both,22,All ages,559,Schizophrenia,2,Percent,1991,0.0027301753097049397,0.003632810394572381,0.0019696335513345728
2,DALYs (Disability-Adjusted Life Years),138,North Africa and Middle East,1,Male,22,All ages,559,Schizophrenia,3,Rate,1991,132.28799295375023,177.82256095079003,94.68420049023725
2,DALYs (Disability-Adjusted Life Years),138,North Africa and Middle East,2,Female,22,All ages,559,Schizophrenia,3,Rate,1991,116.12244238677954,155.4964559890459,83.3744101993508
2,DALYs (Disability-Adjusted Life Years),138,North Africa and Middle East,3,Both,22,All ages,559,Schizophrenia,3,Rate,1991,124.4045588495049,166.78523017945767,89.1080687904745
2,DALYs (Disability-Adjusted Life Years),138,North Africa and Middle East,1,Male,27,Age-standardized,559,Schizophrenia,3,Rate,1991,164.6530742992954,219.76178883702158,117.79583984143447
2,DALYs (Disability-Adjusted Life Years),138,North Africa and Middle East,2,Female,27,Age-standardized,559,Schizophrenia,3,Rate,1991,145.61650024612786,192.74863307917715,103.97950790579343
2,DALYs (Disability-Adjusted Life Years),138,North Africa and Middle East,3,Both,27,Age-standardized,559,Schizophrenia,3,Rate,1991,155.39924620787943,207.2646814850482,111.32109940114911
2,DALYs (Disability-Adjusted Life Years),174,Eastern Sub-Saharan Africa,1,Male,22,All ages,559,Schizophrenia,1,Number,1991,87327.12165551294,117724.57834910855,63485.94572639548
2,DALYs (Disability-Adjusted Life Years),174,Eastern Sub-Saharan Africa,2,Female,22,All ages,559,Schizophrenia,1,Number,1991,96873.08605417253,129587.55170407967,69230.25516181308
2,DALYs (Disability-Adjusted Life Years),174,Eastern Sub-Saharan Africa,3,Both,22,All ages,559,Schizophrenia,1,Number,1991,184200.20770968572,247828.17733550287,133278.45006535598
2,DALYs (Disability-Adjusted Life Years),174,Eastern Sub-Saharan Africa,1,Male,22,All ages,559,Schizophrenia,2,Percent,1991,0.0007770569411653728,0.0010432588469290408,0.0005576860762997146
2,DALYs (Disability-Adjusted Life Years),174,Eastern Sub-Saharan Africa,2,Female,22,All ages,559,Schizophrenia,2,Percent,1991,0.000985054433634148,0.0013174101574702848,0.0007085632038000419
2,DALYs (Disability-Adjusted Life Years),174,Eastern Sub-Saharan Africa,3,Both,22,All ages,559,Schizophrenia,2,Percent,1991,0.0008740910657848648,0.0011683827464214962,0.0006313035120674452
2,DALYs (Disability-Adjusted Life Years),174,Eastern Sub-Saharan Africa,1,Male,22,All ages,559,Schizophrenia,3,Rate,1991,89.67244569344103,120.88627975667674,65.1909728904657
2,DALYs (Disability-Adjusted Life Years),174,Eastern Sub-Saharan Africa,2,Female,22,All ages,559,Schizophrenia,3,Rate,1991,97.95638292122904,131.03668267005352,70.00443219670566
2,DALYs (Disability-Adjusted Life Years),174,Eastern Sub-Saharan Africa,3,Both,22,All ages,559,Schizophrenia,3,Rate,1991,93.84626930253108,126.26342912511328,67.90266673732779
2,DALYs (Disability-Adjusted Life Years),174,Eastern Sub-Saharan Africa,1,Male,27,Age-standardized,559,Schizophrenia,3,Rate,1991,132.33665261237257,176.44614229463266,94.77993019098668
2,DALYs (Disability-Adjusted Life Years),174,Eastern Sub-Saharan Africa,2,Female,27,Age-standardized,559,Schizophrenia,3,Rate,1991,138.43613924231448,183.20976270133383,97.86069619040123
2,DALYs (Disability-Adjusted Life Years),174,Eastern Sub-Saharan Africa,3,Both,27,Age-standardized,559,Schizophrenia,3,Rate,1991,135.46770642511999,179.83027950560515,96.43670492080105
2,DALYs (Disability-Adjusted Life Years),104,Caribbean,1,Male,22,All ages,559,Schizophrenia,1,Number,1991,25931.941911118716,35828.17201118407,18546.185120931237
2,DALYs (Disability-Adjusted Life Years),104,Caribbean,2,Female,22,All ages,559,Schizophrenia,1,Number,1991,20945.74393187575,28679.006305374474,14772.48044392093
2,DALYs (Disability-Adjusted Life Years),104,Caribbean,3,Both,22,All ages,559,Schizophrenia,1,Number,1991,46877.68584299448,64208.508841656156,33318.1757785416
2,DALYs (Disability-Adjusted Life Years),104,Caribbean,1,Male,22,All ages,559,Schizophrenia,2,Percent,1991,0.003237936256588166,0.004401814074544393,0.002278509900030986
2,DALYs (Disability-Adjusted Life Years),104,Caribbean,2,Female,22,All ages,559,Schizophrenia,2,Percent,1991,0.002855760812187672,0.003927498477758971,0.00200322586606938
2,DALYs (Disability-Adjusted Life Years),104,Caribbean,3,Both,22,All ages,559,Schizophrenia,2,Percent,1991,0.0030549927635251544,0.004175661364964662,0.0021438471642981644
2,DALYs (Disability-Adjusted Life Years),104,Caribbean,1,Male,22,All ages,559,Schizophrenia,3,Rate,1991,146.91448514295402,202.98045794940722,105.07131505023419
2,DALYs (Disability-Adjusted Life Years),104,Caribbean,2,Female,22,All ages,559,Schizophrenia,3,Rate,1991,115.55426950427086,158.21742280934805,81.49737684253927
2,DALYs (Disability-Adjusted Life Years),104,Caribbean,3,Both,22,All ages,559,Schizophrenia,3,Rate,1991,131.0260763416172,179.46681518037244,93.12639403199155
2,DALYs (Disability-Adjusted Life Years),104,Caribbean,1,Male,27,Age-standardized,559,Schizophrenia,3,Rate,1991,161.4921704005213,221.11045159585538,113.54322682450601
2,DALYs (Disability-Adjusted Life Years),104,Caribbean,2,Female,27,Age-standardized,559,Schizophrenia,3,Rate,1991,124.5764339345302,169.3689207518325,86.63244281065647
2,DALYs (Disability-Adjusted Life Years),104,Caribbean,3,Both,27,Age-standardized,559,Schizophrenia,3,Rate,1991,142.58996184936876,193.17566085574884,99.27765450415293
2,DALYs (Disability-Adjusted Life Years),44634,High-middle SDI,1,Male,22,All ages,559,Schizophrenia,1,Number,1991,1005984.7948595027,1280986.4083713267,749617.9362104738
2,DALYs (Disability-Adjusted Life Years),44634,High-middle SDI,2,Female,22,All ages,559,Schizophrenia,1,Number,1991,933219.2774223769,1171059.4791693704,700457.8968677685
2,DALYs (Disability-Adjusted Life Years),44634,High-middle SDI,3,Both,22,All ages,559,Schizophrenia,1,Number,1991,1939204.0722818817,2449992.3440067787,1453131.4804681977
2,DALYs (Disability-Adjusted Life Years),44634,High-middle SDI,1,Male,22,All ages,559,Schizophrenia,2,Percent,1991,0.004908607039471533,0.006171985617016559,0.00365655389670079
2,DALYs (Disability-Adjusted Life Years),44634,High-middle SDI,2,Female,22,All ages,559,Schizophrenia,2,Percent,1991,0.005509789148231487,0.006835379258872814,0.0041762759127544425
2,DALYs (Disability-Adjusted Life Years),44634,High-middle SDI,3,Both,22,All ages,559,Schizophrenia,2,Percent,1991,0.005179415110163044,0.0064836147926781995,0.0038943882455546625
2,DALYs (Disability-Adjusted Life Years),44634,High-middle SDI,1,Male,22,All ages,559,Schizophrenia,3,Rate,1991,187.87319898790432,239.23126435957528,139.99527668232923
2,DALYs (Disability-Adjusted Life Years),44634,High-middle SDI,2,Female,22,All ages,559,Schizophrenia,3,Rate,1991,172.81448165704765,216.8579687307842,129.71149578493115
2,DALYs (Disability-Adjusted Life Years),44634,High-middle SDI,3,Both,22,All ages,559,Schizophrenia,3,Rate,1991,180.31196661349168,227.80631706081022,135.11574090439964
2,DALYs (Disability-Adjusted Life Years),44634,High-middle SDI,1,Male,27,Age-standardized,559,Schizophrenia,3,Rate,1991,178.9212107675934,227.34911871138027,133.25246262518863
2,DALYs (Disability-Adjusted Life Years),44634,High-middle SDI,2,Female,27,Age-standardized,559,Schizophrenia,3,Rate,1991,164.4900145675922,206.3979441306713,123.38322236051187
2,DALYs (Disability-Adjusted Life Years),44634,High-middle SDI,3,Both,27,Age-standardized,559,Schizophrenia,3,Rate,1991,171.69191101434916,216.68623492745436,128.60171248522752
2,DALYs (Disability-Adjusted Life Years),1,Global,1,Male,22,All ages,559,Schizophrenia,1,Number,1991,4783630.293558768,6146853.588282301,3523624.9047887456
2,DALYs (Disability-Adjusted Life Years),1,Global,2,Female,22,All ages,559,Schizophrenia,1,Number,1991,4171740.200971309,5349662.94435512,3097630.287615571
2,DALYs (Disability-Adjusted Life Years),1,Global,3,Both,22,All ages,559,Schizophrenia,1,Number,1991,8955370.494530078,11493331.772385934,6617352.793389881
2,DALYs (Disability-Adjusted Life Years),1,Global,1,Male,22,All ages,559,Schizophrenia,2,Percent,1991,0.0034484137540504193,0.004390496666991725,0.002559220540413679
2,DALYs (Disability-Adjusted Life Years),1,Global,2,Female,22,All ages,559,Schizophrenia,2,Percent,1991,0.003436723842649857,0.004366844663669735,0.0025517415062345124
2,DALYs (Disability-Adjusted Life Years),1,Global,3,Both,22,All ages,559,Schizophrenia,2,Percent,1991,0.0034427363643056803,0.004399714817827165,0.002560300423891943
2,DALYs (Disability-Adjusted Life Years),1,Global,1,Male,22,All ages,559,Schizophrenia,3,Rate,1991,175.31636741098566,225.27745163665745,129.13813997253328
2,DALYs (Disability-Adjusted Life Years),1,Global,2,Female,22,All ages,559,Schizophrenia,3,Rate,1991,155.20192177436698,199.02437108037535,115.24163788351125
2,DALYs (Disability-Adjusted Life Years),1,Global,3,Both,22,All ages,559,Schizophrenia,3,Rate,1991,165.33457891359856,212.1905699001933,122.16995804764326
2,DALYs (Disability-Adjusted Life Years),1,Global,1,Male,27,Age-standardized,559,Schizophrenia,3,Rate,1991,187.36195039976812,239.69293768764848,138.50339386094913
2,DALYs (Disability-Adjusted Life Years),1,Global,2,Female,27,Age-standardized,559,Schizophrenia,3,Rate,1991,165.68402286537923,212.2915891863461,123.2697460669497
2,DALYs (Disability-Adjusted Life Years),1,Global,3,Both,27,Age-standardized,559,Schizophrenia,3,Rate,1991,176.6693942785131,226.26713001068416,130.8755173458903
2,DALYs (Disability-Adjusted Life Years),199,Western Sub-Saharan Africa,1,Male,22,All ages,559,Schizophrenia,1,Number,1991,96193.33107450571,127525.60114343945,69582.3004319309
2,DALYs (Disability-Adjusted Life Years),199,Western Sub-Saharan Africa,2,Female,22,All ages,559,Schizophrenia,1,Number,1991,116908.48459930101,154939.65410767047,84184.68019873957
2,DALYs (Disability-Adjusted Life Years),199,Western Sub-Saharan Africa,3,Both,22,All ages,559,Schizophrenia,1,Number,1991,213101.8156738068,283301.60703039577,153712.2524968607
2,DALYs (Disability-Adjusted Life Years),199,Western Sub-Saharan Africa,1,Male,22,All ages,559,Schizophrenia,2,Percent,1991,0.0008591207979281425,0.001146947281836771,0.0006250408210919507
2,DALYs (Disability-Adjusted Life Years),199,Western Sub-Saharan Africa,2,Female,22,All ages,559,Schizophrenia,2,Percent,1991,0.001157182310086343,0.00153254169584153,0.0008489530846998768
2,DALYs (Disability-Adjusted Life Years),199,Western Sub-Saharan Africa,3,Both,22,All ages,559,Schizophrenia,2,Percent,1991,0.001000421160912767,0.0013256759653508202,0.0007352529784047532
2,DALYs (Disability-Adjusted Life Years),199,Western Sub-Saharan Africa,1,Male,22,All ages,559,Schizophrenia,3,Rate,1991,97.57548270542615,129.3579497650709,70.58209209057195
2,DALYs (Disability-Adjusted Life Years),199,Western Sub-Saharan Africa,2,Female,22,All ages,559,Schizophrenia,3,Rate,1991,117.14411303753224,155.25193416880185,84.35435398063997
2,DALYs (Disability-Adjusted Life Years),199,Western Sub-Saharan Africa,3,Both,22,All ages,559,Schizophrenia,3,Rate,1991,107.41973956398625,142.80584493867565,77.48282237201039
2,DALYs (Disability-Adjusted Life Years),199,Western Sub-Saharan Africa,1,Male,27,Age-standardized,559,Schizophrenia,3,Rate,1991,132.13132455176708,174.18322446209962,94.93239735703804
2,DALYs (Disability-Adjusted Life Years),199,Western Sub-Saharan Africa,2,Female,27,Age-standardized,559,Schizophrenia,3,Rate,1991,163.22794173567948,216.90138723192723,117.52061331483966
2,DALYs (Disability-Adjusted Life Years),199,Western Sub-Saharan Africa,3,Both,27,Age-standardized,559,Schizophrenia,3,Rate,1991,147.38406216398258,195.5295697691406,105.79589790787195
2,DALYs (Disability-Adjusted Life Years),9,Southeast Asia,1,Male,22,All ages,559,Schizophrenia,1,Number,1991,410533.84493042383,546307.1218681711,296976.8768943149
2,DALYs (Disability-Adjusted Life Years),9,Southeast Asia,2,Female,22,All ages,559,Schizophrenia,1,Number,1991,352616.34584748343,474568.92440275854,258077.6904053152
2,DALYs (Disability-Adjusted Life Years),9,Southeast Asia,3,Both,22,All ages,559,Schizophrenia,1,Number,1991,763150.1907779064,1022537.4752692834,557749.3591665955
2,DALYs (Disability-Adjusted Life Years),9,Southeast Asia,1,Male,22,All ages,559,Schizophrenia,2,Percent,1991,0.0037302171106179897,0.00493095875000873,0.002740711513123242
2,DALYs (Disability-Adjusted Life Years),9,Southeast Asia,2,Female,22,All ages,559,Schizophrenia,2,Percent,1991,0.0038346063987580695,0.0050447546909218755,0.0027839214291047127
2,DALYs (Disability-Adjusted Life Years),9,Southeast Asia,3,Both,22,All ages,559,Schizophrenia,2,Percent,1991,0.00377741604382537,0.005007373981959989,0.0027589546841338235
2,DALYs (Disability-Adjusted Life Years),9,Southeast Asia,1,Male,22,All ages,559,Schizophrenia,3,Rate,1991,174.57041322885607,232.30498822954925,126.28283090190033
2,DALYs (Disability-Adjusted Life Years),9,Southeast Asia,2,Female,22,All ages,559,Schizophrenia,3,Rate,1991,147.87533809855086,199.01811408787373,108.22903184665714
2,DALYs (Disability-Adjusted Life Years),9,Southeast Asia,3,Both,22,All ages,559,Schizophrenia,3,Rate,1991,161.13023977351557,215.89683205031665,117.76225579453775
2,DALYs (Disability-Adjusted Life Years),9,Southeast Asia,1,Male,27,Age-standardized,559,Schizophrenia,3,Rate,1991,199.51688520440032,261.633478500264,144.80915511243762
2,DALYs (Disability-Adjusted Life Years),9,Southeast Asia,2,Female,27,Age-standardized,559,Schizophrenia,3,Rate,1991,163.74787015759338,217.16378444006705,119.8094599711389
2,DALYs (Disability-Adjusted Life Years),9,Southeast Asia,3,Both,27,Age-standardized,559,Schizophrenia,3,Rate,1991,181.21367698915952,238.46806201803906,131.88652038207047
2,DALYs (Disability-Adjusted Life Years),192,Southern Sub-Saharan Africa,1,Male,22,All ages,559,Schizophrenia,1,Number,1991,28997.39063946159,38001.16192239527,20940.939073183286
2,DALYs (Disability-Adjusted Life Years),192,Southern Sub-Saharan Africa,2,Female,22,All ages,559,Schizophrenia,1,Number,1991,32913.60451021122,43053.88631896798,23963.91199807862
2,DALYs (Disability-Adjusted Life Years),192,Southern Sub-Saharan Africa,3,Both,22,All ages,559,Schizophrenia,1,Number,1991,61910.99514967284,80819.94637666536,45214.49296804887
2,DALYs (Disability-Adjusted Life Years),192,Southern Sub-Saharan Africa,1,Male,22,All ages,559,Schizophrenia,2,Percent,1991,0.0019277220189962627,0.0025391996338672684,0.0014143361070682284
2,DALYs (Disability-Adjusted Life Years),192,Southern Sub-Saharan Africa,2,Female,22,All ages,559,Schizophrenia,2,Percent,1991,0.002550292734955838,0.0033355178427786746,0.0018613764467257945
2,DALYs (Disability-Adjusted Life Years),192,Southern Sub-Saharan Africa,3,Both,22,All ages,559,Schizophrenia,2,Percent,1991,0.002214976541317734,0.002898972953769537,0.0016230407995722262
2,DALYs (Disability-Adjusted Life Years),192,Southern Sub-Saharan Africa,1,Male,22,All ages,559,Schizophrenia,3,Rate,1991,111.56326927250154,146.20397790022793,80.56723633130237
2,DALYs (Disability-Adjusted Life Years),192,Southern Sub-Saharan Africa,2,Female,22,All ages,559,Schizophrenia,3,Rate,1991,119.06404440563719,155.74623043570043,86.68878188005269
2,DALYs (Disability-Adjusted Life Years),192,Southern Sub-Saharan Africa,3,Both,22,All ages,559,Schizophrenia,3,Rate,1991,115.42915205811994,150.68370096600705,84.29957508229928
2,DALYs (Disability-Adjusted Life Years),192,Southern Sub-Saharan Africa,1,Male,27,Age-standardized,559,Schizophrenia,3,Rate,1991,138.8297551631353,181.0406072100877,101.50209172415487
2,DALYs (Disability-Adjusted Life Years),192,Southern Sub-Saharan Africa,2,Female,27,Age-standardized,559,Schizophrenia,3,Rate,1991,144.1372140616456,187.7462928357664,104.97530302873318
2,DALYs (Disability-Adjusted Life Years),192,Southern Sub-Saharan Africa,3,Both,27,Age-standardized,559,Schizophrenia,3,Rate,1991,141.62916882940814,183.81552439149795,103.17261916349767
2,DALYs (Disability-Adjusted Life Years),134,Tropical Latin America,1,Male,22,All ages,559,Schizophrenia,1,Number,1991,116274.83265470996,150163.5325641074,86186.35923272333
2,DALYs (Disability-Adjusted Life Years),134,Tropical Latin America,2,Female,22,All ages,559,Schizophrenia,1,Number,1991,96583.76743450954,123927.98790767728,71726.81043124717
2,DALYs (Disability-Adjusted Life Years),134,Tropical Latin America,3,Both,22,All ages,559,Schizophrenia,1,Number,1991,212858.60008921957,274411.2754930939,157544.79450142148
2,DALYs (Disability-Adjusted Life Years),134,Tropical Latin America,1,Male,22,All ages,559,Schizophrenia,2,Percent,1991,0.003792386871908306,0.00482259067225797,0.002773089202600115
2,DALYs (Disability-Adjusted Life Years),134,Tropical Latin America,2,Female,22,All ages,559,Schizophrenia,2,Percent,1991,0.003995475443056446,0.005093503526774805,0.0028979500084004165
2,DALYs (Disability-Adjusted Life Years),134,Tropical Latin America,3,Both,22,All ages,559,Schizophrenia,2,Percent,1991,0.003881289375595429,0.004906876484786429,0.00282638612120648
2,DALYs (Disability-Adjusted Life Years),134,Tropical Latin America,1,Male,22,All ages,559,Schizophrenia,3,Rate,1991,151.76511459487176,195.99757924604836,112.49281023961301
2,DALYs (Disability-Adjusted Life Years),134,Tropical Latin America,2,Female,22,All ages,559,Schizophrenia,3,Rate,1991,123.16476665206977,158.03444116693137,91.46688003708284
2,DALYs (Disability-Adjusted Life Years),134,Tropical Latin America,3,Both,22,All ages,559,Schizophrenia,3,Rate,1991,137.29860096693113,177.00146575689644,101.6199480105636
2,DALYs (Disability-Adjusted Life Years),134,Tropical Latin America,1,Male,27,Age-standardized,559,Schizophrenia,3,Rate,1991,170.00088054508856,218.48827459168552,125.36391763712656
2,DALYs (Disability-Adjusted Life Years),134,Tropical Latin America,2,Female,27,Age-standardized,559,Schizophrenia,3,Rate,1991,135.28016955381395,172.14297475232942,100.17759389518046
2,DALYs (Disability-Adjusted Life Years),134,Tropical Latin America,3,Both,27,Age-standardized,559,Schizophrenia,3,Rate,1991,152.2181462618973,195.39899078947144,113.15286170670998
2,DALYs (Disability-Adjusted Life Years),167,Central Sub-Saharan Africa,1,Male,22,All ages,559,Schizophrenia,1,Number,1991,26119.303304349894,36217.19889533737,17965.860211338688
2,DALYs (Disability-Adjusted Life Years),167,Central Sub-Saharan Africa,2,Female,22,All ages,559,Schizophrenia,1,Number,1991,28721.248769508096,38837.559970563125,20155.391500949423
2,DALYs (Disability-Adjusted Life Years),167,Central Sub-Saharan Africa,3,Both,22,All ages,559,Schizophrenia,1,Number,1991,54840.552073857994,74857.96977437043,38328.52743264827
2,DALYs (Disability-Adjusted Life Years),167,Central Sub-Saharan Africa,1,Male,22,All ages,559,Schizophrenia,2,Percent,1991,0.0008351006956189672,0.0011683092190665637,0.0005532336970949458
2,DALYs (Disability-Adjusted Life Years),167,Central Sub-Saharan Africa,2,Female,22,All ages,559,Schizophrenia,2,Percent,1991,0.0010238492467330611,0.0013988178933148241,0.0007101951652928019
2,DALYs (Disability-Adjusted Life Years),167,Central Sub-Saharan Africa,3,Both,22,All ages,559,Schizophrenia,2,Percent,1991,0.0009242893263194552,0.0012824256091281626,0.0006373533123592257
2,DALYs (Disability-Adjusted Life Years),167,Central Sub-Saharan Africa,1,Male,22,All ages,559,Schizophrenia,3,Rate,1991,93.12496913934771,129.12769878054968,64.0549312609007
2,DALYs (Disability-Adjusted Life Years),167,Central Sub-Saharan Africa,2,Female,22,All ages,559,Schizophrenia,3,Rate,1991,100.69878029452127,136.16730073390937,70.66626374055566
2,DALYs (Disability-Adjusted Life Years),167,Central Sub-Saharan Africa,3,Both,22,All ages,559,Schizophrenia,3,Rate,1991,96.9436295442618,132.32914359557407,67.75472572565462
2,DALYs (Disability-Adjusted Life Years),167,Central Sub-Saharan Africa,1,Male,27,Age-standardized,559,Schizophrenia,3,Rate,1991,131.44833482690922,178.62216893733495,91.50167023018194
2,DALYs (Disability-Adjusted Life Years),167,Central Sub-Saharan Africa,2,Female,27,Age-standardized,559,Schizophrenia,3,Rate,1991,137.09293701751184,185.27153676674456,98.0096306094293
2,DALYs (Disability-Adjusted Life Years),167,Central Sub-Saharan Africa,3,Both,27,Age-standardized,559,Schizophrenia,3,Rate,1991,134.37827511036056,181.31244294119423,94.09270786141741
2,DALYs (Disability-Adjusted Life Years),44636,Low-middle SDI,1,Male,22,All ages,559,Schizophrenia,1,Number,1991,932213.5754358205,1220505.6802132744,679081.6995534752
2,DALYs (Disability-Adjusted Life Years),44636,Low-middle SDI,2,Female,22,All ages,559,Schizophrenia,1,Number,1991,716006.9451020656,941498.3774481465,524327.3777207746
2,DALYs (Disability-Adjusted Life Years),44636,Low-middle SDI,3,Both,22,All ages,559,Schizophrenia,1,Number,1991,1648220.5205378865,2154210.2404186223,1204020.1456636046
2,DALYs (Disability-Adjusted Life Years),44636,Low-middle SDI,1,Male,22,All ages,559,Schizophrenia,2,Percent,1991,0.002383475506573484,0.00311147766896237,0.0017416406847088573
2,DALYs (Disability-Adjusted Life Years),44636,Low-middle SDI,2,Female,22,All ages,559,Schizophrenia,2,Percent,1991,0.001990570161189156,0.002593727499345159,0.001432623860752468
2,DALYs (Disability-Adjusted Life Years),44636,Low-middle SDI,3,Both,22,All ages,559,Schizophrenia,2,Percent,1991,0.002195162691887902,0.0028671429235934487,0.00159687525893809
2,DALYs (Disability-Adjusted Life Years),44636,Low-middle SDI,1,Male,22,All ages,559,Schizophrenia,3,Rate,1991,154.71228218102252,202.5578946459967,112.70194115781645
2,DALYs (Disability-Adjusted Life Years),44636,Low-middle SDI,2,Female,22,All ages,559,Schizophrenia,3,Rate,1991,123.23170130422339,162.04095172786654,90.24179896425817
2,DALYs (Disability-Adjusted Life Years),44636,Low-middle SDI,3,Both,22,All ages,559,Schizophrenia,3,Rate,1991,139.25820733372055,182.00929582088952,101.7277026887645
2,DALYs (Disability-Adjusted Life Years),44636,Low-middle SDI,1,Male,27,Age-standardized,559,Schizophrenia,3,Rate,1991,190.9167139300728,248.13658246736355,138.56231270559113
2,DALYs (Disability-Adjusted Life Years),44636,Low-middle SDI,2,Female,27,Age-standardized,559,Schizophrenia,3,Rate,1991,151.1985087997418,198.20781997810553,111.09089199168453
2,DALYs (Disability-Adjusted Life Years),44636,Low-middle SDI,3,Both,27,Age-standardized,559,Schizophrenia,3,Rate,1991,171.36070575217562,223.24064504418837,125.04596917172483
2,DALYs (Disability-Adjusted Life Years),44635,High SDI,1,Male,22,All ages,559,Schizophrenia,1,Number,1991,980703.3906123356,1256831.3464032942,727130.0422925514
2,DALYs (Disability-Adjusted Life Years),44635,High SDI,2,Female,22,All ages,559,Schizophrenia,1,Number,1991,929236.8716307268,1188538.438576589,690532.964476805
2,DALYs (Disability-Adjusted Life Years),44635,High SDI,3,Both,22,All ages,559,Schizophrenia,1,Number,1991,1909940.2622430609,2440369.262735695,1417126.9016411381
2,DALYs (Disability-Adjusted Life Years),44635,High SDI,1,Male,22,All ages,559,Schizophrenia,2,Percent,1991,0.0067118754727761255,0.0084256423277283,0.005008869716929189
2,DALYs (Disability-Adjusted Life Years),44635,High SDI,2,Female,22,All ages,559,Schizophrenia,2,Percent,1991,0.007107809907174098,0.00892550868446506,0.005318608730958131
2,DALYs (Disability-Adjusted Life Years),44635,High SDI,3,Both,22,All ages,559,Schizophrenia,2,Percent,1991,0.006897867891602486,0.008626455977471997,0.005192956292233146
2,DALYs (Disability-Adjusted Life Years),44635,High SDI,1,Male,22,All ages,559,Schizophrenia,3,Rate,1991,224.34281565256038,287.50903254903756,166.3361242501902
2,DALYs (Disability-Adjusted Life Years),44635,High SDI,2,Female,22,All ages,559,Schizophrenia,3,Rate,1991,206.72087583184464,264.4058952925443,153.61807475083933
2,DALYs (Disability-Adjusted Life Years),44635,High SDI,3,Both,22,All ages,559,Schizophrenia,3,Rate,1991,215.4089430056134,275.2323587398074,159.82793494746977
2,DALYs (Disability-Adjusted Life Years),44635,High SDI,1,Male,27,Age-standardized,559,Schizophrenia,3,Rate,1991,198.8944841545769,255.1593515095393,147.66690379897037
2,DALYs (Disability-Adjusted Life Years),44635,High SDI,2,Female,27,Age-standardized,559,Schizophrenia,3,Rate,1991,184.62041070857134,236.91284164818575,136.86241737801305
2,DALYs (Disability-Adjusted Life Years),44635,High SDI,3,Both,27,Age-standardized,559,Schizophrenia,3,Rate,1991,192.0413647315545,245.4001724557197,142.8119798486904
2,DALYs (Disability-Adjusted Life Years),73,Western Europe,1,Male,22,All ages,559,Schizophrenia,1,Number,1991,375174.78408845805,483235.3442787301,272653.46074260486
2,DALYs (Disability-Adjusted Life Years),73,Western Europe,2,Female,22,All ages,559,Schizophrenia,1,Number,1991,361185.59351791407,465968.51330705424,263309.2786423215
2,DALYs (Disability-Adjusted Life Years),73,Western Europe,3,Both,22,All ages,559,Schizophrenia,1,Number,1991,736360.3776063723,953700.3607808505,539386.8511989961
2,DALYs (Disability-Adjusted Life Years),73,Western Europe,1,Male,22,All ages,559,Schizophrenia,2,Percent,1991,0.00569326953284572,0.007112283110837695,0.004186103715252836
2,DALYs (Disability-Adjusted Life Years),73,Western Europe,2,Female,22,All ages,559,Schizophrenia,2,Percent,1991,0.005780138620579678,0.0073284344646404416,0.004242361877916938
2,DALYs (Disability-Adjusted Life Years),73,Western Europe,3,Both,22,All ages,559,Schizophrenia,2,Percent,1991,0.005734683426569727,0.007212181967343887,0.004197772147883569
2,DALYs (Disability-Adjusted Life Years),73,Western Europe,1,Male,22,All ages,559,Schizophrenia,3,Rate,1991,199.58116096129166,257.0659732982982,145.0430480484871
2,DALYs (Disability-Adjusted Life Years),73,Western Europe,2,Female,22,All ages,559,Schizophrenia,3,Rate,1991,182.54784164495177,235.50647618643413,133.07989400430213
2,DALYs (Disability-Adjusted Life Years),73,Western Europe,3,Both,22,All ages,559,Schizophrenia,3,Rate,1991,190.84648575691455,247.1756599829193,139.79579584311045
2,DALYs (Disability-Adjusted Life Years),73,Western Europe,1,Male,27,Age-standardized,559,Schizophrenia,3,Rate,1991,173.4901193653468,223.8161086764092,126.58962016300467
2,DALYs (Disability-Adjusted Life Years),73,Western Europe,2,Female,27,Age-standardized,559,Schizophrenia,3,Rate,1991,158.03824861380917,204.8703767075681,115.14697593183253
2,DALYs (Disability-Adjusted Life Years),73,Western Europe,3,Both,27,Age-standardized,559,Schizophrenia,3,Rate,1991,166.07291336068945,217.34316082323048,121.68007694894605
2,DALYs (Disability-Adjusted Life Years),44639,Middle SDI,1,Male,22,All ages,559,Schizophrenia,1,Number,1991,1563961.177306651,2012788.398077142,1154594.0639412578
2,DALYs (Disability-Adjusted Life Years),44639,Middle SDI,2,Female,22,All ages,559,Schizophrenia,1,Number,1991,1313659.1825102621,1689823.428172086,975638.318067177
2,DALYs (Disability-Adjusted Life Years),44639,Middle SDI,3,Both,22,All ages,559,Schizophrenia,1,Number,1991,2877620.35981691,3694341.6234147176,2132059.359296103
2,DALYs (Disability-Adjusted Life Years),44639,Middle SDI,1,Male,22,All ages,559,Schizophrenia,2,Percent,1991,0.004238100939336579,0.005401658635351631,0.003123193826839302
2,DALYs (Disability-Adjusted Life Years),44639,Middle SDI,2,Female,22,All ages,559,Schizophrenia,2,Percent,1991,0.0043248954198726,0.005520423930562187,0.0032451207698900196
2,DALYs (Disability-Adjusted Life Years),44639,Middle SDI,3,Both,22,All ages,559,Schizophrenia,2,Percent,1991,0.004276581660521118,0.005454334408932315,0.0031906085188317494
2,DALYs (Disability-Adjusted Life Years),44639,Middle SDI,1,Male,22,All ages,559,Schizophrenia,3,Rate,1991,175.23674404594442,225.52636884498105,129.3684954560544
2,DALYs (Disability-Adjusted Life Years),44639,Middle SDI,2,Female,22,All ages,559,Schizophrenia,3,Rate,1991,152.7549612910353,196.4961047703827,113.44920775083784
2,DALYs (Disability-Adjusted Life Years),44639,Middle SDI,3,Both,22,All ages,559,Schizophrenia,3,Rate,1991,164.20436134302707,210.80856089521544,121.66074800114167
2,DALYs (Disability-Adjusted Life Years),44639,Middle SDI,1,Male,27,Age-standardized,559,Schizophrenia,3,Rate,1991,190.43543663169308,244.3387652643374,141.6005751905172
2,DALYs (Disability-Adjusted Life Years),44639,Middle SDI,2,Female,27,Age-standardized,559,Schizophrenia,3,Rate,1991,165.4350455455437,211.46160467907663,123.4054817393596
2,DALYs (Disability-Adjusted Life Years),44639,Middle SDI,3,Both,27,Age-standardized,559,Schizophrenia,3,Rate,1991,178.18785582389165,228.00223042549064,132.80715900750258
2,DALYs (Disability-Adjusted Life Years),44637,Low SDI,1,Male,22,All ages,559,Schizophrenia,1,Number,1991,296884.05054368783,391019.0174696999,213801.8963374815
2,DALYs (Disability-Adjusted Life Years),44637,Low SDI,2,Female,22,All ages,559,Schizophrenia,1,Number,1991,276071.7809534097,367771.41017638275,196781.5108385812
2,DALYs (Disability-Adjusted Life Years),44637,Low SDI,3,Both,22,All ages,559,Schizophrenia,1,Number,1991,572955.8314970979,759471.6554400324,411613.0742204622
2,DALYs (Disability-Adjusted Life Years),44637,Low SDI,1,Male,22,All ages,559,Schizophrenia,2,Percent,1991,0.0010815325702372648,0.0014250683252082857,0.0007834682381966027
2,DALYs (Disability-Adjusted Life Years),44637,Low SDI,2,Female,22,All ages,559,Schizophrenia,2,Percent,1991,0.0011091167276738414,0.001464397852343377,0.0008065771630029282
2,DALYs (Disability-Adjusted Life Years),44637,Low SDI,3,Both,22,All ages,559,Schizophrenia,2,Percent,1991,0.0010946101635579755,0.001440861066496327,0.0007957740730258412
2,DALYs (Disability-Adjusted Life Years),44637,Low SDI,1,Male,22,All ages,559,Schizophrenia,3,Rate,1991,114.8734228951278,151.29709013190782,82.72642335881109
2,DALYs (Disability-Adjusted Life Years),44637,Low SDI,2,Female,22,All ages,559,Schizophrenia,3,Rate,1991,108.31804649232237,144.29682225564085,77.2081404561954
2,DALYs (Disability-Adjusted Life Years),44637,Low SDI,3,Both,22,All ages,559,Schizophrenia,3,Rate,1991,111.61854978058382,147.95403086861697,80.18707881053925
2,DALYs (Disability-Adjusted Life Years),44637,Low SDI,1,Male,27,Age-standardized,559,Schizophrenia,3,Rate,1991,159.40503351550814,208.37780005632055,114.7843475528367
2,DALYs (Disability-Adjusted Life Years),44637,Low SDI,2,Female,27,Age-standardized,559,Schizophrenia,3,Rate,1991,146.84442737366024,193.60575935567485,105.61401353403087
2,DALYs (Disability-Adjusted Life Years),44637,Low SDI,3,Both,27,Age-standardized,559,Schizophrenia,3,Rate,1991,153.1193803555547,201.2883916115826,110.18851657878479
5,Prevalence,21,Oceania,1,Male,22,All ages,559,Schizophrenia,1,Number,1991,8281.173106879925,10651.47229457292,6306.536927728146
5,Prevalence,21,Oceania,2,Female,22,All ages,559,Schizophrenia,1,Number,1991,6577.464720656752,8502.156752244806,4954.258157630992
5,Prevalence,21,Oceania,3,Both,22,All ages,559,Schizophrenia,1,Number,1991,14858.637827536675,19112.033336623404,11240.387736414788
5,Prevalence,21,Oceania,1,Male,22,All ages,559,Schizophrenia,2,Percent,1991,0.0024239776595443,0.0031204946016607,0.0018455327396766
5,Prevalence,21,Oceania,2,Female,22,All ages,559,Schizophrenia,2,Percent,1991,0.0020548848058862,0.0026567417213892,0.0015469004848296
5,Prevalence,21,Oceania,3,Both,22,All ages,559,Schizophrenia,2,Percent,1991,0.0022454396842171,0.0028884187926743,0.0016988954428145
5,Prevalence,21,Oceania,1,Male,22,All ages,559,Schizophrenia,3,Rate,1991,238.70441405698003,307.0281734369,181.78562175102002
5,Prevalence,21,Oceania,2,Female,22,All ages,559,Schizophrenia,3,Rate,1991,203.35467736743,262.86014698798,153.17019733698
5,Prevalence,21,Oceania,3,Both,22,All ages,559,Schizophrenia,3,Rate,1991,221.64845095381,285.09696735386,167.67449067769002
5,Prevalence,21,Oceania,1,Male,27,Age-standardized,559,Schizophrenia,2,Percent,1991,0.0030115017683485,0.0037781548085931,0.0023195455191931
5,Prevalence,21,Oceania,2,Female,27,Age-standardized,559,Schizophrenia,2,Percent,1991,0.0025162291158765,0.003166632414997,0.0019392776786692
5,Prevalence,21,Oceania,3,Both,27,Age-standardized,559,Schizophrenia,2,Percent,1991,0.0027714201199352,0.0034828092380853,0.0021456676189759
5,Prevalence,21,Oceania,1,Male,27,Age-standardized,559,Schizophrenia,3,Rate,1991,297.81244723951,373.54322695299,229.49864879395003
5,Prevalence,21,Oceania,2,Female,27,Age-standardized,559,Schizophrenia,3,Rate,1991,249.8124321925,314.19726131925,192.57106726254
5,Prevalence,21,Oceania,3,Both,27,Age-standardized,559,Schizophrenia,3,Rate,1991,274.59180369424996,344.94410386051004,212.74359736421002
5,Prevalence,5,East Asia,1,Male,22,All ages,559,Schizophrenia,1,Number,1991,1991052.926631728,2290374.807650377,1714126.7066243894
5,Prevalence,5,East Asia,2,Female,22,All ages,559,Schizophrenia,1,Number,1991,1782983.906802533,2046123.660613096,1537645.9260968133
5,Prevalence,5,East Asia,3,Both,22,All ages,559,Schizophrenia,1,Number,1991,3774036.833434258,4329726.975952214,3250468.718175566
5,Prevalence,5,East Asia,1,Male,22,All ages,559,Schizophrenia,2,Percent,1991,0.0032430496713227,0.0037231491053294,0.0027961796711156
5,Prevalence,5,East Asia,2,Female,22,All ages,559,Schizophrenia,2,Percent,1991,0.0030506587114835,0.003501248160869,0.0026305636581597
5,Prevalence,5,East Asia,3,Both,22,All ages,559,Schizophrenia,2,Percent,1991,0.0031492188849441,0.0036082645515793,0.0027114617857465
5,Prevalence,5,East Asia,1,Male,22,All ages,559,Schizophrenia,3,Rate,1991,312.90445835125,359.94446909133,269.38404374266
5,Prevalence,5,East Asia,2,Female,22,All ages,559,Schizophrenia,3,Rate,1991,298.16077737827,342.16451361837,257.1339555609
5,Prevalence,5,East Asia,3,Both,22,All ages,559,Schizophrenia,3,Rate,1991,305.7614777547,350.7818754479,263.34351320052997
5,Prevalence,5,East Asia,1,Male,27,Age-standardized,559,Schizophrenia,2,Percent,1991,0.0031826616277398,0.0036319597789468,0.0027642415591258
5,Prevalence,5,East Asia,2,Female,27,Age-standardized,559,Schizophrenia,2,Percent,1991,0.0029928910097374,0.0034183769242218,0.0025928425395407
5,Prevalence,5,East Asia,3,Both,27,Age-standardized,559,Schizophrenia,2,Percent,1991,0.0030910234045309,0.0035272255215017,0.0026770314296031
5,Prevalence,5,East Asia,1,Male,27,Age-standardized,559,Schizophrenia,3,Rate,1991,307.48851249292,352.22398233355,266.8980459224
5,Prevalence,5,East Asia,2,Female,27,Age-standardized,559,Schizophrenia,3,Rate,1991,292.19083625315,333.69800502471,253.30085420395
5,Prevalence,5,East Asia,3,Both,27,Age-standardized,559,Schizophrenia,3,Rate,1991,300.15712989954,342.76310165008,259.70189013112
5,Prevalence,1,Global,1,Male,22,All ages,559,Schizophrenia,1,Number,1991,7349123.72935206,8721128.220296826,6106330.806363252
5,Prevalence,1,Global,2,Female,22,All ages,559,Schizophrenia,1,Number,1991,6570346.1238541305,7779708.481731418,5472131.016403833
5,Prevalence,1,Global,3,Both,22,All ages,559,Schizophrenia,1,Number,1991,13919469.853206178,16524263.356344074,11579535.206070531
5,Prevalence,1,Global,1,Male,22,All ages,559,Schizophrenia,2,Percent,1991,0.0027824459193525,0.0033028622870799,0.0023127732158081
5,Prevalence,1,Global,2,Female,22,All ages,559,Schizophrenia,2,Percent,1991,0.002494660726717,0.0029552172932915,0.0020786035267988
5,Prevalence,1,Global,3,Both,22,All ages,559,Schizophrenia,2,Percent,1991,0.0026387569350216,0.0031281735855764,0.0021958470601588
5,Prevalence,1,Global,1,Male,22,All ages,559,Schizophrenia,3,Rate,1991,269.33972669642003,319.62263500309,223.79232287722002
5,Prevalence,1,Global,2,Female,22,All ages,559,Schizophrenia,3,Rate,1991,244.43764376973002,289.42974611121,203.58057046535
5,Prevalence,1,Global,3,Both,22,All ages,559,Schizophrenia,3,Rate,1991,256.98207441959,305.071925896,213.78206278346002
5,Prevalence,1,Global,1,Male,27,Age-standardized,559,Schizophrenia,2,Percent,1991,0.0029768240515753,0.0034939367041722,0.002488157248021
5,Prevalence,1,Global,2,Female,27,Age-standardized,559,Schizophrenia,2,Percent,1991,0.0026673609755017,0.0031457868901728,0.0022223137193994
5,Prevalence,1,Global,3,Both,27,Age-standardized,559,Schizophrenia,2,Percent,1991,0.0028236510811365,0.0033206731334504,0.0023563151141821
5,Prevalence,1,Global,1,Male,27,Age-standardized,559,Schizophrenia,3,Rate,1991,289.31390592493,339.62600301562,241.54650091882
5,Prevalence,1,Global,2,Female,27,Age-standardized,559,Schizophrenia,3,Rate,1991,261.89093771333,308.6218776171,218.07230831438
5,Prevalence,1,Global,3,Both,27,Age-standardized,559,Schizophrenia,3,Rate,1991,275.80714485223,324.11105593584,229.93783231734
5,Prevalence,65,High-income Asia Pacific,1,Male,22,All ages,559,Schizophrenia,1,Number,1991,279273.3321619285,336423.2159641279,231053.25788727912
5,Prevalence,65,High-income Asia Pacific,2,Female,22,All ages,559,Schizophrenia,1,Number,1991,270780.52592050727,321133.86869323766,224737.8190989264
5,Prevalence,65,High-income Asia Pacific,3,Both,22,All ages,559,Schizophrenia,1,Number,1991,550053.8580824359,657067.2407337751,455623.4978276721
5,Prevalence,65,High-income Asia Pacific,1,Male,22,All ages,559,Schizophrenia,2,Percent,1991,0.0034652600367136,0.0041714103238459,0.0028653063561112
5,Prevalence,65,High-income Asia Pacific,2,Female,22,All ages,559,Schizophrenia,2,Percent,1991,0.003193497331495,0.0037920940046258,0.002646876473101
5,Prevalence,65,High-income Asia Pacific,3,Both,22,All ages,559,Schizophrenia,2,Percent,1991,0.0033259266735299,0.0039708594067244,0.002747625649674
5,Prevalence,65,High-income Asia Pacific,1,Male,22,All ages,559,Schizophrenia,3,Rate,1991,324.1146020806,390.44070527173,268.15211520497
5,Prevalence,65,High-income Asia Pacific,2,Female,22,All ages,559,Schizophrenia,3,Rate,1991,307.52015776685,364.70546627793,255.2303543637
5,Prevalence,65,High-income Asia Pacific,3,Both,22,All ages,559,Schizophrenia,3,Rate,1991,315.7274657731,377.15247645497,261.52503105295
5,Prevalence,65,High-income Asia Pacific,1,Male,27,Age-standardized,559,Schizophrenia,2,Percent,1991,0.0030833252766805,0.003731844863752,0.0025469235485408
5,Prevalence,65,High-income Asia Pacific,2,Female,27,Age-standardized,559,Schizophrenia,2,Percent,1991,0.0028337218905405,0.0033885560390478,0.0023489533043705
5,Prevalence,65,High-income Asia Pacific,3,Both,27,Age-standardized,559,Schizophrenia,2,Percent,1991,0.0029635696747177,0.00355685341864,0.0024392715351343
5,Prevalence,65,High-income Asia Pacific,1,Male,27,Age-standardized,559,Schizophrenia,3,Rate,1991,283.45802290815,343.33091503286,233.69955663207998
5,Prevalence,65,High-income Asia Pacific,2,Female,27,Age-standardized,559,Schizophrenia,3,Rate,1991,267.61140250219,319.77279630392,221.48585417436001
5,Prevalence,65,High-income Asia Pacific,3,Both,27,Age-standardized,559,Schizophrenia,3,Rate,1991,276.07865826716,330.65845498235996,227.68502205483998
5,Prevalence,32,Central Asia,1,Male,22,All ages,559,Schizophrenia,1,Number,1991,63925.78831757194,82077.00689566179,48509.288442838064
5,Prevalence,32,Central Asia,2,Female,22,All ages,559,Schizophrenia,1,Number,1991,67025.65380766024,85786.69023815141,52223.43477239736
5,Prevalence,32,Central Asia,3,Both,22,All ages,559,Schizophrenia,1,Number,1991,130951.44212523216,167327.279500073,100908.35167166412
5,Prevalence,32,Central Asia,1,Male,22,All ages,559,Schizophrenia,2,Percent,1991,0.0019478003100405,0.0025027158905623,0.0014745812876817
5,Prevalence,32,Central Asia,2,Female,22,All ages,559,Schizophrenia,2,Percent,1991,0.0019291647070114,0.0024687611524625,0.0015057328004849
5,Prevalence,32,Central Asia,3,Both,22,All ages,559,Schizophrenia,2,Percent,1991,0.0019382136178192,0.0024809718019199,0.001490447875967
5,Prevalence,32,Central Asia,1,Male,22,All ages,559,Schizophrenia,3,Rate,1991,186.22543904514998,239.10266962566,141.3148554877
5,Prevalence,32,Central Asia,2,Female,22,All ages,559,Schizophrenia,3,Rate,1991,187.31669075948,239.74818616067,145.94890800663998
5,Prevalence,32,Central Asia,3,Both,22,All ages,559,Schizophrenia,3,Rate,1991,186.78238769905,238.66700728902,143.93047192244
5,Prevalence,32,Central Asia,1,Male,27,Age-standardized,559,Schizophrenia,2,Percent,1991,0.0022357532741399,0.0028326216408604,0.0017495642775714
5,Prevalence,32,Central Asia,2,Female,27,Age-standardized,559,Schizophrenia,2,Percent,1991,0.0021639768806214,0.0027315278599598,0.0016888061163032
5,Prevalence,32,Central Asia,3,Both,27,Age-standardized,559,Schizophrenia,2,Percent,1991,0.0021988970166738,0.0027699363536276,0.0017085140791843
5,Prevalence,32,Central Asia,1,Male,27,Age-standardized,559,Schizophrenia,3,Rate,1991,215.77760928714,273.43977056755,168.63865436651
5,Prevalence,32,Central Asia,2,Female,27,Age-standardized,559,Schizophrenia,3,Rate,1991,211.21231356166,266.50990195299,164.87841074412998
5,Prevalence,32,Central Asia,3,Both,27,Age-standardized,559,Schizophrenia,3,Rate,1991,213.41482353658,268.52791223074,165.84011351927
5,Prevalence,42,Central Europe,1,Male,22,All ages,559,Schizophrenia,1,Number,1991,148176.17970529958,183315.85569380343,118251.19502459124
5,Prevalence,42,Central Europe,2,Female,22,All ages,559,Schizophrenia,1,Number,1991,152167.11665042903,187040.24064208116,121502.1721930753
5,Prevalence,42,Central Europe,3,Both,22,All ages,559,Schizophrenia,1,Number,1991,300343.29635572864,368620.59322663577,240164.9505178638
5,Prevalence,42,Central Europe,1,Male,22,All ages,559,Schizophrenia,2,Percent,1991,0.0025017087925859,0.0030966637628095,0.001991477795923
5,Prevalence,42,Central Europe,2,Female,22,All ages,559,Schizophrenia,2,Percent,1991,0.0024392514855317,0.0029973425258061,0.0019492593129186
5,Prevalence,42,Central Europe,3,Both,22,All ages,559,Schizophrenia,2,Percent,1991,0.002469668844662,0.0030344819227196,0.0019716094213025
5,Prevalence,42,Central Europe,1,Male,22,All ages,559,Schizophrenia,3,Rate,1991,241.99070577184003,299.37830349479,193.11936776394
5,Prevalence,42,Central Europe,2,Female,22,All ages,559,Schizophrenia,3,Rate,1991,238.14879216144,292.72689379287004,190.15669212715
5,Prevalence,42,Central Europe,3,Both,22,All ages,559,Schizophrenia,3,Rate,1991,240.02885695332998,294.59482104389,191.93542606917
5,Prevalence,42,Central Europe,1,Male,27,Age-standardized,559,Schizophrenia,2,Percent,1991,0.0023035685129546,0.0028487757107868,0.0018264440294291
5,Prevalence,42,Central Europe,2,Female,27,Age-standardized,559,Schizophrenia,2,Percent,1991,0.002246324776235,0.0027796860344593,0.0017700835824248
5,Prevalence,42,Central Europe,3,Both,27,Age-standardized,559,Schizophrenia,2,Percent,1991,0.0022747102380169,0.0028022344768886,0.0017995622937025
5,Prevalence,42,Central Europe,1,Male,27,Age-standardized,559,Schizophrenia,3,Rate,1991,221.54336933945,273.68062591634,176.15969884993
5,Prevalence,42,Central Europe,2,Female,27,Age-standardized,559,Schizophrenia,3,Rate,1991,217.63493591038,269.52852931614996,171.5856034928
5,Prevalence,42,Central Europe,3,Both,27,Age-standardized,559,Schizophrenia,3,Rate,1991,219.56114658071,270.72662712596,173.78930939923998
5,Prevalence,70,Australasia,1,Male,22,All ages,559,Schizophrenia,1,Number,1991,48866.85051780326,52575.28467817693,45104.8128377549
5,Prevalence,70,Australasia,2,Female,22,All ages,559,Schizophrenia,1,Number,1991,37777.70066709536,41939.99639991718,33536.72278960065
5,Prevalence,70,Australasia,3,Both,22,All ages,559,Schizophrenia,1,Number,1991,86644.55118489858,94472.6123625494,79176.6071328772
5,Prevalence,70,Australasia,1,Male,22,All ages,559,Schizophrenia,2,Percent,1991,0.0051520955860244,0.0055550809947981,0.0047572227104299
5,Prevalence,70,Australasia,2,Female,22,All ages,559,Schizophrenia,2,Percent,1991,0.003868851270042,0.0042883176005601,0.0034341202745255
5,Prevalence,70,Australasia,3,Both,22,All ages,559,Schizophrenia,2,Percent,1991,0.0045011358207951,0.0049116971645494,0.0041051402314195
5,Prevalence,70,Australasia,1,Male,22,All ages,559,Schizophrenia,3,Rate,1991,479.37095753926997,515.74972178523,442.46635685651
5,Prevalence,70,Australasia,2,Female,22,All ages,559,Schizophrenia,3,Rate,1991,365.18060869711,405.41571201067,324.18491929763996
5,Prevalence,70,Australasia,3,Both,22,All ages,559,Schizophrenia,3,Rate,1991,421.8560718961,459.96943383064996,385.4960527161
5,Prevalence,70,Australasia,1,Male,27,Age-standardized,559,Schizophrenia,2,Percent,1991,0.0047855279613446,0.0051575680191417,0.0044159608565577
5,Prevalence,70,Australasia,2,Female,27,Age-standardized,559,Schizophrenia,2,Percent,1991,0.0035988450626917,0.0039889892862248,0.0031946912131008
5,Prevalence,70,Australasia,3,Both,27,Age-standardized,559,Schizophrenia,2,Percent,1991,0.0041918109391083,0.0045781197178647,0.0038205992250157
5,Prevalence,70,Australasia,1,Male,27,Age-standardized,559,Schizophrenia,3,Rate,1991,439.04177126686,472.44161633394,405.23881415081996
5,Prevalence,70,Australasia,2,Female,27,Age-standardized,559,Schizophrenia,3,Rate,1991,333.41765316263997,370.23824089298,295.97103448122
5,Prevalence,70,Australasia,3,Both,27,Age-standardized,559,Schizophrenia,3,Rate,1991,386.4499564716,421.22646936072,353.08777251633995
5,Prevalence,9,Southeast Asia,1,Male,22,All ages,559,Schizophrenia,1,Number,1991,625672.4123052739,771357.81168372,500920.9450633584
5,Prevalence,9,Southeast Asia,2,Female,22,All ages,559,Schizophrenia,1,Number,1991,546301.0445790892,671694.3694135093,435892.5935787768
5,Prevalence,9,Southeast Asia,3,Both,22,All ages,559,Schizophrenia,1,Number,1991,1171973.4568843634,1443178.559424167,936807.103678564
5,Prevalence,9,Southeast Asia,1,Male,22,All ages,559,Schizophrenia,2,Percent,1991,0.0027031148329073,0.0033281321729326,0.0021598352296475
5,Prevalence,9,Southeast Asia,2,Female,22,All ages,559,Schizophrenia,2,Percent,1991,0.0023135873038734,0.0028456890953804,0.0018457463755562
5,Prevalence,9,Southeast Asia,3,Both,22,All ages,559,Schizophrenia,2,Percent,1991,0.0025064079892612,0.0030852175853657,0.0020015951541781
5,Prevalence,9,Southeast Asia,1,Male,22,All ages,559,Schizophrenia,3,Rate,1991,266.05331791959,328.00280316901,213.00552306356002
5,Prevalence,9,Southeast Asia,2,Female,22,All ages,559,Schizophrenia,3,Rate,1991,229.10013282726,281.68584112909,182.79857246888
5,Prevalence,9,Southeast Asia,3,Both,22,All ages,559,Schizophrenia,3,Rate,1991,247.44849231247,304.71027869229,197.79586647732998
5,Prevalence,9,Southeast Asia,1,Male,27,Age-standardized,559,Schizophrenia,2,Percent,1991,0.0031050026861986,0.0037629970197329,0.0025134053715543
5,Prevalence,9,Southeast Asia,2,Female,27,Age-standardized,559,Schizophrenia,2,Percent,1991,0.0025767623551162,0.0031299520533683,0.0020826050165581
5,Prevalence,9,Southeast Asia,3,Both,27,Age-standardized,559,Schizophrenia,2,Percent,1991,0.0028340582098087,0.0034352997187654,0.0022925260447943
5,Prevalence,9,Southeast Asia,1,Male,27,Age-standardized,559,Schizophrenia,3,Rate,1991,306.54714791541,371.1810975583,248.07153183659003
5,Prevalence,9,Southeast Asia,2,Female,27,Age-standardized,559,Schizophrenia,3,Rate,1991,255.59070256648002,310.40581524085997,206.56020509587
5,Prevalence,9,Southeast Asia,3,Both,27,Age-standardized,559,Schizophrenia,3,Rate,1991,280.45709782886,339.78087363594,226.83466018906
5,Prevalence,100,High-income North America,1,Male,22,All ages,559,Schizophrenia,1,Number,1991,578163.263134642,672189.1591201087,487316.6041845741
5,Prevalence,100,High-income North America,2,Female,22,All ages,559,Schizophrenia,1,Number,1991,570328.5696443977,665312.5634212901,485300.5453379811
5,Prevalence,100,High-income North America,3,Both,22,All ages,559,Schizophrenia,1,Number,1991,1148491.832779039,1339812.560162617,971506.6401413712
5,Prevalence,100,High-income North America,1,Male,22,All ages,559,Schizophrenia,2,Percent,1991,0.0044976536263085,0.0052581207091239,0.0037902434354143
5,Prevalence,100,High-income North America,2,Female,22,All ages,559,Schizophrenia,2,Percent,1991,0.0041297629197948,0.0048055848246274,0.0035072205750282
5,Prevalence,100,High-income North America,3,Both,22,All ages,559,Schizophrenia,2,Percent,1991,0.0043071111493644,0.0050298243707281,0.0036381971978114
5,Prevalence,100,High-income North America,1,Male,22,All ages,559,Schizophrenia,3,Rate,1991,415.38135870098,482.93425754095,350.1125825018
5,Prevalence,100,High-income North America,2,Female,22,All ages,559,Schizophrenia,3,Rate,1991,392.23408330889,457.5577611168,333.75745957919
5,Prevalence,100,High-income North America,3,Both,22,All ages,559,Schizophrenia,3,Rate,1991,403.55490870107,470.78082748282003,341.3661832632
5,Prevalence,100,High-income North America,1,Male,27,Age-standardized,559,Schizophrenia,2,Percent,1991,0.004101368992169,0.0047880522037728,0.0034628853096324
5,Prevalence,100,High-income North America,2,Female,27,Age-standardized,559,Schizophrenia,2,Percent,1991,0.0037685250795336,0.004398957912104,0.0031866475297972
5,Prevalence,100,High-income North America,3,Both,27,Age-standardized,559,Schizophrenia,2,Percent,1991,0.0039354111317623,0.0045949434904704,0.0033207493144169
5,Prevalence,100,High-income North America,1,Male,27,Age-standardized,559,Schizophrenia,3,Rate,1991,373.09716353262996,434.08645548646,315.28556405441
5,Prevalence,100,High-income North America,2,Female,27,Age-standardized,559,Schizophrenia,3,Rate,1991,351.48958718763,411.23788029855996,298.15616399174996
5,Prevalence,100,High-income North America,3,Both,27,Age-standardized,559,Schizophrenia,3,Rate,1991,362.44830325403,422.51576018163996,306.47778307383
5,Prevalence,134,Tropical Latin America,1,Male,22,All ages,559,Schizophrenia,1,Number,1991,180562.03509055745,216932.743856497,146875.8830122226
5,Prevalence,134,Tropical Latin America,2,Female,22,All ages,559,Schizophrenia,1,Number,1991,154119.0074941715,185162.11772581027,125884.67493976808
5,Prevalence,134,Tropical Latin America,3,Both,22,All ages,559,Schizophrenia,1,Number,1991,334681.0425847284,402924.054860015,272988.954775124
5,Prevalence,134,Tropical Latin America,1,Male,22,All ages,559,Schizophrenia,2,Percent,1991,0.00243019499742,0.0029182430895968,0.0019765567738528
5,Prevalence,134,Tropical Latin America,2,Female,22,All ages,559,Schizophrenia,2,Percent,1991,0.0020020270261494,0.0024084088387152,0.0016367284205837
5,Prevalence,134,Tropical Latin America,3,Both,22,All ages,559,Schizophrenia,2,Percent,1991,0.0022123142894355,0.0026640089298719,0.0018056158429038
5,Prevalence,134,Tropical Latin America,1,Male,22,All ages,559,Schizophrenia,3,Rate,1991,235.6745421288,283.14659311124,191.70644848629001
5,Prevalence,134,Tropical Latin America,2,Female,22,All ages,559,Schizophrenia,3,Rate,1991,196.53438770173,236.12093034128,160.52963169551998
5,Prevalence,134,Tropical Latin America,3,Both,22,All ages,559,Schizophrenia,3,Rate,1991,215.87682573209,259.89510879529996,176.08403679409
5,Prevalence,134,Tropical Latin America,1,Male,27,Age-standardized,559,Schizophrenia,2,Percent,1991,0.0027306874213733,0.0032508708256819,0.0022612661247956
5,Prevalence,134,Tropical Latin America,2,Female,27,Age-standardized,559,Schizophrenia,2,Percent,1991,0.0022093209273708,0.0026385434770337,0.0018272304558592
5,Prevalence,134,Tropical Latin America,3,Both,27,Age-standardized,559,Schizophrenia,2,Percent,1991,0.0024625857250759,0.0029324647635009,0.0020358846095362
5,Prevalence,134,Tropical Latin America,1,Male,27,Age-standardized,559,Schizophrenia,3,Rate,1991,266.1609573253,316.77212581343997,220.18630832441
5,Prevalence,134,Tropical Latin America,2,Female,27,Age-standardized,559,Schizophrenia,3,Rate,1991,217.32390668583002,259.27187413964,179.78640416388
5,Prevalence,134,Tropical Latin America,3,Both,27,Age-standardized,559,Schizophrenia,3,Rate,1991,241.13301973989,287.08466535400004,199.36020070753
5,Prevalence,56,Eastern Europe,1,Male,22,All ages,559,Schizophrenia,1,Number,1991,227094.47008911413,273192.0122763977,185984.7632870521
5,Prevalence,56,Eastern Europe,2,Female,22,All ages,559,Schizophrenia,1,Number,1991,268120.01771533635,319505.1022236104,224678.18845678645
5,Prevalence,56,Eastern Europe,3,Both,22,All ages,559,Schizophrenia,1,Number,1991,495214.4878044507,589713.1213664652,411755.3906252106
5,Prevalence,56,Eastern Europe,1,Male,22,All ages,559,Schizophrenia,2,Percent,1991,0.0022521675966084,0.0027115539076741,0.0018454836431992
5,Prevalence,56,Eastern Europe,2,Female,22,All ages,559,Schizophrenia,2,Percent,1991,0.0022882294326698,0.0027286092477599,0.001913257135853
5,Prevalence,56,Eastern Europe,3,Both,22,All ages,559,Schizophrenia,2,Percent,1991,0.0022715471978555,0.0027059316303342,0.0018861196866638
5,Prevalence,56,Eastern Europe,1,Male,22,All ages,559,Schizophrenia,3,Rate,1991,213.8985981594,257.31753147196997,175.17767002647
5,Prevalence,56,Eastern Europe,2,Female,22,All ages,559,Schizophrenia,3,Rate,1991,222.02218021585,264.57263426368996,186.04929864314
5,Prevalence,56,Eastern Europe,3,Both,22,All ages,559,Schizophrenia,3,Rate,1991,218.22159412555,259.86343410890004,181.44444466961
5,Prevalence,56,Eastern Europe,1,Male,27,Age-standardized,559,Schizophrenia,2,Percent,1991,0.0020393465136059,0.0024484352037669,0.0016741227711879
5,Prevalence,56,Eastern Europe,2,Female,27,Age-standardized,559,Schizophrenia,2,Percent,1991,0.0020718319995262,0.0024903764666916,0.0017077951659612
5,Prevalence,56,Eastern Europe,3,Both,27,Age-standardized,559,Schizophrenia,2,Percent,1991,0.0020572135650769,0.0024651552310916,0.001691884939725
5,Prevalence,56,Eastern Europe,1,Male,27,Age-standardized,559,Schizophrenia,3,Rate,1991,192.0433921711,230.07212934973998,157.55424809621002
5,Prevalence,56,Eastern Europe,2,Female,27,Age-standardized,559,Schizophrenia,3,Rate,1991,198.52584258843999,238.30999524950997,163.79825586463
5,Prevalence,56,Eastern Europe,3,Both,27,Age-standardized,559,Schizophrenia,3,Rate,1991,195.40025933823998,233.91576648277,160.68512676622998
5,Prevalence,96,Southern Latin America,1,Male,22,All ages,559,Schizophrenia,1,Number,1991,66686.13912698835,83773.82627958889,51655.96003098211
5,Prevalence,96,Southern Latin America,2,Female,22,All ages,559,Schizophrenia,1,Number,1991,68352.14452964714,86592.03807205221,53727.12821636776
5,Prevalence,96,Southern Latin America,3,Both,22,All ages,559,Schizophrenia,1,Number,1991,135038.2836566356,169953.77878028183,105590.1218659878
5,Prevalence,96,Southern Latin America,1,Male,22,All ages,559,Schizophrenia,2,Percent,1991,0.002853335413834,0.0035828019054505,0.0022122589656692
5,Prevalence,96,Southern Latin America,2,Female,22,All ages,559,Schizophrenia,2,Percent,1991,0.0027645958502667,0.0035000670461869,0.0021729531534589
5,Prevalence,96,Southern Latin America,3,Both,22,All ages,559,Schizophrenia,2,Percent,1991,0.0028077086959249,0.0035391297104564,0.0021936521342095
5,Prevalence,96,Southern Latin America,1,Male,22,All ages,559,Schizophrenia,3,Rate,1991,271.53416503997,341.11220515727,210.33393385754
5,Prevalence,96,Southern Latin America,2,Female,22,All ages,559,Schizophrenia,3,Rate,1991,266.90442457965,338.12835359943,209.79602526863002
5,Prevalence,96,Southern Latin America,3,Both,22,All ages,559,Schizophrenia,3,Rate,1991,269.17083643369,338.76764092822003,210.47202802186
5,Prevalence,96,Southern Latin America,1,Male,27,Age-standardized,559,Schizophrenia,2,Percent,1991,0.0029576701790285,0.0037018484289253,0.0023019646460229
5,Prevalence,96,Southern Latin America,2,Female,27,Age-standardized,559,Schizophrenia,2,Percent,1991,0.0028308293904841,0.0035864913351152,0.0022239282258936
5,Prevalence,96,Southern Latin America,3,Both,27,Age-standardized,559,Schizophrenia,2,Percent,1991,0.0028956532441933,0.0036438399244567,0.0022608710672087
5,Prevalence,96,Southern Latin America,1,Male,27,Age-standardized,559,Schizophrenia,3,Rate,1991,282.43666075694,353.48606304618,219.6269893951
5,Prevalence,96,Southern Latin America,2,Female,27,Age-standardized,559,Schizophrenia,3,Rate,1991,273.35866771866,346.28483376707004,215.04347220071998
5,Prevalence,96,Southern Latin America,3,Both,27,Age-standardized,559,Schizophrenia,3,Rate,1991,278.06949713397,349.12441784380997,217.54087345299
5,Prevalence,73,Western Europe,1,Male,22,All ages,559,Schizophrenia,1,Number,1991,581805.6119806541,685895.7007197023,487466.5211019585
5,Prevalence,73,Western Europe,2,Female,22,All ages,559,Schizophrenia,1,Number,1991,577713.729276931,678336.1223641654,485713.4323224713
5,Prevalence,73,Western Europe,3,Both,22,All ages,559,Schizophrenia,1,Number,1991,1159519.3412575857,1369091.464185481,978575.446560508
5,Prevalence,73,Western Europe,1,Male,22,All ages,559,Schizophrenia,2,Percent,1991,0.0033111491977013,0.0039131860764299,0.0027728040618016
5,Prevalence,73,Western Europe,2,Female,22,All ages,559,Schizophrenia,2,Percent,1991,0.0030155437889814,0.0035398101903131,0.0025325463794377
5,Prevalence,73,Western Europe,3,Both,22,All ages,559,Schizophrenia,2,Percent,1991,0.0031569581229698,0.0037321700068262,0.002662768709466
5,Prevalence,73,Western Europe,1,Male,22,All ages,559,Schizophrenia,3,Rate,1991,309.50224913174003,364.87489579182,259.31682601662
5,Prevalence,73,Western Europe,2,Female,22,All ages,559,Schizophrenia,3,Rate,1991,291.98394471104,342.83979557795,245.48581205809
5,Prevalence,73,Western Europe,3,Both,22,All ages,559,Schizophrenia,3,Rate,1991,300.51887387737,354.83480991864997,253.62266996379
5,Prevalence,73,Western Europe,1,Male,27,Age-standardized,559,Schizophrenia,2,Percent,1991,0.0029512465373272,0.0035119289678422,0.0024605062440952
5,Prevalence,73,Western Europe,2,Female,27,Age-standardized,559,Schizophrenia,2,Percent,1991,0.0026487046131627,0.0031530026866127,0.0022069866484261
5,Prevalence,73,Western Europe,3,Both,27,Age-standardized,559,Schizophrenia,2,Percent,1991,0.0028036860744217,0.0033275011970317,0.002344698437248
5,Prevalence,73,Western Europe,1,Male,27,Age-standardized,559,Schizophrenia,3,Rate,1991,268.31442125086,317.81308294993,223.64755116785
5,Prevalence,73,Western Europe,2,Female,27,Age-standardized,559,Schizophrenia,3,Rate,1991,251.04650806009,298.71026764609,209.35882668732998
5,Prevalence,73,Western Europe,3,Both,27,Age-standardized,559,Schizophrenia,3,Rate,1991,260.19879125815,309.13327933624004,217.44321304525
5,Prevalence,124,Central Latin America,1,Male,22,All ages,559,Schizophrenia,1,Number,1991,178077.07062890608,220303.59455152875,142568.54868682317
5,Prevalence,124,Central Latin America,2,Female,22,All ages,559,Schizophrenia,1,Number,1991,153336.20996109082,191152.56170068076,121647.42813577708
5,Prevalence,124,Central Latin America,3,Both,22,All ages,559,Schizophrenia,1,Number,1991,331413.2805899968,409309.07262588735,264565.16862468346
5,Prevalence,124,Central Latin America,1,Male,22,All ages,559,Schizophrenia,2,Percent,1991,0.0022432574978595,0.0027674957400374,0.0017967181625655
5,Prevalence,124,Central Latin America,2,Female,22,All ages,559,Schizophrenia,2,Percent,1991,0.0018486611768723,0.0023028604812678,0.001468014913058
5,Prevalence,124,Central Latin America,3,Both,22,All ages,559,Schizophrenia,2,Percent,1991,0.0020416298455744,0.0025212957083365,0.0016311315395383
5,Prevalence,124,Central Latin America,1,Male,22,All ages,559,Schizophrenia,3,Rate,1991,214.74010659779,265.66035262596,171.92098474205
5,Prevalence,124,Central Latin America,2,Female,22,All ages,559,Schizophrenia,3,Rate,1991,180.22613989175,224.67418709824,142.98022891156998
5,Prevalence,124,Central Latin America,3,Both,22,All ages,559,Schizophrenia,3,Rate,1991,197.26196451462,243.62666340981,157.47300413592
5,Prevalence,124,Central Latin America,1,Male,27,Age-standardized,559,Schizophrenia,2,Percent,1991,0.0027727633335684,0.0033596179532162,0.002250789624572
5,Prevalence,124,Central Latin America,2,Female,27,Age-standardized,559,Schizophrenia,2,Percent,1991,0.0022352301640313,0.0027204969630651,0.0018216007444033
5,Prevalence,124,Central Latin America,3,Both,27,Age-standardized,559,Schizophrenia,2,Percent,1991,0.0024949104916726,0.0030356612723535,0.0020306143393556
5,Prevalence,124,Central Latin America,1,Male,27,Age-standardized,559,Schizophrenia,3,Rate,1991,268.44515403614,325.67634397950997,217.8610745536
5,Prevalence,124,Central Latin America,2,Female,27,Age-standardized,559,Schizophrenia,3,Rate,1991,219.28414147864,266.78911256636997,178.6352014729
5,Prevalence,124,Central Latin America,3,Both,27,Age-standardized,559,Schizophrenia,3,Rate,1991,243.16167512056998,295.77955125497004,197.83066781411998
5,Prevalence,104,Caribbean,1,Male,22,All ages,559,Schizophrenia,1,Number,1991,39857.24322488035,50249.78324011076,31111.455494970447
5,Prevalence,104,Caribbean,2,Female,22,All ages,559,Schizophrenia,1,Number,1991,33020.69013168181,41792.67761073836,25567.08905365113
5,Prevalence,104,Caribbean,3,Both,22,All ages,559,Schizophrenia,1,Number,1991,72877.93335656227,92411.48038174378,56691.39660832159
5,Prevalence,104,Caribbean,1,Male,22,All ages,559,Schizophrenia,2,Percent,1991,0.0023113291740959,0.0029143495441812,0.0018006076277977
5,Prevalence,104,Caribbean,2,Female,22,All ages,559,Schizophrenia,2,Percent,1991,0.0018542119214367,0.0023495916315649,0.0014336920421321
5,Prevalence,104,Caribbean,3,Both,22,All ages,559,Schizophrenia,2,Percent,1991,0.0020790910600674,0.0026355358252393,0.0016146773063055
5,Prevalence,104,Caribbean,1,Male,22,All ages,559,Schizophrenia,3,Rate,1991,225.80670540103,284.68446592118,176.25843377860002
5,Prevalence,104,Caribbean,2,Female,22,All ages,559,Schizophrenia,3,Rate,1991,182.16978776707,230.56341888085998,141.04948043641
5,Prevalence,104,Caribbean,3,Both,22,All ages,559,Schizophrenia,3,Rate,1991,203.69840123034,258.29589207739,158.45601433469
5,Prevalence,104,Caribbean,1,Male,27,Age-standardized,559,Schizophrenia,2,Percent,1991,0.0025444255538007,0.0031815566227378,0.0020133844082397
5,Prevalence,104,Caribbean,2,Female,27,Age-standardized,559,Schizophrenia,2,Percent,1991,0.0020032426607664,0.0025020331704516,0.0015724010351888
5,Prevalence,104,Caribbean,3,Both,27,Age-standardized,559,Schizophrenia,2,Percent,1991,0.0022667483688602,0.0028322103670814,0.0017817501695844
5,Prevalence,104,Caribbean,1,Male,27,Age-standardized,559,Schizophrenia,3,Rate,1991,249.36797021705001,312.00236575151996,197.51657839717998
5,Prevalence,104,Caribbean,2,Female,27,Age-standardized,559,Schizophrenia,3,Rate,1991,197.17076108656,245.96687007965002,154.84501176267
5,Prevalence,104,Caribbean,3,Both,27,Age-standardized,559,Schizophrenia,3,Rate,1991,222.63937464178,278.1612457488,175.29477151221
5,Prevalence,120,Andean Latin America,1,Male,22,All ages,559,Schizophrenia,1,Number,1991,40847.1831203757,52499.4369063788,31494.83172624171
5,Prevalence,120,Andean Latin America,2,Female,22,All ages,559,Schizophrenia,1,Number,1991,33880.746312378775,44024.74327444,26129.25970066153
5,Prevalence,120,Andean Latin America,3,Both,22,All ages,559,Schizophrenia,1,Number,1991,74727.9294327545,96122.70720714208,57768.22915730831
5,Prevalence,120,Andean Latin America,1,Male,22,All ages,559,Schizophrenia,2,Percent,1991,0.0021893375228932,0.0028178033319115,0.0016910295063678
5,Prevalence,120,Andean Latin America,2,Female,22,All ages,559,Schizophrenia,2,Percent,1991,0.0017715995764293,0.0022977031192213,0.0013642310872038
5,Prevalence,120,Andean Latin America,3,Both,22,All ages,559,Schizophrenia,2,Percent,1991,0.0019778849563407,0.0025389907848232,0.0015296281223356
5,Prevalence,120,Andean Latin America,1,Male,22,All ages,559,Schizophrenia,3,Rate,1991,211.82817998672,272.25525288814003,163.32810181542
5,Prevalence,120,Andean Latin America,2,Female,22,All ages,559,Schizophrenia,3,Rate,1991,173.49886279947,225.44494217246,133.80451546312
5,Prevalence,120,Andean Latin America,3,Both,22,All ages,559,Schizophrenia,3,Rate,1991,192.54265662235,247.66806129762,148.84459391219
5,Prevalence,120,Andean Latin America,1,Male,27,Age-standardized,559,Schizophrenia,2,Percent,1991,0.0026987508036882,0.0033922003322304,0.0021153353255085
5,Prevalence,120,Andean Latin America,2,Female,27,Age-standardized,559,Schizophrenia,2,Percent,1991,0.0021447590891236,0.0027446610981633,0.0016818309517809
5,Prevalence,120,Andean Latin America,3,Both,27,Age-standardized,559,Schizophrenia,2,Percent,1991,0.0024155406265723,0.0030563084425924,0.0018967743332185
5,Prevalence,120,Andean Latin America,1,Male,27,Age-standardized,559,Schizophrenia,3,Rate,1991,263.19499885325,330.33509805093,206.29480183243
5,Prevalence,120,Andean Latin America,2,Female,27,Age-standardized,559,Schizophrenia,3,Rate,1991,211.14571311932002,270.13009779444,165.55120871604
5,Prevalence,120,Andean Latin America,3,Both,27,Age-standardized,559,Schizophrenia,3,Rate,1991,236.69775874405,299.23487283801,185.78832060521
5,Prevalence,199,Western Sub-Saharan Africa,1,Male,22,All ages,559,Schizophrenia,1,Number,1991,148360.4515743838,183057.2853719316,119131.18448244712
5,Prevalence,199,Western Sub-Saharan Africa,2,Female,22,All ages,559,Schizophrenia,1,Number,1991,185959.7796315339,232353.58455962624,148361.5367712362
5,Prevalence,199,Western Sub-Saharan Africa,3,Both,22,All ages,559,Schizophrenia,1,Number,1991,334320.23120591795,415661.5693801907,266873.9680736058
5,Prevalence,199,Western Sub-Saharan Africa,1,Male,22,All ages,559,Schizophrenia,2,Percent,1991,0.0015117259814333,0.0018649149226984,0.0012135919089372
5,Prevalence,199,Western Sub-Saharan Africa,2,Female,22,All ages,559,Schizophrenia,2,Percent,1991,0.0018720608250579,0.0023393738948377,0.0014931599271546
5,Prevalence,199,Western Sub-Saharan Africa,3,Both,22,All ages,559,Schizophrenia,2,Percent,1991,0.0016929832139553,0.002104838583334,0.0013514272597324
5,Prevalence,199,Western Sub-Saharan Africa,1,Male,22,All ages,559,Schizophrenia,3,Rate,1991,150.49216525782,185.68753970144002,120.84291812432998
5,Prevalence,199,Western Sub-Saharan Africa,2,Female,22,All ages,559,Schizophrenia,3,Rate,1991,186.33458059314,232.82189199201002,148.66055867133
5,Prevalence,199,Western Sub-Saharan Africa,3,Both,22,All ages,559,Schizophrenia,3,Rate,1991,168.52316369787,209.52546738467,134.52504877178
5,Prevalence,199,Western Sub-Saharan Africa,1,Male,27,Age-standardized,559,Schizophrenia,2,Percent,1991,0.002058044443981,0.0025070151138137,0.0016782452484178
5,Prevalence,199,Western Sub-Saharan Africa,2,Female,27,Age-standardized,559,Schizophrenia,2,Percent,1991,0.0026277036016331,0.0032125869146168,0.0021277542037425
5,Prevalence,199,Western Sub-Saharan Africa,3,Both,27,Age-standardized,559,Schizophrenia,2,Percent,1991,0.0023368352742916,0.0028492071855194,0.0018994458691735
5,Prevalence,199,Western Sub-Saharan Africa,1,Male,27,Age-standardized,559,Schizophrenia,3,Rate,1991,205.21451001647,249.97793372189997,167.35483154124
5,Prevalence,199,Western Sub-Saharan Africa,2,Female,27,Age-standardized,559,Schizophrenia,3,Rate,1991,262.0516254534,320.36451136788,212.21529294907998
5,Prevalence,199,Western Sub-Saharan Africa,3,Both,27,Age-standardized,559,Schizophrenia,3,Rate,1991,233.03070099824998,284.07509121567,189.42791941777
5,Prevalence,44636,Low-middle SDI,1,Male,22,All ages,559,Schizophrenia,1,Number,1991,1439508.2382471,1744835.8070162782,1164059.0033111214
5,Prevalence,44636,Low-middle SDI,2,Female,22,All ages,559,Schizophrenia,1,Number,1991,1139596.7427337086,1384989.2511582058,918955.4331994284
5,Prevalence,44636,Low-middle SDI,3,Both,22,All ages,559,Schizophrenia,1,Number,1991,2579104.980980813,3133843.5205093143,2082523.2668380071
5,Prevalence,44636,Low-middle SDI,1,Male,22,All ages,559,Schizophrenia,2,Percent,1991,0.0024220603981626,0.0029397548861819,0.0019585253598755
5,Prevalence,44636,Low-middle SDI,2,Female,22,All ages,559,Schizophrenia,2,Percent,1991,0.0019799822997217,0.0024063192846826,0.0015971068064215
5,Prevalence,44636,Low-middle SDI,3,Both,22,All ages,559,Schizophrenia,2,Percent,1991,0.0022045682733585,0.0026811883047839,0.0017806982205699
5,Prevalence,44636,Low-middle SDI,1,Male,22,All ages,559,Schizophrenia,3,Rate,1991,238.90405656608002,289.5769133253,193.18987594815002
5,Prevalence,44636,Low-middle SDI,2,Female,22,All ages,559,Schizophrenia,3,Rate,1991,196.13559109794002,238.37000866515,158.16109359076
5,Prevalence,44636,Low-middle SDI,3,Both,22,All ages,559,Schizophrenia,3,Rate,1991,217.90866677211,264.77854467441,175.95246100684
5,Prevalence,44636,Low-middle SDI,1,Male,27,Age-standardized,559,Schizophrenia,2,Percent,1991,0.0030020674373836,0.0035999174088798,0.0024540211853458
5,Prevalence,44636,Low-middle SDI,2,Female,27,Age-standardized,559,Schizophrenia,2,Percent,1991,0.0024428338459485,0.0029403168938491,0.00199464687658
5,Prevalence,44636,Low-middle SDI,3,Both,27,Age-standardized,559,Schizophrenia,2,Percent,1991,0.0027262287930742,0.0032771667380842,0.0022259946903114
5,Prevalence,44636,Low-middle SDI,1,Male,27,Age-standardized,559,Schizophrenia,3,Rate,1991,297.08679231522,356.38838416926995,242.84968128789998
5,Prevalence,44636,Low-middle SDI,2,Female,27,Age-standardized,559,Schizophrenia,3,Rate,1991,242.63319486999998,292.09380257767,198.07780370754
5,Prevalence,44636,Low-middle SDI,3,Both,27,Age-standardized,559,Schizophrenia,3,Rate,1991,270.27935026642,324.76908444256,220.64764169076003
5,Prevalence,44635,High SDI,1,Male,22,All ages,559,Schizophrenia,1,Number,1991,1516873.3586224082,1787863.5264995834,1263568.82786443
5,Prevalence,44635,High SDI,2,Female,22,All ages,559,Schizophrenia,1,Number,1991,1474456.4326055208,1734084.3756659338,1233637.09733214
5,Prevalence,44635,High SDI,3,Both,22,All ages,559,Schizophrenia,1,Number,1991,2991329.7912279274,3517477.622875805,2493364.0011192933
5,Prevalence,44635,High SDI,1,Male,22,All ages,559,Schizophrenia,2,Percent,1991,0.0037179339512303,0.0043762330391811,0.0031082160355204
5,Prevalence,44635,High SDI,2,Female,22,All ages,559,Schizophrenia,2,Percent,1991,0.0034144098980812,0.00402074366465,0.0028587852099865
5,Prevalence,44635,High SDI,3,Both,22,All ages,559,Schizophrenia,2,Percent,1991,0.0035618603055167,0.0041864893940759,0.0029754134607451
5,Prevalence,44635,High SDI,1,Male,22,All ages,559,Schizophrenia,3,Rate,1991,346.99547642965,408.98638811373,289.05027894001
5,Prevalence,44635,High SDI,2,Female,22,All ages,559,Schizophrenia,3,Rate,1991,328.01208650837003,385.76971259749,274.43868081947
5,Prevalence,44635,High SDI,3,Both,22,All ages,559,Schizophrenia,3,Rate,1991,337.37138341325,396.71195574448,281.20926849229
5,Prevalence,44635,High SDI,1,Male,27,Age-standardized,559,Schizophrenia,2,Percent,1991,0.003351050212841,0.0039455308743343,0.0028088396732407
5,Prevalence,44635,High SDI,2,Female,27,Age-standardized,559,Schizophrenia,2,Percent,1991,0.0030897728201158,0.003648320251211,0.0025812180556659
5,Prevalence,44635,High SDI,3,Both,27,Age-standardized,559,Schizophrenia,2,Percent,1991,0.0032244172769404,0.0037908988445657,0.002697947545285
5,Prevalence,44635,High SDI,1,Male,27,Age-standardized,559,Schizophrenia,3,Rate,1991,307.58189904422,361.56069298239004,256.53861667201
5,Prevalence,44635,High SDI,2,Female,27,Age-standardized,559,Schizophrenia,3,Rate,1991,291.85650922711,343.93641100724,243.32421673294
5,Prevalence,44635,High SDI,3,Both,27,Age-standardized,559,Schizophrenia,3,Rate,1991,300.16553854654,353.20216953363,250.18481227973
5,Prevalence,44637,Low SDI,1,Male,22,All ages,559,Schizophrenia,1,Number,1991,460716.7812022749,566598.0231436323,370149.5308608654
5,Prevalence,44637,Low SDI,2,Female,22,All ages,559,Schizophrenia,1,Number,1991,441099.0329390596,545610.6296785224,351877.94235692965
5,Prevalence,44637,Low SDI,3,Both,22,All ages,559,Schizophrenia,1,Number,1991,901815.814141334,1112698.4630446667,722055.6192175297
5,Prevalence,44637,Low SDI,1,Male,22,All ages,559,Schizophrenia,2,Percent,1991,0.0017906444678469,0.0022023398983952,0.0014389242884177
5,Prevalence,44637,Low SDI,2,Female,22,All ages,559,Schizophrenia,2,Percent,1991,0.0017376931441773,0.002149123033926,0.0013859414829989
5,Prevalence,44637,Low SDI,3,Both,22,All ages,559,Schizophrenia,2,Percent,1991,0.0017643474908258,0.0021764515132428,0.0014128287646341
5,Prevalence,44637,Low SDI,1,Male,22,All ages,559,Schizophrenia,3,Rate,1991,178.26526398104,219.23392046466003,143.22205425028
5,Prevalence,44637,Low SDI,2,Female,22,All ages,559,Schizophrenia,3,Rate,1991,173.0672558876,214.07286665853002,138.06094628075002
5,Prevalence,44637,Low SDI,3,Both,22,All ages,559,Schizophrenia,3,Rate,1991,175.68435088728,216.76677670528997,140.66494596519
5,Prevalence,44637,Low SDI,1,Male,27,Age-standardized,559,Schizophrenia,2,Percent,1991,0.0025011173833948,0.0030189440134328,0.0020358395006405
5,Prevalence,44637,Low SDI,2,Female,27,Age-standardized,559,Schizophrenia,2,Percent,1991,0.0023726742709532,0.0028937445962972,0.0019202338586272
5,Prevalence,44637,Low SDI,3,Both,27,Age-standardized,559,Schizophrenia,2,Percent,1991,0.0024369137461025,0.0029539727666099,0.0019783136976813
5,Prevalence,44637,Low SDI,1,Male,27,Age-standardized,559,Schizophrenia,3,Rate,1991,249.3383409872,300.97699734062,202.96119170779
5,Prevalence,44637,Low SDI,2,Female,27,Age-standardized,559,Schizophrenia,3,Rate,1991,236.67889383677,288.63460434997,191.55859170049
5,Prevalence,44637,Low SDI,3,Both,27,Age-standardized,559,Schizophrenia,3,Rate,1991,243.01409882465998,294.54918521038,197.29087600312002
5,Prevalence,44634,High-middle SDI,1,Male,22,All ages,559,Schizophrenia,1,Number,1991,1539398.4429353776,1782990.8332170425,1309475.2405847637
5,Prevalence,44634,High-middle SDI,2,Female,22,All ages,559,Schizophrenia,1,Number,1991,1461399.2561904313,1690010.8732022732,1253633.894823886
5,Prevalence,44634,High-middle SDI,3,Both,22,All ages,559,Schizophrenia,1,Number,1991,3000797.6991258096,3469558.461653304,2563439.0978373587
5,Prevalence,44634,High-middle SDI,1,Male,22,All ages,559,Schizophrenia,2,Percent,1991,0.0030029616874236,0.0034808998304204,0.0025581490632837
5,Prevalence,44634,High-middle SDI,2,Female,22,All ages,559,Schizophrenia,2,Percent,1991,0.0027782555526845,0.0032164219815925,0.0023845743834711
5,Prevalence,44634,High-middle SDI,3,Both,22,All ages,559,Schizophrenia,2,Percent,1991,0.0028891586468212,0.0033467306184896,0.0024699590025069
5,Prevalence,44634,High-middle SDI,1,Male,22,All ages,559,Schizophrenia,3,Rate,1991,287.49113452719,332.98335453407003,244.55171062349
5,Prevalence,44634,High-middle SDI,2,Female,22,All ages,559,Schizophrenia,3,Rate,1991,270.62337980212,312.95790829987,232.14918183010997
5,Prevalence,44634,High-middle SDI,3,Both,22,All ages,559,Schizophrenia,3,Rate,1991,279.02155439572,322.60808361702,238.35487540053998
5,Prevalence,44634,High-middle SDI,1,Male,27,Age-standardized,559,Schizophrenia,2,Percent,1991,0.0028747820058864,0.0033191658644682,0.002461912575197
5,Prevalence,44634,High-middle SDI,2,Female,27,Age-standardized,559,Schizophrenia,2,Percent,1991,0.0026570454663939,0.0030681376326636,0.00227903171181
5,Prevalence,44634,High-middle SDI,3,Both,27,Age-standardized,559,Schizophrenia,2,Percent,1991,0.0027652588718873,0.0031929735054199,0.0023664197339959
5,Prevalence,44634,High-middle SDI,1,Male,27,Age-standardized,559,Schizophrenia,3,Rate,1991,274.77220560524,316.67889554676,234.8003602716
5,Prevalence,44634,High-middle SDI,2,Female,27,Age-standardized,559,Schizophrenia,3,Rate,1991,257.70458903146,297.35948185460995,221.03635738424
5,Prevalence,44634,High-middle SDI,3,Both,27,Age-standardized,559,Schizophrenia,3,Rate,1991,266.20985498724997,306.89849148396,227.61436437992
5,Prevalence,174,Eastern Sub-Saharan Africa,1,Male,22,All ages,559,Schizophrenia,1,Number,1991,134985.05994856433,169178.04513808072,107059.9279766947
5,Prevalence,174,Eastern Sub-Saharan Africa,2,Female,22,All ages,559,Schizophrenia,1,Number,1991,153819.42951547663,193388.9770666944,120696.58646992766
5,Prevalence,174,Eastern Sub-Saharan Africa,3,Both,22,All ages,559,Schizophrenia,1,Number,1991,288804.4894640407,362870.27173709247,227171.87721160092
5,Prevalence,174,Eastern Sub-Saharan Africa,1,Male,22,All ages,559,Schizophrenia,2,Percent,1991,0.0013930476759388,0.0017457952726753,0.0011049497403491
5,Prevalence,174,Eastern Sub-Saharan Africa,2,Female,22,All ages,559,Schizophrenia,2,Percent,1991,0.0015619903906149,0.0019642950134313,0.0012257375991111
5,Prevalence,174,Eastern Sub-Saharan Africa,3,Both,22,All ages,559,Schizophrenia,2,Percent,1991,0.0014782010943388,0.0018572527238437,0.00116269846873
5,Prevalence,174,Eastern Sub-Saharan Africa,1,Male,22,All ages,559,Schizophrenia,3,Rate,1991,138.61032206481,173.72162024315,109.93521136887
5,Prevalence,174,Eastern Sub-Saharan Africa,2,Female,22,All ages,559,Schizophrenia,3,Rate,1991,155.53953685254,195.55157641717,122.04629297059
5,Prevalence,174,Eastern Sub-Saharan Africa,3,Both,22,All ages,559,Schizophrenia,3,Rate,1991,147.14002894469,184.87504257863,115.73946322776
5,Prevalence,174,Eastern Sub-Saharan Africa,1,Male,27,Age-standardized,559,Schizophrenia,2,Percent,1991,0.0020694993554433,0.002543077702505,0.0016725974079003
5,Prevalence,174,Eastern Sub-Saharan Africa,2,Female,27,Age-standardized,559,Schizophrenia,2,Percent,1991,0.0022240887492914,0.0027459808146999,0.0017946071165784
5,Prevalence,174,Eastern Sub-Saharan Africa,3,Both,27,Age-standardized,559,Schizophrenia,2,Percent,1991,0.0021488331536083,0.0026461958246712,0.0017383096205833
5,Prevalence,174,Eastern Sub-Saharan Africa,1,Male,27,Age-standardized,559,Schizophrenia,3,Rate,1991,206.30564036483,253.50687528312,166.73212933374
5,Prevalence,174,Eastern Sub-Saharan Africa,2,Female,27,Age-standardized,559,Schizophrenia,3,Rate,1991,221.85699819028,273.91624717187,178.99122322530002
5,Prevalence,174,Eastern Sub-Saharan Africa,3,Both,27,Age-standardized,559,Schizophrenia,3,Rate,1991,214.28458066081,263.87367950314,173.34519969199
5,Prevalence,138,North Africa and Middle East,1,Male,22,All ages,559,Schizophrenia,1,Number,1991,360168.1383656709,450862.8963424588,284324.6792681541
5,Prevalence,138,North Africa and Middle East,2,Female,22,All ages,559,Schizophrenia,1,Number,1991,312137.9325599851,389572.4429016184,244134.61093200507
5,Prevalence,138,North Africa and Middle East,3,Both,22,All ages,559,Schizophrenia,1,Number,1991,672306.0709256561,840272.7910189916,528459.2902001591
5,Prevalence,138,North Africa and Middle East,1,Male,22,All ages,559,Schizophrenia,2,Percent,1991,0.0021174187634108,0.0026495096390257,0.0016707315371942
5,Prevalence,138,North Africa and Middle East,2,Female,22,All ages,559,Schizophrenia,2,Percent,1991,0.0018988437415059,0.0023738701714142,0.0014870039478839
5,Prevalence,138,North Africa and Middle East,3,Both,22,All ages,559,Schizophrenia,2,Percent,1991,0.0020099970730231,0.0025126892306053,0.0015813390473737
5,Prevalence,138,North Africa and Middle East,1,Male,22,All ages,559,Schizophrenia,3,Rate,1991,202.35453718316998,253.30989336379002,159.7431387022
5,Prevalence,138,North Africa and Middle East,2,Female,22,All ages,559,Schizophrenia,3,Rate,1991,184.23837582829998,229.94383783798003,144.09964156773
5,Prevalence,138,North Africa and Middle East,3,Both,22,All ages,559,Schizophrenia,3,Rate,1991,193.51985112213,241.86820921621,152.11429375141
5,Prevalence,138,North Africa and Middle East,1,Male,27,Age-standardized,559,Schizophrenia,2,Percent,1991,0.0026219499084511,0.0032368586328242,0.0020795774844053
5,Prevalence,138,North Africa and Middle East,2,Female,27,Age-standardized,559,Schizophrenia,2,Percent,1991,0.0023776039505904,0.0029167466953745,0.001890709740617
5,Prevalence,138,North Africa and Middle East,3,Both,27,Age-standardized,559,Schizophrenia,2,Percent,1991,0.0025023833501153,0.0030793945758503,0.0019871569188099
5,Prevalence,138,North Africa and Middle East,1,Male,27,Age-standardized,559,Schizophrenia,3,Rate,1991,253.67304713334,312.90742356448,201.36796123024
5,Prevalence,138,North Africa and Middle East,2,Female,27,Age-standardized,559,Schizophrenia,3,Rate,1991,232.78895528701997,285.45671851619,185.0937234973
5,Prevalence,138,North Africa and Middle East,3,Both,27,Age-standardized,559,Schizophrenia,3,Rate,1991,243.51970025302,299.09823615128,193.63394883275998
5,Prevalence,159,South Asia,1,Male,22,All ages,559,Schizophrenia,1,Number,1991,1561697.361089527,1858538.468351161,1284450.1759060775
5,Prevalence,159,South Asia,2,Female,22,All ages,559,Schizophrenia,1,Number,1991,1097390.3334147066,1307928.5141170924,896935.0181274624
5,Prevalence,159,South Asia,3,Both,22,All ages,559,Schizophrenia,1,Number,1991,2659087.694504234,3173345.8810196426,2181076.341395987
5,Prevalence,159,South Asia,1,Male,22,All ages,559,Schizophrenia,2,Percent,1991,0.0027226403020014,0.0032396105960611,0.002240605513157
5,Prevalence,159,South Asia,2,Female,22,All ages,559,Schizophrenia,2,Percent,1991,0.0020633728699644,0.0024601936834799,0.0016873511076662
5,Prevalence,159,South Asia,3,Both,22,All ages,559,Schizophrenia,2,Percent,1991,0.0024054570265917,0.0028705014472646,0.0019737223961066
5,Prevalence,159,South Asia,1,Male,22,All ages,559,Schizophrenia,3,Rate,1991,269.56892878918995,320.80749862918,221.71252038264
5,Prevalence,159,South Asia,2,Female,22,All ages,559,Schizophrenia,3,Rate,1991,205.07469380965003,244.41899239522002,167.61462955236001
5,Prevalence,159,South Asia,3,Both,22,All ages,559,Schizophrenia,3,Rate,1991,238.60116449404998,284.74578860959997,195.70898544756
5,Prevalence,159,South Asia,1,Male,27,Age-standardized,559,Schizophrenia,2,Percent,1991,0.0032579669322297,0.0038729384257756,0.0026997207035132
5,Prevalence,159,South Asia,2,Female,27,Age-standardized,559,Schizophrenia,2,Percent,1991,0.0025004945026937,0.0029663191696187,0.0020669752747779
5,Prevalence,159,South Asia,3,Both,27,Age-standardized,559,Schizophrenia,2,Percent,1991,0.0028950990311228,0.0034320826620387,0.0023995735474917
5,Prevalence,159,South Asia,1,Male,27,Age-standardized,559,Schizophrenia,3,Rate,1991,323.19583366573,384.41385046373,267.91095723219
5,Prevalence,159,South Asia,2,Female,27,Age-standardized,559,Schizophrenia,3,Rate,1991,248.9184584358,295.27549916187,205.68578339121
5,Prevalence,159,South Asia,3,Both,27,Age-standardized,559,Schizophrenia,3,Rate,1991,287.68200780181,341.00610232535,238.4574878197
5,Prevalence,167,Central Sub-Saharan Africa,1,Male,22,All ages,559,Schizophrenia,1,Number,1991,40847.82505864228,52746.36671094673,31120.0612532092
5,Prevalence,167,Central Sub-Saharan Africa,2,Female,22,All ages,559,Schizophrenia,1,Number,1991,46289.78282180247,59653.25868222857,35441.83505711022
5,Prevalence,167,Central Sub-Saharan Africa,3,Both,22,All ages,559,Schizophrenia,1,Number,1991,87137.60788044476,112740.13977147728,66793.10481564513
5,Prevalence,167,Central Sub-Saharan Africa,1,Male,22,All ages,559,Schizophrenia,2,Percent,1991,0.0014605478643056,0.00188570718067,0.0011128339183795
5,Prevalence,167,Central Sub-Saharan Africa,2,Female,22,All ages,559,Schizophrenia,2,Percent,1991,0.0016268329156782,0.0020964546524828,0.0012452476449596
5,Prevalence,167,Central Sub-Saharan Africa,3,Both,22,All ages,559,Schizophrenia,2,Percent,1991,0.001544407164193,0.0019981009874292,0.0011839860741685
5,Prevalence,167,Central Sub-Saharan Africa,1,Male,22,All ages,559,Schizophrenia,3,Rate,1991,145.63759238409,188.0602906951,110.95451934727001
5,Prevalence,167,Central Sub-Saharan Africa,2,Female,22,All ages,559,Schizophrenia,3,Rate,1991,162.29533428931,209.14864942332,124.26164301879001
5,Prevalence,167,Central Sub-Saharan Africa,3,Both,22,All ages,559,Schizophrenia,3,Rate,1991,154.03630449157,199.2948271209,118.07258979884001
5,Prevalence,167,Central Sub-Saharan Africa,1,Male,27,Age-standardized,559,Schizophrenia,2,Percent,1991,0.0020806048098721,0.0026298552091711,0.0016279341689226
5,Prevalence,167,Central Sub-Saharan Africa,2,Female,27,Age-standardized,559,Schizophrenia,2,Percent,1991,0.0022294544840712,0.0028145243796595,0.0017492780127173
5,Prevalence,167,Central Sub-Saharan Africa,3,Both,27,Age-standardized,559,Schizophrenia,2,Percent,1991,0.0021576721130115,0.0027295771790827,0.0016860957827312
5,Prevalence,167,Central Sub-Saharan Africa,1,Male,27,Age-standardized,559,Schizophrenia,3,Rate,1991,207.70560725636,262.58193848886,162.50790762382
5,Prevalence,167,Central Sub-Saharan Africa,2,Female,27,Age-standardized,559,Schizophrenia,3,Rate,1991,222.64433235053,281.04360307704997,174.67347449217002
5,Prevalence,167,Central Sub-Saharan Africa,3,Both,27,Age-standardized,559,Schizophrenia,3,Rate,1991,215.43778183139,272.56955221705005,168.33479539149
5,Prevalence,44639,Middle SDI,1,Male,22,All ages,559,Schizophrenia,1,Number,1991,2386629.458183062,2834449.260823773,1979704.393741117
5,Prevalence,44639,Middle SDI,2,Female,22,All ages,559,Schizophrenia,1,Number,1991,2048202.8214076543,2439420.056117138,1696352.4864656115
5,Prevalence,44639,Middle SDI,3,Both,22,All ages,559,Schizophrenia,1,Number,1991,4434832.279590717,5272506.899072217,3681241.6286318144
5,Prevalence,44639,Middle SDI,1,Male,22,All ages,559,Schizophrenia,2,Percent,1991,0.0027540611476107,0.0032719418200089,0.0022863435369129
5,Prevalence,44639,Middle SDI,2,Female,22,All ages,559,Schizophrenia,2,Percent,1991,0.002426720527772,0.0028906911275509,0.0020125643405076
5,Prevalence,44639,Middle SDI,3,Both,22,All ages,559,Schizophrenia,2,Percent,1991,0.0025925492963832,0.0030804987612883,0.002154356884651
5,Prevalence,44639,Middle SDI,1,Male,22,All ages,559,Schizophrenia,3,Rate,1991,267.41403914921,317.59078603573,221.81941416863
5,Prevalence,44639,Middle SDI,2,Female,22,All ages,559,Schizophrenia,3,Rate,1991,238.16918944109,283.6607250997,197.2553169467
5,Prevalence,44639,Middle SDI,3,Both,22,All ages,559,Schizophrenia,3,Rate,1991,253.06284744939,300.86269896071997,210.06104176205
5,Prevalence,44639,Middle SDI,1,Male,27,Age-standardized,559,Schizophrenia,2,Percent,1991,0.0030021810851949,0.0035293049599918,0.0025191826549883
5,Prevalence,44639,Middle SDI,2,Female,27,Age-standardized,559,Schizophrenia,2,Percent,1991,0.0026412764443357,0.0031170441411068,0.0022079686787843
5,Prevalence,44639,Middle SDI,3,Both,27,Age-standardized,559,Schizophrenia,2,Percent,1991,0.0028245829318921,0.0033197368340702,0.0023663848437278
5,Prevalence,44639,Middle SDI,1,Male,27,Age-standardized,559,Schizophrenia,3,Rate,1991,292.74461127893,344.26122312915004,245.66308077506
5,Prevalence,44639,Middle SDI,2,Female,27,Age-standardized,559,Schizophrenia,3,Rate,1991,259.8311232515,307.15888284517996,217.05309921615
5,Prevalence,44639,Middle SDI,3,Both,27,Age-standardized,559,Schizophrenia,3,Rate,1991,276.62116690701,325.29734952758,231.64631451184
5,Prevalence,192,Southern Sub-Saharan Africa,1,Male,22,All ages,559,Schizophrenia,1,Number,1991,44723.2141726617,54889.44054332012,36097.24381258277
5,Prevalence,192,Southern Sub-Saharan Africa,2,Female,22,All ages,559,Schizophrenia,1,Number,1991,52264.337697013856,63667.386332210735,42120.33101252098
5,Prevalence,192,Southern Sub-Saharan Africa,3,Both,22,All ages,559,Schizophrenia,1,Number,1991,96987.55186967552,118535.08926567929,78240.11001601812
5,Prevalence,192,Southern Sub-Saharan Africa,1,Male,22,All ages,559,Schizophrenia,2,Percent,1991,0.001751675013568,0.0021480135086914,0.0014117524274082
5,Prevalence,192,Southern Sub-Saharan Africa,2,Female,22,All ages,559,Schizophrenia,2,Percent,1991,0.0019100882472569,0.0023265341626813,0.0015386345427828
5,Prevalence,192,Southern Sub-Saharan Africa,3,Both,22,All ages,559,Schizophrenia,2,Percent,1991,0.0018336222755732,0.0022402023693267,0.0014785604866209
5,Prevalence,192,Southern Sub-Saharan Africa,1,Male,22,All ages,559,Schizophrenia,3,Rate,1991,172.06610234392002,211.17918890322,138.87892816045
5,Prevalence,192,Southern Sub-Saharan Africa,2,Female,22,All ages,559,Schizophrenia,3,Rate,1991,189.06478087071,230.31499060205,152.36912020678
5,Prevalence,192,Southern Sub-Saharan Africa,3,Both,22,All ages,559,Schizophrenia,3,Rate,1991,180.82718336936,221.00121004343,145.87375851817
5,Prevalence,192,Southern Sub-Saharan Africa,1,Male,27,Age-standardized,559,Schizophrenia,2,Percent,1991,0.0021900603774019,0.0026393746508245,0.0018095544327294
5,Prevalence,192,Southern Sub-Saharan Africa,2,Female,27,Age-standardized,559,Schizophrenia,2,Percent,1991,0.002322806042504,0.0027914262813595,0.0018966135840302
5,Prevalence,192,Southern Sub-Saharan Africa,3,Both,27,Age-standardized,559,Schizophrenia,2,Percent,1991,0.0022601753498332,0.0027184019762141,0.0018501249006999
5,Prevalence,192,Southern Sub-Saharan Africa,1,Male,27,Age-standardized,559,Schizophrenia,3,Rate,1991,216.13235304284999,260.62452114359996,178.57444819974
5,Prevalence,192,Southern Sub-Saharan Africa,2,Female,27,Age-standardized,559,Schizophrenia,3,Rate,1991,230.50101031455,276.86670212468,188.12238699873
5,Prevalence,192,Southern Sub-Saharan Africa,3,Both,27,Age-standardized,559,Schizophrenia,3,Rate,1991,223.68165113849003,268.91098188836,183.11038546038
6,Incidence,42,Central Europe,1,Male,22,All ages,559,Schizophrenia,1,Number,1991,8020.030282532589,9966.040909945546,6379.571586950839
6,Incidence,42,Central Europe,2,Female,22,All ages,559,Schizophrenia,1,Number,1991,7428.6027776301935,9236.275717223069,5904.243168769357
6,Incidence,42,Central Europe,3,Both,22,All ages,559,Schizophrenia,1,Number,1991,15448.63306016278,19214.86345465825,12265.361208991955
6,Incidence,42,Central Europe,1,Male,22,All ages,559,Schizophrenia,2,Percent,1991,3.76202070239e-05,4.7017453753e-05,2.93225827005e-05
6,Incidence,42,Central Europe,2,Female,22,All ages,559,Schizophrenia,2,Percent,1991,3.17859162236e-05,3.94790761019e-05,2.48731236625e-05
6,Incidence,42,Central Europe,3,Both,22,All ages,559,Schizophrenia,2,Percent,1991,3.45686974382e-05,4.29780188395e-05,2.69792377144e-05
6,Incidence,42,Central Europe,1,Male,22,All ages,559,Schizophrenia,3,Rate,1991,13.09773805912,16.27582299898,10.41865861246
6,Incidence,42,Central Europe,2,Female,22,All ages,559,Schizophrenia,3,Rate,1991,11.626117507390001,14.45521183909,9.240422045319999
6,Incidence,42,Central Europe,3,Both,22,All ages,559,Schizophrenia,3,Rate,1991,12.34626435787,15.35616665162,9.80225184592
6,Incidence,42,Central Europe,1,Male,27,Age-standardized,559,Schizophrenia,2,Percent,1991,3.62957713588e-05,4.53637301224e-05,2.804634513e-05
6,Incidence,42,Central Europe,2,Female,27,Age-standardized,559,Schizophrenia,2,Percent,1991,3.29629427578e-05,4.10428522508e-05,2.53812646917e-05
6,Incidence,42,Central Europe,3,Both,27,Age-standardized,559,Schizophrenia,2,Percent,1991,3.45597837538e-05,4.3182969294e-05,2.66787018006e-05
6,Incidence,42,Central Europe,1,Male,27,Age-standardized,559,Schizophrenia,3,Rate,1991,12.810801197950001,16.09466306837,10.07599895938
6,Incidence,42,Central Europe,2,Female,27,Age-standardized,559,Schizophrenia,3,Rate,1991,12.1650379242,15.302978686400001,9.57766479837
6,Incidence,42,Central Europe,3,Both,27,Age-standardized,559,Schizophrenia,3,Rate,1991,12.486618880390001,15.638581415200001,9.82700881039
6,Incidence,1,Global,1,Male,22,All ages,559,Schizophrenia,1,Number,1991,483531.403942433,581427.7896725843,395264.3053955339
6,Incidence,1,Global,2,Female,22,All ages,559,Schizophrenia,1,Number,1991,413629.6812581146,500306.3780465039,336994.6958146369
6,Incidence,1,Global,3,Both,22,All ages,559,Schizophrenia,1,Number,1991,897161.0852005488,1082247.3226073617,733042.6796081504
6,Incidence,1,Global,1,Male,22,All ages,559,Schizophrenia,2,Percent,1991,3.80545936432e-05,4.5770378457e-05,3.08295572227e-05
6,Incidence,1,Global,2,Female,22,All ages,559,Schizophrenia,2,Percent,1991,3.13069869194e-05,3.76395531076e-05,2.52910002635e-05
6,Incidence,1,Global,3,Both,22,All ages,559,Schizophrenia,2,Percent,1991,3.46147778236e-05,4.16711176525e-05,2.80274860681e-05
6,Incidence,1,Global,1,Male,22,All ages,559,Schizophrenia,3,Rate,1991,17.72105369063,21.30888085863,14.48613248446
6,Incidence,1,Global,2,Female,22,All ages,559,Schizophrenia,3,Rate,1991,15.388331569450001,18.61297866312,12.53726787828
6,Incidence,1,Global,3,Both,22,All ages,559,Schizophrenia,3,Rate,1991,16.563440935230002,19.98051398018,13.53347723946
6,Incidence,1,Global,1,Male,27,Age-standardized,559,Schizophrenia,2,Percent,1991,3.65962935784e-05,4.41632393535e-05,3.00079575546e-05
6,Incidence,1,Global,2,Female,27,Age-standardized,559,Schizophrenia,2,Percent,1991,3.00583836083e-05,3.61459612619e-05,2.45518190809e-05
6,Incidence,1,Global,3,Both,27,Age-standardized,559,Schizophrenia,2,Percent,1991,3.32629066482e-05,4.0068368948e-05,2.72405776506e-05
6,Incidence,1,Global,1,Male,27,Age-standardized,559,Schizophrenia,3,Rate,1991,16.67626988883,19.83864638759,13.90935552827
6,Incidence,1,Global,2,Female,27,Age-standardized,559,Schizophrenia,3,Rate,1991,14.55579895964,17.40641425155,12.10789504033
6,Incidence,1,Global,3,Both,27,Age-standardized,559,Schizophrenia,3,Rate,1991,15.62748304109,18.62570852988,13.02336999108
6,Incidence,5,East Asia,1,Male,22,All ages,559,Schizophrenia,1,Number,1991,140538.04483944594,163025.08404271916,120740.66321462516
6,Incidence,5,East Asia,2,Female,22,All ages,559,Schizophrenia,1,Number,1991,122127.71535974948,141819.50508049247,103690.75057939818
6,Incidence,5,East Asia,3,Both,22,All ages,559,Schizophrenia,1,Number,1991,262665.7601991954,304292.95434174966,224984.4017096377
6,Incidence,5,East Asia,1,Male,22,All ages,559,Schizophrenia,2,Percent,1991,6.50827301203e-05,7.70206734451e-05,5.45807740663e-05
6,Incidence,5,East Asia,2,Female,22,All ages,559,Schizophrenia,2,Percent,1991,5.8171175841e-05,6.81524278779e-05,4.85904127355e-05
6,Incidence,5,East Asia,3,Both,22,All ages,559,Schizophrenia,2,Percent,1991,6.16747442353e-05,7.26507943464e-05,5.17422736761e-05
6,Incidence,5,East Asia,1,Male,22,All ages,559,Schizophrenia,3,Rate,1991,22.08629424664,25.620250942469998,18.97503141117
6,Incidence,5,East Asia,2,Female,22,All ages,559,Schizophrenia,3,Rate,1991,20.422895805259998,23.7158696278,17.339760993760002
6,Incidence,5,East Asia,3,Both,22,All ages,559,Schizophrenia,3,Rate,1991,21.28041525259,24.65292934229,18.22758128089
6,Incidence,5,East Asia,1,Male,27,Age-standardized,559,Schizophrenia,2,Percent,1991,5.5351362397e-05,6.49392450744e-05,4.68793768645e-05
6,Incidence,5,East Asia,2,Female,27,Age-standardized,559,Schizophrenia,2,Percent,1991,4.87850178214e-05,5.67265752154e-05,4.14183252232e-05
6,Incidence,5,East Asia,3,Both,27,Age-standardized,559,Schizophrenia,2,Percent,1991,5.21293013365e-05,6.08799307792e-05,4.4328036881e-05
6,Incidence,5,East Asia,1,Male,27,Age-standardized,559,Schizophrenia,3,Rate,1991,18.95430517645,21.84687481399,16.355422290699998
6,Incidence,5,East Asia,2,Female,27,Age-standardized,559,Schizophrenia,3,Rate,1991,17.28355634257,19.972850338369998,14.896628524870001
6,Incidence,5,East Asia,3,Both,27,Age-standardized,559,Schizophrenia,3,Rate,1991,18.15128978408,20.95274833311,15.64486457245
6,Incidence,21,Oceania,1,Male,22,All ages,559,Schizophrenia,1,Number,1991,650.5023542128907,830.3326231721044,498.3790028975626
6,Incidence,21,Oceania,2,Female,22,All ages,559,Schizophrenia,1,Number,1991,520.2704781119314,668.7374736275875,390.5644208014089
6,Incidence,21,Oceania,3,Both,22,All ages,559,Schizophrenia,1,Number,1991,1170.7728323248218,1500.5349954202238,886.7194870579754
6,Incidence,21,Oceania,1,Male,22,All ages,559,Schizophrenia,2,Percent,1991,3.25474396179e-05,4.22810694656e-05,2.45099029897e-05
6,Incidence,21,Oceania,2,Female,22,All ages,559,Schizophrenia,2,Percent,1991,2.70707061477e-05,3.49490595273e-05,2.0270398847e-05
6,Incidence,21,Oceania,3,Both,22,All ages,559,Schizophrenia,2,Percent,1991,2.98620428272e-05,3.87055844474e-05,2.2411958988e-05
6,Incidence,21,Oceania,1,Male,22,All ages,559,Schizophrenia,3,Rate,1991,18.75069888058,23.93429768084,14.36575064058
6,Incidence,21,Oceania,2,Female,22,All ages,559,Schizophrenia,3,Rate,1991,16.08513914,20.67527519622,12.075032730130001
6,Incidence,21,Oceania,3,Both,22,All ages,559,Schizophrenia,3,Rate,1991,17.46458778493,22.38369769808,13.227322922739999
6,Incidence,21,Oceania,1,Male,27,Age-standardized,559,Schizophrenia,2,Percent,1991,3.48447052632e-05,4.42242479095e-05,2.71201218172e-05
6,Incidence,21,Oceania,2,Female,27,Age-standardized,559,Schizophrenia,2,Percent,1991,2.78099081156e-05,3.50021071163e-05,2.14189141964e-05
6,Incidence,21,Oceania,3,Both,27,Age-standardized,559,Schizophrenia,2,Percent,1991,3.13311081445e-05,3.96378414721e-05,2.43481600403e-05
6,Incidence,21,Oceania,1,Male,27,Age-standardized,559,Schizophrenia,3,Rate,1991,18.48260613759,23.21062175733,14.61200923269
6,Incidence,21,Oceania,2,Female,27,Age-standardized,559,Schizophrenia,3,Rate,1991,15.459242880329999,19.473498696260002,12.03885872103
6,Incidence,21,Oceania,3,Both,27,Age-standardized,559,Schizophrenia,3,Rate,1991,17.01035634531,21.31304015196,13.37781815831
6,Incidence,9,Southeast Asia,1,Male,22,All ages,559,Schizophrenia,1,Number,1991,47422.67468264747,58226.2966396104,37564.57850367443
6,Incidence,9,Southeast Asia,2,Female,22,All ages,559,Schizophrenia,1,Number,1991,40512.86367439203,49926.524533618285,31854.27080271897
6,Incidence,9,Southeast Asia,3,Both,22,All ages,559,Schizophrenia,1,Number,1991,87935.53835703955,107941.018673801,69441.41847591469
6,Incidence,9,Southeast Asia,1,Male,22,All ages,559,Schizophrenia,2,Percent,1991,3.73294233993e-05,4.63201969848e-05,2.89873801526e-05
6,Incidence,9,Southeast Asia,2,Female,22,All ages,559,Schizophrenia,2,Percent,1991,3.20247051438e-05,3.93700969754e-05,2.48143682647e-05
6,Incidence,9,Southeast Asia,3,Both,22,All ages,559,Schizophrenia,2,Percent,1991,3.46823877036e-05,4.28636190549e-05,2.69073735905e-05
6,Incidence,9,Southeast Asia,1,Male,22,All ages,559,Schizophrenia,3,Rate,1991,20.16544072552,24.75944137294,15.973503946460001
6,Incidence,9,Southeast Asia,2,Female,22,All ages,559,Schizophrenia,3,Rate,1991,16.989721218939998,20.9374913626,13.358600984630002
6,Incidence,9,Southeast Asia,3,Both,22,All ages,559,Schizophrenia,3,Rate,1991,18.566560752130002,22.7904840102,14.661743578720001
6,Incidence,9,Southeast Asia,1,Male,27,Age-standardized,559,Schizophrenia,2,Percent,1991,3.64976380933e-05,4.48398522867e-05,2.91992936811e-05
6,Incidence,9,Southeast Asia,2,Female,27,Age-standardized,559,Schizophrenia,2,Percent,1991,3.01120749671e-05,3.68518870603e-05,2.39709600463e-05
6,Incidence,9,Southeast Asia,3,Both,27,Age-standardized,559,Schizophrenia,2,Percent,1991,3.32439746086e-05,4.08021858497e-05,2.6540448684e-05
6,Incidence,9,Southeast Asia,1,Male,27,Age-standardized,559,Schizophrenia,3,Rate,1991,18.898637515289998,23.09183837164,15.43460916398
6,Incidence,9,Southeast Asia,2,Female,27,Age-standardized,559,Schizophrenia,3,Rate,1991,15.53168820087,18.95066895072,12.59697223112
6,Incidence,9,Southeast Asia,3,Both,27,Age-standardized,559,Schizophrenia,3,Rate,1991,17.18608288032,20.97728907453,14.0100926597
6,Incidence,32,Central Asia,1,Male,22,All ages,559,Schizophrenia,1,Number,1991,4584.934879001586,5892.360267213808,3472.3822962526265
6,Incidence,32,Central Asia,2,Female,22,All ages,559,Schizophrenia,1,Number,1991,4441.72513593694,5759.903921691071,3385.382883865919
6,Incidence,32,Central Asia,3,Both,22,All ages,559,Schizophrenia,1,Number,1991,9026.66001493852,11647.466647532689,6816.193580753242
6,Incidence,32,Central Asia,1,Male,22,All ages,559,Schizophrenia,2,Percent,1991,3.89679980156e-05,5.05120820293e-05,2.91773627349e-05
6,Incidence,32,Central Asia,2,Female,22,All ages,559,Schizophrenia,2,Percent,1991,3.50751054144e-05,4.51134849806e-05,2.61411831667e-05
6,Incidence,32,Central Asia,3,Both,22,All ages,559,Schizophrenia,2,Percent,1991,3.69495097298e-05,4.77006532698e-05,2.7706031302e-05
6,Incidence,32,Central Asia,1,Male,22,All ages,559,Schizophrenia,3,Rate,1991,13.356605108939998,17.16533196779,10.11557205113
6,Incidence,32,Central Asia,2,Female,22,All ages,559,Schizophrenia,3,Rate,1991,12.41329560341,16.097211745219997,9.46113439757
6,Incidence,32,Central Asia,3,Both,22,All ages,559,Schizophrenia,3,Rate,1991,12.875162603589999,16.613346105730002,9.722267211190001
6,Incidence,32,Central Asia,1,Male,27,Age-standardized,559,Schizophrenia,2,Percent,1991,3.82244762948e-05,4.86975948878e-05,2.89673982309e-05
6,Incidence,32,Central Asia,2,Female,27,Age-standardized,559,Schizophrenia,2,Percent,1991,3.46034449627e-05,4.4429360865e-05,2.62893731021e-05
6,Incidence,32,Central Asia,3,Both,27,Age-standardized,559,Schizophrenia,2,Percent,1991,3.63470576035e-05,4.64945818335e-05,2.74991274821e-05
6,Incidence,32,Central Asia,1,Male,27,Age-standardized,559,Schizophrenia,3,Rate,1991,12.79984493693,16.30275138709,9.82435988066
6,Incidence,32,Central Asia,2,Female,27,Age-standardized,559,Schizophrenia,3,Rate,1991,12.08706092848,15.447716561220002,9.26084993009
6,Incidence,32,Central Asia,3,Both,27,Age-standardized,559,Schizophrenia,3,Rate,1991,12.436028996850002,15.84369199025,9.60618758338
6,Incidence,56,Eastern Europe,1,Male,22,All ages,559,Schizophrenia,1,Number,1991,12562.69662453913,15248.354485657208,10342.011978358025
6,Incidence,56,Eastern Europe,2,Female,22,All ages,559,Schizophrenia,1,Number,1991,12622.252166893655,15326.088491145238,10292.558509385904
6,Incidence,56,Eastern Europe,3,Both,22,All ages,559,Schizophrenia,1,Number,1991,25184.9487914328,30562.35708768361,20647.97746907347
6,Incidence,56,Eastern Europe,1,Male,22,All ages,559,Schizophrenia,2,Percent,1991,2.87275637084e-05,3.53669016017e-05,2.32505101279e-05
6,Incidence,56,Eastern Europe,2,Female,22,All ages,559,Schizophrenia,2,Percent,1991,2.38696878747e-05,2.92105349468e-05,1.92725556991e-05
6,Incidence,56,Eastern Europe,3,Both,22,All ages,559,Schizophrenia,2,Percent,1991,2.60681292209e-05,3.20052881839e-05,2.11377671778e-05
6,Incidence,56,Eastern Europe,1,Male,22,All ages,559,Schizophrenia,3,Rate,1991,11.83271083631,14.36231206968,9.74106442773
6,Incidence,56,Eastern Europe,2,Female,22,All ages,559,Schizophrenia,3,Rate,1991,10.45211010057,12.69107622019,8.52296035084
6,Incidence,56,Eastern Europe,3,Both,22,All ages,559,Schizophrenia,3,Rate,1991,11.09801875466,13.467631598329998,9.09875350931
6,Incidence,56,Eastern Europe,1,Male,27,Age-standardized,559,Schizophrenia,2,Percent,1991,2.6797310881e-05,3.24114740029e-05,2.15416554848e-05
6,Incidence,56,Eastern Europe,2,Female,27,Age-standardized,559,Schizophrenia,2,Percent,1991,2.50262181387e-05,3.01391252993e-05,2.01956239458e-05
6,Incidence,56,Eastern Europe,3,Both,27,Age-standardized,559,Schizophrenia,2,Percent,1991,2.58277139748e-05,3.11065270529e-05,2.08618054405e-05
6,Incidence,56,Eastern Europe,1,Male,27,Age-standardized,559,Schizophrenia,3,Rate,1991,11.2046199363,13.572921118270001,9.23483995536
6,Incidence,56,Eastern Europe,2,Female,27,Age-standardized,559,Schizophrenia,3,Rate,1991,11.199323585750001,13.589815527579999,9.14526150022
6,Incidence,56,Eastern Europe,3,Both,27,Age-standardized,559,Schizophrenia,3,Rate,1991,11.19083700955,13.55224721752,9.19297133134
6,Incidence,73,Western Europe,1,Male,22,All ages,559,Schizophrenia,1,Number,1991,30510.93933214793,36684.37997507421,25505.957218329808
6,Incidence,73,Western Europe,2,Female,22,All ages,559,Schizophrenia,1,Number,1991,25392.92971291881,30702.72409490356,21151.51718450092
6,Incidence,73,Western Europe,3,Both,22,All ages,559,Schizophrenia,1,Number,1991,55903.86904506676,67157.27268118708,46806.39674118828
6,Incidence,73,Western Europe,1,Male,22,All ages,559,Schizophrenia,2,Percent,1991,4.24926681478e-05,5.14793881667e-05,3.47792284632e-05
6,Incidence,73,Western Europe,2,Female,22,All ages,559,Schizophrenia,2,Percent,1991,2.87563038399e-05,3.48130720532e-05,2.36356412484e-05
6,Incidence,73,Western Europe,3,Both,22,All ages,559,Schizophrenia,2,Percent,1991,3.49161544067e-05,4.20790656354e-05,2.86894629305e-05
6,Incidence,73,Western Europe,1,Male,22,All ages,559,Schizophrenia,3,Rate,1991,16.23085812849,19.51493398565,13.56836538316
6,Incidence,73,Western Europe,2,Female,22,All ages,559,Schizophrenia,3,Rate,1991,12.833913077719998,15.51755141049,10.69024866672
6,Incidence,73,Western Europe,3,Both,22,All ages,559,Schizophrenia,3,Rate,1991,14.48890688842,17.40551212965,12.13106598434
6,Incidence,73,Western Europe,1,Male,27,Age-standardized,559,Schizophrenia,2,Percent,1991,3.8407565291e-05,4.65345303759e-05,3.12465165323e-05
6,Incidence,73,Western Europe,2,Female,27,Age-standardized,559,Schizophrenia,2,Percent,1991,2.79540674429e-05,3.39634579565e-05,2.27636598688e-05
6,Incidence,73,Western Europe,3,Both,27,Age-standardized,559,Schizophrenia,2,Percent,1991,3.28343056456e-05,3.9566557387e-05,2.68069162204e-05
6,Incidence,73,Western Europe,1,Male,27,Age-standardized,559,Schizophrenia,3,Rate,1991,15.3811537838,18.42677255002,12.801685973480001
6,Incidence,73,Western Europe,2,Female,27,Age-standardized,559,Schizophrenia,3,Rate,1991,13.017716348839999,15.621063553139999,10.82321270648
6,Incidence,73,Western Europe,3,Both,27,Age-standardized,559,Schizophrenia,3,Rate,1991,14.215272899499999,16.983241900499998,11.84412925745
6,Incidence,96,Southern Latin America,1,Male,22,All ages,559,Schizophrenia,1,Number,1991,3997.2185381194886,5103.767375988932,2982.0413668837177
6,Incidence,96,Southern Latin America,2,Female,22,All ages,559,Schizophrenia,1,Number,1991,3722.0849025158727,4776.709353785585,2828.309892744738
6,Incidence,96,Southern Latin America,3,Both,22,All ages,559,Schizophrenia,1,Number,1991,7719.303440635374,9843.986771624295,5809.644637902048
6,Incidence,96,Southern Latin America,1,Male,22,All ages,559,Schizophrenia,2,Percent,1991,3.50672766776e-05,4.49168039464e-05,2.60893273257e-05
6,Incidence,96,Southern Latin America,2,Female,22,All ages,559,Schizophrenia,2,Percent,1991,2.82665398129e-05,3.6067087148e-05,2.1076442707e-05
6,Incidence,96,Southern Latin America,3,Both,22,All ages,559,Schizophrenia,2,Percent,1991,3.1421297069e-05,4.02486905967e-05,2.34187497073e-05
6,Incidence,96,Southern Latin America,1,Male,22,All ages,559,Schizophrenia,3,Rate,1991,16.27596697664,20.78163815059,12.14234507008
6,Incidence,96,Southern Latin America,2,Female,22,All ages,559,Schizophrenia,3,Rate,1991,14.534158891110001,18.652302282970002,11.04410738903
6,Incidence,96,Southern Latin America,3,Both,22,All ages,559,Schizophrenia,3,Rate,1991,15.38683184899,19.62194780183,11.58032273679
6,Incidence,96,Southern Latin America,1,Male,27,Age-standardized,559,Schizophrenia,2,Percent,1991,3.47345801997e-05,4.45167243128e-05,2.59226306138e-05
6,Incidence,96,Southern Latin America,2,Female,27,Age-standardized,559,Schizophrenia,2,Percent,1991,2.82863234886e-05,3.61176584927e-05,2.12853635247e-05
6,Incidence,96,Southern Latin America,3,Both,27,Age-standardized,559,Schizophrenia,2,Percent,1991,3.12871080832e-05,4.00940820259e-05,2.35456094356e-05
6,Incidence,96,Southern Latin America,1,Male,27,Age-standardized,559,Schizophrenia,3,Rate,1991,15.96553603864,20.33019538708,12.02799326831
6,Incidence,96,Southern Latin America,2,Female,27,Age-standardized,559,Schizophrenia,3,Rate,1991,14.54855867503,18.5784673332,11.05091142757
6,Incidence,96,Southern Latin America,3,Both,27,Age-standardized,559,Schizophrenia,3,Rate,1991,15.25033688324,19.40895697131,11.57084867568
6,Incidence,100,High-income North America,1,Male,22,All ages,559,Schizophrenia,1,Number,1991,26942.18349605944,32319.3106603194,22283.9153178804
6,Incidence,100,High-income North America,2,Female,22,All ages,559,Schizophrenia,1,Number,1991,23701.101209609216,28623.635881800088,19616.191317677185
6,Incidence,100,High-income North America,3,Both,22,All ages,559,Schizophrenia,1,Number,1991,50643.28470566861,60992.201903208654,41943.55880093077
6,Incidence,100,High-income North America,1,Male,22,All ages,559,Schizophrenia,2,Percent,1991,3.94952850915e-05,4.76402932611e-05,3.21495844227e-05
6,Incidence,100,High-income North America,2,Female,22,All ages,559,Schizophrenia,2,Percent,1991,3.02722691074e-05,3.69179870297e-05,2.48482692185e-05
6,Incidence,100,High-income North America,3,Both,22,All ages,559,Schizophrenia,2,Percent,1991,3.45661391329e-05,4.19217368931e-05,2.82626915766e-05
6,Incidence,100,High-income North America,1,Male,22,All ages,559,Schizophrenia,3,Rate,1991,19.35660997602,23.21980663658,16.00987750714
6,Incidence,100,High-income North America,2,Female,22,All ages,559,Schizophrenia,3,Rate,1991,16.3000421181,19.68543428933,13.490712598
6,Incidence,100,High-income North America,3,Both,22,All ages,559,Schizophrenia,3,Rate,1991,17.79494250844,21.4313256464,14.738049117460001
6,Incidence,100,High-income North America,1,Male,27,Age-standardized,559,Schizophrenia,2,Percent,1991,3.68099797975e-05,4.41695005198e-05,3.01138262175e-05
6,Incidence,100,High-income North America,2,Female,27,Age-standardized,559,Schizophrenia,2,Percent,1991,2.9755875076e-05,3.5513785583e-05,2.4404401348e-05
6,Incidence,100,High-income North America,3,Both,27,Age-standardized,559,Schizophrenia,2,Percent,1991,3.31420851385e-05,3.98518906415e-05,2.70721334976e-05
6,Incidence,100,High-income North America,1,Male,27,Age-standardized,559,Schizophrenia,3,Rate,1991,18.41514727126,21.893490166310002,15.241667855229998
6,Incidence,100,High-income North America,2,Female,27,Age-standardized,559,Schizophrenia,3,Rate,1991,16.407802671960003,19.618262644,13.59684837097
6,Incidence,100,High-income North America,3,Both,27,Age-standardized,559,Schizophrenia,3,Rate,1991,17.422521473070002,20.78948979155,14.439485821699998
6,Incidence,70,Australasia,1,Male,22,All ages,559,Schizophrenia,1,Number,1991,2462.82165558965,2777.2204977135884,2163.467711909069
6,Incidence,70,Australasia,2,Female,22,All ages,559,Schizophrenia,1,Number,1991,1829.4253934035755,2117.8883532785253,1582.4492119959775
6,Incidence,70,Australasia,3,Both,22,All ages,559,Schizophrenia,1,Number,1991,4292.247048993225,4840.116147019518,3794.9782428503822
6,Incidence,70,Australasia,1,Male,22,All ages,559,Schizophrenia,2,Percent,1991,5.57445760212e-05,6.36044760246e-05,4.86504577822e-05
6,Incidence,70,Australasia,2,Female,22,All ages,559,Schizophrenia,2,Percent,1991,3.63365258103e-05,4.22711186916e-05,3.12776689322e-05
6,Incidence,70,Australasia,3,Both,22,All ages,559,Schizophrenia,2,Percent,1991,4.54065404585e-05,5.16962024921e-05,3.96357987009e-05
6,Incidence,70,Australasia,1,Male,22,All ages,559,Schizophrenia,3,Rate,1991,24.15963301867,27.243803011229996,21.22304952485
6,Incidence,70,Australasia,2,Female,22,All ages,559,Schizophrenia,3,Rate,1991,17.6842599452,20.4727059706,15.2968485711
6,Incidence,70,Australasia,3,Both,22,All ages,559,Schizophrenia,3,Rate,1991,20.89814598764,23.56561788802,18.47703741974
6,Incidence,70,Australasia,1,Male,27,Age-standardized,559,Schizophrenia,2,Percent,1991,5.23238618594e-05,5.98435815464e-05,4.56696692595e-05
6,Incidence,70,Australasia,2,Female,27,Age-standardized,559,Schizophrenia,2,Percent,1991,3.43895984737e-05,3.97024861701e-05,2.96264261198e-05
6,Incidence,70,Australasia,3,Both,27,Age-standardized,559,Schizophrenia,2,Percent,1991,4.29606680962e-05,4.88871976386e-05,3.75615943356e-05
6,Incidence,70,Australasia,1,Male,27,Age-standardized,559,Schizophrenia,3,Rate,1991,23.12924325509,25.98474357328,20.40356539108
6,Incidence,70,Australasia,2,Female,27,Age-standardized,559,Schizophrenia,3,Rate,1991,16.99455407448,19.60017317517,14.796195674209999
6,Incidence,70,Australasia,3,Both,27,Age-standardized,559,Schizophrenia,3,Rate,1991,20.10975821844,22.576805475620002,17.834797010200003
6,Incidence,104,Caribbean,1,Male,22,All ages,559,Schizophrenia,1,Number,1991,2675.738821667884,3403.518184986422,2045.1019528649729
6,Incidence,104,Caribbean,2,Female,22,All ages,559,Schizophrenia,1,Number,1991,2102.072947627561,2714.0193611815776,1598.050643912443
6,Incidence,104,Caribbean,3,Both,22,All ages,559,Schizophrenia,1,Number,1991,4777.811769295444,6117.7190244778485,3642.897044786333
6,Incidence,104,Caribbean,1,Male,22,All ages,559,Schizophrenia,2,Percent,1991,3.43134631926e-05,4.36006641985e-05,2.59659276556e-05
6,Incidence,104,Caribbean,2,Female,22,All ages,559,Schizophrenia,2,Percent,1991,2.44549750355e-05,3.16005285139e-05,1.86868420997e-05
6,Incidence,104,Caribbean,3,Both,22,All ages,559,Schizophrenia,2,Percent,1991,2.91440798544e-05,3.73836365195e-05,2.21843848847e-05
6,Incidence,104,Caribbean,1,Male,22,All ages,559,Schizophrenia,3,Rate,1991,15.15909578656,19.282247489819998,11.58629390347
6,Incidence,104,Caribbean,2,Female,22,All ages,559,Schizophrenia,3,Rate,1991,11.596795258150001,14.972804294829999,8.816186017969999
6,Incidence,104,Caribbean,3,Both,22,All ages,559,Schizophrenia,3,Rate,1991,13.35428399188,17.09940893034,10.182126052320001
6,Incidence,104,Caribbean,1,Male,27,Age-standardized,559,Schizophrenia,2,Percent,1991,3.27387160523e-05,4.14814634004e-05,2.51322713938e-05
6,Incidence,104,Caribbean,2,Female,27,Age-standardized,559,Schizophrenia,2,Percent,1991,2.27170361037e-05,2.8849093859e-05,1.74753859795e-05
6,Incidence,104,Caribbean,3,Both,27,Age-standardized,559,Schizophrenia,2,Percent,1991,2.74253973038e-05,3.46754664896e-05,2.11430568714e-05
6,Incidence,104,Caribbean,1,Male,27,Age-standardized,559,Schizophrenia,3,Rate,1991,14.21185054533,17.77859636291,11.05805104664
6,Incidence,104,Caribbean,2,Female,27,Age-standardized,559,Schizophrenia,3,Rate,1991,10.663821001099999,13.46905956821,8.33485204035
6,Incidence,104,Caribbean,3,Both,27,Age-standardized,559,Schizophrenia,3,Rate,1991,12.40033537968,15.59130127413,9.66467870158
6,Incidence,138,North Africa and Middle East,1,Male,22,All ages,559,Schizophrenia,1,Number,1991,27222.192853193766,34361.04471133255,20799.004743335838
6,Incidence,138,North Africa and Middle East,2,Female,22,All ages,559,Schizophrenia,1,Number,1991,23211.469590556757,29289.972786465813,17761.582818573464
6,Incidence,138,North Africa and Middle East,3,Both,22,All ages,559,Schizophrenia,1,Number,1991,50433.66244375052,63659.26069291629,38512.37443960335
6,Incidence,138,North Africa and Middle East,1,Male,22,All ages,559,Schizophrenia,2,Percent,1991,3.52548972508e-05,4.47534919895e-05,2.6840184524e-05
6,Incidence,138,North Africa and Middle East,2,Female,22,All ages,559,Schizophrenia,2,Percent,1991,2.91587615245e-05,3.68548371726e-05,2.20735455855e-05
6,Incidence,138,North Africa and Middle East,3,Both,22,All ages,559,Schizophrenia,2,Percent,1991,3.21600878987e-05,4.07269726136e-05,2.4350626183e-05
6,Incidence,138,North Africa and Middle East,1,Male,22,All ages,559,Schizophrenia,3,Rate,1991,15.294340751280002,19.305187103010002,11.68557829075
6,Incidence,138,North Africa and Middle East,2,Female,22,All ages,559,Schizophrenia,3,Rate,1991,13.70049267283,17.28830895359,10.483715144120001
6,Incidence,138,North Africa and Middle East,3,Both,22,All ages,559,Schizophrenia,3,Rate,1991,14.51707082493,18.32399138516,11.08558927283
6,Incidence,138,North Africa and Middle East,1,Male,27,Age-standardized,559,Schizophrenia,2,Percent,1991,3.67524893078e-05,4.59468098088e-05,2.87248846348e-05
6,Incidence,138,North Africa and Middle East,2,Female,27,Age-standardized,559,Schizophrenia,2,Percent,1991,2.97860771999e-05,3.72680014001e-05,2.30964558504e-05
6,Incidence,138,North Africa and Middle East,3,Both,27,Age-standardized,559,Schizophrenia,2,Percent,1991,3.31945871527e-05,4.15375192609e-05,2.596919517e-05
6,Incidence,138,North Africa and Middle East,1,Male,27,Age-standardized,559,Schizophrenia,3,Rate,1991,15.003306382759998,18.649803657550002,11.92182839523
6,Incidence,138,North Africa and Middle East,2,Female,27,Age-standardized,559,Schizophrenia,3,Rate,1991,13.36863078602,16.6038802104,10.60815530177
6,Incidence,138,North Africa and Middle East,3,Both,27,Age-standardized,559,Schizophrenia,3,Rate,1991,14.20667400872,17.652640747390002,11.24951245085
6,Incidence,65,High-income Asia Pacific,1,Male,22,All ages,559,Schizophrenia,1,Number,1991,14589.090610550178,17842.584532014553,11833.619898051937
6,Incidence,65,High-income Asia Pacific,2,Female,22,All ages,559,Schizophrenia,1,Number,1991,13140.582616091137,15886.202362929902,10778.64817395799
6,Incidence,65,High-income Asia Pacific,3,Both,22,All ages,559,Schizophrenia,1,Number,1991,27729.673226641327,33643.82221576433,22586.26284950244
6,Incidence,65,High-income Asia Pacific,1,Male,22,All ages,559,Schizophrenia,2,Percent,1991,4.048184917e-05,4.92219498067e-05,3.21550981094e-05
6,Incidence,65,High-income Asia Pacific,2,Female,22,All ages,559,Schizophrenia,2,Percent,1991,3.30876476496e-05,4.04276783914e-05,2.66754283968e-05
6,Incidence,65,High-income Asia Pacific,3,Both,22,All ages,559,Schizophrenia,2,Percent,1991,3.66049308772e-05,4.45527072636e-05,2.9323447645e-05
6,Incidence,65,High-income Asia Pacific,1,Male,22,All ages,559,Schizophrenia,3,Rate,1991,16.93157474561,20.70746297512,13.73367437105
6,Incidence,65,High-income Asia Pacific,2,Female,22,All ages,559,Schizophrenia,3,Rate,1991,14.92350317849,18.04164993164,12.241100336519999
6,Incidence,65,High-income Asia Pacific,3,Both,22,All ages,559,Schizophrenia,3,Rate,1991,15.91665857064,19.31134300945,12.96437326268
6,Incidence,65,High-income Asia Pacific,1,Male,27,Age-standardized,559,Schizophrenia,2,Percent,1991,3.55983337646e-05,4.36040569427e-05,2.81116939586e-05
6,Incidence,65,High-income Asia Pacific,2,Female,27,Age-standardized,559,Schizophrenia,2,Percent,1991,3.02607175819e-05,3.75748808189e-05,2.40066835672e-05
6,Incidence,65,High-income Asia Pacific,3,Both,27,Age-standardized,559,Schizophrenia,2,Percent,1991,3.28881697944e-05,4.03865544866e-05,2.61151372833e-05
6,Incidence,65,High-income Asia Pacific,1,Male,27,Age-standardized,559,Schizophrenia,3,Rate,1991,15.66896026053,19.33656141972,12.73718215817
6,Incidence,65,High-income Asia Pacific,2,Female,27,Age-standardized,559,Schizophrenia,3,Rate,1991,14.39949908735,17.51883707838,11.74411418326
6,Incidence,65,High-income Asia Pacific,3,Both,27,Age-standardized,559,Schizophrenia,3,Rate,1991,15.049693846730001,18.321449925459998,12.2546199616
6,Incidence,124,Central Latin America,1,Male,22,All ages,559,Schizophrenia,1,Number,1991,13274.020612695844,16621.933753940277,10373.256320956418
6,Incidence,124,Central Latin America,2,Female,22,All ages,559,Schizophrenia,1,Number,1991,10984.214965140016,13855.079405233886,8500.015747273657
6,Incidence,124,Central Latin America,3,Both,22,All ages,559,Schizophrenia,1,Number,1991,24258.235577835854,30500.52033725494,18848.061029558223
6,Incidence,124,Central Latin America,1,Male,22,All ages,559,Schizophrenia,2,Percent,1991,3.32297060873e-05,4.15116776983e-05,2.59057724028e-05
6,Incidence,124,Central Latin America,2,Female,22,All ages,559,Schizophrenia,2,Percent,1991,2.54971358625e-05,3.19328259256e-05,1.96461618046e-05
6,Incidence,124,Central Latin America,3,Both,22,All ages,559,Schizophrenia,2,Percent,1991,2.92172550114e-05,3.65061149449e-05,2.26322451517e-05
6,Incidence,124,Central Latin America,1,Male,22,All ages,559,Schizophrenia,3,Rate,1991,16.006915383790002,20.044106821699998,12.508933128
6,Incidence,124,Central Latin America,2,Female,22,All ages,559,Schizophrenia,3,Rate,1991,12.91047081058,16.28478674236,9.99062796413
6,Incidence,124,Central Latin America,3,Both,22,All ages,559,Schizophrenia,3,Rate,1991,14.4388516876,18.154349607630003,11.218637766599999
6,Incidence,124,Central Latin America,1,Male,27,Age-standardized,559,Schizophrenia,2,Percent,1991,3.35530667454e-05,4.11394759952e-05,2.64468642733e-05
6,Incidence,124,Central Latin America,2,Female,27,Age-standardized,559,Schizophrenia,2,Percent,1991,2.44660511288e-05,3.02679967106e-05,1.92169769515e-05
6,Incidence,124,Central Latin America,3,Both,27,Age-standardized,559,Schizophrenia,2,Percent,1991,2.87373929013e-05,3.54479291936e-05,2.26037990345e-05
6,Incidence,124,Central Latin America,1,Male,27,Age-standardized,559,Schizophrenia,3,Rate,1991,15.42584426948,18.99980277433,12.38519449683
6,Incidence,124,Central Latin America,2,Female,27,Age-standardized,559,Schizophrenia,3,Rate,1991,12.007892094,14.948792749259999,9.57359959135
6,Incidence,124,Central Latin America,3,Both,27,Age-standardized,559,Schizophrenia,3,Rate,1991,13.669308457560001,16.886539257880003,10.93817435061
6,Incidence,167,Central Sub-Saharan Africa,1,Male,22,All ages,559,Schizophrenia,1,Number,1991,3536.110075870537,4548.87715099008,2659.834543860735
6,Incidence,167,Central Sub-Saharan Africa,2,Female,22,All ages,559,Schizophrenia,1,Number,1991,3766.170310275383,4843.132496801859,2833.886662677446
6,Incidence,167,Central Sub-Saharan Africa,3,Both,22,All ages,559,Schizophrenia,1,Number,1991,7302.280386145913,9365.860961898265,5508.052237305376
6,Incidence,167,Central Sub-Saharan Africa,1,Male,22,All ages,559,Schizophrenia,2,Percent,1991,1.95565725795e-05,2.51285844875e-05,1.47065403806e-05
6,Incidence,167,Central Sub-Saharan Africa,2,Female,22,All ages,559,Schizophrenia,2,Percent,1991,2.08115017687e-05,2.68790529325e-05,1.54707779138e-05
6,Incidence,167,Central Sub-Saharan Africa,3,Both,22,All ages,559,Schizophrenia,2,Percent,1991,2.01838521221e-05,2.60683211645e-05,1.51531474305e-05
6,Incidence,167,Central Sub-Saharan Africa,1,Male,22,All ages,559,Schizophrenia,3,Rate,1991,12.60753925369,16.21842816282,9.483293138659999
6,Incidence,167,Central Sub-Saharan Africa,2,Female,22,All ages,559,Schizophrenia,3,Rate,1991,13.204466131310001,16.98037363021,9.93581207818
6,Incidence,167,Central Sub-Saharan Africa,3,Both,22,All ages,559,Schizophrenia,3,Rate,1991,12.90850543644,16.55637153744,9.736783373089999
6,Incidence,167,Central Sub-Saharan Africa,1,Male,27,Age-standardized,559,Schizophrenia,2,Percent,1991,2.39778207508e-05,3.03660109861e-05,1.8535746332e-05
6,Incidence,167,Central Sub-Saharan Africa,2,Female,27,Age-standardized,559,Schizophrenia,2,Percent,1991,2.47261869401e-05,3.1593469221e-05,1.87523589284e-05
6,Incidence,167,Central Sub-Saharan Africa,3,Both,27,Age-standardized,559,Schizophrenia,2,Percent,1991,2.43427278613e-05,3.08985260523e-05,1.86711282654e-05
6,Incidence,167,Central Sub-Saharan Africa,1,Male,27,Age-standardized,559,Schizophrenia,3,Rate,1991,13.676704987679999,17.23748853964,10.71421326188
6,Incidence,167,Central Sub-Saharan Africa,2,Female,27,Age-standardized,559,Schizophrenia,3,Rate,1991,14.110023185290002,17.91598572065,10.86258475101
6,Incidence,167,Central Sub-Saharan Africa,3,Both,27,Age-standardized,559,Schizophrenia,3,Rate,1991,13.88791754714,17.50020692731,10.782751910570001
6,Incidence,120,Andean Latin America,1,Male,22,All ages,559,Schizophrenia,1,Number,1991,2988.9233602857503,3872.025662173863,2251.527891068268
6,Incidence,120,Andean Latin America,2,Female,22,All ages,559,Schizophrenia,1,Number,1991,2390.1105436385387,3117.8755767970115,1796.7109007422705
6,Incidence,120,Andean Latin America,3,Both,22,All ages,559,Schizophrenia,1,Number,1991,5379.033903924286,6955.010984735182,4056.908772877482
6,Incidence,120,Andean Latin America,1,Male,22,All ages,559,Schizophrenia,2,Percent,1991,2.96441790338e-05,3.81872162116e-05,2.21795243923e-05
6,Incidence,120,Andean Latin America,2,Female,22,All ages,559,Schizophrenia,2,Percent,1991,2.16316732248e-05,2.80251913699e-05,1.61310684408e-05
6,Incidence,120,Andean Latin America,3,Both,22,All ages,559,Schizophrenia,2,Percent,1991,2.54540909682e-05,3.27472626248e-05,1.90575687001e-05
6,Incidence,120,Andean Latin America,1,Male,22,All ages,559,Schizophrenia,3,Rate,1991,15.50016787359,20.07982157455,11.67613085947
6,Incidence,120,Andean Latin America,2,Female,22,All ages,559,Schizophrenia,3,Rate,1991,12.239442940919998,15.96623232372,9.20072111706
6,Incidence,120,Andean Latin America,3,Both,22,All ages,559,Schizophrenia,3,Rate,1991,13.85952328379,17.92015785802,10.45295913768
6,Incidence,120,Andean Latin America,1,Male,27,Age-standardized,559,Schizophrenia,2,Percent,1991,3.08072421505e-05,3.97117742841e-05,2.33689009359e-05
6,Incidence,120,Andean Latin America,2,Female,27,Age-standardized,559,Schizophrenia,2,Percent,1991,2.13241466748e-05,2.7376865577e-05,1.61915879876e-05
6,Incidence,120,Andean Latin America,3,Both,27,Age-standardized,559,Schizophrenia,2,Percent,1991,2.57311467897e-05,3.29581099906e-05,1.9518261107e-05
6,Incidence,120,Andean Latin America,1,Male,27,Age-standardized,559,Schizophrenia,3,Rate,1991,15.147664408390002,19.36166824968,11.692233888999999
6,Incidence,120,Andean Latin America,2,Female,27,Age-standardized,559,Schizophrenia,3,Rate,1991,11.62590110226,14.85189129146,8.94888448404
6,Incidence,120,Andean Latin America,3,Both,27,Age-standardized,559,Schizophrenia,3,Rate,1991,13.354272161959999,17.0058605539,10.26551240959
6,Incidence,44634,High-middle SDI,1,Male,22,All ages,559,Schizophrenia,1,Number,1991,98966.5516334064,116079.66437164586,84375.44733679741
6,Incidence,44634,High-middle SDI,2,Female,22,All ages,559,Schizophrenia,1,Number,1991,87316.140477974,102824.96943770364,74235.76922121234
6,Incidence,44634,High-middle SDI,3,Both,22,All ages,559,Schizophrenia,1,Number,1991,186282.6921113804,218462.32158475288,158661.0934784346
6,Incidence,44634,High-middle SDI,1,Male,22,All ages,559,Schizophrenia,2,Percent,1991,4.92134303272e-05,5.81777530212e-05,4.10903089363e-05
6,Incidence,44634,High-middle SDI,2,Female,22,All ages,559,Schizophrenia,2,Percent,1991,4.01863598406e-05,4.72034057954e-05,3.36284565145e-05
6,Incidence,44634,High-middle SDI,3,Both,22,All ages,559,Schizophrenia,2,Percent,1991,4.45249298281e-05,5.24861739965e-05,3.72327502093e-05
6,Incidence,44634,High-middle SDI,1,Male,22,All ages,559,Schizophrenia,3,Rate,1991,18.48254838758,21.678516409369998,15.75757932744
6,Incidence,44634,High-middle SDI,2,Female,22,All ages,559,Schizophrenia,3,Rate,1991,16.1692904573,19.04123095684,13.747054190530001
6,Incidence,44634,High-middle SDI,3,Both,22,All ages,559,Schizophrenia,3,Rate,1991,17.321023114979997,20.3131642507,14.75269890315
6,Incidence,44634,High-middle SDI,1,Male,27,Age-standardized,559,Schizophrenia,2,Percent,1991,4.35483771409e-05,5.1372256387e-05,3.65925501556e-05
6,Incidence,44634,High-middle SDI,2,Female,27,Age-standardized,559,Schizophrenia,2,Percent,1991,3.67152456563e-05,4.31049771002e-05,3.09011436299e-05
6,Incidence,44634,High-middle SDI,3,Both,27,Age-standardized,559,Schizophrenia,2,Percent,1991,4.00200906615e-05,4.70246506384e-05,3.36840878035e-05
6,Incidence,44634,High-middle SDI,1,Male,27,Age-standardized,559,Schizophrenia,3,Rate,1991,16.58846025255,19.35123379443,14.18565455181
6,Incidence,44634,High-middle SDI,2,Female,27,Age-standardized,559,Schizophrenia,3,Rate,1991,14.996699894199999,17.57267532846,12.86529354993
6,Incidence,44634,High-middle SDI,3,Both,27,Age-standardized,559,Schizophrenia,3,Rate,1991,15.7988120644,18.437537326530002,13.54536054172
6,Incidence,159,South Asia,1,Male,22,All ages,559,Schizophrenia,1,Number,1991,101338.68208689228,123785.55832213668,81856.53181087741
6,Incidence,159,South Asia,2,Female,22,All ages,559,Schizophrenia,1,Number,1991,72243.46364158245,89019.09884958458,57722.07589985448
6,Incidence,159,South Asia,3,Both,22,All ages,559,Schizophrenia,1,Number,1991,173582.14572847454,213079.32069596677,139869.77061683655
6,Incidence,159,South Asia,1,Male,22,All ages,559,Schizophrenia,2,Percent,1991,3.24030294254e-05,3.98054090293e-05,2.59114704845e-05
6,Incidence,159,South Asia,2,Female,22,All ages,559,Schizophrenia,2,Percent,1991,2.3292290335e-05,2.88681261744e-05,1.83785401193e-05
6,Incidence,159,South Asia,3,Both,22,All ages,559,Schizophrenia,2,Percent,1991,2.78661373857e-05,3.43053075186e-05,2.19798967251e-05
6,Incidence,159,South Asia,1,Male,22,All ages,559,Schizophrenia,3,Rate,1991,17.49235201115,21.36696980341,14.12948381961
6,Incidence,159,South Asia,2,Female,22,All ages,559,Schizophrenia,3,Rate,1991,13.50048905565,16.635433978149997,10.78680637215
6,Incidence,159,South Asia,3,Both,22,All ages,559,Schizophrenia,3,Rate,1991,15.57560594627,19.119705661730002,12.5505789883
6,Incidence,159,South Asia,1,Male,27,Age-standardized,559,Schizophrenia,2,Percent,1991,3.30715819955e-05,4.01779563449e-05,2.64728631039e-05
6,Incidence,159,South Asia,2,Female,27,Age-standardized,559,Schizophrenia,2,Percent,1991,2.33670198642e-05,2.84944740677e-05,1.86236950114e-05
6,Incidence,159,South Asia,3,Both,27,Age-standardized,559,Schizophrenia,2,Percent,1991,2.81952436855e-05,3.43181356907e-05,2.26250928841e-05
6,Incidence,159,South Asia,1,Male,27,Age-standardized,559,Schizophrenia,3,Rate,1991,17.15065001728,20.74051245916,14.02086945303
6,Incidence,159,South Asia,2,Female,27,Age-standardized,559,Schizophrenia,3,Rate,1991,13.110043873320002,15.88978508635,10.67210198301
6,Incidence,159,South Asia,3,Both,27,Age-standardized,559,Schizophrenia,3,Rate,1991,15.197254693520001,18.4246988728,12.41844929058
6,Incidence,134,Tropical Latin America,1,Male,22,All ages,559,Schizophrenia,1,Number,1991,12773.26544696228,15495.232901605585,10367.28418059789
6,Incidence,134,Tropical Latin America,2,Female,22,All ages,559,Schizophrenia,1,Number,1991,10314.87685730742,12548.05611630033,8338.657215058209
6,Incidence,134,Tropical Latin America,3,Both,22,All ages,559,Schizophrenia,1,Number,1991,23088.14230426969,28077.167793488938,18667.567522532885
6,Incidence,134,Tropical Latin America,1,Male,22,All ages,559,Schizophrenia,2,Percent,1991,2.95728323778e-05,3.58096265907e-05,2.37326167916e-05
6,Incidence,134,Tropical Latin America,2,Female,22,All ages,559,Schizophrenia,2,Percent,1991,2.23081207763e-05,2.6834498822e-05,1.78095068612e-05
6,Incidence,134,Tropical Latin America,3,Both,22,All ages,559,Schizophrenia,2,Percent,1991,2.58165016963e-05,3.11753862226e-05,2.06823282309e-05
6,Incidence,134,Tropical Latin America,1,Male,22,All ages,559,Schizophrenia,3,Rate,1991,16.67201792554,20.224804829169997,13.5316648993
6,Incidence,134,Tropical Latin America,2,Female,22,All ages,559,Schizophrenia,3,Rate,1991,13.153653402849999,16.001430101060002,10.63355465793
6,Incidence,134,Tropical Latin America,3,Both,22,All ages,559,Schizophrenia,3,Rate,1991,14.89237285208,18.11040688768,12.04100235191
6,Incidence,134,Tropical Latin America,1,Male,27,Age-standardized,559,Schizophrenia,2,Percent,1991,2.80874955222e-05,3.37361766256e-05,2.28528378332e-05
6,Incidence,134,Tropical Latin America,2,Female,27,Age-standardized,559,Schizophrenia,2,Percent,1991,2.07432700892e-05,2.47765671082e-05,1.68724506466e-05
6,Incidence,134,Tropical Latin America,3,Both,27,Age-standardized,559,Schizophrenia,2,Percent,1991,2.4250056133e-05,2.90384478309e-05,1.97201142187e-05
6,Incidence,134,Tropical Latin America,1,Male,27,Age-standardized,559,Schizophrenia,3,Rate,1991,15.502032405260001,18.66120862464,12.77242609802
6,Incidence,134,Tropical Latin America,2,Female,27,Age-standardized,559,Schizophrenia,3,Rate,1991,12.076971897730001,14.57821747421,9.92443877121
6,Incidence,134,Tropical Latin America,3,Both,27,Age-standardized,559,Schizophrenia,3,Rate,1991,13.760213066630001,16.62918620201,11.30604431612
6,Incidence,174,Eastern Sub-Saharan Africa,1,Male,22,All ages,559,Schizophrenia,1,Number,1991,12029.712822253832,15031.17278171171,9399.91686359897
6,Incidence,174,Eastern Sub-Saharan Africa,2,Female,22,All ages,559,Schizophrenia,1,Number,1991,13443.070200441696,16884.238069632993,10373.160631155575
6,Incidence,174,Eastern Sub-Saharan Africa,3,Both,22,All ages,559,Schizophrenia,1,Number,1991,25472.783022695538,31940.00000924336,19700.974199024444
6,Incidence,174,Eastern Sub-Saharan Africa,1,Male,22,All ages,559,Schizophrenia,2,Percent,1991,1.80416758469e-05,2.25027071345e-05,1.39854146147e-05
6,Incidence,174,Eastern Sub-Saharan Africa,2,Female,22,All ages,559,Schizophrenia,2,Percent,1991,2.00354445373e-05,2.51881688875e-05,1.53650273743e-05
6,Incidence,174,Eastern Sub-Saharan Africa,3,Both,22,All ages,559,Schizophrenia,2,Percent,1991,1.90415360063e-05,2.38782250142e-05,1.47040048898e-05
6,Incidence,174,Eastern Sub-Saharan Africa,1,Male,22,All ages,559,Schizophrenia,3,Rate,1991,12.3527919999,15.43486146599,9.65236822758
6,Incidence,174,Eastern Sub-Saharan Africa,2,Female,22,All ages,559,Schizophrenia,3,Rate,1991,13.59339921776,17.07304842912,10.4891599543
6,Incidence,174,Eastern Sub-Saharan Africa,3,Both,22,All ages,559,Schizophrenia,3,Rate,1991,12.97786623129,16.27278209758,10.03724671753
6,Incidence,174,Eastern Sub-Saharan Africa,1,Male,27,Age-standardized,559,Schizophrenia,2,Percent,1991,2.2646791212e-05,2.80547311136e-05,1.80136511355e-05
6,Incidence,174,Eastern Sub-Saharan Africa,2,Female,27,Age-standardized,559,Schizophrenia,2,Percent,1991,2.29881092445e-05,2.86866187246e-05,1.82577351866e-05
6,Incidence,174,Eastern Sub-Saharan Africa,3,Both,27,Age-standardized,559,Schizophrenia,2,Percent,1991,2.28303523929e-05,2.83618654204e-05,1.81763888657e-05
6,Incidence,174,Eastern Sub-Saharan Africa,1,Male,27,Age-standardized,559,Schizophrenia,3,Rate,1991,14.08358222387,17.37654712768,11.41264391596
6,Incidence,174,Eastern Sub-Saharan Africa,2,Female,27,Age-standardized,559,Schizophrenia,3,Rate,1991,14.459326141850001,17.90426131144,11.66677639451
6,Incidence,174,Eastern Sub-Saharan Africa,3,Both,27,Age-standardized,559,Schizophrenia,3,Rate,1991,14.28740809363,17.70167722356,11.57111686549
6,Incidence,44635,High SDI,1,Male,22,All ages,559,Schizophrenia,1,Number,1991,77576.70691081624,92662.3792048684,63896.05490659372
6,Incidence,44635,High SDI,2,Female,22,All ages,559,Schizophrenia,1,Number,1991,66849.53395276671,80136.90336994833,55601.80881907235
6,Incidence,44635,High SDI,3,Both,22,All ages,559,Schizophrenia,1,Number,1991,144426.24086358285,172582.52161563758,119484.04700336263
6,Incidence,44635,High SDI,1,Male,22,All ages,559,Schizophrenia,2,Percent,1991,4.24067914401e-05,5.10411444443e-05,3.44977129498e-05
6,Incidence,44635,High SDI,2,Female,22,All ages,559,Schizophrenia,2,Percent,1991,3.1847457047e-05,3.85631289413e-05,2.61605594561e-05
6,Incidence,44635,High SDI,3,Both,22,All ages,559,Schizophrenia,2,Percent,1991,3.6764366788e-05,4.45050403831e-05,3.00549989899e-05
6,Incidence,44635,High SDI,1,Male,22,All ages,559,Schizophrenia,3,Rate,1991,17.74621870794,21.19717261597,14.61667309815
6,Incidence,44635,High SDI,2,Female,22,All ages,559,Schizophrenia,3,Rate,1991,14.87155173192,17.827500561839997,12.36934840601
6,Incidence,44635,High SDI,3,Both,22,All ages,559,Schizophrenia,3,Rate,1991,16.288836096969998,19.46438812636,13.47577868262
6,Incidence,44635,High SDI,1,Male,27,Age-standardized,559,Schizophrenia,2,Percent,1991,3.84839253424e-05,4.62554445289e-05,3.12488601026e-05
6,Incidence,44635,High SDI,2,Female,27,Age-standardized,559,Schizophrenia,2,Percent,1991,3.06837343559e-05,3.68217758272e-05,2.50040317319e-05
6,Incidence,44635,High SDI,3,Both,27,Age-standardized,559,Schizophrenia,2,Percent,1991,3.44385612949e-05,4.13477470614e-05,2.80041267632e-05
6,Incidence,44635,High SDI,1,Male,27,Age-standardized,559,Schizophrenia,3,Rate,1991,16.61495641176,19.9383029301,13.75145467939
6,Incidence,44635,High SDI,2,Female,27,Age-standardized,559,Schizophrenia,3,Rate,1991,14.756974676559999,17.684504586630002,12.19588446243
6,Incidence,44635,High SDI,3,Both,27,Age-standardized,559,Schizophrenia,3,Rate,1991,15.704588398539999,18.8173662044,13.01478370524
6,Incidence,44636,Low-middle SDI,1,Male,22,All ages,559,Schizophrenia,1,Number,1991,99684.27449976678,122739.94871105152,79981.66115936502
6,Incidence,44636,Low-middle SDI,2,Female,22,All ages,559,Schizophrenia,1,Number,1991,80025.33448945398,99033.98161868376,63004.12074629429
6,Incidence,44636,Low-middle SDI,3,Both,22,All ages,559,Schizophrenia,1,Number,1991,179709.60898922087,222397.70337142263,143051.17736366772
6,Incidence,44636,Low-middle SDI,1,Male,22,All ages,559,Schizophrenia,2,Percent,1991,3.03412002452e-05,3.73037484717e-05,2.39305451168e-05
6,Incidence,44636,Low-middle SDI,2,Female,22,All ages,559,Schizophrenia,2,Percent,1991,2.40518515281e-05,2.9491013812e-05,1.8717215157e-05
6,Incidence,44636,Low-middle SDI,3,Both,22,All ages,559,Schizophrenia,2,Percent,1991,2.71764144242e-05,3.33693755485e-05,2.13052818031e-05
6,Incidence,44636,Low-middle SDI,1,Male,22,All ages,559,Schizophrenia,3,Rate,1991,16.54382859443,20.37020064955,13.27393813677
6,Incidence,44636,Low-middle SDI,2,Female,22,All ages,559,Schizophrenia,3,Rate,1991,13.773131928440002,17.04470344217,10.843616869709999
6,Incidence,44636,Low-middle SDI,3,Both,22,All ages,559,Schizophrenia,3,Rate,1991,15.18367092063,18.790389453790002,12.08639879701
6,Incidence,44636,Low-middle SDI,1,Male,27,Age-standardized,559,Schizophrenia,2,Percent,1991,3.21381608498e-05,3.94233175298e-05,2.58473020726e-05
6,Incidence,44636,Low-middle SDI,2,Female,27,Age-standardized,559,Schizophrenia,2,Percent,1991,2.46567628917e-05,3.01919490123e-05,1.94934534801e-05
6,Incidence,44636,Low-middle SDI,3,Both,27,Age-standardized,559,Schizophrenia,2,Percent,1991,2.83175946087e-05,3.47058870585e-05,2.25328368058e-05
6,Incidence,44636,Low-middle SDI,1,Male,27,Age-standardized,559,Schizophrenia,3,Rate,1991,16.60037554869,20.11667043083,13.571829716140002
6,Incidence,44636,Low-middle SDI,2,Female,27,Age-standardized,559,Schizophrenia,3,Rate,1991,13.5227745659,16.560969883040002,10.945081919769999
6,Incidence,44636,Low-middle SDI,3,Both,27,Age-standardized,559,Schizophrenia,3,Rate,1991,15.07326954241,18.33535545082,12.276931908489999
6,Incidence,199,Western Sub-Saharan Africa,1,Male,22,All ages,559,Schizophrenia,1,Number,1991,11775.600211021943,14604.291963618884,9349.035725507878
6,Incidence,199,Western Sub-Saharan Africa,2,Female,22,All ages,559,Schizophrenia,1,Number,1991,15671.852091677272,19511.589045679677,12235.67036045166
6,Incidence,199,Western Sub-Saharan Africa,3,Both,22,All ages,559,Schizophrenia,1,Number,1991,27447.452302699225,34141.942445966124,21612.75236714979
6,Incidence,199,Western Sub-Saharan Africa,1,Male,22,All ages,559,Schizophrenia,2,Percent,1991,1.85735172626e-05,2.29686111195e-05,1.46439157608e-05
6,Incidence,199,Western Sub-Saharan Africa,2,Female,22,All ages,559,Schizophrenia,2,Percent,1991,2.36851412972e-05,2.93277731078e-05,1.832343487e-05
6,Incidence,199,Western Sub-Saharan Africa,3,Both,22,All ages,559,Schizophrenia,2,Percent,1991,2.11838543833e-05,2.62175817666e-05,1.65255565714e-05
6,Incidence,199,Western Sub-Saharan Africa,1,Male,22,All ages,559,Schizophrenia,3,Rate,1991,11.94479764763,14.81413339161,9.483367126980001
6,Incidence,199,Western Sub-Saharan Africa,2,Female,22,All ages,559,Schizophrenia,3,Rate,1991,15.703438627459999,19.55091455118,12.26033128996
6,Incidence,199,Western Sub-Saharan Africa,3,Both,22,All ages,559,Schizophrenia,3,Rate,1991,13.83563142682,17.21017042561,10.89449295961
6,Incidence,199,Western Sub-Saharan Africa,1,Male,27,Age-standardized,559,Schizophrenia,2,Percent,1991,2.25950309214e-05,2.79567915349e-05,1.80127263875e-05
6,Incidence,199,Western Sub-Saharan Africa,2,Female,27,Age-standardized,559,Schizophrenia,2,Percent,1991,2.66824321392e-05,3.30956471107e-05,2.12686009801e-05
6,Incidence,199,Western Sub-Saharan Africa,3,Both,27,Age-standardized,559,Schizophrenia,2,Percent,1991,2.47891103115e-05,3.07359578911e-05,1.97391189492e-05
6,Incidence,199,Western Sub-Saharan Africa,1,Male,27,Age-standardized,559,Schizophrenia,3,Rate,1991,13.326218094,16.36916935153,10.908322944510001
6,Incidence,199,Western Sub-Saharan Africa,2,Female,27,Age-standardized,559,Schizophrenia,3,Rate,1991,16.53530955038,20.28608315699,13.445730364900001
6,Incidence,199,Western Sub-Saharan Africa,3,Both,27,Age-standardized,559,Schizophrenia,3,Rate,1991,14.99046562133,18.46220182137,12.212736749089999
6,Incidence,192,Southern Sub-Saharan Africa,1,Male,22,All ages,559,Schizophrenia,1,Number,1991,3636.0203567427175,4448.667427856507,2907.803562451126
6,Incidence,192,Southern Sub-Saharan Africa,2,Female,22,All ages,559,Schizophrenia,1,Number,1991,4062.8266826153576,4979.522998129369,3224.5754480136684
6,Incidence,192,Southern Sub-Saharan Africa,3,Both,22,All ages,559,Schizophrenia,1,Number,1991,7698.847039358067,9426.8432376862,6144.54907396252
6,Incidence,192,Southern Sub-Saharan Africa,1,Male,22,All ages,559,Schizophrenia,2,Percent,1991,2.06386746139e-05,2.54211881796e-05,1.62685925752e-05
6,Incidence,192,Southern Sub-Saharan Africa,2,Female,22,All ages,559,Schizophrenia,2,Percent,1991,2.12463755382e-05,2.6316927533e-05,1.66461285808e-05
6,Incidence,192,Southern Sub-Saharan Africa,3,Both,22,All ages,559,Schizophrenia,2,Percent,1991,2.09546936565e-05,2.58464564954e-05,1.65384066639e-05
6,Incidence,192,Southern Sub-Saharan Africa,1,Male,22,All ages,559,Schizophrenia,3,Rate,1991,13.989062780960001,17.11560492902,11.18735391962
6,Incidence,192,Southern Sub-Saharan Africa,2,Female,22,All ages,559,Schizophrenia,3,Rate,1991,14.69716197146,18.01328527187,11.66481155877
6,Incidence,192,Southern Sub-Saharan Africa,3,Both,22,All ages,559,Schizophrenia,3,Rate,1991,14.35401552551,17.57575562919,11.45612483973
6,Incidence,192,Southern Sub-Saharan Africa,1,Male,27,Age-standardized,559,Schizophrenia,2,Percent,1991,2.13149118738e-05,2.6034414918e-05,1.71702411864e-05
6,Incidence,192,Southern Sub-Saharan Africa,2,Female,27,Age-standardized,559,Schizophrenia,2,Percent,1991,2.11465110055e-05,2.60067438078e-05,1.6935895552e-05
6,Incidence,192,Southern Sub-Saharan Africa,3,Both,27,Age-standardized,559,Schizophrenia,2,Percent,1991,2.12186448921e-05,2.59775505203e-05,1.70350579069e-05
6,Incidence,192,Southern Sub-Saharan Africa,1,Male,27,Age-standardized,559,Schizophrenia,3,Rate,1991,13.725962924109998,16.60362031167,11.32223868934
6,Incidence,192,Southern Sub-Saharan Africa,2,Female,27,Age-standardized,559,Schizophrenia,3,Rate,1991,14.11629344826,17.17042296751,11.52792173041
6,Incidence,192,Southern Sub-Saharan Africa,3,Both,27,Age-standardized,559,Schizophrenia,3,Rate,1991,13.92513543621,16.89577832382,11.42521579446
6,Incidence,44639,Middle SDI,1,Male,22,All ages,559,Schizophrenia,1,Number,1991,171749.99836270665,206232.0213192953,140148.03767318162
6,Incidence,44639,Middle SDI,2,Female,22,All ages,559,Schizophrenia,1,Number,1991,144702.87018466397,174661.2128030345,117431.29377616444
6,Incidence,44639,Middle SDI,3,Both,22,All ages,559,Schizophrenia,1,Number,1991,316452.86854737025,381132.2440906757,258224.8048789617
6,Incidence,44639,Middle SDI,1,Male,22,All ages,559,Schizophrenia,2,Percent,1991,4.34389071091e-05,5.22259806514e-05,3.50521052454e-05
6,Incidence,44639,Middle SDI,2,Female,22,All ages,559,Schizophrenia,2,Percent,1991,3.63121794735e-05,4.37115564645e-05,2.93307174136e-05
6,Incidence,44639,Middle SDI,3,Both,22,All ages,559,Schizophrenia,2,Percent,1991,3.98613379721e-05,4.79462718415e-05,3.22100490066e-05
6,Incidence,44639,Middle SDI,1,Male,22,All ages,559,Schizophrenia,3,Rate,1991,19.24402660352,23.10762470219,15.703130079330002
6,Incidence,44639,Middle SDI,2,Female,22,All ages,559,Schizophrenia,3,Rate,1991,16.8263440229,20.30996102793,13.655149656739999
6,Incidence,44639,Middle SDI,3,Both,22,All ages,559,Schizophrenia,3,Rate,1991,18.057608258749998,21.74837848732,14.73496634933
6,Incidence,44639,Middle SDI,1,Male,27,Age-standardized,559,Schizophrenia,2,Percent,1991,4.01619745803e-05,4.83261735642e-05,3.28338454894e-05
6,Incidence,44639,Middle SDI,2,Female,27,Age-standardized,559,Schizophrenia,2,Percent,1991,3.2892253321e-05,3.93407977278e-05,2.68313013529e-05
6,Incidence,44639,Middle SDI,3,Both,27,Age-standardized,559,Schizophrenia,2,Percent,1991,3.64971335373e-05,4.36907133524e-05,2.97960175735e-05
6,Incidence,44639,Middle SDI,1,Male,27,Age-standardized,559,Schizophrenia,3,Rate,1991,17.410895964719998,20.76615690545,14.55275507231
6,Incidence,44639,Middle SDI,2,Female,27,Age-standardized,559,Schizophrenia,3,Rate,1991,15.0058149239,17.94636414871,12.59073432853
6,Incidence,44639,Middle SDI,3,Both,27,Age-standardized,559,Schizophrenia,3,Rate,1991,16.23098098991,19.37858183091,13.616444570639999
6,Incidence,44637,Low SDI,1,Male,22,All ages,559,Schizophrenia,1,Number,1991,35172.16571891126,43681.4205745993,27864.404738074285
6,Incidence,44637,Low SDI,2,Female,22,All ages,559,Schizophrenia,1,Number,1991,34406.85584670092,42916.02678646447,26685.54320305716
6,Incidence,44637,Low SDI,3,Both,22,All ages,559,Schizophrenia,1,Number,1991,69579.02156561225,86538.68132991088,54300.54242257556
6,Incidence,44637,Low SDI,1,Male,22,All ages,559,Schizophrenia,2,Percent,1991,2.178065763e-05,2.7000577241e-05,1.68989358881e-05
6,Incidence,44637,Low SDI,2,Female,22,All ages,559,Schizophrenia,2,Percent,1991,2.12977838769e-05,2.63621866404e-05,1.63966383558e-05
6,Incidence,44637,Low SDI,3,Both,22,All ages,559,Schizophrenia,2,Percent,1991,2.15390679115e-05,2.66287373909e-05,1.66971207996e-05
6,Incidence,44637,Low SDI,1,Male,22,All ages,559,Schizophrenia,3,Rate,1991,13.609175229739998,16.901663424269998,10.781581372709999
6,Incidence,44637,Low SDI,2,Female,22,All ages,559,Schizophrenia,3,Rate,1991,13.4996898212,16.83830259169,10.470196915299999
6,Incidence,44637,Low SDI,3,Both,22,All ages,559,Schizophrenia,3,Rate,1991,13.55481357439,16.85875521107,10.5783857399
6,Incidence,44637,Low SDI,1,Male,27,Age-standardized,559,Schizophrenia,2,Percent,1991,2.62101959364e-05,3.24129971813e-05,2.09552404455e-05
6,Incidence,44637,Low SDI,2,Female,27,Age-standardized,559,Schizophrenia,2,Percent,1991,2.42008793568e-05,3.00406396243e-05,1.91951934335e-05
6,Incidence,44637,Low SDI,3,Both,27,Age-standardized,559,Schizophrenia,2,Percent,1991,2.51840237723e-05,3.12004243716e-05,2.00972636924e-05
6,Incidence,44637,Low SDI,1,Male,27,Age-standardized,559,Schizophrenia,3,Rate,1991,14.98654524303,18.34778885255,12.202114309579999
6,Incidence,44637,Low SDI,2,Female,27,Age-standardized,559,Schizophrenia,3,Rate,1991,14.27789697515,17.55704326003,11.48615809979
6,Incidence,44637,Low SDI,3,Both,27,Age-standardized,559,Schizophrenia,3,Rate,1991,14.63247358075,17.892099333490002,11.83661220255
