measure_id,measure_name,location_id,location_name,sex_id,sex_name,age_id,age_name,cause_id,cause_name,metric_id,metric_name,year,val,upper,lower
2,DALYs (Disability-Adjusted Life Years),5,East Asia,1,Male,22,All ages,559,Schizophrenia,1,Number,2008,1702759.9632951377,2127042.230806425,1281052.1608407847
2,DALYs (Disability-Adjusted Life Years),5,East Asia,2,Female,22,All ages,559,Schizophrenia,1,Number,2008,1541421.9473404267,1928664.685991813,1151619.2576980027
2,DALYs (Disability-Adjusted Life Years),5,East Asia,3,Both,22,All ages,559,Schizophrenia,1,Number,2008,3244181.9106355673,4053066.9791255645,2432671.4185387874
2,DALYs (Disability-Adjusted Life Years),5,East Asia,1,Male,22,All ages,559,Schizophrenia,2,Percent,2008,0.007832262703709668,0.009805426710770827,0.005870740968022343
2,DALYs (Disability-Adjusted Life Years),5,East Asia,2,Female,22,All ages,559,Schizophrenia,2,Percent,2008,0.009226988012506357,0.011414135502050005,0.007021385965225602
2,DALYs (Disability-Adjusted Life Years),5,East Asia,3,Both,22,All ages,559,Schizophrenia,2,Percent,2008,0.008433419006104184,0.010446002151733512,0.006304011559983506
2,DALYs (Disability-Adjusted Life Years),5,East Asia,1,Male,22,All ages,559,Schizophrenia,3,Rate,2008,243.4888870909362,304.15980921481747,183.18610471962123
2,DALYs (Disability-Adjusted Life Years),5,East Asia,2,Female,22,All ages,559,Schizophrenia,3,Rate,2008,230.50085965827327,288.40829007314306,172.21061978286937
2,DALYs (Disability-Adjusted Life Years),5,East Asia,3,Both,22,All ages,559,Schizophrenia,3,Rate,2008,237.14008258228836,296.26718372062123,177.82107075951362
2,DALYs (Disability-Adjusted Life Years),5,East Asia,1,Male,27,Age-standardized,559,Schizophrenia,3,Rate,2008,203.5607051856016,254.13537609174762,153.39505811750323
2,DALYs (Disability-Adjusted Life Years),5,East Asia,2,Female,27,Age-standardized,559,Schizophrenia,3,Rate,2008,190.59881783774745,238.87393359465162,142.68610638647948
2,DALYs (Disability-Adjusted Life Years),5,East Asia,3,Both,27,Age-standardized,559,Schizophrenia,3,Rate,2008,197.20507431818353,246.1740343366283,148.1432597457078
2,DALYs (Disability-Adjusted Life Years),65,High-income Asia Pacific,1,Male,22,All ages,559,Schizophrenia,1,Number,2008,204808.11616761697,263866.0190214243,150771.5658955485
2,DALYs (Disability-Adjusted Life Years),65,High-income Asia Pacific,2,Female,22,All ages,559,Schizophrenia,1,Number,2008,200894.03021077745,256349.2195857879,146861.35378637115
2,DALYs (Disability-Adjusted Life Years),65,High-income Asia Pacific,3,Both,22,All ages,559,Schizophrenia,1,Number,2008,405702.146378394,517682.7594905981,296662.16053569596
2,DALYs (Disability-Adjusted Life Years),65,High-income Asia Pacific,1,Male,22,All ages,559,Schizophrenia,2,Percent,2008,0.007898481018416524,0.010028265071356627,0.005883114614954169
2,DALYs (Disability-Adjusted Life Years),65,High-income Asia Pacific,2,Female,22,All ages,559,Schizophrenia,2,Percent,2008,0.008761551915341472,0.011052693696334095,0.0064238006782791875
2,DALYs (Disability-Adjusted Life Years),65,High-income Asia Pacific,3,Both,22,All ages,559,Schizophrenia,2,Percent,2008,0.008302032977204011,0.0104912044538331,0.006147805307552823
2,DALYs (Disability-Adjusted Life Years),65,High-income Asia Pacific,1,Male,22,All ages,559,Schizophrenia,3,Rate,2008,226.692945974463,292.06149792211306,166.88230467425643
2,DALYs (Disability-Adjusted Life Years),65,High-income Asia Pacific,2,Female,22,All ages,559,Schizophrenia,3,Rate,2008,215.02522864628136,274.38122226378,157.19180975205884
2,DALYs (Disability-Adjusted Life Years),65,High-income Asia Pacific,3,Both,22,All ages,559,Schizophrenia,3,Rate,2008,220.76124776618565,281.69506361347874,161.4275628302678
2,DALYs (Disability-Adjusted Life Years),65,High-income Asia Pacific,1,Male,27,Age-standardized,559,Schizophrenia,3,Rate,2008,188.4059260781896,243.46869483670548,140.01688786715198
2,DALYs (Disability-Adjusted Life Years),65,High-income Asia Pacific,2,Female,27,Age-standardized,559,Schizophrenia,3,Rate,2008,177.89620089684615,230.10666397978372,128.73118119347706
2,DALYs (Disability-Adjusted Life Years),65,High-income Asia Pacific,3,Both,27,Age-standardized,559,Schizophrenia,3,Rate,2008,183.48362946211495,237.9477166769763,135.15847981052323
2,DALYs (Disability-Adjusted Life Years),120,Andean Latin America,1,Male,22,All ages,559,Schizophrenia,1,Number,2008,41798.41117719063,57405.95325509041,29971.612904586636
2,DALYs (Disability-Adjusted Life Years),120,Andean Latin America,2,Female,22,All ages,559,Schizophrenia,1,Number,2008,33636.71786163077,45530.32161929025,23553.567689841984
2,DALYs (Disability-Adjusted Life Years),120,Andean Latin America,3,Both,22,All ages,559,Schizophrenia,1,Number,2008,75435.12903882135,102718.93088198749,54352.376591411674
2,DALYs (Disability-Adjusted Life Years),120,Andean Latin America,1,Male,22,All ages,559,Schizophrenia,2,Percent,2008,0.005503172976715182,0.0075336715262207185,0.003869080866221821
2,DALYs (Disability-Adjusted Life Years),120,Andean Latin America,2,Female,22,All ages,559,Schizophrenia,2,Percent,2008,0.004963159837879038,0.006803855786055515,0.0034748704014927454
2,DALYs (Disability-Adjusted Life Years),120,Andean Latin America,3,Both,22,All ages,559,Schizophrenia,2,Percent,2008,0.0052478074760051,0.007158935179035089,0.003673594713683481
2,DALYs (Disability-Adjusted Life Years),120,Andean Latin America,1,Male,22,All ages,559,Schizophrenia,3,Rate,2008,159.83305806662864,219.51478062395938,114.60853201863976
2,DALYs (Disability-Adjusted Life Years),120,Andean Latin America,2,Female,22,All ages,559,Schizophrenia,3,Rate,2008,128.35457111004447,173.73945127424642,89.87821259426802
2,DALYs (Disability-Adjusted Life Years),120,Andean Latin America,3,Both,22,All ages,559,Schizophrenia,3,Rate,2008,144.07734113516472,196.18804440709897,103.81033350705489
2,DALYs (Disability-Adjusted Life Years),120,Andean Latin America,1,Male,27,Age-standardized,559,Schizophrenia,3,Rate,2008,171.97466619063573,235.025897454093,124.22273787466662
2,DALYs (Disability-Adjusted Life Years),120,Andean Latin America,2,Female,27,Age-standardized,559,Schizophrenia,3,Rate,2008,134.83486388024215,182.21881630839366,95.06999318792842
2,DALYs (Disability-Adjusted Life Years),120,Andean Latin America,3,Both,27,Age-standardized,559,Schizophrenia,3,Rate,2008,153.13035117605497,206.3822428259825,110.20104687175171
2,DALYs (Disability-Adjusted Life Years),1,Global,1,Male,22,All ages,559,Schizophrenia,1,Number,2008,6535662.771240631,8368906.577651866,4852269.3719067
2,DALYs (Disability-Adjusted Life Years),1,Global,2,Female,22,All ages,559,Schizophrenia,1,Number,2008,5733909.280175314,7360158.479335127,4242836.31865678
2,DALYs (Disability-Adjusted Life Years),1,Global,3,Both,22,All ages,559,Schizophrenia,1,Number,2008,12269572.051415954,15729065.056986995,9095105.69056348
2,DALYs (Disability-Adjusted Life Years),1,Global,1,Male,22,All ages,559,Schizophrenia,2,Percent,2008,0.004643560894414204,0.005920237136136674,0.0034502016047791954
2,DALYs (Disability-Adjusted Life Years),1,Global,2,Female,22,All ages,559,Schizophrenia,2,Percent,2008,0.004666048560420641,0.005916929314321074,0.0034687869171514114
2,DALYs (Disability-Adjusted Life Years),1,Global,3,Both,22,All ages,559,Schizophrenia,2,Percent,2008,0.00465363483135112,0.005909406586153392,0.003471642879910735
2,DALYs (Disability-Adjusted Life Years),1,Global,1,Male,22,All ages,559,Schizophrenia,3,Rate,2008,192.06367329746254,245.93725151489014,142.59375246502572
2,DALYs (Disability-Adjusted Life Years),1,Global,2,Female,22,All ages,559,Schizophrenia,3,Rate,2008,170.36420072799442,218.6828314320597,126.0618860411354
2,DALYs (Disability-Adjusted Life Years),1,Global,3,Both,22,All ages,559,Schizophrenia,3,Rate,2008,181.27354360875668,232.38490703542166,134.37323087681324
2,DALYs (Disability-Adjusted Life Years),1,Global,1,Male,27,Age-standardized,559,Schizophrenia,3,Rate,2008,188.65777948030976,241.48989625224624,140.07532284790227
2,DALYs (Disability-Adjusted Life Years),1,Global,2,Female,27,Age-standardized,559,Schizophrenia,3,Rate,2008,165.7463296434796,212.3214367726823,122.54392172778661
2,DALYs (Disability-Adjusted Life Years),1,Global,3,Both,27,Age-standardized,559,Schizophrenia,3,Rate,2008,177.26153068793315,226.97746863300452,131.39519898768415
2,DALYs (Disability-Adjusted Life Years),96,Southern Latin America,1,Male,22,All ages,559,Schizophrenia,1,Number,2008,55193.834266608195,75427.3013022514,39105.77188348256
2,DALYs (Disability-Adjusted Life Years),96,Southern Latin America,2,Female,22,All ages,559,Schizophrenia,1,Number,2008,55432.9766289741,74212.26644754063,38651.69468419685
2,DALYs (Disability-Adjusted Life Years),96,Southern Latin America,3,Both,22,All ages,559,Schizophrenia,1,Number,2008,110626.81089558234,149800.0555409154,77942.11200175955
2,DALYs (Disability-Adjusted Life Years),96,Southern Latin America,1,Male,22,All ages,559,Schizophrenia,2,Percent,2008,0.006168918728738845,0.008186976294902703,0.0043317573425841185
2,DALYs (Disability-Adjusted Life Years),96,Southern Latin America,2,Female,22,All ages,559,Schizophrenia,2,Percent,2008,0.006819544098516449,0.009028326544183217,0.004801938429007574
2,DALYs (Disability-Adjusted Life Years),96,Southern Latin America,3,Both,22,All ages,559,Schizophrenia,2,Percent,2008,0.006477635418761604,0.008563857978586976,0.004627447144375621
2,DALYs (Disability-Adjusted Life Years),96,Southern Latin America,1,Male,22,All ages,559,Schizophrenia,3,Rate,2008,188.57061498175008,257.6985777845173,133.60549328361583
2,DALYs (Disability-Adjusted Life Years),96,Southern Latin America,2,Female,22,All ages,559,Schizophrenia,3,Rate,2008,180.7962047965297,242.04538415588368,126.06358404005317
2,DALYs (Disability-Adjusted Life Years),96,Southern Latin America,3,Both,22,All ages,559,Schizophrenia,3,Rate,2008,184.59319335459926,249.95812853263874,130.05512167196682
2,DALYs (Disability-Adjusted Life Years),96,Southern Latin America,1,Male,27,Age-standardized,559,Schizophrenia,3,Rate,2008,182.15396221919022,248.69063257348935,128.5588725066122
2,DALYs (Disability-Adjusted Life Years),96,Southern Latin America,2,Female,27,Age-standardized,559,Schizophrenia,3,Rate,2008,172.4112213240705,231.12006713700336,120.08791749523428
2,DALYs (Disability-Adjusted Life Years),96,Southern Latin America,3,Both,27,Age-standardized,559,Schizophrenia,3,Rate,2008,177.35184171076568,240.6491800607152,124.85636928445187
2,DALYs (Disability-Adjusted Life Years),70,Australasia,1,Male,22,All ages,559,Schizophrenia,1,Number,2008,38553.20377239554,47465.03710977731,29321.99346228793
2,DALYs (Disability-Adjusted Life Years),70,Australasia,2,Female,22,All ages,559,Schizophrenia,1,Number,2008,30909.828765588743,38199.35010693512,22788.59553011939
2,DALYs (Disability-Adjusted Life Years),70,Australasia,3,Both,22,All ages,559,Schizophrenia,1,Number,2008,69463.03253798428,85000.51801877472,53094.90091159662
2,DALYs (Disability-Adjusted Life Years),70,Australasia,1,Male,22,All ages,559,Schizophrenia,2,Percent,2008,0.011471586658470267,0.01374427277248267,0.008796945097093858
2,DALYs (Disability-Adjusted Life Years),70,Australasia,2,Female,22,All ages,559,Schizophrenia,2,Percent,2008,0.009392721063270394,0.011642158812050036,0.007096257452991639
2,DALYs (Disability-Adjusted Life Years),70,Australasia,3,Both,22,All ages,559,Schizophrenia,2,Percent,2008,0.010441960817778375,0.012500069456817225,0.00804272943692274
2,DALYs (Disability-Adjusted Life Years),70,Australasia,1,Male,22,All ages,559,Schizophrenia,3,Rate,2008,309.297580290022,380.7938041440233,235.239117368999
2,DALYs (Disability-Adjusted Life Years),70,Australasia,2,Female,22,All ages,559,Schizophrenia,3,Rate,2008,241.87477079702944,298.91653951821655,178.3247122601408
2,DALYs (Disability-Adjusted Life Years),70,Australasia,3,Both,22,All ages,559,Schizophrenia,3,Rate,2008,275.16617418952455,336.7153217009936,210.32656103556704
2,DALYs (Disability-Adjusted Life Years),70,Australasia,1,Male,27,Age-standardized,559,Schizophrenia,3,Rate,2008,283.58811690929144,350.6579872463991,216.36170674740373
2,DALYs (Disability-Adjusted Life Years),70,Australasia,2,Female,27,Age-standardized,559,Schizophrenia,3,Rate,2008,209.60641366837535,260.34931780886745,155.77715765499107
2,DALYs (Disability-Adjusted Life Years),70,Australasia,3,Both,27,Age-standardized,559,Schizophrenia,3,Rate,2008,246.4201848083796,300.35625186032405,188.20248489282827
2,DALYs (Disability-Adjusted Life Years),44634,High-middle SDI,1,Male,22,All ages,559,Schizophrenia,1,Number,2008,1332991.1408209763,1675509.975902721,994995.9240968137
2,DALYs (Disability-Adjusted Life Years),44634,High-middle SDI,2,Female,22,All ages,559,Schizophrenia,1,Number,2008,1229465.0732752646,1548411.6326987995,912105.0114176967
2,DALYs (Disability-Adjusted Life Years),44634,High-middle SDI,3,Both,22,All ages,559,Schizophrenia,1,Number,2008,2562456.214096241,3215396.0781141096,1908044.5560101997
2,DALYs (Disability-Adjusted Life Years),44634,High-middle SDI,1,Male,22,All ages,559,Schizophrenia,2,Percent,2008,0.006137359470025845,0.007605570357966569,0.004596201103197778
2,DALYs (Disability-Adjusted Life Years),44634,High-middle SDI,2,Female,22,All ages,559,Schizophrenia,2,Percent,2008,0.00698030303524776,0.008609973295941492,0.005250743021938427
2,DALYs (Disability-Adjusted Life Years),44634,High-middle SDI,3,Both,22,All ages,559,Schizophrenia,2,Percent,2008,0.006513304895399357,0.00806853406321325,0.004919684096018187
2,DALYs (Disability-Adjusted Life Years),44634,High-middle SDI,1,Male,22,All ages,559,Schizophrenia,3,Rate,2008,220.64315541312223,277.33853338413934,164.69654868126446
2,DALYs (Disability-Adjusted Life Years),44634,High-middle SDI,2,Female,22,All ages,559,Schizophrenia,3,Rate,2008,201.6980597379839,254.02236206603334,149.63402790300495
2,DALYs (Disability-Adjusted Life Years),44634,High-middle SDI,3,Both,22,All ages,559,Schizophrenia,3,Rate,2008,211.1283192313499,264.9259588908664,157.2094141210682
2,DALYs (Disability-Adjusted Life Years),44634,High-middle SDI,1,Male,27,Age-standardized,559,Schizophrenia,3,Rate,2008,186.06801308118003,234.29984617275952,139.10809098695904
2,DALYs (Disability-Adjusted Life Years),44634,High-middle SDI,2,Female,27,Age-standardized,559,Schizophrenia,3,Rate,2008,170.25150932128872,213.78381761487853,126.34989721882846
2,DALYs (Disability-Adjusted Life Years),44634,High-middle SDI,3,Both,27,Age-standardized,559,Schizophrenia,3,Rate,2008,178.1623262212351,224.00893668532507,132.79753049429067
2,DALYs (Disability-Adjusted Life Years),159,South Asia,1,Male,22,All ages,559,Schizophrenia,1,Number,2008,1499101.1607968416,1940998.6291395642,1099570.883634227
2,DALYs (Disability-Adjusted Life Years),159,South Asia,2,Female,22,All ages,559,Schizophrenia,1,Number,2008,1072003.9640140005,1394687.0628098864,786262.702273767
2,DALYs (Disability-Adjusted Life Years),159,South Asia,3,Both,22,All ages,559,Schizophrenia,1,Number,2008,2571105.124810839,3349163.8295496404,1885837.2151164538
2,DALYs (Disability-Adjusted Life Years),159,South Asia,1,Male,22,All ages,559,Schizophrenia,2,Percent,2008,0.004384650669482421,0.005593121646231868,0.0032038744172346433
2,DALYs (Disability-Adjusted Life Years),159,South Asia,2,Female,22,All ages,559,Schizophrenia,2,Percent,2008,0.0034800140207778955,0.004444978650713741,0.0025444958503699376
2,DALYs (Disability-Adjusted Life Years),159,South Asia,3,Both,22,All ages,559,Schizophrenia,2,Percent,2008,0.003955490460891497,0.005039049549833932,0.0028777774159288866
2,DALYs (Disability-Adjusted Life Years),159,South Asia,1,Male,22,All ages,559,Schizophrenia,3,Rate,2008,189.9534510375395,245.94696989508873,139.32834519032423
2,DALYs (Disability-Adjusted Life Years),159,South Asia,2,Female,22,All ages,559,Schizophrenia,3,Rate,2008,143.8904983938262,187.20286800032315,105.53667327406575
2,DALYs (Disability-Adjusted Life Years),159,South Asia,3,Both,22,All ages,559,Schizophrenia,3,Rate,2008,167.5852069457679,218.2992472980467,122.9192913629204
2,DALYs (Disability-Adjusted Life Years),159,South Asia,1,Male,27,Age-standardized,559,Schizophrenia,3,Rate,2008,207.75914543587245,267.7435399618084,152.69961469307307
2,DALYs (Disability-Adjusted Life Years),159,South Asia,2,Female,27,Age-standardized,559,Schizophrenia,3,Rate,2008,155.33622281765537,199.7596416892805,114.4112112564292
2,DALYs (Disability-Adjusted Life Years),159,South Asia,3,Both,27,Age-standardized,559,Schizophrenia,3,Rate,2008,182.0733330839274,233.45998332428954,133.7870769102078
2,DALYs (Disability-Adjusted Life Years),73,Western Europe,1,Male,22,All ages,559,Schizophrenia,1,Number,2008,428106.1270202701,549488.5580009128,309603.9078507391
2,DALYs (Disability-Adjusted Life Years),73,Western Europe,2,Female,22,All ages,559,Schizophrenia,1,Number,2008,409265.3145547597,520614.7782463599,291454.8228362125
2,DALYs (Disability-Adjusted Life Years),73,Western Europe,3,Both,22,All ages,559,Schizophrenia,1,Number,2008,837371.4415750296,1069410.8339928668,605068.258674375
2,DALYs (Disability-Adjusted Life Years),73,Western Europe,1,Male,22,All ages,559,Schizophrenia,2,Percent,2008,0.006861918589019955,0.008557322751900374,0.005021421593132743
2,DALYs (Disability-Adjusted Life Years),73,Western Europe,2,Female,22,All ages,559,Schizophrenia,2,Percent,2008,0.006535791220346189,0.008259330688062139,0.004848433540962408
2,DALYs (Disability-Adjusted Life Years),73,Western Europe,3,Both,22,All ages,559,Schizophrenia,2,Percent,2008,0.006697619563084829,0.008390537160640369,0.004899442429658257
2,DALYs (Disability-Adjusted Life Years),73,Western Europe,1,Male,22,All ages,559,Schizophrenia,3,Rate,2008,209.32848336836096,268.68012208840105,151.3851645301129
2,DALYs (Disability-Adjusted Life Years),73,Western Europe,2,Female,22,All ages,559,Schizophrenia,3,Rate,2008,192.15199821765324,244.4310973445404,136.83941591550882
2,DALYs (Disability-Adjusted Life Years),73,Western Europe,3,Both,22,All ages,559,Schizophrenia,3,Rate,2008,200.56587832560433,256.1435852257662,144.92498874777576
2,DALYs (Disability-Adjusted Life Years),73,Western Europe,1,Male,27,Age-standardized,559,Schizophrenia,3,Rate,2008,175.19743749406877,225.48559114511798,128.90943054379088
2,DALYs (Disability-Adjusted Life Years),73,Western Europe,2,Female,27,Age-standardized,559,Schizophrenia,3,Rate,2008,158.40977979586737,203.54417120629944,112.66114260698626
2,DALYs (Disability-Adjusted Life Years),73,Western Europe,3,Both,27,Age-standardized,559,Schizophrenia,3,Rate,2008,167.02795270091735,215.2487147801768,121.29834083930804
2,DALYs (Disability-Adjusted Life Years),44636,Low-middle SDI,1,Male,22,All ages,559,Schizophrenia,1,Number,2008,1358441.6600427649,1785491.3049948155,1000595.4402362044
2,DALYs (Disability-Adjusted Life Years),44636,Low-middle SDI,2,Female,22,All ages,559,Schizophrenia,1,Number,2008,1081627.8707816598,1423861.8819582146,788146.5258897457
2,DALYs (Disability-Adjusted Life Years),44636,Low-middle SDI,3,Both,22,All ages,559,Schizophrenia,1,Number,2008,2440069.530824423,3210485.237182509,1793637.765735547
2,DALYs (Disability-Adjusted Life Years),44636,Low-middle SDI,1,Male,22,All ages,559,Schizophrenia,2,Percent,2008,0.003588485925133551,0.004613904158472319,0.0026212754192769224
2,DALYs (Disability-Adjusted Life Years),44636,Low-middle SDI,2,Female,22,All ages,559,Schizophrenia,2,Percent,2008,0.0031525385583357703,0.004081768336738128,0.0022885476416658794
2,DALYs (Disability-Adjusted Life Years),44636,Low-middle SDI,3,Both,22,All ages,559,Schizophrenia,2,Percent,2008,0.003380987852680853,0.0043543619893172585,0.0024769617544202413
2,DALYs (Disability-Adjusted Life Years),44636,Low-middle SDI,1,Male,22,All ages,559,Schizophrenia,3,Rate,2008,168.8046498555305,221.871312861721,124.3374433398896
2,DALYs (Disability-Adjusted Life Years),44636,Low-middle SDI,2,Female,22,All ages,559,Schizophrenia,3,Rate,2008,137.70253505658846,181.27250232041226,100.33929186073014
2,DALYs (Disability-Adjusted Life Years),44636,Low-middle SDI,3,Both,22,All ages,559,Schizophrenia,3,Rate,2008,153.4419430777041,201.8889571762019,112.79156617271707
2,DALYs (Disability-Adjusted Life Years),44636,Low-middle SDI,1,Male,27,Age-standardized,559,Schizophrenia,3,Rate,2008,190.3535491647771,249.12272935883996,140.59332326676667
2,DALYs (Disability-Adjusted Life Years),44636,Low-middle SDI,2,Female,27,Age-standardized,559,Schizophrenia,3,Rate,2008,151.97971993508474,200.3166395019582,111.93886242915278
2,DALYs (Disability-Adjusted Life Years),44636,Low-middle SDI,3,Both,27,Age-standardized,559,Schizophrenia,3,Rate,2008,171.17228321656748,224.7983780373956,126.28302306941681
2,DALYs (Disability-Adjusted Life Years),134,Tropical Latin America,1,Male,22,All ages,559,Schizophrenia,1,Number,2008,174313.43260444014,226390.7474107591,128869.00376512954
2,DALYs (Disability-Adjusted Life Years),134,Tropical Latin America,2,Female,22,All ages,559,Schizophrenia,1,Number,2008,145304.39868332035,186025.94011304004,106778.72594637031
2,DALYs (Disability-Adjusted Life Years),134,Tropical Latin America,3,Both,22,All ages,559,Schizophrenia,1,Number,2008,319617.83128776023,409642.66252144857,237023.42498433258
2,DALYs (Disability-Adjusted Life Years),134,Tropical Latin America,1,Male,22,All ages,559,Schizophrenia,2,Percent,2008,0.005097670870179377,0.006492616830407185,0.003747118399288306
2,DALYs (Disability-Adjusted Life Years),134,Tropical Latin America,2,Female,22,All ages,559,Schizophrenia,2,Percent,2008,0.005134199524530096,0.006547897520330044,0.00377065708372689
2,DALYs (Disability-Adjusted Life Years),134,Tropical Latin America,3,Both,22,All ages,559,Schizophrenia,2,Percent,2008,0.005113041947783744,0.006538910192325855,0.003779417168496152
2,DALYs (Disability-Adjusted Life Years),134,Tropical Latin America,1,Male,22,All ages,559,Schizophrenia,3,Rate,2008,177.6268125244637,230.6940219510072,131.31856811028115
2,DALYs (Disability-Adjusted Life Years),134,Tropical Latin America,2,Female,22,All ages,559,Schizophrenia,3,Rate,2008,143.35241873565406,183.5269180040272,105.34428945460976
2,DALYs (Disability-Adjusted Life Years),134,Tropical Latin America,3,Both,22,All ages,559,Schizophrenia,3,Rate,2008,160.2124066381835,205.3384711353798,118.81093490111253
2,DALYs (Disability-Adjusted Life Years),134,Tropical Latin America,1,Male,27,Age-standardized,559,Schizophrenia,3,Rate,2008,171.39958748161095,221.13548807369565,127.18913412913734
2,DALYs (Disability-Adjusted Life Years),134,Tropical Latin America,2,Female,27,Age-standardized,559,Schizophrenia,3,Rate,2008,135.62538079468,172.8870299259426,100.38128724724942
2,DALYs (Disability-Adjusted Life Years),134,Tropical Latin America,3,Both,27,Age-standardized,559,Schizophrenia,3,Rate,2008,153.04233392732428,195.50789591388954,113.66600186188433
2,DALYs (Disability-Adjusted Life Years),124,Central Latin America,1,Male,22,All ages,559,Schizophrenia,1,Number,2008,177566.4082810279,234734.69920408528,127108.71742192277
2,DALYs (Disability-Adjusted Life Years),124,Central Latin America,2,Female,22,All ages,559,Schizophrenia,1,Number,2008,153449.63217222271,202656.59108440825,110820.61941035133
2,DALYs (Disability-Adjusted Life Years),124,Central Latin America,3,Both,22,All ages,559,Schizophrenia,1,Number,2008,331016.0404532509,436612.4666879227,238044.86418129204
2,DALYs (Disability-Adjusted Life Years),124,Central Latin America,1,Male,22,All ages,559,Schizophrenia,2,Percent,2008,0.00536892049888153,0.007013636934056855,0.00387873984986919
2,DALYs (Disability-Adjusted Life Years),124,Central Latin America,2,Female,22,All ages,559,Schizophrenia,2,Percent,2008,0.005686061054752554,0.007421490397273382,0.0041221883676813825
2,DALYs (Disability-Adjusted Life Years),124,Central Latin America,3,Both,22,All ages,559,Schizophrenia,2,Percent,2008,0.00551042270852302,0.007224334036614384,0.003991055972679196
2,DALYs (Disability-Adjusted Life Years),124,Central Latin America,1,Male,22,All ages,559,Schizophrenia,3,Rate,2008,162.58742852643752,214.93317063167066,116.38620000814718
2,DALYs (Disability-Adjusted Life Years),124,Central Latin America,2,Female,22,All ages,559,Schizophrenia,3,Rate,2008,135.15658367033592,178.49747908488638,97.60946382017396
2,DALYs (Disability-Adjusted Life Years),124,Central Latin America,3,Both,22,All ages,559,Schizophrenia,3,Rate,2008,148.60589441911313,196.01221148634173,106.86754002947846
2,DALYs (Disability-Adjusted Life Years),124,Central Latin America,1,Male,27,Age-standardized,559,Schizophrenia,3,Rate,2008,173.49731264150543,228.40568076186122,123.82317415723529
2,DALYs (Disability-Adjusted Life Years),124,Central Latin America,2,Female,27,Age-standardized,559,Schizophrenia,3,Rate,2008,138.81780048660238,182.75483431282152,100.49205332344374
2,DALYs (Disability-Adjusted Life Years),124,Central Latin America,3,Both,27,Age-standardized,559,Schizophrenia,3,Rate,2008,155.45752136003304,204.56875709881044,111.36228111319146
2,DALYs (Disability-Adjusted Life Years),44639,Middle SDI,1,Male,22,All ages,559,Schizophrenia,1,Number,2008,2183996.4191444423,2788293.745367307,1618288.3805652298
2,DALYs (Disability-Adjusted Life Years),44639,Middle SDI,2,Female,22,All ages,559,Schizophrenia,1,Number,2008,1867618.2976161977,2399584.7049522074,1381024.6318249996
2,DALYs (Disability-Adjusted Life Years),44639,Middle SDI,3,Both,22,All ages,559,Schizophrenia,1,Number,2008,4051614.7167606466,5181872.822944772,2998034.5388264367
2,DALYs (Disability-Adjusted Life Years),44639,Middle SDI,1,Male,22,All ages,559,Schizophrenia,2,Percent,2008,0.005892120509145544,0.0075220758529565114,0.004371040950479965
2,DALYs (Disability-Adjusted Life Years),44639,Middle SDI,2,Female,22,All ages,559,Schizophrenia,2,Percent,2008,0.00613923940509515,0.007842159478495458,0.004547773853047861
2,DALYs (Disability-Adjusted Life Years),44639,Middle SDI,3,Both,22,All ages,559,Schizophrenia,2,Percent,2008,0.006002464916254092,0.007636944518179591,0.004444386831947076
2,DALYs (Disability-Adjusted Life Years),44639,Middle SDI,1,Male,22,All ages,559,Schizophrenia,3,Rate,2008,201.45025756937767,257.19020794153556,149.26975531127712
2,DALYs (Disability-Adjusted Life Years),44639,Middle SDI,2,Female,22,All ages,559,Schizophrenia,3,Rate,2008,176.34862249991286,226.57919866725527,130.40233744317098
2,DALYs (Disability-Adjusted Life Years),44639,Middle SDI,3,Both,22,All ages,559,Schizophrenia,3,Rate,2008,189.04635816431005,241.7836477876025,139.88682311557457
2,DALYs (Disability-Adjusted Life Years),44639,Middle SDI,1,Male,27,Age-standardized,559,Schizophrenia,3,Rate,2008,190.53567219765557,242.34840332767902,141.60993408822938
2,DALYs (Disability-Adjusted Life Years),44639,Middle SDI,2,Female,27,Age-standardized,559,Schizophrenia,3,Rate,2008,164.11891304690167,209.86062004463236,121.49915780889566
2,DALYs (Disability-Adjusted Life Years),44639,Middle SDI,3,Both,27,Age-standardized,559,Schizophrenia,3,Rate,2008,177.37371102229656,225.87585737222108,131.61998836103317
2,DALYs (Disability-Adjusted Life Years),42,Central Europe,1,Male,22,All ages,559,Schizophrenia,1,Number,2008,100891.78532333249,134316.12442578617,71961.16662144294
2,DALYs (Disability-Adjusted Life Years),42,Central Europe,2,Female,22,All ages,559,Schizophrenia,1,Number,2008,101717.70581184837,134392.92116522804,72647.17913132093
2,DALYs (Disability-Adjusted Life Years),42,Central Europe,3,Both,22,All ages,559,Schizophrenia,1,Number,2008,202609.49113518084,269395.79303500877,143975.70047940762
2,DALYs (Disability-Adjusted Life Years),42,Central Europe,1,Male,22,All ages,559,Schizophrenia,2,Percent,2008,0.004178961531002356,0.005450131523756333,0.0029686929365193276
2,DALYs (Disability-Adjusted Life Years),42,Central Europe,2,Female,22,All ages,559,Schizophrenia,2,Percent,2008,0.004987517890059174,0.006441240149880466,0.0036056661526673956
2,DALYs (Disability-Adjusted Life Years),42,Central Europe,3,Both,22,All ages,559,Schizophrenia,2,Percent,2008,0.004548663166194098,0.005914935125438331,0.0032735877194093794
2,DALYs (Disability-Adjusted Life Years),42,Central Europe,1,Male,22,All ages,559,Schizophrenia,3,Rate,2008,173.5291421260266,231.01743883908776,123.76983388873784
2,DALYs (Disability-Adjusted Life Years),42,Central Europe,2,Female,22,All ages,559,Schizophrenia,3,Rate,2008,165.31116015784528,218.41477388332757,118.06587032750977
2,DALYs (Disability-Adjusted Life Years),42,Central Europe,3,Both,22,All ages,559,Schizophrenia,3,Rate,2008,169.3037562676661,225.11146653590382,120.30841578970623
2,DALYs (Disability-Adjusted Life Years),42,Central Europe,1,Male,27,Age-standardized,559,Schizophrenia,3,Rate,2008,144.95235658969278,194.26761597742032,103.53308488684245
2,DALYs (Disability-Adjusted Life Years),42,Central Europe,2,Female,27,Age-standardized,559,Schizophrenia,3,Rate,2008,140.35434093066158,186.49262572474976,99.87107382527695
2,DALYs (Disability-Adjusted Life Years),42,Central Europe,3,Both,27,Age-standardized,559,Schizophrenia,3,Rate,2008,142.65472627620838,190.70575152298687,101.49952246229788
2,DALYs (Disability-Adjusted Life Years),56,Eastern Europe,1,Male,22,All ages,559,Schizophrenia,1,Number,2008,151388.3142528369,195504.56881770957,111537.01155825033
2,DALYs (Disability-Adjusted Life Years),56,Eastern Europe,2,Female,22,All ages,559,Schizophrenia,1,Number,2008,174583.13546657248,224219.5515645565,128703.60043764026
2,DALYs (Disability-Adjusted Life Years),56,Eastern Europe,3,Both,22,All ages,559,Schizophrenia,1,Number,2008,325971.44971940934,418788.12607777945,241600.29078253108
2,DALYs (Disability-Adjusted Life Years),56,Eastern Europe,1,Male,22,All ages,559,Schizophrenia,2,Percent,2008,0.0023963630406314833,0.003070067153426492,0.0017595462386906426
2,DALYs (Disability-Adjusted Life Years),56,Eastern Europe,2,Female,22,All ages,559,Schizophrenia,2,Percent,2008,0.0036133288768693786,0.00454900958602286,0.0026685007673812712
2,DALYs (Disability-Adjusted Life Years),56,Eastern Europe,3,Both,22,All ages,559,Schizophrenia,2,Percent,2008,0.0029233474563759992,0.003714362728517033,0.0021670235271452503
2,DALYs (Disability-Adjusted Life Years),56,Eastern Europe,1,Male,22,All ages,559,Schizophrenia,3,Rate,2008,153.6158810557036,198.38127359810488,113.17819598826637
2,DALYs (Disability-Adjusted Life Years),56,Eastern Europe,2,Female,22,All ages,559,Schizophrenia,3,Rate,2008,153.33850442975842,196.9347761393782,113.04194733982007
2,DALYs (Disability-Adjusted Life Years),56,Eastern Europe,3,Both,22,All ages,559,Schizophrenia,3,Rate,2008,153.46719955660603,197.1652455208526,113.7452990756478
2,DALYs (Disability-Adjusted Life Years),56,Eastern Europe,1,Male,27,Age-standardized,559,Schizophrenia,3,Rate,2008,127.23847543779426,164.1057005571035,93.95878916186223
2,DALYs (Disability-Adjusted Life Years),56,Eastern Europe,2,Female,27,Age-standardized,559,Schizophrenia,3,Rate,2008,128.36743809597132,167.0343369653129,95.13596028610152
2,DALYs (Disability-Adjusted Life Years),56,Eastern Europe,3,Both,27,Age-standardized,559,Schizophrenia,3,Rate,2008,127.8535144643013,165.11000703283176,94.87467399032856
2,DALYs (Disability-Adjusted Life Years),32,Central Asia,1,Male,22,All ages,559,Schizophrenia,1,Number,2008,54206.38916101264,74747.14219559307,38137.30483546341
2,DALYs (Disability-Adjusted Life Years),32,Central Asia,2,Female,22,All ages,559,Schizophrenia,1,Number,2008,54972.588685032504,75405.62201277564,38601.23334233418
2,DALYs (Disability-Adjusted Life Years),32,Central Asia,3,Both,22,All ages,559,Schizophrenia,1,Number,2008,109178.97784604508,149968.60624389906,76905.25979939877
2,DALYs (Disability-Adjusted Life Years),32,Central Asia,1,Male,22,All ages,559,Schizophrenia,2,Percent,2008,0.003501162265593168,0.0047522756712529085,0.0024744230697543498
2,DALYs (Disability-Adjusted Life Years),32,Central Asia,2,Female,22,All ages,559,Schizophrenia,2,Percent,2008,0.004405003859891816,0.005974787744278176,0.0031117287502703183
2,DALYs (Disability-Adjusted Life Years),32,Central Asia,3,Both,22,All ages,559,Schizophrenia,2,Percent,2008,0.0039040104032629515,0.005241105312160134,0.0027548288463497723
2,DALYs (Disability-Adjusted Life Years),32,Central Asia,1,Male,22,All ages,559,Schizophrenia,3,Rate,2008,137.82488372150553,190.051695770064,96.9677133222494
2,DALYs (Disability-Adjusted Life Years),32,Central Asia,2,Female,22,All ages,559,Schizophrenia,3,Rate,2008,135.67827767783243,186.1092076368716,95.2720070385553
2,DALYs (Disability-Adjusted Life Years),32,Central Asia,3,Both,22,All ages,559,Schizophrenia,3,Rate,2008,136.7356254367161,187.82050881212723,96.31605832463707
2,DALYs (Disability-Adjusted Life Years),32,Central Asia,1,Male,27,Age-standardized,559,Schizophrenia,3,Rate,2008,139.31808333221798,190.47157776104225,98.16328260025293
2,DALYs (Disability-Adjusted Life Years),32,Central Asia,2,Female,27,Age-standardized,559,Schizophrenia,3,Rate,2008,133.55467462500837,182.0787844714778,93.65837430683186
2,DALYs (Disability-Adjusted Life Years),32,Central Asia,3,Both,27,Age-standardized,559,Schizophrenia,3,Rate,2008,136.35680466811533,185.8540644744253,95.49684025101276
2,DALYs (Disability-Adjusted Life Years),44637,Low SDI,1,Male,22,All ages,559,Schizophrenia,1,Number,2008,469422.88606934797,620564.9176568473,340835.78443335043
2,DALYs (Disability-Adjusted Life Years),44637,Low SDI,2,Female,22,All ages,559,Schizophrenia,1,Number,2008,445107.79282916785,589178.5454068399,320178.1174307832
2,DALYs (Disability-Adjusted Life Years),44637,Low SDI,3,Both,22,All ages,559,Schizophrenia,1,Number,2008,914530.6788985159,1213306.7328469725,661126.587582897
2,DALYs (Disability-Adjusted Life Years),44637,Low SDI,1,Male,22,All ages,559,Schizophrenia,2,Percent,2008,0.0016361071938322481,0.002149133929981269,0.001157540830503031
2,DALYs (Disability-Adjusted Life Years),44637,Low SDI,2,Female,22,All ages,559,Schizophrenia,2,Percent,2008,0.0017004738116624955,0.002251269447210571,0.0012202026862803744
2,DALYs (Disability-Adjusted Life Years),44637,Low SDI,3,Both,22,All ages,559,Schizophrenia,2,Percent,2008,0.0016667387703855733,0.002208098136710101,0.0011935963240653888
2,DALYs (Disability-Adjusted Life Years),44637,Low SDI,1,Male,22,All ages,559,Schizophrenia,3,Rate,2008,115.49810586356926,152.6855095517418,83.86017955409233
2,DALYs (Disability-Adjusted Life Years),44637,Low SDI,2,Female,22,All ages,559,Schizophrenia,3,Rate,2008,110.94269278661588,146.85219044148116,79.80409036054222
2,DALYs (Disability-Adjusted Life Years),44637,Low SDI,3,Both,22,All ages,559,Schizophrenia,3,Rate,2008,113.23514409239812,150.22892713416505,81.8592160280849
2,DALYs (Disability-Adjusted Life Years),44637,Low SDI,1,Male,27,Age-standardized,559,Schizophrenia,3,Rate,2008,158.3918368457202,207.57159346711916,113.97939442045183
2,DALYs (Disability-Adjusted Life Years),44637,Low SDI,2,Female,27,Age-standardized,559,Schizophrenia,3,Rate,2008,147.86229854762053,194.97149247647383,106.56770515379264
2,DALYs (Disability-Adjusted Life Years),44637,Low SDI,3,Both,27,Age-standardized,559,Schizophrenia,3,Rate,2008,153.1172354185106,201.09326747523312,110.25310531372699
2,DALYs (Disability-Adjusted Life Years),174,Eastern Sub-Saharan Africa,1,Male,22,All ages,559,Schizophrenia,1,Number,2008,143656.9729808159,191731.3948424095,102519.06110073937
2,DALYs (Disability-Adjusted Life Years),174,Eastern Sub-Saharan Africa,2,Female,22,All ages,559,Schizophrenia,1,Number,2008,157977.22855351024,210439.37426884746,112898.70891328494
2,DALYs (Disability-Adjusted Life Years),174,Eastern Sub-Saharan Africa,3,Both,22,All ages,559,Schizophrenia,1,Number,2008,301634.2015343261,402264.3304979587,214495.36973212595
2,DALYs (Disability-Adjusted Life Years),174,Eastern Sub-Saharan Africa,1,Male,22,All ages,559,Schizophrenia,2,Percent,2008,0.0013418294022799807,0.0018243306549473464,0.0009388876676956483
2,DALYs (Disability-Adjusted Life Years),174,Eastern Sub-Saharan Africa,2,Female,22,All ages,559,Schizophrenia,2,Percent,2008,0.0016304706174722142,0.0022030569291421943,0.0011643018749669253
2,DALYs (Disability-Adjusted Life Years),174,Eastern Sub-Saharan Africa,3,Both,22,All ages,559,Schizophrenia,2,Percent,2008,0.0014788603899946976,0.002006187805793607,0.001047257454534806
2,DALYs (Disability-Adjusted Life Years),174,Eastern Sub-Saharan Africa,1,Male,22,All ages,559,Schizophrenia,3,Rate,2008,93.34743012557686,124.58589800107565,66.61626438362299
2,DALYs (Disability-Adjusted Life Years),174,Eastern Sub-Saharan Africa,2,Female,22,All ages,559,Schizophrenia,3,Rate,2008,101.32747663079616,134.97698987169753,72.41386238892682
2,DALYs (Disability-Adjusted Life Years),174,Eastern Sub-Saharan Africa,3,Both,22,All ages,559,Schizophrenia,3,Rate,2008,97.36337479676733,129.84539743311018,69.23615746877944
2,DALYs (Disability-Adjusted Life Years),174,Eastern Sub-Saharan Africa,1,Male,27,Age-standardized,559,Schizophrenia,3,Rate,2008,133.5579022019927,176.46892558896823,95.55540693009914
2,DALYs (Disability-Adjusted Life Years),174,Eastern Sub-Saharan Africa,2,Female,27,Age-standardized,559,Schizophrenia,3,Rate,2008,140.33453016999732,186.3459732554895,100.91576131612649
2,DALYs (Disability-Adjusted Life Years),174,Eastern Sub-Saharan Africa,3,Both,27,Age-standardized,559,Schizophrenia,3,Rate,2008,137.02066869309527,181.70120715467775,98.55499322431525
2,DALYs (Disability-Adjusted Life Years),21,Oceania,1,Male,22,All ages,559,Schizophrenia,1,Number,2008,8645.923983620127,11976.606988929681,6277.400613659116
2,DALYs (Disability-Adjusted Life Years),21,Oceania,2,Female,22,All ages,559,Schizophrenia,1,Number,2008,6815.8076611748165,9482.058104735079,4739.507009679981
2,DALYs (Disability-Adjusted Life Years),21,Oceania,3,Both,22,All ages,559,Schizophrenia,1,Number,2008,15461.731644794963,21395.01839035331,11073.037913465425
2,DALYs (Disability-Adjusted Life Years),21,Oceania,1,Male,22,All ages,559,Schizophrenia,2,Percent,2008,0.0036509620771310964,0.005091025035332264,0.002534576969931258
2,DALYs (Disability-Adjusted Life Years),21,Oceania,2,Female,22,All ages,559,Schizophrenia,2,Percent,2008,0.003387884702173775,0.004674858884649871,0.0023416877951890356
2,DALYs (Disability-Adjusted Life Years),21,Oceania,3,Both,22,All ages,559,Schizophrenia,2,Percent,2008,0.003529870386925723,0.004905795189440411,0.002428651968815903
2,DALYs (Disability-Adjusted Life Years),21,Oceania,1,Male,22,All ages,559,Schizophrenia,3,Rate,2008,164.639420786289,228.0637259103892,119.5369752306788
2,DALYs (Disability-Adjusted Life Years),21,Oceania,2,Female,22,All ages,559,Schizophrenia,3,Rate,2008,139.02260358467808,193.4063387044366,96.67212411917914
2,DALYs (Disability-Adjusted Life Years),21,Oceania,3,Both,22,All ages,559,Schizophrenia,3,Rate,2008,152.27095009923494,210.7034226523022,109.05001084634932
2,DALYs (Disability-Adjusted Life Years),21,Oceania,1,Male,27,Age-standardized,559,Schizophrenia,3,Rate,2008,191.36677965736376,259.4759691184355,137.58813748382548
2,DALYs (Disability-Adjusted Life Years),21,Oceania,2,Female,27,Age-standardized,559,Schizophrenia,3,Rate,2008,157.0469077375723,215.06662425334784,112.09673195880805
2,DALYs (Disability-Adjusted Life Years),21,Oceania,3,Both,27,Age-standardized,559,Schizophrenia,3,Rate,2008,174.65298040660517,235.72595153934557,124.80743565862454
2,DALYs (Disability-Adjusted Life Years),9,Southeast Asia,1,Male,22,All ages,559,Schizophrenia,1,Number,2008,620093.627020128,819556.498441193,452997.5963308299
2,DALYs (Disability-Adjusted Life Years),9,Southeast Asia,2,Female,22,All ages,559,Schizophrenia,1,Number,2008,512228.94378781074,673700.5485294916,377295.5005177091
2,DALYs (Disability-Adjusted Life Years),9,Southeast Asia,3,Both,22,All ages,559,Schizophrenia,1,Number,2008,1132322.5708079399,1492531.623949903,829991.228830717
2,DALYs (Disability-Adjusted Life Years),9,Southeast Asia,1,Male,22,All ages,559,Schizophrenia,2,Percent,2008,0.005625677117701082,0.007327379402582642,0.0040705258190223016
2,DALYs (Disability-Adjusted Life Years),9,Southeast Asia,2,Female,22,All ages,559,Schizophrenia,2,Percent,2008,0.005419801659104152,0.0070361388296192005,0.0038799430574834584
2,DALYs (Disability-Adjusted Life Years),9,Southeast Asia,3,Both,22,All ages,559,Schizophrenia,2,Percent,2008,0.005529596569520864,0.007197896680085305,0.003984559209586859
2,DALYs (Disability-Adjusted Life Years),9,Southeast Asia,1,Male,22,All ages,559,Schizophrenia,3,Rate,2008,206.6952800354575,273.182068914704,150.99730258306744
2,DALYs (Disability-Adjusted Life Years),9,Southeast Asia,2,Female,22,All ages,559,Schizophrenia,3,Rate,2008,169.95926145085207,223.53607513935867,125.18789770552866
2,DALYs (Disability-Adjusted Life Years),9,Southeast Asia,3,Both,22,All ages,559,Schizophrenia,3,Rate,2008,188.28513400923873,248.18150240343502,138.0128011008192
2,DALYs (Disability-Adjusted Life Years),9,Southeast Asia,1,Male,27,Age-standardized,559,Schizophrenia,3,Rate,2008,203.32729012957023,267.20284174305823,148.9514851896472
2,DALYs (Disability-Adjusted Life Years),9,Southeast Asia,2,Female,27,Age-standardized,559,Schizophrenia,3,Rate,2008,164.5436422498252,215.39935017641102,121.3508359239376
2,DALYs (Disability-Adjusted Life Years),9,Southeast Asia,3,Both,27,Age-standardized,559,Schizophrenia,3,Rate,2008,183.68308716426543,240.76358462074228,135.02972427619804
2,DALYs (Disability-Adjusted Life Years),104,Caribbean,1,Male,22,All ages,559,Schizophrenia,1,Number,2008,34663.60371636562,46843.90944006527,24793.578885180137
2,DALYs (Disability-Adjusted Life Years),104,Caribbean,2,Female,22,All ages,559,Schizophrenia,1,Number,2008,27807.452880723442,37576.36538698909,19367.052104953753
2,DALYs (Disability-Adjusted Life Years),104,Caribbean,3,Both,22,All ages,559,Schizophrenia,1,Number,2008,62471.05659708903,84070.31170948516,44284.17565887967
2,DALYs (Disability-Adjusted Life Years),104,Caribbean,1,Male,22,All ages,559,Schizophrenia,2,Percent,2008,0.0043216853313028415,0.005740758336474626,0.003143943767046572
2,DALYs (Disability-Adjusted Life Years),104,Caribbean,2,Female,22,All ages,559,Schizophrenia,2,Percent,2008,0.0036482265305018487,0.004947081715918524,0.0025741305826370636
2,DALYs (Disability-Adjusted Life Years),104,Caribbean,3,Both,22,All ages,559,Schizophrenia,2,Percent,2008,0.003993103649676948,0.005330757435398893,0.0028740654762496763
2,DALYs (Disability-Adjusted Life Years),104,Caribbean,1,Male,22,All ages,559,Schizophrenia,3,Rate,2008,161.8836314836562,218.76727633685238,115.78930512393616
2,DALYs (Disability-Adjusted Life Years),104,Caribbean,2,Female,22,All ages,559,Schizophrenia,3,Rate,2008,127.16373050278575,171.83705468607354,88.5657023342469
2,DALYs (Disability-Adjusted Life Years),104,Caribbean,3,Both,22,All ages,559,Schizophrenia,3,Rate,2008,144.34126846186024,194.24700162181227,102.31992918923005
2,DALYs (Disability-Adjusted Life Years),104,Caribbean,1,Male,27,Age-standardized,559,Schizophrenia,3,Rate,2008,160.07230984409014,215.42368449389204,114.33602892957384
2,DALYs (Disability-Adjusted Life Years),104,Caribbean,2,Female,27,Age-standardized,559,Schizophrenia,3,Rate,2008,123.61856840011009,167.30486947042232,85.91298630557033
2,DALYs (Disability-Adjusted Life Years),104,Caribbean,3,Both,27,Age-standardized,559,Schizophrenia,3,Rate,2008,141.5004604751335,190.10165347153074,100.184959674954
2,DALYs (Disability-Adjusted Life Years),199,Western Sub-Saharan Africa,1,Male,22,All ages,559,Schizophrenia,1,Number,2008,160510.1955728235,212315.67873819423,114729.45092050095
2,DALYs (Disability-Adjusted Life Years),199,Western Sub-Saharan Africa,2,Female,22,All ages,559,Schizophrenia,1,Number,2008,207738.58676544114,275563.8338690115,149919.79664461603
2,DALYs (Disability-Adjusted Life Years),199,Western Sub-Saharan Africa,3,Both,22,All ages,559,Schizophrenia,1,Number,2008,368248.7823382642,486819.8291809167,264226.6051267396
2,DALYs (Disability-Adjusted Life Years),199,Western Sub-Saharan Africa,1,Male,22,All ages,559,Schizophrenia,2,Percent,2008,0.001152938297058289,0.0015502528778585127,0.000816291928915867
2,DALYs (Disability-Adjusted Life Years),199,Western Sub-Saharan Africa,2,Female,22,All ages,559,Schizophrenia,2,Percent,2008,0.0016443273103114446,0.002169479310141888,0.0011887698175601672
2,DALYs (Disability-Adjusted Life Years),199,Western Sub-Saharan Africa,3,Both,22,All ages,559,Schizophrenia,2,Percent,2008,0.0013865550667893152,0.001844749480128011,0.0009992572394405112
2,DALYs (Disability-Adjusted Life Years),199,Western Sub-Saharan Africa,1,Male,22,All ages,559,Schizophrenia,3,Rate,2008,96.90584144087052,128.1826953470975,69.26634124282775
2,DALYs (Disability-Adjusted Life Years),199,Western Sub-Saharan Africa,2,Female,22,All ages,559,Schizophrenia,3,Rate,2008,124.44091338624727,165.07003208602026,89.80592734175686
2,DALYs (Disability-Adjusted Life Years),199,Western Sub-Saharan Africa,3,Both,22,All ages,559,Schizophrenia,3,Rate,2008,110.72728956149935,146.3799550068299,79.44926696008895
2,DALYs (Disability-Adjusted Life Years),199,Western Sub-Saharan Africa,1,Male,27,Age-standardized,559,Schizophrenia,3,Rate,2008,133.14844153680937,175.55340877268077,95.65702073019246
2,DALYs (Disability-Adjusted Life Years),199,Western Sub-Saharan Africa,2,Female,27,Age-standardized,559,Schizophrenia,3,Rate,2008,165.10945653350433,217.2946187371799,119.46246446639819
2,DALYs (Disability-Adjusted Life Years),199,Western Sub-Saharan Africa,3,Both,27,Age-standardized,559,Schizophrenia,3,Rate,2008,149.34928102442493,196.38446059533672,107.35314330176786
2,DALYs (Disability-Adjusted Life Years),138,North Africa and Middle East,1,Male,22,All ages,559,Schizophrenia,1,Number,2008,405086.6721178021,548588.986616864,288281.15757765924
2,DALYs (Disability-Adjusted Life Years),138,North Africa and Middle East,2,Female,22,All ages,559,Schizophrenia,1,Number,2008,332289.64858487406,446109.8945089269,238547.41607686743
2,DALYs (Disability-Adjusted Life Years),138,North Africa and Middle East,3,Both,22,All ages,559,Schizophrenia,1,Number,2008,737376.3207026767,993958.1516690832,526339.5346685686
2,DALYs (Disability-Adjusted Life Years),138,North Africa and Middle East,1,Male,22,All ages,559,Schizophrenia,2,Percent,2008,0.004799010562926364,0.0063750845145243065,0.0033655796932178434
2,DALYs (Disability-Adjusted Life Years),138,North Africa and Middle East,2,Female,22,All ages,559,Schizophrenia,2,Percent,2008,0.004585821520685385,0.006107834111895621,0.0032764690415452583
2,DALYs (Disability-Adjusted Life Years),138,North Africa and Middle East,3,Both,22,All ages,559,Schizophrenia,2,Percent,2008,0.004699988218166599,0.006261428515610276,0.0033258866008378405
2,DALYs (Disability-Adjusted Life Years),138,North Africa and Middle East,1,Male,22,All ages,559,Schizophrenia,3,Rate,2008,158.32484193744173,214.41155824914,112.67235347045099
2,DALYs (Disability-Adjusted Life Years),138,North Africa and Middle East,2,Female,22,All ages,559,Schizophrenia,3,Rate,2008,138.3572241374904,185.74917072313957,99.32526774193572
2,DALYs (Disability-Adjusted Life Years),138,North Africa and Middle East,3,Both,22,All ages,559,Schizophrenia,3,Rate,2008,148.65683564232586,200.38434845211137,106.11131317957401
2,DALYs (Disability-Adjusted Life Years),138,North Africa and Middle East,1,Male,27,Age-standardized,559,Schizophrenia,3,Rate,2008,164.5672715812925,222.21759323578948,117.6908417510442
2,DALYs (Disability-Adjusted Life Years),138,North Africa and Middle East,2,Female,27,Age-standardized,559,Schizophrenia,3,Rate,2008,145.90510701620835,194.41189557125418,105.35842531418749
2,DALYs (Disability-Adjusted Life Years),138,North Africa and Middle East,3,Both,27,Age-standardized,559,Schizophrenia,3,Rate,2008,155.584020193428,209.1077162606136,111.76118720250413
2,DALYs (Disability-Adjusted Life Years),44635,High SDI,1,Male,22,All ages,559,Schizophrenia,1,Number,2008,1185921.000108799,1512128.47372361,881370.9938129953
2,DALYs (Disability-Adjusted Life Years),44635,High SDI,2,Female,22,All ages,559,Schizophrenia,1,Number,2008,1105735.9720356276,1397936.0307597872,816879.906051218
2,DALYs (Disability-Adjusted Life Years),44635,High SDI,3,Both,22,All ages,559,Schizophrenia,1,Number,2008,2291656.9721444254,2906622.7113519227,1698250.8998642133
2,DALYs (Disability-Adjusted Life Years),44635,High SDI,1,Male,22,All ages,559,Schizophrenia,2,Percent,2008,0.007770360404310029,0.009690048410964769,0.005804089181733961
2,DALYs (Disability-Adjusted Life Years),44635,High SDI,2,Female,22,All ages,559,Schizophrenia,2,Percent,2008,0.007776048801828021,0.009718313460895318,0.005859399191811769
2,DALYs (Disability-Adjusted Life Years),44635,High SDI,3,Both,22,All ages,559,Schizophrenia,2,Percent,2008,0.007772073445686306,0.009716368853655347,0.005824954482177831
2,DALYs (Disability-Adjusted Life Years),44635,High SDI,1,Male,22,All ages,559,Schizophrenia,3,Rate,2008,236.91174669703713,302.07829856062904,176.07171271373386
2,DALYs (Disability-Adjusted Life Years),44635,High SDI,2,Female,22,All ages,559,Schizophrenia,3,Rate,2008,217.87848978061103,275.4547187527245,160.96117406301778
2,DALYs (Disability-Adjusted Life Years),44635,High SDI,3,Both,22,All ages,559,Schizophrenia,3,Rate,2008,227.32973223978243,288.3336252874674,168.46453332011617
2,DALYs (Disability-Adjusted Life Years),44635,High SDI,1,Male,27,Age-standardized,559,Schizophrenia,3,Rate,2008,202.2415244003246,259.84848556869065,151.06776231458974
2,DALYs (Disability-Adjusted Life Years),44635,High SDI,2,Female,27,Age-standardized,559,Schizophrenia,3,Rate,2008,186.54066403982665,238.1133734629278,137.79879643479057
2,DALYs (Disability-Adjusted Life Years),44635,High SDI,3,Both,27,Age-standardized,559,Schizophrenia,3,Rate,2008,194.71258752110674,249.4674131560977,144.96666380770304
2,DALYs (Disability-Adjusted Life Years),100,High-income North America,1,Male,22,All ages,559,Schizophrenia,1,Number,2008,447829.06538482354,561739.5333725442,336294.14282622613
2,DALYs (Disability-Adjusted Life Years),100,High-income North America,2,Female,22,All ages,559,Schizophrenia,1,Number,2008,420324.62604612875,527298.6497845611,315469.69412073237
2,DALYs (Disability-Adjusted Life Years),100,High-income North America,3,Both,22,All ages,559,Schizophrenia,1,Number,2008,868153.6914309523,1088600.3024713043,654799.5620177588
2,DALYs (Disability-Adjusted Life Years),100,High-income North America,1,Male,22,All ages,559,Schizophrenia,2,Percent,2008,0.008480603121454225,0.010444178133367458,0.0063937845549018055
2,DALYs (Disability-Adjusted Life Years),100,High-income North America,2,Female,22,All ages,559,Schizophrenia,2,Percent,2008,0.008256327461389785,0.010151007955295225,0.006331138133490594
2,DALYs (Disability-Adjusted Life Years),100,High-income North America,3,Both,22,All ages,559,Schizophrenia,2,Percent,2008,0.008369590413741999,0.010281839138054742,0.00630633167492342
2,DALYs (Disability-Adjusted Life Years),100,High-income North America,1,Male,22,All ages,559,Schizophrenia,3,Rate,2008,270.2261736197915,338.9613055682073,202.9244782238256
2,DALYs (Disability-Adjusted Life Years),100,High-income North America,2,Female,22,All ages,559,Schizophrenia,3,Rate,2008,245.88374610447303,308.46198221711984,184.54514764577488
2,DALYs (Disability-Adjusted Life Years),100,High-income North America,3,Both,22,All ages,559,Schizophrenia,3,Rate,2008,257.86622281285923,323.3451068882974,194.49400656089165
2,DALYs (Disability-Adjusted Life Years),100,High-income North America,1,Male,27,Age-standardized,559,Schizophrenia,3,Rate,2008,242.53192907859236,306.97550850005524,182.10861800141217
2,DALYs (Disability-Adjusted Life Years),100,High-income North America,2,Female,27,Age-standardized,559,Schizophrenia,3,Rate,2008,219.29816145164378,276.5690917283574,163.61602975257642
2,DALYs (Disability-Adjusted Life Years),100,High-income North America,3,Both,27,Age-standardized,559,Schizophrenia,3,Rate,2008,230.9879326338049,291.0864476777884,172.80509324106532
2,DALYs (Disability-Adjusted Life Years),167,Central Sub-Saharan Africa,1,Male,22,All ages,559,Schizophrenia,1,Number,2008,44556.54997489836,61687.31996148702,31719.191162373027
2,DALYs (Disability-Adjusted Life Years),167,Central Sub-Saharan Africa,2,Female,22,All ages,559,Schizophrenia,1,Number,2008,47388.68919228178,64795.668467083924,33144.70065342367
2,DALYs (Disability-Adjusted Life Years),167,Central Sub-Saharan Africa,3,Both,22,All ages,559,Schizophrenia,1,Number,2008,91945.23916718019,126521.54055875793,64955.17438906642
2,DALYs (Disability-Adjusted Life Years),167,Central Sub-Saharan Africa,1,Male,22,All ages,559,Schizophrenia,2,Percent,2008,0.0011766831409244234,0.0016432493224683114,0.0008046365061280586
2,DALYs (Disability-Adjusted Life Years),167,Central Sub-Saharan Africa,2,Female,22,All ages,559,Schizophrenia,2,Percent,2008,0.0013713166386340233,0.0018889534552222007,0.0009447134776686917
2,DALYs (Disability-Adjusted Life Years),167,Central Sub-Saharan Africa,3,Both,22,All ages,559,Schizophrenia,2,Percent,2008,0.001269438339062706,0.0017430058510008698,0.0008738906889637319
2,DALYs (Disability-Adjusted Life Years),167,Central Sub-Saharan Africa,1,Male,22,All ages,559,Schizophrenia,3,Rate,2008,95.06932752873774,131.62087345390384,67.6785382903551
2,DALYs (Disability-Adjusted Life Years),167,Central Sub-Saharan Africa,2,Female,22,All ages,559,Schizophrenia,3,Rate,2008,100.4533057469645,137.3521658130828,70.25927083824594
2,DALYs (Disability-Adjusted Life Years),167,Central Sub-Saharan Africa,3,Both,22,All ages,559,Schizophrenia,3,Rate,2008,97.77011644438454,134.53688157426814,69.07018809464577
2,DALYs (Disability-Adjusted Life Years),167,Central Sub-Saharan Africa,1,Male,27,Age-standardized,559,Schizophrenia,3,Rate,2008,129.51517212957435,177.76732965547305,91.65635221837657
2,DALYs (Disability-Adjusted Life Years),167,Central Sub-Saharan Africa,2,Female,27,Age-standardized,559,Schizophrenia,3,Rate,2008,135.34887221941298,185.20882782665456,94.52581369761299
2,DALYs (Disability-Adjusted Life Years),167,Central Sub-Saharan Africa,3,Both,27,Age-standardized,559,Schizophrenia,3,Rate,2008,132.48283423316255,180.19048821336804,93.1686898211913
2,DALYs (Disability-Adjusted Life Years),192,Southern Sub-Saharan Africa,1,Male,22,All ages,559,Schizophrenia,1,Number,2008,41933.014370649915,55135.871693498615,30471.77672441641
2,DALYs (Disability-Adjusted Life Years),192,Southern Sub-Saharan Africa,2,Female,22,All ages,559,Schizophrenia,1,Number,2008,47746.05650820969,62451.461665001276,34978.78775926995
2,DALYs (Disability-Adjusted Life Years),192,Southern Sub-Saharan Africa,3,Both,22,All ages,559,Schizophrenia,1,Number,2008,89679.0708788596,118080.77901956008,65617.58411790355
2,DALYs (Disability-Adjusted Life Years),192,Southern Sub-Saharan Africa,1,Male,22,All ages,559,Schizophrenia,2,Percent,2008,0.0015460796148120824,0.0020337012429666344,0.0011321752155663244
2,DALYs (Disability-Adjusted Life Years),192,Southern Sub-Saharan Africa,2,Female,22,All ages,559,Schizophrenia,2,Percent,2008,0.0017375485575944292,0.0022749595675779838,0.0012781009704338616
2,DALYs (Disability-Adjusted Life Years),192,Southern Sub-Saharan Africa,3,Both,22,All ages,559,Schizophrenia,2,Percent,2008,0.0016423401619367801,0.002163281929796902,0.0012129920044080186
2,DALYs (Disability-Adjusted Life Years),192,Southern Sub-Saharan Africa,1,Male,22,All ages,559,Schizophrenia,3,Rate,2008,124.83814254886185,164.14416929793597,90.71706538469941
2,DALYs (Disability-Adjusted Life Years),192,Southern Sub-Saharan Africa,2,Female,22,All ages,559,Schizophrenia,3,Rate,2008,133.41649422105996,174.50771191737567,97.74099844542974
2,DALYs (Disability-Adjusted Life Years),192,Southern Sub-Saharan Africa,3,Both,22,All ages,559,Schizophrenia,3,Rate,2008,129.26316538252232,170.20130914960885,94.58100473957538
2,DALYs (Disability-Adjusted Life Years),192,Southern Sub-Saharan Africa,1,Male,27,Age-standardized,559,Schizophrenia,3,Rate,2008,137.60445197510737,180.12383791662978,100.38381804708274
2,DALYs (Disability-Adjusted Life Years),192,Southern Sub-Saharan Africa,2,Female,27,Age-standardized,559,Schizophrenia,3,Rate,2008,142.47686787225373,185.67400629438484,104.96478387026079
2,DALYs (Disability-Adjusted Life Years),192,Southern Sub-Saharan Africa,3,Both,27,Age-standardized,559,Schizophrenia,3,Rate,2008,140.19963405880748,183.3048556572297,103.11561443882836
5,Prevalence,21,Oceania,1,Male,22,All ages,559,Schizophrenia,1,Number,2008,13229.204880256662,16949.860435483784,10074.829172297095
5,Prevalence,21,Oceania,2,Female,22,All ages,559,Schizophrenia,1,Number,2008,10600.65296033695,13550.533027910516,8051.743092360863
5,Prevalence,21,Oceania,3,Both,22,All ages,559,Schizophrenia,1,Number,2008,23829.85784059356,30520.886321745464,18107.361569437417
5,Prevalence,21,Oceania,1,Male,22,All ages,559,Schizophrenia,2,Percent,2008,0.0025826271401842,0.0033094000791445,0.001965221049047
5,Prevalence,21,Oceania,2,Female,22,All ages,559,Schizophrenia,2,Percent,2008,0.0021944069678533,0.0028075458275269,0.0016644412446826
5,Prevalence,21,Oceania,3,Both,22,All ages,559,Schizophrenia,2,Percent,2008,0.0023942028511918,0.0030661080704352,0.0018165623363618
5,Prevalence,21,Oceania,1,Male,22,All ages,559,Schizophrenia,3,Rate,2008,251.91623626057,322.76656720476996,191.84925088287
5,Prevalence,21,Oceania,2,Female,22,All ages,559,Schizophrenia,3,Rate,2008,216.22241229583003,276.39136477269,164.23208279061
5,Prevalence,21,Oceania,3,Both,22,All ages,559,Schizophrenia,3,Rate,2008,234.6823226193,300.57722283954996,178.32576669359
5,Prevalence,21,Oceania,1,Male,27,Age-standardized,559,Schizophrenia,2,Percent,2008,0.0030122276434124,0.0037815926668818,0.0023110870947169
5,Prevalence,21,Oceania,2,Female,27,Age-standardized,559,Schizophrenia,2,Percent,2008,0.0024947991517922,0.0031196423923938,0.0019260071114104
5,Prevalence,21,Oceania,3,Both,27,Age-standardized,559,Schizophrenia,2,Percent,2008,0.0027595327209909,0.0034570825809752,0.002116195216001
5,Prevalence,21,Oceania,1,Male,27,Age-standardized,559,Schizophrenia,3,Rate,2008,295.5220627764,371.18536455947,227.14467794049
5,Prevalence,21,Oceania,2,Female,27,Age-standardized,559,Schizophrenia,3,Rate,2008,246.70778203989002,308.47399974016,190.54739276114
5,Prevalence,21,Oceania,3,Both,27,Age-standardized,559,Schizophrenia,3,Rate,2008,271.77027642713,340.37758851296,208.59876327332
5,Prevalence,5,East Asia,1,Male,22,All ages,559,Schizophrenia,1,Number,2008,2581051.6114233527,2939702.0999829657,2241295.697206744
5,Prevalence,5,East Asia,2,Female,22,All ages,559,Schizophrenia,1,Number,2008,2376252.1700577764,2695694.566266536,2066890.7213024348
5,Prevalence,5,East Asia,3,Both,22,All ages,559,Schizophrenia,1,Number,2008,4957303.781481129,5632214.672894168,4299125.301337875
5,Prevalence,5,East Asia,1,Male,22,All ages,559,Schizophrenia,2,Percent,2008,0.0039119521633695,0.0044549591234073,0.0033971647698161
5,Prevalence,5,East Asia,2,Female,22,All ages,559,Schizophrenia,2,Percent,2008,0.0036557568819053,0.0041512791907011,0.0031811982258919
5,Prevalence,5,East Asia,3,Both,22,All ages,559,Schizophrenia,2,Percent,2008,0.0037848086952426,0.0042991398191833,0.0032854749443241
5,Prevalence,5,East Asia,1,Male,22,All ages,559,Schizophrenia,3,Rate,2008,369.08160747070997,420.36740828611,320.49766656392
5,Prevalence,5,East Asia,2,Female,22,All ages,559,Schizophrenia,3,Rate,2008,355.33954145923,403.10825726379994,309.07830844236
5,Prevalence,5,East Asia,3,Both,22,All ages,559,Schizophrenia,3,Rate,2008,362.36421400168,411.69819986747,314.25331780829
5,Prevalence,5,East Asia,1,Male,27,Age-standardized,559,Schizophrenia,2,Percent,2008,0.003335483202887,0.0037959279860342,0.002899262298601
5,Prevalence,5,East Asia,2,Female,27,Age-standardized,559,Schizophrenia,2,Percent,2008,0.0030773095431693,0.003491766909244,0.0026770747530379
5,Prevalence,5,East Asia,3,Both,27,Age-standardized,559,Schizophrenia,2,Percent,2008,0.0032083478218646,0.0036467896842716,0.0027848655903747
5,Prevalence,5,East Asia,1,Male,27,Age-standardized,559,Schizophrenia,3,Rate,2008,308.78340653135996,351.46316445431,268.27355222105
5,Prevalence,5,East Asia,2,Female,27,Age-standardized,559,Schizophrenia,3,Rate,2008,293.82727803568,332.84118145108,255.56833772358
5,Prevalence,5,East Asia,3,Both,27,Age-standardized,559,Schizophrenia,3,Rate,2008,301.4670748748,342.36986068408,261.46322576822
5,Prevalence,1,Global,1,Male,22,All ages,559,Schizophrenia,1,Number,2008,10032553.119937552,11842308.053905834,8346443.886797367
5,Prevalence,1,Global,2,Female,22,All ages,559,Schizophrenia,1,Number,2008,9024842.653727015,10661635.561311712,7511308.837482732
5,Prevalence,1,Global,3,Both,22,All ages,559,Schizophrenia,1,Number,2008,19057395.77366457,22503229.614436507,15858631.618057957
5,Prevalence,1,Global,1,Male,22,All ages,559,Schizophrenia,2,Percent,2008,0.0030751249808665,0.0036357833845903,0.0025613591609269
5,Prevalence,1,Global,2,Female,22,All ages,559,Schizophrenia,2,Percent,2008,0.0027428061962286,0.0032433194966401,0.0022843549914193
5,Prevalence,1,Global,3,Both,22,All ages,559,Schizophrenia,2,Percent,2008,0.0029082577133828,0.0034393352964024,0.0024223216815748
5,Prevalence,1,Global,1,Male,22,All ages,559,Schizophrenia,3,Rate,2008,294.82687100169,348.01018118037,245.27713989825997
5,Prevalence,1,Global,2,Female,22,All ages,559,Schizophrenia,3,Rate,2008,268.14343064582,316.77533286688,223.17376574882
5,Prevalence,1,Global,3,Both,22,All ages,559,Schizophrenia,3,Rate,2008,281.5584479532,332.46800766614,234.29915388608998
5,Prevalence,1,Global,1,Male,27,Age-standardized,559,Schizophrenia,2,Percent,2008,0.0030274098386369,0.0035716989110237,0.0025264065351906
5,Prevalence,1,Global,2,Female,27,Age-standardized,559,Schizophrenia,2,Percent,2008,0.0026758932802419,0.0031572220305296,0.0022272489500646
5,Prevalence,1,Global,3,Both,27,Age-standardized,559,Schizophrenia,2,Percent,2008,0.002851565099787,0.003365113530183,0.0023767277518759
5,Prevalence,1,Global,1,Male,27,Age-standardized,559,Schizophrenia,3,Rate,2008,290.40387449402,342.06789765302,242.19646781118
5,Prevalence,1,Global,2,Female,27,Age-standardized,559,Schizophrenia,3,Rate,2008,261.22331504344,308.10418201368003,217.28453068227
5,Prevalence,1,Global,3,Both,27,Age-standardized,559,Schizophrenia,3,Rate,2008,275.90186000787,325.18773204982,229.79019640747998
5,Prevalence,65,High-income Asia Pacific,1,Male,22,All ages,559,Schizophrenia,1,Number,2008,315574.15323292045,377570.0095743679,261301.8107812523
5,Prevalence,65,High-income Asia Pacific,2,Female,22,All ages,559,Schizophrenia,1,Number,2008,315635.36072479526,374281.0434041296,262413.1905148564
5,Prevalence,65,High-income Asia Pacific,3,Both,22,All ages,559,Schizophrenia,1,Number,2008,631209.5139577155,752140.8039090713,524851.1304351089
5,Prevalence,65,High-income Asia Pacific,1,Male,22,All ages,559,Schizophrenia,2,Percent,2008,0.0037340781874173,0.0044630432623855,0.00308793451557
5,Prevalence,65,High-income Asia Pacific,2,Female,22,All ages,559,Schizophrenia,2,Percent,2008,0.0035031560467672,0.0041510495198993,0.0029146438459194
5,Prevalence,65,High-income Asia Pacific,3,Both,22,All ages,559,Schizophrenia,2,Percent,2008,0.0036149207860119,0.004309919958393,0.0029972520982169
5,Prevalence,65,High-income Asia Pacific,1,Male,22,All ages,559,Schizophrenia,3,Rate,2008,349.29491959791,417.91536089307,289.22329047734
5,Prevalence,65,High-income Asia Pacific,2,Female,22,All ages,559,Schizophrenia,3,Rate,2008,337.83764274872,400.60855393016004,280.87174233627
5,Prevalence,65,High-income Asia Pacific,3,Both,22,All ages,559,Schizophrenia,3,Rate,2008,343.47020627597004,409.27449817325,285.5957048309
5,Prevalence,65,High-income Asia Pacific,1,Male,27,Age-standardized,559,Schizophrenia,2,Percent,2008,0.0032141933047321,0.0038918315170312,0.002645655191455
5,Prevalence,65,High-income Asia Pacific,2,Female,27,Age-standardized,559,Schizophrenia,2,Percent,2008,0.0029780205599128,0.0035751356626561,0.0024575306912839
5,Prevalence,65,High-income Asia Pacific,3,Both,27,Age-standardized,559,Schizophrenia,2,Percent,2008,0.0031011563985716,0.0037276106037144,0.002554600583157
5,Prevalence,65,High-income Asia Pacific,1,Male,27,Age-standardized,559,Schizophrenia,3,Rate,2008,288.29544144574,349.14054558803,236.67461622213
5,Prevalence,65,High-income Asia Pacific,2,Female,27,Age-standardized,559,Schizophrenia,3,Rate,2008,276.94918407831,333.7845520467,228.30504631182
5,Prevalence,65,High-income Asia Pacific,3,Both,27,Age-standardized,559,Schizophrenia,3,Rate,2008,283.13707634673,340.66411669272003,233.13366357690003
5,Prevalence,32,Central Asia,1,Male,22,All ages,559,Schizophrenia,1,Number,2008,82894.59049641405,105384.41893457586,63386.35137976868
5,Prevalence,32,Central Asia,2,Female,22,All ages,559,Schizophrenia,1,Number,2008,86053.07024754862,110120.44467231628,66741.13492437286
5,Prevalence,32,Central Asia,3,Both,22,All ages,559,Schizophrenia,1,Number,2008,168947.66074396262,215388.8259038308,130687.24017944925
5,Prevalence,32,Central Asia,1,Male,22,All ages,559,Schizophrenia,2,Percent,2008,0.0022139029157632,0.0028197013959389,0.0016922053172899
5,Prevalence,32,Central Asia,2,Female,22,All ages,559,Schizophrenia,2,Percent,2008,0.0021855992620425,0.002792592226012,0.0016931291696172
5,Prevalence,32,Central Asia,3,Both,22,All ages,559,Schizophrenia,2,Percent,2008,0.0021993917336223,0.0028046080041577,0.0017011872624162
5,Prevalence,32,Central Asia,1,Male,22,All ages,559,Schizophrenia,3,Rate,2008,210.76735553024,267.94987658323004,161.16580801014
5,Prevalence,32,Central Asia,2,Female,22,All ages,559,Schizophrenia,3,Rate,2008,212.38825820942003,271.78913396022,164.72431903626
5,Prevalence,32,Central Asia,3,Both,22,All ages,559,Schizophrenia,3,Rate,2008,211.58985469227,269.75271616455,163.67254827878
5,Prevalence,32,Central Asia,1,Male,27,Age-standardized,559,Schizophrenia,2,Percent,2008,0.0022440281823403,0.0028399797108325,0.001728877877397
5,Prevalence,32,Central Asia,2,Female,27,Age-standardized,559,Schizophrenia,2,Percent,2008,0.0021622022853921,0.0027420142145772,0.0016861808609251
5,Prevalence,32,Central Asia,3,Both,27,Age-standardized,559,Schizophrenia,2,Percent,2008,0.0022024443077782,0.0027901765737348,0.0017154539645332
5,Prevalence,32,Central Asia,1,Male,27,Age-standardized,559,Schizophrenia,3,Rate,2008,214.36185767471997,271.04509517721,165.54001351075001
5,Prevalence,32,Central Asia,2,Female,27,Age-standardized,559,Schizophrenia,3,Rate,2008,209.81381961454997,266.12323679769,163.85803083634002
5,Prevalence,32,Central Asia,3,Both,27,Age-standardized,559,Schizophrenia,3,Rate,2008,212.03183354287,268.07509898394,165.39331707604
5,Prevalence,42,Central Europe,1,Male,22,All ages,559,Schizophrenia,1,Number,2008,157000.71740941342,192383.99173375577,126194.20569887097
5,Prevalence,42,Central Europe,2,Female,22,All ages,559,Schizophrenia,1,Number,2008,160990.07133412806,196144.38501069185,129816.324686907
5,Prevalence,42,Central Europe,3,Both,22,All ages,559,Schizophrenia,1,Number,2008,317990.78874354146,389000.623691302,256331.7683805076
5,Prevalence,42,Central Europe,1,Male,22,All ages,559,Schizophrenia,2,Percent,2008,0.0028005460321863,0.0034327770146939,0.0022538129836626
5,Prevalence,42,Central Europe,2,Female,22,All ages,559,Schizophrenia,2,Percent,2008,0.0026763665355758,0.0032645509267936,0.0021595842329907
5,Prevalence,42,Central Europe,3,Both,22,All ages,559,Schizophrenia,2,Percent,2008,0.0027362685976958,0.0033505745380805,0.0022087266907662
5,Prevalence,42,Central Europe,1,Male,22,All ages,559,Schizophrenia,3,Rate,2008,270.03387558179,330.89144906447,217.04811928960999
5,Prevalence,42,Central Europe,2,Female,22,All ages,559,Schizophrenia,3,Rate,2008,261.64034327875,318.77297650167,210.97690977335998
5,Prevalence,42,Central Europe,3,Both,22,All ages,559,Schizophrenia,3,Rate,2008,265.7182281598,325.05519071394,214.19495698056
5,Prevalence,42,Central Europe,1,Male,27,Age-standardized,559,Schizophrenia,2,Percent,2008,0.0023739048409048,0.0029332932318309,0.0018875584969612
5,Prevalence,42,Central Europe,2,Female,27,Age-standardized,559,Schizophrenia,2,Percent,2008,0.0022955128102486,0.0028353172206757,0.0018146825393926
5,Prevalence,42,Central Europe,3,Both,27,Age-standardized,559,Schizophrenia,2,Percent,2008,0.0023347113332976,0.0028728163760493,0.0018548552542449
5,Prevalence,42,Central Europe,1,Male,27,Age-standardized,559,Schizophrenia,3,Rate,2008,224.47221986994,276.32594122874997,179.23798258595
5,Prevalence,42,Central Europe,2,Female,27,Age-standardized,559,Schizophrenia,3,Rate,2008,220.10340129206,271.47792325221,174.06745364918999
5,Prevalence,42,Central Europe,3,Both,27,Age-standardized,559,Schizophrenia,3,Rate,2008,222.27926753012,273.17523462308003,176.96279328142998
5,Prevalence,70,Australasia,1,Male,22,All ages,559,Schizophrenia,1,Number,2008,60034.23685097975,64457.650061597255,55677.77228480768
5,Prevalence,70,Australasia,2,Female,22,All ages,559,Schizophrenia,1,Number,2008,49584.53928663034,55309.33309943855,43754.79462515438
5,Prevalence,70,Australasia,3,Both,22,All ages,559,Schizophrenia,1,Number,2008,109618.7761376098,119558.40651676328,100077.38312496088
5,Prevalence,70,Australasia,1,Male,22,All ages,559,Schizophrenia,2,Percent,2008,0.0051792533290487,0.005569867760149,0.0048142726746271
5,Prevalence,70,Australasia,2,Female,22,All ages,559,Schizophrenia,2,Percent,2008,0.0040902778710041,0.0045668418827348,0.0036041278017917
5,Prevalence,70,Australasia,3,Both,22,All ages,559,Schizophrenia,2,Percent,2008,0.0046225549218745,0.0050532698482807,0.0042240350570028
5,Prevalence,70,Australasia,1,Male,22,All ages,559,Schizophrenia,3,Rate,2008,481.63167715418,517.11902629238,446.68143133568003
5,Prevalence,70,Australasia,2,Female,22,All ages,559,Schizophrenia,3,Rate,2008,388.0076193881,432.80512382704,342.38885635666
5,Prevalence,70,Australasia,3,Both,22,All ages,559,Schizophrenia,3,Rate,2008,434.23642975318995,473.61061144895,396.4397987136
5,Prevalence,70,Australasia,1,Male,27,Age-standardized,559,Schizophrenia,2,Percent,2008,0.0048457887053986,0.0052099579611315,0.0045071989172996
5,Prevalence,70,Australasia,2,Female,27,Age-standardized,559,Schizophrenia,2,Percent,2008,0.0036239910481597,0.0040695137953502,0.0031934340037198
5,Prevalence,70,Australasia,3,Both,27,Age-standardized,559,Schizophrenia,2,Percent,2008,0.004227420777097,0.0046453671237375,0.0038454094254925
5,Prevalence,70,Australasia,1,Male,27,Age-standardized,559,Schizophrenia,3,Rate,2008,439.50588149398,472.07664579718,407.25195517521
5,Prevalence,70,Australasia,2,Female,27,Age-standardized,559,Schizophrenia,3,Rate,2008,334.68840348738,375.73328974861,295.28734918377
5,Prevalence,70,Australasia,3,Both,27,Age-standardized,559,Schizophrenia,3,Rate,2008,386.88408540533,424.04408740274,352.81194235241003
5,Prevalence,9,Southeast Asia,1,Male,22,All ages,559,Schizophrenia,1,Number,2008,940749.5149799464,1148439.9315889168,758336.8807159802
5,Prevalence,9,Southeast Asia,2,Female,22,All ages,559,Schizophrenia,1,Number,2008,793654.4224499214,970493.634708678,638395.3815129045
5,Prevalence,9,Southeast Asia,3,Both,22,All ages,559,Schizophrenia,1,Number,2008,1734403.9374298684,2122287.4691559817,1398189.5779828727
5,Prevalence,9,Southeast Asia,1,Male,22,All ages,559,Schizophrenia,2,Percent,2008,0.0032570722158745,0.0039805717197371,0.0026179434213873
5,Prevalence,9,Southeast Asia,2,Female,22,All ages,559,Schizophrenia,2,Percent,2008,0.0026881533120539,0.0032859571655382,0.0021615378698842
5,Prevalence,9,Southeast Asia,3,Both,22,All ages,559,Schizophrenia,2,Percent,2008,0.0029694904155105,0.0036297055806883,0.0023897291560489
5,Prevalence,9,Southeast Asia,1,Male,22,All ages,559,Schizophrenia,3,Rate,2008,313.57923379478,382.80850329714,252.77578593098
5,Prevalence,9,Southeast Asia,2,Female,22,All ages,559,Schizophrenia,3,Rate,2008,263.33716812119,322.01300492337,211.82170369605998
5,Prevalence,9,Southeast Asia,3,Both,22,All ages,559,Schizophrenia,3,Rate,2008,288.40057259666,352.89871529367997,232.49409562946002
5,Prevalence,9,Southeast Asia,1,Male,27,Age-standardized,559,Schizophrenia,2,Percent,2008,0.0032156168076785,0.0038949985383896,0.0026002011515364
5,Prevalence,9,Southeast Asia,2,Female,27,Age-standardized,559,Schizophrenia,2,Percent,2008,0.0026144970212468,0.0031805994613461,0.002116323599514
5,Prevalence,9,Southeast Asia,3,Both,27,Age-standardized,559,Schizophrenia,2,Percent,2008,0.002909221725484,0.0035364750769684,0.0023563961452349
5,Prevalence,9,Southeast Asia,1,Male,27,Age-standardized,559,Schizophrenia,3,Rate,2008,310.25894387953997,375.54577373863,251.40467920837997
5,Prevalence,9,Southeast Asia,2,Female,27,Age-standardized,559,Schizophrenia,3,Rate,2008,256.02635287269,311.36119792384,207.36064229685002
5,Prevalence,9,Southeast Asia,3,Both,27,Age-standardized,559,Schizophrenia,3,Rate,2008,282.76368969228,343.22124717782,229.26906295881
5,Prevalence,100,High-income North America,1,Male,22,All ages,559,Schizophrenia,1,Number,2008,701358.0022402423,813963.1245742795,596194.1951352367
5,Prevalence,100,High-income North America,2,Female,22,All ages,559,Schizophrenia,1,Number,2008,674501.0887439352,781447.2260135821,576628.1993226744
5,Prevalence,100,High-income North America,3,Both,22,All ages,559,Schizophrenia,1,Number,2008,1375859.090984178,1593859.0028321375,1172691.1250256542
5,Prevalence,100,High-income North America,1,Male,22,All ages,559,Schizophrenia,2,Percent,2008,0.0046103951159803,0.0053617328029196,0.0039020697576676
5,Prevalence,100,High-income North America,2,Female,22,All ages,559,Schizophrenia,2,Percent,2008,0.0041481850724002,0.0048148777591167,0.0035512665511212
5,Prevalence,100,High-income North America,3,Both,22,All ages,559,Schizophrenia,2,Percent,2008,0.0043715908641086,0.0050683395471632,0.0037180881833466
5,Prevalence,100,High-income North America,1,Male,22,All ages,559,Schizophrenia,3,Rate,2008,423.2089963168,491.15646487193993,359.75171898966
5,Prevalence,100,High-income North America,2,Female,22,All ages,559,Schizophrenia,3,Rate,2008,394.57325166026,457.13517459736,337.31904574007
5,Prevalence,100,High-income North America,3,Both,22,All ages,559,Schizophrenia,3,Rate,2008,408.66909905092,473.42124420291,348.32246170386
5,Prevalence,100,High-income North America,1,Male,27,Age-standardized,559,Schizophrenia,2,Percent,2008,0.0042346953286852,0.0049466811690428,0.0035509680771584
5,Prevalence,100,High-income North America,2,Female,27,Age-standardized,559,Schizophrenia,2,Percent,2008,0.0037695855083232,0.0043854149129733,0.0031861443490793
5,Prevalence,100,High-income North America,3,Both,27,Age-standardized,559,Schizophrenia,2,Percent,2008,0.0040004992727815,0.0046564946926765,0.0033615854852703
5,Prevalence,100,High-income North America,1,Male,27,Age-standardized,559,Schizophrenia,3,Rate,2008,378.12897920246,441.17925761546,317.51162200061003
5,Prevalence,100,High-income North America,2,Female,27,Age-standardized,559,Schizophrenia,3,Rate,2008,349.66239481665,406.41570435401,296.34933416383
5,Prevalence,100,High-income North America,3,Both,27,Age-standardized,559,Schizophrenia,3,Rate,2008,364.02210642396,423.09309514073,307.14107021283996
5,Prevalence,134,Tropical Latin America,1,Male,22,All ages,559,Schizophrenia,1,Number,2008,271142.77412547224,326666.9715456052,222704.18490782063
5,Prevalence,134,Tropical Latin America,2,Female,22,All ages,559,Schizophrenia,1,Number,2008,233520.6929883819,278896.537121553,192239.23884398423
5,Prevalence,134,Tropical Latin America,3,Both,22,All ages,559,Schizophrenia,1,Number,2008,504663.467113854,607348.4652386799,415413.3523538893
5,Prevalence,134,Tropical Latin America,1,Male,22,All ages,559,Schizophrenia,2,Percent,2008,0.0028585216370602,0.0034432764538044,0.0023516699282926
5,Prevalence,134,Tropical Latin America,2,Female,22,All ages,559,Schizophrenia,2,Percent,2008,0.002346192899552,0.0028040873639658,0.0019316981285658
5,Prevalence,134,Tropical Latin America,3,Both,22,All ages,559,Schizophrenia,2,Percent,2008,0.0025961916023266,0.003124955850456,0.0021389821212538
5,Prevalence,134,Tropical Latin America,1,Male,22,All ages,559,Schizophrenia,3,Rate,2008,276.29670294107,332.87631392319,226.93738462945
5,Prevalence,134,Tropical Latin America,2,Female,22,All ages,559,Schizophrenia,3,Rate,2008,230.38363922944998,275.14991655900997,189.6567489622
5,Prevalence,134,Tropical Latin America,3,Both,22,All ages,559,Schizophrenia,3,Rate,2008,252.96882931378997,304.44095966689,208.23110106873
5,Prevalence,134,Tropical Latin America,1,Male,27,Age-standardized,559,Schizophrenia,2,Percent,2008,0.0027753056201183,0.0033216221173612,0.0023053198991376
5,Prevalence,134,Tropical Latin America,2,Female,27,Age-standardized,559,Schizophrenia,2,Percent,2008,0.0022319753893579,0.0026554189227107,0.0018449007502703
5,Prevalence,134,Tropical Latin America,3,Both,27,Age-standardized,559,Schizophrenia,2,Percent,2008,0.0024949551797097,0.0029877135913625,0.0020689380744633
5,Prevalence,134,Tropical Latin America,1,Male,27,Age-standardized,559,Schizophrenia,3,Rate,2008,267.87205675617,320.21136342565,222.34843943525
5,Prevalence,134,Tropical Latin America,2,Female,27,Age-standardized,559,Schizophrenia,3,Rate,2008,218.47571573394,260.12551322054003,180.70160114728
5,Prevalence,134,Tropical Latin America,3,Both,27,Age-standardized,559,Schizophrenia,3,Rate,2008,242.49582206346,289.9818732706,201.23699295136998
5,Prevalence,56,Eastern Europe,1,Male,22,All ages,559,Schizophrenia,1,Number,2008,236858.7293346579,283021.24682855845,196125.83914539008
5,Prevalence,56,Eastern Europe,2,Female,22,All ages,559,Schizophrenia,1,Number,2008,279057.08222190995,330070.76159259863,233659.79680929467
5,Prevalence,56,Eastern Europe,3,Both,22,All ages,559,Schizophrenia,1,Number,2008,515915.811556567,611406.7295123348,430559.4374290756
5,Prevalence,56,Eastern Europe,1,Male,22,All ages,559,Schizophrenia,2,Percent,2008,0.0025189232443787,0.0030120545526877,0.0020856508538321
5,Prevalence,56,Eastern Europe,2,Female,22,All ages,559,Schizophrenia,2,Percent,2008,0.0025106232812257,0.0029707184447774,0.0021012264881821
5,Prevalence,56,Eastern Europe,3,Both,22,All ages,559,Schizophrenia,2,Percent,2008,0.0025144239442489,0.0029831382992685,0.002091054671143
5,Prevalence,56,Eastern Europe,1,Male,22,All ages,559,Schizophrenia,3,Rate,2008,240.34392992652002,287.18569463982004,199.01168545802997
5,Prevalence,56,Eastern Europe,2,Female,22,All ages,559,Schizophrenia,3,Rate,2008,245.09925041776003,289.90518931475003,205.22625906761002
5,Prevalence,56,Eastern Europe,3,Both,22,All ages,559,Schizophrenia,3,Rate,2008,242.89291247657002,287.84999008069,202.70717316435002
5,Prevalence,56,Eastern Europe,1,Male,27,Age-standardized,559,Schizophrenia,2,Percent,2008,0.0021325673002217,0.0025592727541192,0.0017489484272181
5,Prevalence,56,Eastern Europe,2,Female,27,Age-standardized,559,Schizophrenia,2,Percent,2008,0.0021335364889743,0.0025547198296505,0.0017588756857191
5,Prevalence,56,Eastern Europe,3,Both,27,Age-standardized,559,Schizophrenia,2,Percent,2008,0.0021348983912334,0.0025537184344828,0.0017484867942609
5,Prevalence,56,Eastern Europe,1,Male,27,Age-standardized,559,Schizophrenia,3,Rate,2008,198.73583202051,237.89545492048,162.92052050012
5,Prevalence,56,Eastern Europe,2,Female,27,Age-standardized,559,Schizophrenia,3,Rate,2008,203.33284040644998,243.15041957203,167.42409027864
5,Prevalence,56,Eastern Europe,3,Both,27,Age-standardized,559,Schizophrenia,3,Rate,2008,201.16600979988,240.24913696265,164.94098278107
5,Prevalence,96,Southern Latin America,1,Male,22,All ages,559,Schizophrenia,1,Number,2008,85380.22175435851,107738.26936121855,66836.05285095301
5,Prevalence,96,Southern Latin America,2,Female,22,All ages,559,Schizophrenia,1,Number,2008,88071.44949219715,110314.27736182087,69315.951778803
5,Prevalence,96,Southern Latin America,3,Both,22,All ages,559,Schizophrenia,1,Number,2008,173451.67124655572,217305.10823981703,136152.00462975603
5,Prevalence,96,Southern Latin America,1,Male,22,All ages,559,Schizophrenia,2,Percent,2008,0.0030761526273211,0.0038710348996124,0.0024128644184142
5,Prevalence,96,Southern Latin America,2,Female,22,All ages,559,Schizophrenia,2,Percent,2008,0.0029764864606047,0.0037355456242418,0.0023396315782572
5,Prevalence,96,Southern Latin America,3,Both,22,All ages,559,Schizophrenia,2,Percent,2008,0.0030247207318475,0.0037811134851153,0.0023727595972984
5,Prevalence,96,Southern Latin America,1,Male,22,All ages,559,Schizophrenia,3,Rate,2008,291.70288923444997,368.08951544077,228.34644044075
5,Prevalence,96,Southern Latin America,2,Female,22,All ages,559,Schizophrenia,3,Rate,2008,287.24749756258996,359.7931032169,226.07591682017002
5,Prevalence,96,Southern Latin America,3,Both,22,All ages,559,Schizophrenia,3,Rate,2008,289.42349172764,362.59785071555,227.18483080886
5,Prevalence,96,Southern Latin America,1,Male,27,Age-standardized,559,Schizophrenia,2,Percent,2008,0.0029855944244264,0.0037538878367355,0.0023424619943182
5,Prevalence,96,Southern Latin America,2,Female,27,Age-standardized,559,Schizophrenia,2,Percent,2008,0.0028549903736646,0.0035996437110286,0.0022390568434061
5,Prevalence,96,Southern Latin America,3,Both,27,Age-standardized,559,Schizophrenia,2,Percent,2008,0.0029221194847764,0.0036583568661295,0.0022903788979904
5,Prevalence,96,Southern Latin America,1,Male,27,Age-standardized,559,Schizophrenia,3,Rate,2008,281.92422187874,355.5605687393,220.73318829597
5,Prevalence,96,Southern Latin America,2,Female,27,Age-standardized,559,Schizophrenia,3,Rate,2008,273.46750764737,344.05253539834,214.82941039828
5,Prevalence,96,Southern Latin America,3,Both,27,Age-standardized,559,Schizophrenia,3,Rate,2008,277.9007775779,348.98873179076,217.94477719645
5,Prevalence,73,Western Europe,1,Male,22,All ages,559,Schizophrenia,1,Number,2008,664590.8652857122,779594.7182012694,562759.1606554132
5,Prevalence,73,Western Europe,2,Female,22,All ages,559,Schizophrenia,1,Number,2008,656425.2087435125,771814.2900566674,557365.5771715437
5,Prevalence,73,Western Europe,3,Both,22,All ages,559,Schizophrenia,1,Number,2008,1321016.0740292247,1550581.2998393115,1117719.9213340147
5,Prevalence,73,Western Europe,1,Male,22,All ages,559,Schizophrenia,2,Percent,2008,0.0034774430717709,0.0040743976827853,0.0029378728959066
5,Prevalence,73,Western Europe,2,Female,22,All ages,559,Schizophrenia,2,Percent,2008,0.0031848743663098,0.0037432536432839,0.0027071463836394
5,Prevalence,73,Western Europe,3,Both,22,All ages,559,Schizophrenia,2,Percent,2008,0.0033256352102454,0.0039068119261879,0.0028128558898517
5,Prevalence,73,Western Europe,1,Male,22,All ages,559,Schizophrenia,3,Rate,2008,324.96100641917997,381.19375010797,275.16896901611
5,Prevalence,73,Western Europe,2,Female,22,All ages,559,Schizophrenia,3,Rate,2008,308.19473592021,362.37045460026,261.68577102059
5,Prevalence,73,Western Europe,3,Both,22,All ages,559,Schizophrenia,3,Rate,2008,316.40767288595003,371.39277132806,267.71450113312
5,Prevalence,73,Western Europe,1,Male,27,Age-standardized,559,Schizophrenia,2,Percent,2008,0.0030122823725036,0.0035564067154236,0.0025211800754054
5,Prevalence,73,Western Europe,2,Female,27,Age-standardized,559,Schizophrenia,2,Percent,2008,0.0026773253896611,0.0031592400341054,0.0022357997660977
5,Prevalence,73,Western Europe,3,Both,27,Age-standardized,559,Schizophrenia,2,Percent,2008,0.0028463150459729,0.0033552709159113,0.0023863263833136
5,Prevalence,73,Western Europe,1,Male,27,Age-standardized,559,Schizophrenia,3,Rate,2008,270.26946608445,318.61132050780003,226.48570091903
5,Prevalence,73,Western Europe,2,Female,27,Age-standardized,559,Schizophrenia,3,Rate,2008,251.75985117855998,297.12488595623,210.50567440828
5,Prevalence,73,Western Europe,3,Both,27,Age-standardized,559,Schizophrenia,3,Rate,2008,261.38347155183004,307.82399350513,219.03630542218002
5,Prevalence,124,Central Latin America,1,Male,22,All ages,559,Schizophrenia,1,Number,2008,273709.26343697583,336586.34407665435,221059.36016985832
5,Prevalence,124,Central Latin America,2,Female,22,All ages,559,Schizophrenia,1,Number,2008,241411.63536249576,296897.22510453913,194337.9354461544
5,Prevalence,124,Central Latin America,3,Both,22,All ages,559,Schizophrenia,1,Number,2008,515120.898799472,634314.6923473813,415833.8825292345
5,Prevalence,124,Central Latin America,1,Male,22,All ages,559,Schizophrenia,2,Percent,2008,0.0026487113478224,0.0032573964230941,0.0021436667603787
5,Prevalence,124,Central Latin America,2,Female,22,All ages,559,Schizophrenia,2,Percent,2008,0.002185896632338,0.0026882649791165,0.0017589551815617
5,Prevalence,124,Central Latin America,3,Both,22,All ages,559,Schizophrenia,2,Percent,2008,0.0024096114031636,0.0029690127891769,0.0019466605775575
5,Prevalence,124,Central Latin America,1,Male,22,All ages,559,Schizophrenia,3,Rate,2008,250.61995529949002,308.19291041764,202.41144296185
5,Prevalence,124,Central Latin America,2,Female,22,All ages,559,Schizophrenia,3,Rate,2008,212.63245425863,261.50349191645,171.17050761626
5,Prevalence,124,Central Latin America,3,Both,22,All ages,559,Schizophrenia,3,Rate,2008,231.25768103337998,284.76838182945,186.68390195959
5,Prevalence,124,Central Latin America,1,Male,27,Age-standardized,559,Schizophrenia,2,Percent,2008,0.0028251928779206,0.003447481100991,0.0022971178164535
5,Prevalence,124,Central Latin America,2,Female,27,Age-standardized,559,Schizophrenia,2,Percent,2008,0.0022531541354001,0.0027419579660105,0.0018347511046812
5,Prevalence,124,Central Latin America,3,Both,27,Age-standardized,559,Schizophrenia,2,Percent,2008,0.0025255457919796,0.0030872544063449,0.0020564069457587
5,Prevalence,124,Central Latin America,1,Male,27,Age-standardized,559,Schizophrenia,3,Rate,2008,268.92284776366,328.5505616972,218.27659826695
5,Prevalence,124,Central Latin America,2,Female,27,Age-standardized,559,Schizophrenia,3,Rate,2008,219.37693299592001,266.78452861089,178.46949682648
5,Prevalence,124,Central Latin America,3,Both,27,Age-standardized,559,Schizophrenia,3,Rate,2008,243.14313373769,297.64499595047,197.79408946942
5,Prevalence,104,Caribbean,1,Male,22,All ages,559,Schizophrenia,1,Number,2008,53362.39848246484,66336.65152046384,42292.48966070515
5,Prevalence,104,Caribbean,2,Female,22,All ages,559,Schizophrenia,1,Number,2008,43973.5380403614,55255.67636934959,34704.24668756875
5,Prevalence,104,Caribbean,3,Both,22,All ages,559,Schizophrenia,1,Number,2008,97335.93652282626,121154.36005459512,77165.46824793098
5,Prevalence,104,Caribbean,1,Male,22,All ages,559,Schizophrenia,2,Percent,2008,0.0025597525912678,0.0031859211503276,0.0020274561708516
5,Prevalence,104,Caribbean,2,Female,22,All ages,559,Schizophrenia,2,Percent,2008,0.0020485404917755,0.002572415694786,0.0016156499218017
5,Prevalence,104,Caribbean,3,Both,22,All ages,559,Schizophrenia,2,Percent,2008,0.0023004061061089,0.0028648546939083,0.001823310769614
5,Prevalence,104,Caribbean,1,Male,22,All ages,559,Schizophrenia,3,Rate,2008,249.20948559484998,309.80096981458,197.51154169603
5,Prevalence,104,Caribbean,2,Female,22,All ages,559,Schizophrenia,3,Rate,2008,201.09138239319998,252.68470178554,158.70283020921
5,Prevalence,104,Caribbean,3,Both,22,All ages,559,Schizophrenia,3,Rate,2008,224.89762955734003,279.93081856694,178.29315166215002
5,Prevalence,104,Caribbean,1,Male,27,Age-standardized,559,Schizophrenia,2,Percent,2008,0.0025364520184501,0.0031499010067193,0.0020185840218775
5,Prevalence,104,Caribbean,2,Female,27,Age-standardized,559,Schizophrenia,2,Percent,2008,0.0019968211897104,0.0025033919286587,0.0015760945151682
5,Prevalence,104,Caribbean,3,Both,27,Age-standardized,559,Schizophrenia,2,Percent,2008,0.0022606427740315,0.0028143587417188,0.0017932554150089
5,Prevalence,104,Caribbean,1,Male,27,Age-standardized,559,Schizophrenia,3,Rate,2008,246.88967396840002,306.33893400516,196.61035548424002
5,Prevalence,104,Caribbean,2,Female,27,Age-standardized,559,Schizophrenia,3,Rate,2008,195.67573903135002,245.49410938726,154.56414362647
5,Prevalence,104,Caribbean,3,Both,27,Age-standardized,559,Schizophrenia,3,Rate,2008,220.78914295374,274.48466933009,175.17964771039
5,Prevalence,120,Andean Latin America,1,Male,22,All ages,559,Schizophrenia,1,Number,2008,63895.94977867188,81131.80757418484,49704.167995031006
5,Prevalence,120,Andean Latin America,2,Female,22,All ages,559,Schizophrenia,1,Number,2008,52635.89702938983,67403.29769404662,40814.88369139275
5,Prevalence,120,Andean Latin America,3,Both,22,All ages,559,Schizophrenia,1,Number,2008,116531.84680806164,147346.70162664726,90609.45332845018
5,Prevalence,120,Andean Latin America,1,Male,22,All ages,559,Schizophrenia,2,Percent,2008,0.0025354996552206,0.0032286737067595,0.0019663975876151
5,Prevalence,120,Andean Latin America,2,Female,22,All ages,559,Schizophrenia,2,Percent,2008,0.0020531266296902,0.0026304952611845,0.0015914699742261
5,Prevalence,120,Andean Latin America,3,Both,22,All ages,559,Schizophrenia,2,Percent,2008,0.0022922415750799,0.0029044614474837,0.0017815307148044
5,Prevalence,120,Andean Latin America,1,Male,22,All ages,559,Schizophrenia,3,Rate,2008,244.33189596378,310.24013941782,190.06390304228
5,Prevalence,120,Andean Latin America,2,Female,22,All ages,559,Schizophrenia,3,Rate,2008,200.85366283332002,257.20468336153004,155.74578092503998
5,Prevalence,120,Andean Latin America,3,Both,22,All ages,559,Schizophrenia,3,Rate,2008,222.57002618813,281.42486485942004,173.05954511663998
5,Prevalence,120,Andean Latin America,1,Male,27,Age-standardized,559,Schizophrenia,2,Percent,2008,0.0027302536055165,0.0034396269302779,0.0021439782200969
5,Prevalence,120,Andean Latin America,2,Female,27,Age-standardized,559,Schizophrenia,2,Percent,2008,0.0021627823143158,0.0027483881694248,0.001699680476121
5,Prevalence,120,Andean Latin America,3,Both,27,Age-standardized,559,Schizophrenia,2,Percent,2008,0.0024408802373794,0.003074339689932,0.0019165598714323
5,Prevalence,120,Andean Latin America,1,Male,27,Age-standardized,559,Schizophrenia,3,Rate,2008,264.15928724635,333.10150382421,207.97398023208999
5,Prevalence,120,Andean Latin America,2,Female,27,Age-standardized,559,Schizophrenia,3,Rate,2008,211.86240137994,269.22426960803,166.47090407342
5,Prevalence,120,Andean Latin America,3,Both,27,Age-standardized,559,Schizophrenia,3,Rate,2008,237.6212012184,299.40906326952,186.8752894483
5,Prevalence,199,Western Sub-Saharan Africa,1,Male,22,All ages,559,Schizophrenia,1,Number,2008,245763.30412715228,304569.68390074826,196159.88470302176
5,Prevalence,199,Western Sub-Saharan Africa,2,Female,22,All ages,559,Schizophrenia,1,Number,2008,328278.2550697079,408730.7615634212,261253.2918922986
5,Prevalence,199,Western Sub-Saharan Africa,3,Both,22,All ages,559,Schizophrenia,1,Number,2008,574041.5591968602,715608.8166979678,455842.733770376
5,Prevalence,199,Western Sub-Saharan Africa,1,Male,22,All ages,559,Schizophrenia,2,Percent,2008,0.0015006168462936,0.0018580118366001,0.0011973679529596
5,Prevalence,199,Western Sub-Saharan Africa,2,Female,22,All ages,559,Schizophrenia,2,Percent,2008,0.0019836238669465,0.0024707539639726,0.0015784006436723
5,Prevalence,199,Western Sub-Saharan Africa,3,Both,22,All ages,559,Schizophrenia,2,Percent,2008,0.0017433812724962,0.0021722461009275,0.0013840449411728
5,Prevalence,199,Western Sub-Saharan Africa,1,Male,22,All ages,559,Schizophrenia,3,Rate,2008,148.3762429965,183.87979274744,118.42885504096
5,Prevalence,199,Western Sub-Saharan Africa,2,Female,22,All ages,559,Schizophrenia,3,Rate,2008,196.64736600832998,244.8405473916,156.49763856798
5,Prevalence,199,Western Sub-Saharan Africa,3,Both,22,All ages,559,Schizophrenia,3,Rate,2008,172.60631669146002,215.17362299515003,137.06557305145998
5,Prevalence,199,Western Sub-Saharan Africa,1,Male,27,Age-standardized,559,Schizophrenia,2,Percent,2008,0.0020726656938659,0.0025303899003592,0.0016913879163849
5,Prevalence,199,Western Sub-Saharan Africa,2,Female,27,Age-standardized,559,Schizophrenia,2,Percent,2008,0.0026499088473545,0.0032253028972084,0.0021471475309037
5,Prevalence,199,Western Sub-Saharan Africa,3,Both,27,Age-standardized,559,Schizophrenia,2,Percent,2008,0.0023652403253463,0.0028814684472854,0.001925347975576
5,Prevalence,199,Western Sub-Saharan Africa,1,Male,27,Age-standardized,559,Schizophrenia,3,Rate,2008,205.72012083436,251.17005267003,167.91268438875
5,Prevalence,199,Western Sub-Saharan Africa,2,Female,27,Age-standardized,559,Schizophrenia,3,Rate,2008,263.56120878674,320.64850617884,213.54358816718
5,Prevalence,199,Western Sub-Saharan Africa,3,Both,27,Age-standardized,559,Schizophrenia,3,Rate,2008,235.00772974459,286.25304811332,191.26401170099
5,Prevalence,44636,Low-middle SDI,1,Male,22,All ages,559,Schizophrenia,1,Number,2008,2089112.8133828144,2521175.0372968754,1692601.6430515046
5,Prevalence,44636,Low-middle SDI,2,Female,22,All ages,559,Schizophrenia,1,Number,2008,1714825.1326270772,2085762.8232498844,1382184.108391108
5,Prevalence,44636,Low-middle SDI,3,Both,22,All ages,559,Schizophrenia,1,Number,2008,3803937.946009888,4605770.999720251,3073464.69044792
5,Prevalence,44636,Low-middle SDI,1,Male,22,All ages,559,Schizophrenia,2,Percent,2008,0.0026685684926645,0.003223591070988,0.0021636099504189
5,Prevalence,44636,Low-middle SDI,2,Female,22,All ages,559,Schizophrenia,2,Percent,2008,0.0022173542484043,0.0026974435254244,0.0017883861076638
5,Prevalence,44636,Low-middle SDI,3,Both,22,All ages,559,Schizophrenia,2,Percent,2008,0.002444336968766,0.0029634070881112,0.0019760658147855
5,Prevalence,44636,Low-middle SDI,1,Male,22,All ages,559,Schizophrenia,3,Rate,2008,259.60036955925,313.28991293008,210.32852282460001
5,Prevalence,44636,Low-middle SDI,2,Female,22,All ages,559,Schizophrenia,3,Rate,2008,218.31516579804997,265.5394115175,175.96648605480001
5,Prevalence,44636,Low-middle SDI,3,Both,22,All ages,559,Schizophrenia,3,Rate,2008,239.20778584762002,289.63045628016,193.2725228218
5,Prevalence,44636,Low-middle SDI,1,Male,27,Age-standardized,559,Schizophrenia,2,Percent,2008,0.0030164006668263,0.0036137866209268,0.0024623938226035
5,Prevalence,44636,Low-middle SDI,2,Female,27,Age-standardized,559,Schizophrenia,2,Percent,2008,0.0024582480708422,0.0029506123208324,0.0020023736156282
5,Prevalence,44636,Low-middle SDI,3,Both,27,Age-standardized,559,Schizophrenia,2,Percent,2008,0.0027362589185756,0.0032761731022957,0.0022280200448768
5,Prevalence,44636,Low-middle SDI,1,Male,27,Age-standardized,559,Schizophrenia,3,Rate,2008,294.86807544924,352.95523684513,240.49576181953998
5,Prevalence,44636,Low-middle SDI,2,Female,27,Age-standardized,559,Schizophrenia,3,Rate,2008,242.64351974243,291.20157458237003,197.54151266850002
5,Prevalence,44636,Low-middle SDI,3,Both,27,Age-standardized,559,Schizophrenia,3,Rate,2008,268.75991340541,321.83668587756,218.70840640006
5,Prevalence,44635,High SDI,1,Male,22,All ages,559,Schizophrenia,1,Number,2008,1840397.903352653,2157977.3137713894,1540260.0380335953
5,Prevalence,44635,High SDI,2,Female,22,All ages,559,Schizophrenia,1,Number,2008,1760635.3612384326,2052841.2375352469,1485918.5769055977
5,Prevalence,44635,High SDI,3,Both,22,All ages,559,Schizophrenia,1,Number,2008,3601033.26459108,4211712.0201424025,3025214.3299186
5,Prevalence,44635,High SDI,1,Male,22,All ages,559,Schizophrenia,2,Percent,2008,0.0039442205892562,0.0046199544974229,0.0033047537846667
5,Prevalence,44635,High SDI,2,Female,22,All ages,559,Schizophrenia,2,Percent,2008,0.0036058939218037,0.0042041236718972,0.0030463965784273
5,Prevalence,44635,High SDI,3,Both,22,All ages,559,Schizophrenia,2,Percent,2008,0.0037712174921135,0.0044135693221136,0.0031707508630745
5,Prevalence,44635,High SDI,1,Male,22,All ages,559,Schizophrenia,3,Rate,2008,367.65676791358,431.09968934797996,307.69814848097
5,Prevalence,44635,High SDI,2,Female,22,All ages,559,Schizophrenia,3,Rate,2008,346.92239672257,404.49977201168997,292.79113971225
5,Prevalence,44635,High SDI,3,Both,22,All ages,559,Schizophrenia,3,Rate,2008,357.21835238718,417.79698159367,300.09777726235995
5,Prevalence,44635,High SDI,1,Male,27,Age-standardized,559,Schizophrenia,2,Percent,2008,0.0034662250321698,0.004071549937992,0.0029038091675319
5,Prevalence,44635,High SDI,2,Female,27,Age-standardized,559,Schizophrenia,2,Percent,2008,0.0031504445839451,0.0037113292211367,0.002640033750714
5,Prevalence,44635,High SDI,3,Both,27,Age-standardized,559,Schizophrenia,2,Percent,2008,0.0033121370111991,0.0038903088451689,0.0027739057689159
5,Prevalence,44635,High SDI,1,Male,27,Age-standardized,559,Schizophrenia,3,Rate,2008,312.45015031887,366.96308523572003,261.35460858063
5,Prevalence,44635,High SDI,2,Female,27,Age-standardized,559,Schizophrenia,3,Rate,2008,294.90196311390997,346.91371327282,246.600391096
5,Prevalence,44635,High SDI,3,Both,27,Age-standardized,559,Schizophrenia,3,Rate,2008,304.14090377025,357.29586378459,253.95390864944002
5,Prevalence,44637,Low SDI,1,Male,22,All ages,559,Schizophrenia,1,Number,2008,723733.6783627111,888358.9861842005,580532.8452366715
5,Prevalence,44637,Low SDI,2,Female,22,All ages,559,Schizophrenia,1,Number,2008,705403.4932028541,877062.2019956962,562623.3387908223
5,Prevalence,44637,Low SDI,3,Both,22,All ages,559,Schizophrenia,1,Number,2008,1429137.1715655637,1767053.8984077442,1143857.4061108693
5,Prevalence,44637,Low SDI,1,Male,22,All ages,559,Schizophrenia,2,Percent,2008,0.0018026456180063,0.0022118219222186,0.0014456819439695
5,Prevalence,44637,Low SDI,2,Female,22,All ages,559,Schizophrenia,2,Percent,2008,0.0017746048983804,0.0022070365396255,0.0014151325466926
5,Prevalence,44637,Low SDI,3,Both,22,All ages,559,Schizophrenia,2,Percent,2008,0.0017886951921851,0.0022109080890892,0.0014306764044232
5,Prevalence,44637,Low SDI,1,Male,22,All ages,559,Schizophrenia,3,Rate,2008,178.06943692178,218.57430320514,142.83590767773998
5,Prevalence,44637,Low SDI,2,Female,22,All ages,559,Schizophrenia,3,Rate,2008,175.82114781586,218.60691724196,140.23333052271002
5,Prevalence,44637,Low SDI,3,Both,22,All ages,559,Schizophrenia,3,Rate,2008,176.95256953538,218.79266319007,141.62986676194998
5,Prevalence,44637,Low SDI,1,Male,27,Age-standardized,559,Schizophrenia,2,Percent,2008,0.0024870511293572,0.0030048902966787,0.0020297802901554
5,Prevalence,44637,Low SDI,2,Female,27,Age-standardized,559,Schizophrenia,2,Percent,2008,0.0023814627808681,0.0029045415678207,0.0019364055993557
5,Prevalence,44637,Low SDI,3,Both,27,Age-standardized,559,Schizophrenia,2,Percent,2008,0.0024341541200066,0.0029523451434178,0.0019893923450946
5,Prevalence,44637,Low SDI,1,Male,27,Age-standardized,559,Schizophrenia,3,Rate,2008,246.59257698277003,297.95476725032,201.17953908822003
5,Prevalence,44637,Low SDI,2,Female,27,Age-standardized,559,Schizophrenia,3,Rate,2008,236.72302574791,288.64697485362996,192.45185208345
5,Prevalence,44637,Low SDI,3,Both,27,Age-standardized,559,Schizophrenia,3,Rate,2008,241.65524628123,293.02376028329,197.43145145826
5,Prevalence,44634,High-middle SDI,1,Male,22,All ages,559,Schizophrenia,1,Number,2008,2037920.4075196504,2340730.111159225,1757072.905868214
5,Prevalence,44634,High-middle SDI,2,Female,22,All ages,559,Schizophrenia,1,Number,2008,1920263.8467314343,2195832.5549961263,1658735.040891415
5,Prevalence,44634,High-middle SDI,3,Both,22,All ages,559,Schizophrenia,1,Number,2008,3958184.254251084,4545837.060382254,3413575.984225042
5,Prevalence,44634,High-middle SDI,1,Male,22,All ages,559,Schizophrenia,2,Percent,2008,0.0035585387829493,0.0040940336710174,0.0030750094637423
5,Prevalence,44634,High-middle SDI,2,Female,22,All ages,559,Schizophrenia,2,Percent,2008,0.0032361967984205,0.0037016261423017,0.0027984193223903
5,Prevalence,44634,High-middle SDI,3,Both,22,All ages,559,Schizophrenia,2,Percent,2008,0.0033945064220335,0.0039003475450678,0.0029286860609642
5,Prevalence,44634,High-middle SDI,1,Male,22,All ages,559,Schizophrenia,3,Rate,2008,337.32646483981,387.44899488123,290.83922493504997
5,Prevalence,44634,High-middle SDI,2,Female,22,All ages,559,Schizophrenia,3,Rate,2008,315.02602269044,360.23403631332997,272.12130432947
5,Prevalence,44634,High-middle SDI,3,Both,22,All ages,559,Schizophrenia,3,Rate,2008,326.12646577563004,374.54491232997,281.25458540649
5,Prevalence,44634,High-middle SDI,1,Male,27,Age-standardized,559,Schizophrenia,2,Percent,2008,0.0030578495027875,0.0035186204866431,0.0026421924260523
5,Prevalence,44634,High-middle SDI,2,Female,27,Age-standardized,559,Schizophrenia,2,Percent,2008,0.0027712122004638,0.0031806903038178,0.0023859819610418
5,Prevalence,44634,High-middle SDI,3,Both,27,Age-standardized,559,Schizophrenia,2,Percent,2008,0.0029138553387529,0.0033540046214639,0.0025104993076543
5,Prevalence,44634,High-middle SDI,1,Male,27,Age-standardized,559,Schizophrenia,3,Rate,2008,284.50729331631,327.19617829901,245.31895230746
5,Prevalence,44634,High-middle SDI,2,Female,27,Age-standardized,559,Schizophrenia,3,Rate,2008,265.16848978642,304.18521943713,228.09842287313998
5,Prevalence,44634,High-middle SDI,3,Both,27,Age-standardized,559,Schizophrenia,3,Rate,2008,274.83789902057003,316.17063350269,236.76173593433998
5,Prevalence,174,Eastern Sub-Saharan Africa,1,Male,22,All ages,559,Schizophrenia,1,Number,2008,220793.6468466065,278013.06675717444,172363.34200583585
5,Prevalence,174,Eastern Sub-Saharan Africa,2,Female,22,All ages,559,Schizophrenia,1,Number,2008,248743.7545857812,313931.4301824437,194155.63893467805
5,Prevalence,174,Eastern Sub-Saharan Africa,3,Both,22,All ages,559,Schizophrenia,1,Number,2008,469537.4014323882,592087.6738822139,366050.2784393944
5,Prevalence,174,Eastern Sub-Saharan Africa,1,Male,22,All ages,559,Schizophrenia,2,Percent,2008,0.0014543401554486,0.0018306354268347,0.0011349119541275
5,Prevalence,174,Eastern Sub-Saharan Africa,2,Female,22,All ages,559,Schizophrenia,2,Percent,2008,0.001611626952533,0.0020333947364721,0.001257732230952
5,Prevalence,174,Eastern Sub-Saharan Africa,3,Both,22,All ages,559,Schizophrenia,2,Percent,2008,0.0015336323195667,0.0019328240350872,0.0011950615863038
5,Prevalence,174,Eastern Sub-Saharan Africa,1,Male,22,All ages,559,Schizophrenia,3,Rate,2008,143.47037316411,180.65120533048,112.00065468628
5,Prevalence,174,Eastern Sub-Saharan Africa,2,Female,22,All ages,559,Schizophrenia,3,Rate,2008,159.54563332088,201.35737249441,124.53251109052
5,Prevalence,174,Eastern Sub-Saharan Africa,3,Both,22,All ages,559,Schizophrenia,3,Rate,2008,151.56022017469,191.1177638726,118.15599913029
5,Prevalence,174,Eastern Sub-Saharan Africa,1,Male,27,Age-standardized,559,Schizophrenia,2,Percent,2008,0.0020920369971163,0.0025665336181067,0.0016892812429337
5,Prevalence,174,Eastern Sub-Saharan Africa,2,Female,27,Age-standardized,559,Schizophrenia,2,Percent,2008,0.0022473234775546,0.0027729448630854,0.0018096018066224
5,Prevalence,174,Eastern Sub-Saharan Africa,3,Both,27,Age-standardized,559,Schizophrenia,2,Percent,2008,0.0021714422964704,0.0026739985408275,0.0017496680361658
5,Prevalence,174,Eastern Sub-Saharan Africa,1,Male,27,Age-standardized,559,Schizophrenia,3,Rate,2008,207.37873815404998,254.46937122536,167.37310341197
5,Prevalence,174,Eastern Sub-Saharan Africa,2,Female,27,Age-standardized,559,Schizophrenia,3,Rate,2008,223.32752830094,275.5833882186,179.76322608422998
5,Prevalence,174,Eastern Sub-Saharan Africa,3,Both,27,Age-standardized,559,Schizophrenia,3,Rate,2008,215.52175817098,265.41857809313,173.60628283478002
5,Prevalence,138,North Africa and Middle East,1,Male,22,All ages,559,Schizophrenia,1,Number,2008,618959.7570022754,779286.3096750085,487385.3297366077
5,Prevalence,138,North Africa and Middle East,2,Female,22,All ages,559,Schizophrenia,1,Number,2008,526577.6319638636,659453.4071247752,412117.7090704839
5,Prevalence,138,North Africa and Middle East,3,Both,22,All ages,559,Schizophrenia,1,Number,2008,1145537.3889661387,1435949.31996186,898990.2478286347
5,Prevalence,138,North Africa and Middle East,1,Male,22,All ages,559,Schizophrenia,2,Percent,2008,0.0025425525523782,0.0031973059578678,0.0019987815106286
5,Prevalence,138,North Africa and Middle East,2,Female,22,All ages,559,Schizophrenia,2,Percent,2008,0.0022562440467923,0.0028265097144905,0.0017666283790595
5,Prevalence,138,North Africa and Middle East,3,Both,22,All ages,559,Schizophrenia,2,Percent,2008,0.0024024148052395,0.0030077699713782,0.0018863351214688
5,Prevalence,138,North Africa and Middle East,1,Male,22,All ages,559,Schizophrenia,3,Rate,2008,241.91540338932998,304.5777368045,190.49060510866
5,Prevalence,138,North Africa and Middle East,2,Female,22,All ages,559,Schizophrenia,3,Rate,2008,219.25395437891,274.58015393004,171.59566206085998
5,Prevalence,138,North Africa and Middle East,3,Both,22,All ages,559,Schizophrenia,3,Rate,2008,230.94308641671003,289.49082857022,181.23859115540998
5,Prevalence,138,North Africa and Middle East,1,Male,27,Age-standardized,559,Schizophrenia,2,Percent,2008,0.0026471550816293,0.003275682307493,0.0021039128410855
5,Prevalence,138,North Africa and Middle East,2,Female,27,Age-standardized,559,Schizophrenia,2,Percent,2008,0.0023884900213616,0.0029596001317466,0.0018914418844332
5,Prevalence,138,North Africa and Middle East,3,Both,27,Age-standardized,559,Schizophrenia,2,Percent,2008,0.0025212486347264,0.0031173121330847,0.0020066341507166
5,Prevalence,138,North Africa and Middle East,1,Male,27,Age-standardized,559,Schizophrenia,3,Rate,2008,253.47272355018,313.56387277192,201.45559701367998
5,Prevalence,138,North Africa and Middle East,2,Female,27,Age-standardized,559,Schizophrenia,3,Rate,2008,232.95556282107,288.40834964474,184.38291994769
5,Prevalence,138,North Africa and Middle East,3,Both,27,Age-standardized,559,Schizophrenia,3,Rate,2008,243.59133447843,301.31769874225,193.81139698335
5,Prevalence,159,South Asia,1,Male,22,All ages,559,Schizophrenia,1,Number,2008,2311589.441924161,2738903.1856805384,1900449.0549685769
5,Prevalence,159,South Asia,2,Female,22,All ages,559,Schizophrenia,1,Number,2008,1705962.7684130094,2038763.8004303551,1401037.9670314717
5,Prevalence,159,South Asia,3,Both,22,All ages,559,Schizophrenia,1,Number,2008,4017552.210337173,4769943.951347813,3303182.6945504155
5,Prevalence,159,South Asia,1,Male,22,All ages,559,Schizophrenia,2,Percent,2008,0.0029953394380802,0.0035524779399523,0.0024670928736638
5,Prevalence,159,South Asia,2,Female,22,All ages,559,Schizophrenia,2,Percent,2008,0.0023158968634356,0.002769985663065,0.0019023091149437
5,Prevalence,159,South Asia,3,Both,22,All ages,559,Schizophrenia,2,Percent,2008,0.0026635219132519,0.0031664048563739,0.0021926405530852
5,Prevalence,159,South Asia,1,Male,22,All ages,559,Schizophrenia,3,Rate,2008,292.90511098132,347.05070330356,240.80886997674
5,Prevalence,159,South Asia,2,Female,22,All ages,559,Schizophrenia,3,Rate,2008,228.98407210091997,273.65452852689,188.05532265942
5,Prevalence,159,South Asia,3,Both,22,All ages,559,Schizophrenia,3,Rate,2008,261.8649514124,310.90601332963,215.30218663719998
5,Prevalence,159,South Asia,1,Male,27,Age-standardized,559,Schizophrenia,2,Percent,2008,0.0032885164392289,0.0038938772716055,0.0027346110015753
5,Prevalence,159,South Asia,2,Female,27,Age-standardized,559,Schizophrenia,2,Percent,2008,0.0025151062953689,0.0029823893136046,0.0020833191356045
5,Prevalence,159,South Asia,3,Both,27,Age-standardized,559,Schizophrenia,2,Percent,2008,0.0029079490232677,0.0034439737151517,0.0024192533852992
5,Prevalence,159,South Asia,1,Male,27,Age-standardized,559,Schizophrenia,3,Rate,2008,322.6595761228,382.18887277644,268.08582043008
5,Prevalence,159,South Asia,2,Female,27,Age-standardized,559,Schizophrenia,3,Rate,2008,249.03995012654002,295.57480348776,206.14922166385
5,Prevalence,159,South Asia,3,Both,27,Age-standardized,559,Schizophrenia,3,Rate,2008,286.58383631194,339.52683211604,238.19197831259999
5,Prevalence,167,Central Sub-Saharan Africa,1,Male,22,All ages,559,Schizophrenia,1,Number,2008,69265.31024285946,89734.76559921785,52535.82650325624
5,Prevalence,167,Central Sub-Saharan Africa,2,Female,22,All ages,559,Schizophrenia,1,Number,2008,75865.07047165767,98196.71007537992,58617.80385291662
5,Prevalence,167,Central Sub-Saharan Africa,3,Both,22,All ages,559,Schizophrenia,1,Number,2008,145130.38071451717,187848.84877570072,111612.25781050802
5,Prevalence,167,Central Sub-Saharan Africa,1,Male,22,All ages,559,Schizophrenia,2,Percent,2008,0.0014855658786387,0.00192460135599,0.0011266303355608
5,Prevalence,167,Central Sub-Saharan Africa,2,Female,22,All ages,559,Schizophrenia,2,Percent,2008,0.0016144635826637,0.0020891803452662,0.0012475929641841
5,Prevalence,167,Central Sub-Saharan Africa,3,Both,22,All ages,559,Schizophrenia,2,Percent,2008,0.0015502661667846,0.0020057608238995,0.0011927564439292
5,Prevalence,167,Central Sub-Saharan Africa,1,Male,22,All ages,559,Schizophrenia,3,Rate,2008,147.78986410679,191.46508933641002,112.09453379233
5,Prevalence,167,Central Sub-Saharan Africa,2,Female,22,All ages,559,Schizophrenia,3,Rate,2008,160.81679509391,208.15482151286002,124.25648974506
5,Prevalence,167,Central Sub-Saharan Africa,3,Both,22,All ages,559,Schizophrenia,3,Rate,2008,154.32462137899,199.74937239925,118.68307202847
5,Prevalence,167,Central Sub-Saharan Africa,1,Male,27,Age-standardized,559,Schizophrenia,2,Percent,2008,0.0020407374216732,0.0026221904999956,0.0016039123360541
5,Prevalence,167,Central Sub-Saharan Africa,2,Female,27,Age-standardized,559,Schizophrenia,2,Percent,2008,0.0021892487762707,0.0027676672890128,0.0017108967916894
5,Prevalence,167,Central Sub-Saharan Africa,3,Both,27,Age-standardized,559,Schizophrenia,2,Percent,2008,0.0021161256311049,0.0026844725613786,0.0016632350940992
5,Prevalence,167,Central Sub-Saharan Africa,1,Male,27,Age-standardized,559,Schizophrenia,3,Rate,2008,203.40743936642,261.36687356225,159.8588433429
5,Prevalence,167,Central Sub-Saharan Africa,2,Female,27,Age-standardized,559,Schizophrenia,3,Rate,2008,218.41159930126,276.11500351375,170.66907851102
5,Prevalence,167,Central Sub-Saharan Africa,3,Both,27,Age-standardized,559,Schizophrenia,3,Rate,2008,211.0189081287,267.70699638281,165.82978548723
5,Prevalence,44639,Middle SDI,1,Male,22,All ages,559,Schizophrenia,1,Number,2008,3333858.829869361,3963418.425731952,2765550.1728112465
5,Prevalence,44639,Middle SDI,2,Female,22,All ages,559,Schizophrenia,1,Number,2008,2916852.284815133,3453394.679672636,2421170.3939811205
5,Prevalence,44639,Middle SDI,3,Both,22,All ages,559,Schizophrenia,1,Number,2008,6250711.114684488,7435859.053507303,5180048.486863062
5,Prevalence,44639,Middle SDI,1,Male,22,All ages,559,Schizophrenia,2,Percent,2008,0.0032176634619742,0.0038268392956174,0.0026711200400075
5,Prevalence,44639,Middle SDI,2,Female,22,All ages,559,Schizophrenia,2,Percent,2008,0.0028180929112426,0.0033383704458174,0.0023415744706681
5,Prevalence,44639,Middle SDI,3,Both,22,All ages,559,Schizophrenia,2,Percent,2008,0.0030179797502006,0.0035893886637394,0.0025040697605867
5,Prevalence,44639,Middle SDI,1,Male,22,All ages,559,Schizophrenia,3,Rate,2008,307.5127386153,365.58286255418,255.09235718074
5,Prevalence,44639,Middle SDI,2,Female,22,All ages,559,Schizophrenia,3,Rate,2008,275.42184777233,326.08450853481,228.61741307692
5,Prevalence,44639,Middle SDI,3,Both,22,All ages,559,Schizophrenia,3,Rate,2008,291.65511895293,346.95354128157004,241.6985251596
5,Prevalence,44639,Middle SDI,1,Male,27,Age-standardized,559,Schizophrenia,2,Percent,2008,0.0030599910094072,0.0036223528852056,0.0025576089661837
5,Prevalence,44639,Middle SDI,2,Female,27,Age-standardized,559,Schizophrenia,2,Percent,2008,0.00263996993058,0.0031222760045144,0.0021968989386494
5,Prevalence,44639,Middle SDI,3,Both,27,Age-standardized,559,Schizophrenia,2,Percent,2008,0.0028492535786761,0.0033745142652607,0.0023750359407718
5,Prevalence,44639,Middle SDI,1,Male,27,Age-standardized,559,Schizophrenia,3,Rate,2008,292.03368882931,345.20124923806,244.02841457282
5,Prevalence,44639,Middle SDI,2,Female,27,Age-standardized,559,Schizophrenia,3,Rate,2008,257.15168176087,304.17347230501,213.82711370700997
5,Prevalence,44639,Middle SDI,3,Both,27,Age-standardized,559,Schizophrenia,3,Rate,2008,274.65327619317,324.89194050496,228.81535890632
5,Prevalence,192,Southern Sub-Saharan Africa,1,Male,22,All ages,559,Schizophrenia,1,Number,2008,65349.42608265072,80032.0266726274,52472.60634560781
5,Prevalence,192,Southern Sub-Saharan Africa,2,Female,22,All ages,559,Schizophrenia,1,Number,2008,77048.29353967433,93938.11866982722,61999.00263695024
5,Prevalence,192,Southern Sub-Saharan Africa,3,Both,22,All ages,559,Schizophrenia,1,Number,2008,142397.71962232498,173765.6847128698,114672.77815429216
5,Prevalence,192,Southern Sub-Saharan Africa,1,Male,22,All ages,559,Schizophrenia,2,Percent,2008,0.0020119742550698,0.0024705443602422,0.0016153817875876
5,Prevalence,192,Southern Sub-Saharan Africa,2,Female,22,All ages,559,Schizophrenia,2,Percent,2008,0.0021904033832545,0.0026703985510685,0.0017619907546956
5,Prevalence,192,Southern Sub-Saharan Africa,3,Both,22,All ages,559,Schizophrenia,2,Percent,2008,0.0021047412123095,0.0025689574884795,0.0016955586745545
5,Prevalence,192,Southern Sub-Saharan Africa,1,Male,22,All ages,559,Schizophrenia,3,Rate,2008,194.55078751749,238.26213555553002,156.21540233149
5,Prevalence,192,Southern Sub-Saharan Africa,2,Female,22,All ages,559,Schizophrenia,3,Rate,2008,215.29554399975999,262.49067217719,173.24340860698
5,Prevalence,192,Southern Sub-Saharan Africa,3,Both,22,All ages,559,Schizophrenia,3,Rate,2008,205.25168025546,250.46537860755,165.28902610347
5,Prevalence,192,Southern Sub-Saharan Africa,1,Male,27,Age-standardized,559,Schizophrenia,2,Percent,2008,0.0022271643446873,0.0026763892138995,0.0018229570255143
5,Prevalence,192,Southern Sub-Saharan Africa,2,Female,27,Age-standardized,559,Schizophrenia,2,Percent,2008,0.0023486456959544,0.0028369905418513,0.001918638255848
5,Prevalence,192,Southern Sub-Saharan Africa,3,Both,27,Age-standardized,559,Schizophrenia,2,Percent,2008,0.0022925834969126,0.0027567516423765,0.0018731786604339
5,Prevalence,192,Southern Sub-Saharan Africa,1,Male,27,Age-standardized,559,Schizophrenia,3,Rate,2008,216.59685131272,260.23903396137,177.23697183543
5,Prevalence,192,Southern Sub-Saharan Africa,2,Female,27,Age-standardized,559,Schizophrenia,3,Rate,2008,231.22506715583,279.24760597298,188.87956498433
5,Prevalence,192,Southern Sub-Saharan Africa,3,Both,27,Age-standardized,559,Schizophrenia,3,Rate,2008,224.33657167516,269.86380405763,183.21798253481
6,Incidence,42,Central Europe,1,Male,22,All ages,559,Schizophrenia,1,Number,2008,7881.6889213217955,9819.994081711184,6261.658381694656
6,Incidence,42,Central Europe,2,Female,22,All ages,559,Schizophrenia,1,Number,2008,7276.415934094356,9070.691626911515,5771.5139980541935
6,Incidence,42,Central Europe,3,Both,22,All ages,559,Schizophrenia,1,Number,2008,15158.104855416124,18831.3427060056,12065.831294687843
6,Incidence,42,Central Europe,1,Male,22,All ages,559,Schizophrenia,2,Percent,2008,4.08541215899e-05,5.09296036216e-05,3.19611141031e-05
6,Incidence,42,Central Europe,2,Female,22,All ages,559,Schizophrenia,2,Percent,2008,3.33198283338e-05,4.15970694691e-05,2.59863517683e-05
6,Incidence,42,Central Europe,3,Both,22,All ages,559,Schizophrenia,2,Percent,2008,3.68534414506e-05,4.59267767784e-05,2.88206146692e-05
6,Incidence,42,Central Europe,1,Male,22,All ages,559,Schizophrenia,3,Rate,2008,13.55613554302,16.88992957376,10.769758943000001
6,Incidence,42,Central Europe,2,Female,22,All ages,559,Schizophrenia,3,Rate,2008,11.825598604049999,14.74164742815,9.37983871412
6,Incidence,42,Central Europe,3,Both,22,All ages,559,Schizophrenia,3,Rate,2008,12.6663567217,15.73577347155,10.08240309591
6,Incidence,42,Central Europe,1,Male,27,Age-standardized,559,Schizophrenia,2,Percent,2008,3.79921464075e-05,4.72666304469e-05,2.95194802563e-05
6,Incidence,42,Central Europe,2,Female,27,Age-standardized,559,Schizophrenia,2,Percent,2008,3.41411903319e-05,4.25040334791e-05,2.63255159864e-05
6,Incidence,42,Central Europe,3,Both,27,Age-standardized,559,Schizophrenia,2,Percent,2008,3.59986396666e-05,4.48361740073e-05,2.78641821545e-05
6,Incidence,42,Central Europe,1,Male,27,Age-standardized,559,Schizophrenia,3,Rate,2008,12.89198262433,16.08621460496,10.167114225059999
6,Incidence,42,Central Europe,2,Female,27,Age-standardized,559,Schizophrenia,3,Rate,2008,12.248037227229998,15.323719032229999,9.63707641772
6,Incidence,42,Central Europe,3,Both,27,Age-standardized,559,Schizophrenia,3,Rate,2008,12.57080277246,15.717864314160002,9.90320924254
6,Incidence,1,Global,1,Male,22,All ages,559,Schizophrenia,1,Number,2008,601427.142140631,721786.7165724556,498449.9030226454
6,Incidence,1,Global,2,Female,22,All ages,559,Schizophrenia,1,Number,2008,517037.2757517328,624772.2578669104,426596.818240064
6,Incidence,1,Global,3,Both,22,All ages,559,Schizophrenia,1,Number,2008,1118464.417892364,1346558.974439366,925020.6198969976
6,Incidence,1,Global,1,Male,22,All ages,559,Schizophrenia,2,Percent,2008,4.04198511359e-05,4.85556579038e-05,3.288055741e-05
6,Incidence,1,Global,2,Female,22,All ages,559,Schizophrenia,2,Percent,2008,3.29715047079e-05,3.96296500539e-05,2.67454955885e-05
6,Incidence,1,Global,3,Both,22,All ages,559,Schizophrenia,2,Percent,2008,3.65977780275e-05,4.40187607434e-05,2.96981361825e-05
6,Incidence,1,Global,1,Male,22,All ages,559,Schizophrenia,3,Rate,2008,17.67415336186,21.21116296456,14.64795884979
6,Incidence,1,Global,2,Female,22,All ages,559,Schizophrenia,3,Rate,2008,15.362057180519999,18.563046805870002,12.67491730708
6,Incidence,1,Global,3,Both,22,All ages,559,Schizophrenia,3,Rate,2008,16.52445640174,19.89437903391,13.66647222716
6,Incidence,1,Global,1,Male,27,Age-standardized,559,Schizophrenia,2,Percent,2008,3.7650175842e-05,4.54210262863e-05,3.07690951638e-05
6,Incidence,1,Global,2,Female,27,Age-standardized,559,Schizophrenia,2,Percent,2008,3.07979820123e-05,3.71574031256e-05,2.51289602999e-05
6,Incidence,1,Global,3,Both,27,Age-standardized,559,Schizophrenia,2,Percent,2008,3.41338658708e-05,4.12118858591e-05,2.78944292854e-05
6,Incidence,1,Global,1,Male,27,Age-standardized,559,Schizophrenia,3,Rate,2008,16.55911622305,19.78929320575,13.79222946295
6,Incidence,1,Global,2,Female,27,Age-standardized,559,Schizophrenia,3,Rate,2008,14.45894633899,17.37652366583,11.97730987976
6,Incidence,1,Global,3,Both,27,Age-standardized,559,Schizophrenia,3,Rate,2008,15.51694773324,18.591732361200002,12.8955143198
6,Incidence,5,East Asia,1,Male,22,All ages,559,Schizophrenia,1,Number,2008,148380.21653317293,171650.27381060494,127188.98136092092
6,Incidence,5,East Asia,2,Female,22,All ages,559,Schizophrenia,1,Number,2008,131575.5464532505,152099.44932763837,112681.00773920777
6,Incidence,5,East Asia,3,Both,22,All ages,559,Schizophrenia,1,Number,2008,279955.7629864236,323360.2250379184,240494.94326497623
6,Incidence,5,East Asia,1,Male,22,All ages,559,Schizophrenia,2,Percent,2008,6.90036860013e-05,8.04627608248e-05,5.8793787226e-05
6,Incidence,5,East Asia,2,Female,22,All ages,559,Schizophrenia,2,Percent,2008,6.06498153409e-05,7.06022214775e-05,5.14473741358e-05
6,Incidence,5,East Asia,3,Both,22,All ages,559,Schizophrenia,2,Percent,2008,6.48075647198e-05,7.55067045715e-05,5.52887295794e-05
6,Incidence,5,East Asia,1,Male,22,All ages,559,Schizophrenia,3,Rate,2008,21.2178666217,24.54540571773,18.18759202082
6,Incidence,5,East Asia,2,Female,22,All ages,559,Schizophrenia,3,Rate,2008,19.67551884142,22.74461829485,16.85007093344
6,Incidence,5,East Asia,3,Both,22,All ages,559,Schizophrenia,3,Rate,2008,20.46393654324,23.63667407734,17.579467575320002
6,Incidence,5,East Asia,1,Male,27,Age-standardized,559,Schizophrenia,2,Percent,2008,5.82975482639e-05,6.82677366447e-05,4.95551368283e-05
6,Incidence,5,East Asia,2,Female,27,Age-standardized,559,Schizophrenia,2,Percent,2008,5.13382815124e-05,6.00732455028e-05,4.35130310272e-05
6,Incidence,5,East Asia,3,Both,27,Age-standardized,559,Schizophrenia,2,Percent,2008,5.48144351402e-05,6.39883809802e-05,4.65643703438e-05
6,Incidence,5,East Asia,1,Male,27,Age-standardized,559,Schizophrenia,3,Rate,2008,18.779135474089998,21.64236519784,16.2640688473
6,Incidence,5,East Asia,2,Female,27,Age-standardized,559,Schizophrenia,3,Rate,2008,17.30704190245,19.91652531204,14.970244387660001
6,Incidence,5,East Asia,3,Both,27,Age-standardized,559,Schizophrenia,3,Rate,2008,18.05862433814,20.776035697370002,15.647375636629999
6,Incidence,21,Oceania,1,Male,22,All ages,559,Schizophrenia,1,Number,2008,1001.9616538226688,1280.4889804802983,771.2795130939935
6,Incidence,21,Oceania,2,Female,22,All ages,559,Schizophrenia,1,Number,2008,802.2003257087637,1028.0198811346868,611.1751983618603
6,Incidence,21,Oceania,3,Both,22,All ages,559,Schizophrenia,1,Number,2008,1804.1619795314343,2309.203182407022,1381.1706396946638
6,Incidence,21,Oceania,1,Male,22,All ages,559,Schizophrenia,2,Percent,2008,3.5750147699e-05,4.55176630973e-05,2.69550737158e-05
6,Incidence,21,Oceania,2,Female,22,All ages,559,Schizophrenia,2,Percent,2008,2.93696310223e-05,3.81896925605e-05,2.2055119775e-05
6,Incidence,21,Oceania,3,Both,22,All ages,559,Schizophrenia,2,Percent,2008,3.26000352277e-05,4.1909930107e-05,2.45051702199e-05
6,Incidence,21,Oceania,1,Male,22,All ages,559,Schizophrenia,3,Rate,2008,19.0797868045,24.38362452282,14.68703779268
6,Incidence,21,Oceania,2,Female,22,All ages,559,Schizophrenia,3,Rate,2008,16.362547686280003,20.968608199760002,12.466192056239999
6,Incidence,21,Oceania,3,Both,22,All ages,559,Schizophrenia,3,Rate,2008,17.76783254731,22.74160298698,13.602109413549998
6,Incidence,21,Oceania,1,Male,27,Age-standardized,559,Schizophrenia,2,Percent,2008,3.64180535654e-05,4.60213013434e-05,2.82439885873e-05
6,Incidence,21,Oceania,2,Female,27,Age-standardized,559,Schizophrenia,2,Percent,2008,2.8610071237e-05,3.65300258071e-05,2.19200516629e-05
6,Incidence,21,Oceania,3,Both,27,Age-standardized,559,Schizophrenia,2,Percent,2008,3.24764045461e-05,4.13463452315e-05,2.49500762387e-05
6,Incidence,21,Oceania,1,Male,27,Age-standardized,559,Schizophrenia,3,Rate,2008,18.38730588436,23.12394671282,14.491331466250001
6,Incidence,21,Oceania,2,Female,27,Age-standardized,559,Schizophrenia,3,Rate,2008,15.2638928134,19.367028734719998,11.96744711987
6,Incidence,21,Oceania,3,Both,27,Age-standardized,559,Schizophrenia,3,Rate,2008,16.8568004099,21.3148384285,13.23652798799
6,Incidence,9,Southeast Asia,1,Male,22,All ages,559,Schizophrenia,1,Number,2008,62516.43265509211,75939.81388389181,50834.20922810565
6,Incidence,9,Southeast Asia,2,Female,22,All ages,559,Schizophrenia,1,Number,2008,50978.3333574842,61954.24995746056,41184.679326207865
6,Incidence,9,Southeast Asia,3,Both,22,All ages,559,Schizophrenia,1,Number,2008,113494.76601257644,137849.06911406363,92004.45266265594
6,Incidence,9,Southeast Asia,1,Male,22,All ages,559,Schizophrenia,2,Percent,2008,4.36492664984e-05,5.34400351516e-05,3.4516855601e-05
6,Incidence,9,Southeast Asia,2,Female,22,All ages,559,Schizophrenia,2,Percent,2008,3.51751681101e-05,4.33292332472e-05,2.78313857442e-05
6,Incidence,9,Southeast Asia,3,Both,22,All ages,559,Schizophrenia,2,Percent,2008,3.93869312688e-05,4.83974461066e-05,3.11087215669e-05
6,Incidence,9,Southeast Asia,1,Male,22,All ages,559,Schizophrenia,3,Rate,2008,20.8385491987,25.31295341963,16.94452362343
6,Incidence,9,Southeast Asia,2,Female,22,All ages,559,Schizophrenia,3,Rate,2008,16.91477998756,20.55662549766,13.66521311664
6,Incidence,9,Southeast Asia,3,Both,22,All ages,559,Schizophrenia,3,Rate,2008,18.87216397424,22.92185205905,15.298706522
6,Incidence,9,Southeast Asia,1,Male,27,Age-standardized,559,Schizophrenia,2,Percent,2008,3.96567314654e-05,4.82838558582e-05,3.1560267201e-05
6,Incidence,9,Southeast Asia,2,Female,27,Age-standardized,559,Schizophrenia,2,Percent,2008,3.17677603994e-05,3.88655075885e-05,2.53725660116e-05
6,Incidence,9,Southeast Asia,3,Both,27,Age-standardized,559,Schizophrenia,2,Percent,2008,3.56603342023e-05,4.35028016208e-05,2.84294809413e-05
6,Incidence,9,Southeast Asia,1,Male,27,Age-standardized,559,Schizophrenia,3,Rate,2008,18.914228067870003,22.8689214844,15.51692717757
6,Incidence,9,Southeast Asia,2,Female,27,Age-standardized,559,Schizophrenia,3,Rate,2008,15.384692293210001,18.66665774801,12.5035052455
6,Incidence,9,Southeast Asia,3,Both,27,Age-standardized,559,Schizophrenia,3,Rate,2008,17.14569140976,20.762531971839998,14.00607045899
6,Incidence,32,Central Asia,1,Male,22,All ages,559,Schizophrenia,1,Number,2008,5743.873243427082,7347.789719735458,4339.498058710104
6,Incidence,32,Central Asia,2,Female,22,All ages,559,Schizophrenia,1,Number,2008,5488.748695494003,7026.8481057068,4164.616725967909
6,Incidence,32,Central Asia,3,Both,22,All ages,559,Schizophrenia,1,Number,2008,11232.621938921093,14406.140915324862,8527.825112175376
6,Incidence,32,Central Asia,1,Male,22,All ages,559,Schizophrenia,2,Percent,2008,4.662919085e-05,5.99332948407e-05,3.51037520123e-05
6,Incidence,32,Central Asia,2,Female,22,All ages,559,Schizophrenia,2,Percent,2008,4.06321344157e-05,5.26555074095e-05,3.03989102741e-05
6,Incidence,32,Central Asia,3,Both,22,All ages,559,Schizophrenia,2,Percent,2008,4.34918228762e-05,5.59660776669e-05,3.25294789998e-05
6,Incidence,32,Central Asia,1,Male,22,All ages,559,Schizophrenia,3,Rate,2008,14.604342295050001,18.68245200255,11.03358523982
6,Incidence,32,Central Asia,2,Female,22,All ages,559,Schizophrenia,3,Rate,2008,13.54682374297,17.34301897166,10.27872323432
6,Incidence,32,Central Asia,3,Both,22,All ages,559,Schizophrenia,3,Rate,2008,14.067722710120002,18.04223420157,10.68023829617
6,Incidence,32,Central Asia,1,Male,27,Age-standardized,559,Schizophrenia,2,Percent,2008,4.02807659338e-05,5.14422216861e-05,3.03670934565e-05
6,Incidence,32,Central Asia,2,Female,27,Age-standardized,559,Schizophrenia,2,Percent,2008,3.59581552709e-05,4.61983623848e-05,2.70206130468e-05
6,Incidence,32,Central Asia,3,Both,27,Age-standardized,559,Schizophrenia,2,Percent,2008,3.80207002439e-05,4.85707814715e-05,2.85903919368e-05
6,Incidence,32,Central Asia,1,Male,27,Age-standardized,559,Schizophrenia,3,Rate,2008,12.739365205670001,16.151214456800002,9.77779072231
6,Incidence,32,Central Asia,2,Female,27,Age-standardized,559,Schizophrenia,3,Rate,2008,12.0291048457,15.29510692117,9.19923957936
6,Incidence,32,Central Asia,3,Both,27,Age-standardized,559,Schizophrenia,3,Rate,2008,12.37634533334,15.7046920508,9.48558403257
6,Incidence,56,Eastern Europe,1,Male,22,All ages,559,Schizophrenia,1,Number,2008,12968.461948335394,15716.990279301132,10644.075558027533
6,Incidence,56,Eastern Europe,2,Female,22,All ages,559,Schizophrenia,1,Number,2008,13012.650384123875,15705.786591842048,10655.246669837106
6,Incidence,56,Eastern Europe,3,Both,22,All ages,559,Schizophrenia,1,Number,2008,25981.112332459288,31397.170251826738,21279.932811623512
6,Incidence,56,Eastern Europe,1,Male,22,All ages,559,Schizophrenia,2,Percent,2008,3.30661632183e-05,3.99968851586e-05,2.65538973531e-05
6,Incidence,56,Eastern Europe,2,Female,22,All ages,559,Schizophrenia,2,Percent,2008,2.66959397319e-05,3.22700036527e-05,2.13319115984e-05
6,Incidence,56,Eastern Europe,3,Both,22,All ages,559,Schizophrenia,2,Percent,2008,2.95356305678e-05,3.55929950104e-05,2.35941752333e-05
6,Incidence,56,Eastern Europe,1,Male,22,All ages,559,Schizophrenia,3,Rate,2008,13.159283250909999,15.948254138460001,10.8006952382
6,Incidence,56,Eastern Europe,2,Female,22,All ages,559,Schizophrenia,3,Rate,2008,11.42917008127,13.794584571120001,9.35863354909
6,Incidence,56,Eastern Europe,3,Both,22,All ages,559,Schizophrenia,3,Rate,2008,12.23189501553,14.781772442640001,10.01858198981
6,Incidence,56,Eastern Europe,1,Male,27,Age-standardized,559,Schizophrenia,2,Percent,2008,2.84388993525e-05,3.43812080091e-05,2.28944537409e-05
6,Incidence,56,Eastern Europe,2,Female,27,Age-standardized,559,Schizophrenia,2,Percent,2008,2.60317568008e-05,3.1344888443e-05,2.10260628733e-05
6,Incidence,56,Eastern Europe,3,Both,27,Age-standardized,559,Schizophrenia,2,Percent,2008,2.71342700752e-05,3.26700152671e-05,2.18711297477e-05
6,Incidence,56,Eastern Europe,1,Male,27,Age-standardized,559,Schizophrenia,3,Rate,2008,11.627611617660001,14.051401643,9.56360448161
6,Incidence,56,Eastern Europe,2,Female,27,Age-standardized,559,Schizophrenia,3,Rate,2008,11.48609490786,13.89578282141,9.41549801495
6,Incidence,56,Eastern Europe,3,Both,27,Age-standardized,559,Schizophrenia,3,Rate,2008,11.54596937812,13.957946732229999,9.49585716647
6,Incidence,73,Western Europe,1,Male,22,All ages,559,Schizophrenia,1,Number,2008,30439.47567873843,36671.17297580569,25520.955161227885
6,Incidence,73,Western Europe,2,Female,22,All ages,559,Schizophrenia,1,Number,2008,25719.61189562844,31097.729131088672,21606.00773064646
6,Incidence,73,Western Europe,3,Both,22,All ages,559,Schizophrenia,1,Number,2008,56159.08757436683,67719.81044759626,47209.48618414516
6,Incidence,73,Western Europe,1,Male,22,All ages,559,Schizophrenia,2,Percent,2008,3.81176745054e-05,4.60367640611e-05,3.13453516348e-05
6,Incidence,73,Western Europe,2,Female,22,All ages,559,Schizophrenia,2,Percent,2008,2.63905303746e-05,3.15515447617e-05,2.18538050757e-05
6,Incidence,73,Western Europe,3,Both,22,All ages,559,Schizophrenia,2,Percent,2008,3.16717560142e-05,3.82177846058e-05,2.61909903434e-05
6,Incidence,73,Western Europe,1,Male,22,All ages,559,Schizophrenia,3,Rate,2008,14.88380772008,17.93088334379,12.47882826437
6,Incidence,73,Western Europe,2,Female,22,All ages,559,Schizophrenia,3,Rate,2008,12.07547926338,14.60053070725,10.14412267862
6,Incidence,73,Western Europe,3,Both,22,All ages,559,Schizophrenia,3,Rate,2008,13.45113550102,16.22014149051,11.30754118389
6,Incidence,73,Western Europe,1,Male,27,Age-standardized,559,Schizophrenia,2,Percent,2008,3.74228971572e-05,4.52279068853e-05,3.07134384256e-05
6,Incidence,73,Western Europe,2,Female,27,Age-standardized,559,Schizophrenia,2,Percent,2008,2.72242044963e-05,3.27528104252e-05,2.2260951677e-05
6,Incidence,73,Western Europe,3,Both,27,Age-standardized,559,Schizophrenia,2,Percent,2008,3.19904731311e-05,3.87651304028e-05,2.62587867671e-05
6,Incidence,73,Western Europe,1,Male,27,Age-standardized,559,Schizophrenia,3,Rate,2008,15.41401502735,18.4278968849,12.86267105699
6,Incidence,73,Western Europe,2,Female,27,Age-standardized,559,Schizophrenia,3,Rate,2008,13.02653634908,15.559853291689999,10.8175561252
6,Incidence,73,Western Europe,3,Both,27,Age-standardized,559,Schizophrenia,3,Rate,2008,14.23581749777,17.0121192786,11.87503767544
6,Incidence,96,Southern Latin America,1,Male,22,All ages,559,Schizophrenia,1,Number,2008,4904.814204331199,6216.414276267924,3711.725962858213
6,Incidence,96,Southern Latin America,2,Female,22,All ages,559,Schizophrenia,1,Number,2008,4548.631188314519,5724.835040074599,3527.1651131472872
6,Incidence,96,Southern Latin America,3,Both,22,All ages,559,Schizophrenia,1,Number,2008,9453.445392645734,11995.53353116764,7234.633932481791
6,Incidence,96,Southern Latin America,1,Male,22,All ages,559,Schizophrenia,2,Percent,2008,3.65660393767e-05,4.63628460995e-05,2.75896959803e-05
6,Incidence,96,Southern Latin America,2,Female,22,All ages,559,Schizophrenia,2,Percent,2008,2.90117071664e-05,3.73104432949e-05,2.21066347387e-05
6,Incidence,96,Southern Latin America,3,Both,22,All ages,559,Schizophrenia,2,Percent,2008,3.24940963369e-05,4.15394373513e-05,2.4556582031e-05
6,Incidence,96,Southern Latin America,1,Male,22,All ages,559,Schizophrenia,3,Rate,2008,16.757375949169997,21.23847851183,12.68117094527
6,Incidence,96,Southern Latin America,2,Female,22,All ages,559,Schizophrenia,3,Rate,2008,14.83548793294,18.67170971639,11.50394773883
6,Incidence,96,Southern Latin America,3,Both,22,All ages,559,Schizophrenia,3,Rate,2008,15.77412978919,20.0158878538,12.07179497932
6,Incidence,96,Southern Latin America,1,Male,27,Age-standardized,559,Schizophrenia,2,Percent,2008,3.39838735767e-05,4.3114801832e-05,2.56917105983e-05
6,Incidence,96,Southern Latin America,2,Female,27,Age-standardized,559,Schizophrenia,2,Percent,2008,2.78092720818e-05,3.57638695656e-05,2.11947899199e-05
6,Incidence,96,Southern Latin America,3,Both,27,Age-standardized,559,Schizophrenia,2,Percent,2008,3.06928173253e-05,3.92324225205e-05,2.32271557765e-05
6,Incidence,96,Southern Latin America,1,Male,27,Age-standardized,559,Schizophrenia,3,Rate,2008,15.86509316817,20.15035451077,12.08469916728
6,Incidence,96,Southern Latin America,2,Female,27,Age-standardized,559,Schizophrenia,3,Rate,2008,14.515955150989999,18.27667591077,11.25376402845
6,Incidence,96,Southern Latin America,3,Both,27,Age-standardized,559,Schizophrenia,3,Rate,2008,15.19025086986,19.28581679577,11.67179465556
6,Incidence,100,High-income North America,1,Male,22,All ages,559,Schizophrenia,1,Number,2008,29339.871187385448,34998.82528097533,24497.628959302783
6,Incidence,100,High-income North America,2,Female,22,All ages,559,Schizophrenia,1,Number,2008,25317.346216658298,30024.85215186163,21182.1894917194
6,Incidence,100,High-income North America,3,Both,22,All ages,559,Schizophrenia,1,Number,2008,54657.21740404383,64903.89497100558,45729.13231919639
6,Incidence,100,High-income North America,1,Male,22,All ages,559,Schizophrenia,2,Percent,2008,3.91805677359e-05,4.68171983833e-05,3.22383846469e-05
6,Incidence,100,High-income North America,2,Female,22,All ages,559,Schizophrenia,2,Percent,2008,2.95649947818e-05,3.54471689538e-05,2.44304381628e-05
6,Incidence,100,High-income North America,3,Both,22,All ages,559,Schizophrenia,2,Percent,2008,3.4050499787e-05,4.07855560383e-05,2.81335326599e-05
6,Incidence,100,High-income North America,1,Male,22,All ages,559,Schizophrenia,3,Rate,2008,17.704078940589998,21.118769119499998,14.782203854359999
6,Incidence,100,High-income North America,2,Female,22,All ages,559,Schizophrenia,3,Rate,2008,14.810276494460002,17.56409847497,12.3912704138
6,Incidence,100,High-income North America,3,Both,22,All ages,559,Schizophrenia,3,Rate,2008,16.23474085355,19.2782941629,13.582846839270001
6,Incidence,100,High-income North America,1,Male,27,Age-standardized,559,Schizophrenia,2,Percent,2008,3.99256108233e-05,4.79648619513e-05,3.25841375329e-05
6,Incidence,100,High-income North America,2,Female,27,Age-standardized,559,Schizophrenia,2,Percent,2008,3.16780340325e-05,3.79554778578e-05,2.60013105086e-05
6,Incidence,100,High-income North America,3,Both,27,Age-standardized,559,Schizophrenia,2,Percent,2008,3.56349501836e-05,4.27911997778e-05,2.91238680309e-05
6,Incidence,100,High-income North America,1,Male,27,Age-standardized,559,Schizophrenia,3,Rate,2008,18.58285198116,22.21732519933,15.38051514243
6,Incidence,100,High-income North America,2,Female,27,Age-standardized,559,Schizophrenia,3,Rate,2008,16.39208318604,19.54866547416,13.602494493190001
6,Incidence,100,High-income North America,3,Both,27,Age-standardized,559,Schizophrenia,3,Rate,2008,17.504706292439998,20.8202471882,14.505295106270001
6,Incidence,70,Australasia,1,Male,22,All ages,559,Schizophrenia,1,Number,2008,2696.769459446228,2994.3648711743995,2385.1161654880907
6,Incidence,70,Australasia,2,Female,22,All ages,559,Schizophrenia,1,Number,2008,2081.5318474955043,2440.96000164642,1791.5888577676992
6,Incidence,70,Australasia,3,Both,22,All ages,559,Schizophrenia,1,Number,2008,4778.301306941736,5404.159069604162,4199.834735381857
6,Incidence,70,Australasia,1,Male,22,All ages,559,Schizophrenia,2,Percent,2008,5.07701355608e-05,5.74924041688e-05,4.4560560177e-05
6,Incidence,70,Australasia,2,Female,22,All ages,559,Schizophrenia,2,Percent,2008,3.36109352375e-05,3.90429302428e-05,2.87707252313e-05
6,Incidence,70,Australasia,3,Both,22,All ages,559,Schizophrenia,2,Percent,2008,4.15325185246e-05,4.69775454829e-05,3.5931169617e-05
6,Incidence,70,Australasia,1,Male,22,All ages,559,Schizophrenia,3,Rate,2008,21.6351479719,24.022641921720002,19.13487301992
6,Incidence,70,Australasia,2,Female,22,All ages,559,Schizophrenia,3,Rate,2008,16.28834770771,19.10093534973,14.01949352813
6,Incidence,70,Australasia,3,Both,22,All ages,559,Schizophrenia,3,Rate,2008,18.92844066427,21.40767141258,16.63694218549
6,Incidence,70,Australasia,1,Male,27,Age-standardized,559,Schizophrenia,2,Percent,2008,5.29852211231e-05,5.9859309148e-05,4.65775259243e-05
6,Incidence,70,Australasia,2,Female,27,Age-standardized,559,Schizophrenia,2,Percent,2008,3.43510638038e-05,3.93477793253e-05,2.93993008218e-05
6,Incidence,70,Australasia,3,Both,27,Age-standardized,559,Schizophrenia,2,Percent,2008,4.32337004764e-05,4.86357889336e-05,3.76649430096e-05
6,Incidence,70,Australasia,1,Male,27,Age-standardized,559,Schizophrenia,3,Rate,2008,23.16627360132,25.73122897763,20.641410854180002
6,Incidence,70,Australasia,2,Female,27,Age-standardized,559,Schizophrenia,3,Rate,2008,17.03548797162,19.74913938436,14.77621147656
6,Incidence,70,Australasia,3,Both,27,Age-standardized,559,Schizophrenia,3,Rate,2008,20.181458095500002,22.71581284578,17.926485639350002
6,Incidence,104,Caribbean,1,Male,22,All ages,559,Schizophrenia,1,Number,2008,3155.965571611872,3954.9970666182335,2474.004003782996
6,Incidence,104,Caribbean,2,Female,22,All ages,559,Schizophrenia,1,Number,2008,2432.2693561537085,3044.2039407884736,1903.5569941194087
6,Incidence,104,Caribbean,3,Both,22,All ages,559,Schizophrenia,1,Number,2008,5588.234927765572,6949.656239218822,4378.01841296724
6,Incidence,104,Caribbean,1,Male,22,All ages,559,Schizophrenia,2,Percent,2008,3.39917331723e-05,4.27507928422e-05,2.61550046595e-05
6,Incidence,104,Caribbean,2,Female,22,All ages,559,Schizophrenia,2,Percent,2008,2.40689955528e-05,3.043228172e-05,1.86538618814e-05
6,Incidence,104,Caribbean,3,Both,22,All ages,559,Schizophrenia,2,Percent,2008,2.88199916927e-05,3.63029677319e-05,2.22623301974e-05
6,Incidence,104,Caribbean,1,Male,22,All ages,559,Schizophrenia,3,Rate,2008,14.73877822255,18.47036138799,11.55392715987
6,Incidence,104,Caribbean,2,Female,22,All ages,559,Schizophrenia,3,Rate,2008,11.12278949973,13.921171823329999,8.70498314373
6,Incidence,104,Caribbean,3,Both,22,All ages,559,Schizophrenia,3,Rate,2008,12.911786063400001,16.05739123979,10.11554414955
6,Incidence,104,Caribbean,1,Male,27,Age-standardized,559,Schizophrenia,2,Percent,2008,3.20507827156e-05,4.02134443206e-05,2.47975241852e-05
6,Incidence,104,Caribbean,2,Female,27,Age-standardized,559,Schizophrenia,2,Percent,2008,2.2623797425e-05,2.85642696058e-05,1.75645259004e-05
6,Incidence,104,Caribbean,3,Both,27,Age-standardized,559,Schizophrenia,2,Percent,2008,2.71184766123e-05,3.41535400471e-05,2.10244416797e-05
6,Incidence,104,Caribbean,1,Male,27,Age-standardized,559,Schizophrenia,3,Rate,2008,13.997636741400001,17.58084651085,11.00315087035
6,Incidence,104,Caribbean,2,Female,27,Age-standardized,559,Schizophrenia,3,Rate,2008,10.54576346104,13.25546680096,8.263301411050001
6,Incidence,104,Caribbean,3,Both,27,Age-standardized,559,Schizophrenia,3,Rate,2008,12.25051048138,15.312758380090001,9.62859545817
6,Incidence,138,North Africa and Middle East,1,Male,22,All ages,559,Schizophrenia,1,Number,2008,43673.55598766105,55457.454647054044,33347.274822743675
6,Incidence,138,North Africa and Middle East,2,Female,22,All ages,559,Schizophrenia,1,Number,2008,36545.52193206054,46356.34438396465,27837.401647803214
6,Incidence,138,North Africa and Middle East,3,Both,22,All ages,559,Schizophrenia,1,Number,2008,80219.07791972159,101880.17579824915,61221.918040393706
6,Incidence,138,North Africa and Middle East,1,Male,22,All ages,559,Schizophrenia,2,Percent,2008,4.31242535931e-05,5.42844759277e-05,3.29959175537e-05
6,Incidence,138,North Africa and Middle East,2,Female,22,All ages,559,Schizophrenia,2,Percent,2008,3.4835957224e-05,4.38593434806e-05,2.66514131609e-05
6,Incidence,138,North Africa and Middle East,3,Both,22,All ages,559,Schizophrenia,2,Percent,2008,3.89066157347e-05,4.86801951665e-05,2.97281253508e-05
6,Incidence,138,North Africa and Middle East,1,Male,22,All ages,559,Schizophrenia,3,Rate,2008,17.069455315429998,21.675096579559998,13.03351203275
6,Incidence,138,North Africa and Middle East,2,Female,22,All ages,559,Schizophrenia,3,Rate,2008,15.21665508001,19.30163987184,11.59080830712
6,Incidence,138,North Africa and Middle East,3,Both,22,All ages,559,Schizophrenia,3,Rate,2008,16.17235860018,20.53928790989,12.342485583430001
6,Incidence,138,North Africa and Middle East,1,Male,27,Age-standardized,559,Schizophrenia,2,Percent,2008,3.79746517576e-05,4.76966690999e-05,2.94774004127e-05
6,Incidence,138,North Africa and Middle East,2,Female,27,Age-standardized,559,Schizophrenia,2,Percent,2008,3.0788707366e-05,3.85353101745e-05,2.39166351988e-05
6,Incidence,138,North Africa and Middle East,3,Both,27,Age-standardized,559,Schizophrenia,2,Percent,2008,3.43320522153e-05,4.28995224256e-05,2.66706792206e-05
6,Incidence,138,North Africa and Middle East,1,Male,27,Age-standardized,559,Schizophrenia,3,Rate,2008,14.8433365168,18.54713930025,11.74886239714
6,Incidence,138,North Africa and Middle East,2,Female,27,Age-standardized,559,Schizophrenia,3,Rate,2008,13.29000263637,16.675040936520002,10.4720804274
6,Incidence,138,North Africa and Middle East,3,Both,27,Age-standardized,559,Schizophrenia,3,Rate,2008,14.09445443104,17.61385042887,11.130093014329999
6,Incidence,65,High-income Asia Pacific,1,Male,22,All ages,559,Schizophrenia,1,Number,2008,13859.813728464002,16864.384421080642,11436.65692720273
6,Incidence,65,High-income Asia Pacific,2,Female,22,All ages,559,Schizophrenia,1,Number,2008,12838.16313120724,15758.49793952017,10632.34847847001
6,Incidence,65,High-income Asia Pacific,3,Both,22,All ages,559,Schizophrenia,1,Number,2008,26697.976859671264,32645.50880683466,22026.56008002124
6,Incidence,65,High-income Asia Pacific,1,Male,22,All ages,559,Schizophrenia,2,Percent,2008,3.71249823912e-05,4.58604112301e-05,2.98451132732e-05
6,Incidence,65,High-income Asia Pacific,2,Female,22,All ages,559,Schizophrenia,2,Percent,2008,3.11019094752e-05,3.81777378951e-05,2.52968893379e-05
6,Incidence,65,High-income Asia Pacific,3,Both,22,All ages,559,Schizophrenia,2,Percent,2008,3.39620224695e-05,4.19057533258e-05,2.76527744287e-05
6,Incidence,65,High-income Asia Pacific,1,Male,22,All ages,559,Schizophrenia,3,Rate,2008,15.34080808687,18.66643303984,12.65872417284
6,Incidence,65,High-income Asia Pacific,2,Female,22,All ages,559,Schizophrenia,3,Rate,2008,13.741219486659999,16.866975185930002,11.38024440164
6,Incidence,65,High-income Asia Pacific,3,Both,22,All ages,559,Schizophrenia,3,Rate,2008,14.52760045019,17.76392686726,11.98566714687
6,Incidence,65,High-income Asia Pacific,1,Male,27,Age-standardized,559,Schizophrenia,2,Percent,2008,3.62933550136e-05,4.47652584988e-05,2.8982604188e-05
6,Incidence,65,High-income Asia Pacific,2,Female,27,Age-standardized,559,Schizophrenia,2,Percent,2008,3.1325827826e-05,3.8626975722e-05,2.48686249781e-05
6,Incidence,65,High-income Asia Pacific,3,Both,27,Age-standardized,559,Schizophrenia,2,Percent,2008,3.38012885932e-05,4.18190744168e-05,2.69621441269e-05
6,Incidence,65,High-income Asia Pacific,1,Male,27,Age-standardized,559,Schizophrenia,3,Rate,2008,16.20030797533,19.88064687426,13.21490580773
6,Incidence,65,High-income Asia Pacific,2,Female,27,Age-standardized,559,Schizophrenia,3,Rate,2008,15.10100703627,18.490783945380002,12.33085877103
6,Incidence,65,High-income Asia Pacific,3,Both,27,Age-standardized,559,Schizophrenia,3,Rate,2008,15.673177297370001,19.103400966,12.772185841050002
6,Incidence,124,Central Latin America,1,Male,22,All ages,559,Schizophrenia,1,Number,2008,17862.754569982542,22126.47699229655,14092.654530124357
6,Incidence,124,Central Latin America,2,Female,22,All ages,559,Schizophrenia,1,Number,2008,14744.27183874326,18429.628380857088,11632.011867519186
6,Incidence,124,Central Latin America,3,Both,22,All ages,559,Schizophrenia,1,Number,2008,32607.026408725847,40451.27046383002,25600.72423116196
6,Incidence,124,Central Latin America,1,Male,22,All ages,559,Schizophrenia,2,Percent,2008,3.7633355378e-05,4.66782995097e-05,2.94231277539e-05
6,Incidence,124,Central Latin America,2,Female,22,All ages,559,Schizophrenia,2,Percent,2008,2.8353159943e-05,3.52130712369e-05,2.22160162694e-05
6,Incidence,124,Central Latin America,3,Both,22,All ages,559,Schizophrenia,2,Percent,2008,3.27812706301e-05,4.05440320291e-05,2.5702146901e-05
6,Incidence,124,Central Latin America,1,Male,22,All ages,559,Schizophrenia,3,Rate,2008,16.35590515147,20.25995249525,12.90383965833
6,Incidence,124,Central Latin America,2,Female,22,All ages,559,Schizophrenia,3,Rate,2008,12.986576652030001,16.23259420703,10.24533563861
6,Incidence,124,Central Latin America,3,Both,22,All ages,559,Schizophrenia,3,Rate,2008,14.638554425279999,18.16013876377,11.49315458229
6,Incidence,124,Central Latin America,1,Male,27,Age-standardized,559,Schizophrenia,2,Percent,2008,3.56563553481e-05,4.40033464685e-05,2.8086671372e-05
6,Incidence,124,Central Latin America,2,Female,27,Age-standardized,559,Schizophrenia,2,Percent,2008,2.61791167897e-05,3.24107609333e-05,2.05298064725e-05
6,Incidence,124,Central Latin America,3,Both,27,Age-standardized,559,Schizophrenia,2,Percent,2008,3.06306121341e-05,3.77813245195e-05,2.40766470518e-05
6,Incidence,124,Central Latin America,1,Male,27,Age-standardized,559,Schizophrenia,3,Rate,2008,15.34978083968,18.90926400467,12.27075616245
6,Incidence,124,Central Latin America,2,Female,27,Age-standardized,559,Schizophrenia,3,Rate,2008,11.97624064716,14.862385490709999,9.55361670079
6,Incidence,124,Central Latin America,3,Both,27,Age-standardized,559,Schizophrenia,3,Rate,2008,13.61337127836,16.85524224533,10.86871874803
6,Incidence,167,Central Sub-Saharan Africa,1,Male,22,All ages,559,Schizophrenia,1,Number,2008,5998.588315062248,7680.744615742751,4589.5122777043625
6,Incidence,167,Central Sub-Saharan Africa,2,Female,22,All ages,559,Schizophrenia,1,Number,2008,6284.9604237143385,8110.909500966334,4781.616284901544
6,Incidence,167,Central Sub-Saharan Africa,3,Both,22,All ages,559,Schizophrenia,1,Number,2008,12283.548738776572,15806.3640349577,9390.4520123136
6,Incidence,167,Central Sub-Saharan Africa,1,Male,22,All ages,559,Schizophrenia,2,Percent,2008,2.06805078089e-05,2.66358083903e-05,1.58386738061e-05
6,Incidence,167,Central Sub-Saharan Africa,2,Female,22,All ages,559,Schizophrenia,2,Percent,2008,2.185711258e-05,2.83406265122e-05,1.66007336397e-05
6,Incidence,167,Central Sub-Saharan Africa,3,Both,22,All ages,559,Schizophrenia,2,Percent,2008,2.12657982616e-05,2.73600623673e-05,1.63522230003e-05
6,Incidence,167,Central Sub-Saharan Africa,1,Male,22,All ages,559,Schizophrenia,3,Rate,2008,12.79905552732,16.38823530883,9.79254107807
6,Incidence,167,Central Sub-Saharan Africa,2,Female,22,All ages,559,Schizophrenia,3,Rate,2008,13.32269496818,17.19329413566,10.13594532406
6,Incidence,167,Central Sub-Saharan Africa,3,Both,22,All ages,559,Schizophrenia,3,Rate,2008,13.06173110667,16.807722360150002,9.985352096809999
6,Incidence,167,Central Sub-Saharan Africa,1,Male,27,Age-standardized,559,Schizophrenia,2,Percent,2008,2.42672651326e-05,3.08720458959e-05,1.90354616892e-05
6,Incidence,167,Central Sub-Saharan Africa,2,Female,27,Age-standardized,559,Schizophrenia,2,Percent,2008,2.50436421105e-05,3.21594169399e-05,1.93556621519e-05
6,Incidence,167,Central Sub-Saharan Africa,3,Both,27,Age-standardized,559,Schizophrenia,2,Percent,2008,2.46568353364e-05,3.14856752847e-05,1.92467756143e-05
6,Incidence,167,Central Sub-Saharan Africa,1,Male,27,Age-standardized,559,Schizophrenia,3,Rate,2008,13.63684797083,17.18527987297,10.74543757475
6,Incidence,167,Central Sub-Saharan Africa,2,Female,27,Age-standardized,559,Schizophrenia,3,Rate,2008,14.01953131842,17.82375868674,10.95152693194
6,Incidence,167,Central Sub-Saharan Africa,3,Both,27,Age-standardized,559,Schizophrenia,3,Rate,2008,13.82436051172,17.49395343116,10.85152232719
6,Incidence,120,Andean Latin America,1,Male,22,All ages,559,Schizophrenia,1,Number,2008,4209.950600626517,5354.038188388633,3206.906653201414
6,Incidence,120,Andean Latin America,2,Female,22,All ages,559,Schizophrenia,1,Number,2008,3290.86076736388,4243.409451549371,2485.449489512429
6,Incidence,120,Andean Latin America,3,Both,22,All ages,559,Schizophrenia,1,Number,2008,7500.811367990396,9632.980557737192,5693.440086950503
6,Incidence,120,Andean Latin America,1,Male,22,All ages,559,Schizophrenia,2,Percent,2008,3.56016918708e-05,4.50565566706e-05,2.70218044892e-05
6,Incidence,120,Andean Latin America,2,Female,22,All ages,559,Schizophrenia,2,Percent,2008,2.52923067223e-05,3.23372972853e-05,1.90992931511e-05
6,Incidence,120,Andean Latin America,3,Both,22,All ages,559,Schizophrenia,2,Percent,2008,3.0200488624e-05,3.84429299331e-05,2.28866841172e-05
6,Incidence,120,Andean Latin America,1,Male,22,All ages,559,Schizophrenia,3,Rate,2008,16.09844154016,20.47332117548,12.262899064330002
6,Incidence,120,Andean Latin America,2,Female,22,All ages,559,Schizophrenia,3,Rate,2008,12.557617069399999,16.19245380713,9.48424292032
6,Incidence,120,Andean Latin America,3,Both,22,All ages,559,Schizophrenia,3,Rate,2008,14.32617630574,18.39851331401,10.874187133920001
6,Incidence,120,Andean Latin America,1,Male,27,Age-standardized,559,Schizophrenia,2,Percent,2008,3.36513749047e-05,4.28218273293e-05,2.56437675153e-05
6,Incidence,120,Andean Latin America,2,Female,27,Age-standardized,559,Schizophrenia,2,Percent,2008,2.34083160011e-05,2.98614811782e-05,1.78498072336e-05
6,Incidence,120,Andean Latin America,3,Both,27,Age-standardized,559,Schizophrenia,2,Percent,2008,2.82224737032e-05,3.58963058834e-05,2.15637419802e-05
6,Incidence,120,Andean Latin America,1,Male,27,Age-standardized,559,Schizophrenia,3,Rate,2008,15.07784260819,18.992729620840002,11.72582010577
6,Incidence,120,Andean Latin America,2,Female,27,Age-standardized,559,Schizophrenia,3,Rate,2008,11.60025912463,14.81004684191,8.92062900256
6,Incidence,120,Andean Latin America,3,Both,27,Age-standardized,559,Schizophrenia,3,Rate,2008,13.32463492314,16.876652288349998,10.34280578389
6,Incidence,44634,High-middle SDI,1,Male,22,All ages,559,Schizophrenia,1,Number,2008,115074.43776389577,134319.2446877136,98505.09287547704
6,Incidence,44634,High-middle SDI,2,Female,22,All ages,559,Schizophrenia,1,Number,2008,100985.01493357196,117794.5874695154,86524.86888946814
6,Incidence,44634,High-middle SDI,3,Both,22,All ages,559,Schizophrenia,1,Number,2008,216059.45269746747,251264.8372707905,185065.9439815428
6,Incidence,44634,High-middle SDI,1,Male,22,All ages,559,Schizophrenia,2,Percent,2008,5.36591311452e-05,6.25061701453e-05,4.54961367339e-05
6,Incidence,44634,High-middle SDI,2,Female,22,All ages,559,Schizophrenia,2,Percent,2008,4.30280965848e-05,5.04148004595e-05,3.64604470141e-05
6,Incidence,44634,High-middle SDI,3,Both,22,All ages,559,Schizophrenia,2,Percent,2008,4.81036086418e-05,5.61841193408e-05,4.08644935507e-05
6,Incidence,44634,High-middle SDI,1,Male,22,All ages,559,Schizophrenia,3,Rate,2008,19.0476787715,22.23317250432,16.3050404843
6,Incidence,44634,High-middle SDI,2,Female,22,All ages,559,Schizophrenia,3,Rate,2008,16.56694607879,19.32461544185,14.19470837638
6,Incidence,44634,High-middle SDI,3,Both,22,All ages,559,Schizophrenia,3,Rate,2008,17.801775051259998,20.702450439179998,15.24812852795
6,Incidence,44634,High-middle SDI,1,Male,27,Age-standardized,559,Schizophrenia,2,Percent,2008,4.5702870929e-05,5.37337697902e-05,3.85612078128e-05
6,Incidence,44634,High-middle SDI,2,Female,27,Age-standardized,559,Schizophrenia,2,Percent,2008,3.83256123971e-05,4.49734606529e-05,3.23277683499e-05
6,Incidence,44634,High-middle SDI,3,Both,27,Age-standardized,559,Schizophrenia,2,Percent,2008,4.19037528447e-05,4.92702187942e-05,3.53455249537e-05
6,Incidence,44634,High-middle SDI,1,Male,27,Age-standardized,559,Schizophrenia,3,Rate,2008,16.9837854766,19.81622178009,14.57612692808
6,Incidence,44634,High-middle SDI,2,Female,27,Age-standardized,559,Schizophrenia,3,Rate,2008,15.33241460855,17.92334383243,13.18564674345
6,Incidence,44634,High-middle SDI,3,Both,27,Age-standardized,559,Schizophrenia,3,Rate,2008,16.16587524054,18.83399812886,13.902570342859999
6,Incidence,159,South Asia,1,Male,22,All ages,559,Schizophrenia,1,Number,2008,144281.7516527798,176689.18101149268,116265.24750556896
6,Incidence,159,South Asia,2,Female,22,All ages,559,Schizophrenia,1,Number,2008,105618.01139137436,129879.52787091788,84725.72274407724
6,Incidence,159,South Asia,3,Both,22,All ages,559,Schizophrenia,1,Number,2008,249899.76304415383,307181.7103724575,201044.7131205208
6,Incidence,159,South Asia,1,Male,22,All ages,559,Schizophrenia,2,Percent,2008,3.76003833468e-05,4.57215737678e-05,3.00631905753e-05
6,Incidence,159,South Asia,2,Female,22,All ages,559,Schizophrenia,2,Percent,2008,2.71598320387e-05,3.34506078527e-05,2.14919747664e-05
6,Incidence,159,South Asia,3,Both,22,All ages,559,Schizophrenia,2,Percent,2008,3.23449004667e-05,3.9501228774e-05,2.56994700088e-05
6,Incidence,159,South Asia,1,Male,22,All ages,559,Schizophrenia,3,Rate,2008,18.282166250619998,22.3885622744,14.73215122298
6,Incidence,159,South Asia,2,Female,22,All ages,559,Schizophrenia,3,Rate,2008,14.176653080240001,17.43317247309,11.372370701660001
6,Incidence,159,South Asia,3,Both,22,All ages,559,Schizophrenia,3,Rate,2008,16.28852243392,20.022172569280002,13.10413935569
6,Incidence,159,South Asia,1,Male,27,Age-standardized,559,Schizophrenia,2,Percent,2008,3.50010670027e-05,4.26097961788e-05,2.81905696345e-05
6,Incidence,159,South Asia,2,Female,27,Age-standardized,559,Schizophrenia,2,Percent,2008,2.48660100728e-05,3.03060714959e-05,1.99015691582e-05
6,Incidence,159,South Asia,3,Both,27,Age-standardized,559,Schizophrenia,2,Percent,2008,2.98391923955e-05,3.62711857557e-05,2.40349314303e-05
6,Incidence,159,South Asia,1,Male,27,Age-standardized,559,Schizophrenia,3,Rate,2008,16.93189724796,20.54354270208,13.82234740209
6,Incidence,159,South Asia,2,Female,27,Age-standardized,559,Schizophrenia,3,Rate,2008,12.993579892149999,15.76480677532,10.55085522844
6,Incidence,159,South Asia,3,Both,27,Age-standardized,559,Schizophrenia,3,Rate,2008,15.00387943075,18.22598302948,12.22275814912
6,Incidence,134,Tropical Latin America,1,Male,22,All ages,559,Schizophrenia,1,Number,2008,17081.093006655567,20718.284337043307,13989.099947406718
6,Incidence,134,Tropical Latin America,2,Female,22,All ages,559,Schizophrenia,1,Number,2008,13578.095735041556,16580.87712835066,11121.180849123786
6,Incidence,134,Tropical Latin America,3,Both,22,All ages,559,Schizophrenia,1,Number,2008,30659.18874169712,37344.7733238442,25130.236548437235
6,Incidence,134,Tropical Latin America,1,Male,22,All ages,559,Schizophrenia,2,Percent,2008,3.40115376447e-05,4.1107600827e-05,2.74119512443e-05
6,Incidence,134,Tropical Latin America,2,Female,22,All ages,559,Schizophrenia,2,Percent,2008,2.45591744181e-05,2.96814018233e-05,1.98071597702e-05
6,Incidence,134,Tropical Latin America,3,Both,22,All ages,559,Schizophrenia,2,Percent,2008,2.9058139753e-05,3.50565577184e-05,2.35026216659e-05
6,Incidence,134,Tropical Latin America,1,Male,22,All ages,559,Schizophrenia,3,Rate,2008,17.40577338116,21.11210107436,14.255007182269999
6,Incidence,134,Tropical Latin America,2,Female,22,All ages,559,Schizophrenia,3,Rate,2008,13.39569127349,16.35813411463,10.97178191689
6,Incidence,134,Tropical Latin America,3,Both,22,All ages,559,Schizophrenia,3,Rate,2008,15.36829905293,18.71953133986,12.596843112879998
6,Incidence,134,Tropical Latin America,1,Male,27,Age-standardized,559,Schizophrenia,2,Percent,2008,2.9805886566e-05,3.59337300407e-05,2.41927180659e-05
6,Incidence,134,Tropical Latin America,2,Female,27,Age-standardized,559,Schizophrenia,2,Percent,2008,2.18763086184e-05,2.64221131176e-05,1.77221350565e-05
6,Incidence,134,Tropical Latin America,3,Both,27,Age-standardized,559,Schizophrenia,2,Percent,2008,2.56681788108e-05,3.08822676228e-05,2.0848870084e-05
6,Incidence,134,Tropical Latin America,1,Male,27,Age-standardized,559,Schizophrenia,3,Rate,2008,15.49193244119,18.69692181569,12.81966963366
6,Incidence,134,Tropical Latin America,2,Female,27,Age-standardized,559,Schizophrenia,3,Rate,2008,12.09743774069,14.72483392087,9.98713591017
6,Incidence,134,Tropical Latin America,3,Both,27,Age-standardized,559,Schizophrenia,3,Rate,2008,13.777680322040002,16.69894114937,11.36850891989
6,Incidence,174,Eastern Sub-Saharan Africa,1,Male,22,All ages,559,Schizophrenia,1,Number,2008,19967.72566929457,24967.28534916255,15477.0667117621
6,Incidence,174,Eastern Sub-Saharan Africa,2,Female,22,All ages,559,Schizophrenia,1,Number,2008,22016.97205452576,27724.08836711341,16910.687988581736
6,Incidence,174,Eastern Sub-Saharan Africa,3,Both,22,All ages,559,Schizophrenia,1,Number,2008,41984.69772382037,52775.927782943545,32362.3245584454
6,Incidence,174,Eastern Sub-Saharan Africa,1,Male,22,All ages,559,Schizophrenia,2,Percent,2008,2.10340925098e-05,2.61635326211e-05,1.62441055431e-05
6,Incidence,174,Eastern Sub-Saharan Africa,2,Female,22,All ages,559,Schizophrenia,2,Percent,2008,2.28125836514e-05,2.87831680973e-05,1.75433395948e-05
6,Incidence,174,Eastern Sub-Saharan Africa,3,Both,22,All ages,559,Schizophrenia,2,Percent,2008,2.19304642969e-05,2.74957491302e-05,1.68997496387e-05
6,Incidence,174,Eastern Sub-Saharan Africa,1,Male,22,All ages,559,Schizophrenia,3,Rate,2008,12.97490708599,16.223590656240003,10.056904119910001
6,Incidence,174,Eastern Sub-Saharan Africa,2,Female,22,All ages,559,Schizophrenia,3,Rate,2008,14.12180883132,17.78238510607,10.84660971497
6,Incidence,174,Eastern Sub-Saharan Africa,3,Both,22,All ages,559,Schizophrenia,3,Rate,2008,13.55208341567,17.03534417131,10.446113601339999
6,Incidence,174,Eastern Sub-Saharan Africa,1,Male,27,Age-standardized,559,Schizophrenia,2,Percent,2008,2.43315255487e-05,3.0051596746e-05,1.95624059489e-05
6,Incidence,174,Eastern Sub-Saharan Africa,2,Female,27,Age-standardized,559,Schizophrenia,2,Percent,2008,2.45474127731e-05,3.07153885972e-05,1.94386325655e-05
6,Incidence,174,Eastern Sub-Saharan Africa,3,Both,27,Age-standardized,559,Schizophrenia,2,Percent,2008,2.44493004422e-05,3.04006910338e-05,1.94977434743e-05
6,Incidence,174,Eastern Sub-Saharan Africa,1,Male,27,Age-standardized,559,Schizophrenia,3,Rate,2008,14.058520992690001,17.41771235552,11.42888486429
6,Incidence,174,Eastern Sub-Saharan Africa,2,Female,27,Age-standardized,559,Schizophrenia,3,Rate,2008,14.46093614634,18.00192498007,11.63676640022
6,Incidence,174,Eastern Sub-Saharan Africa,3,Both,27,Age-standardized,559,Schizophrenia,3,Rate,2008,14.271178317190001,17.735969596,11.541487228280001
6,Incidence,44635,High SDI,1,Male,22,All ages,559,Schizophrenia,1,Number,2008,84635.41359321338,100396.27790274622,70547.27476375984
6,Incidence,44635,High SDI,2,Female,22,All ages,559,Schizophrenia,1,Number,2008,72249.61337635221,86297.92375892734,60480.278065604805
6,Incidence,44635,High SDI,3,Both,22,All ages,559,Schizophrenia,1,Number,2008,156885.02696956557,186754.05517902027,130745.44857484847
6,Incidence,44635,High SDI,1,Male,22,All ages,559,Schizophrenia,2,Percent,2008,4.16321726789e-05,5.00857018255e-05,3.42682682381e-05
6,Incidence,44635,High SDI,2,Female,22,All ages,559,Schizophrenia,2,Percent,2008,3.1226476986e-05,3.74685583138e-05,2.59700032708e-05
6,Incidence,44635,High SDI,3,Both,22,All ages,559,Schizophrenia,2,Percent,2008,3.60930586733e-05,4.32512260274e-05,2.98937393751e-05
6,Incidence,44635,High SDI,1,Male,22,All ages,559,Schizophrenia,3,Rate,2008,16.90763859055,20.0561905537,14.09324743171
6,Incidence,44635,High SDI,2,Female,22,All ages,559,Schizophrenia,3,Rate,2008,14.236343076270002,17.00447645307,11.91726775623
6,Incidence,44635,High SDI,3,Both,22,All ages,559,Schizophrenia,3,Rate,2008,15.562813984340002,18.525787181320002,12.96979791363
6,Incidence,44635,High SDI,1,Male,27,Age-standardized,559,Schizophrenia,2,Percent,2008,3.99143707378e-05,4.80600698199e-05,3.24985290917e-05
6,Incidence,44635,High SDI,2,Female,27,Age-standardized,559,Schizophrenia,2,Percent,2008,3.1833499564e-05,3.79898535932e-05,2.6041895827e-05
6,Incidence,44635,High SDI,3,Both,27,Age-standardized,559,Schizophrenia,2,Percent,2008,3.57530042265e-05,4.28929432672e-05,2.92171278395e-05
6,Incidence,44635,High SDI,1,Male,27,Age-standardized,559,Schizophrenia,3,Rate,2008,16.97949271734,20.38063041885,14.05873401347
6,Incidence,44635,High SDI,2,Female,27,Age-standardized,559,Schizophrenia,3,Rate,2008,15.12032032475,18.08668230042,12.55189818499
6,Incidence,44635,High SDI,3,Both,27,Age-standardized,559,Schizophrenia,3,Rate,2008,16.076979645,19.2346536266,13.3356617789
6,Incidence,44636,Low-middle SDI,1,Male,22,All ages,559,Schizophrenia,1,Number,2008,139084.65668337708,171694.456729615,110757.53740684276
6,Incidence,44636,Low-middle SDI,2,Female,22,All ages,559,Schizophrenia,1,Number,2008,113579.60839834785,140331.3850802625,89178.98223451542
6,Incidence,44636,Low-middle SDI,3,Both,22,All ages,559,Schizophrenia,1,Number,2008,252664.2650817249,311567.5175750201,199679.8096745478
6,Incidence,44636,Low-middle SDI,1,Male,22,All ages,559,Schizophrenia,2,Percent,2008,3.53447158964e-05,4.31668409584e-05,2.80409414386e-05
6,Incidence,44636,Low-middle SDI,2,Female,22,All ages,559,Schizophrenia,2,Percent,2008,2.78518910912e-05,3.42623421352e-05,2.18932377193e-05
6,Incidence,44636,Low-middle SDI,3,Both,22,All ages,559,Schizophrenia,2,Percent,2008,3.15312412186e-05,3.86653227827e-05,2.49199431442e-05
6,Incidence,44636,Low-middle SDI,1,Male,22,All ages,559,Schizophrenia,3,Rate,2008,17.28313954312,21.335345862009998,13.76311391998
6,Incidence,44636,Low-middle SDI,2,Female,22,All ages,559,Schizophrenia,3,Rate,2008,14.459871486,17.86565231495,11.35341669643
6,Incidence,44636,Low-middle SDI,3,Both,22,All ages,559,Schizophrenia,3,Rate,2008,15.88860288228,19.5926897544,12.556715127490001
6,Incidence,44636,Low-middle SDI,1,Male,27,Age-standardized,559,Schizophrenia,2,Percent,2008,3.40230963231e-05,4.15751472206e-05,2.72497442945e-05
6,Incidence,44636,Low-middle SDI,2,Female,27,Age-standardized,559,Schizophrenia,2,Percent,2008,2.61665513259e-05,3.21597300373e-05,2.07233674171e-05
6,Incidence,44636,Low-middle SDI,3,Both,27,Age-standardized,559,Schizophrenia,2,Percent,2008,2.99693321732e-05,3.66761731654e-05,2.38531767938e-05
6,Incidence,44636,Low-middle SDI,1,Male,27,Age-standardized,559,Schizophrenia,3,Rate,2008,16.34253837847,19.92725378884,13.32822869882
6,Incidence,44636,Low-middle SDI,2,Female,27,Age-standardized,559,Schizophrenia,3,Rate,2008,13.44832665681,16.46624512807,10.86356878657
6,Incidence,44636,Low-middle SDI,3,Both,27,Age-standardized,559,Schizophrenia,3,Rate,2008,14.89941900018,18.21315903676,12.1047674404
6,Incidence,199,Western Sub-Saharan Africa,1,Male,22,All ages,559,Schizophrenia,1,Number,2008,20313.281849806524,25227.58837502612,16006.24204898741
6,Incidence,199,Western Sub-Saharan Africa,2,Female,22,All ages,559,Schizophrenia,1,Number,2008,27285.72736176157,33965.52375653104,21436.527014340085
6,Incidence,199,Western Sub-Saharan Africa,3,Both,22,All ages,559,Schizophrenia,1,Number,2008,47599.00921156808,59222.24393026333,37398.49091990839
6,Incidence,199,Western Sub-Saharan Africa,1,Male,22,All ages,559,Schizophrenia,2,Percent,2008,2.10372579746e-05,2.61003921896e-05,1.64837888947e-05
6,Incidence,199,Western Sub-Saharan Africa,2,Female,22,All ages,559,Schizophrenia,2,Percent,2008,2.7087593181e-05,3.37854983828e-05,2.10005653514e-05
6,Incidence,199,Western Sub-Saharan Africa,3,Both,22,All ages,559,Schizophrenia,2,Percent,2008,2.41262802497e-05,3.0023270991e-05,1.8779884097e-05
6,Incidence,199,Western Sub-Saharan Africa,1,Male,22,All ages,559,Schizophrenia,3,Rate,2008,12.26386687185,15.23081241214,9.66355033416
6,Incidence,199,Western Sub-Saharan Africa,2,Female,22,All ages,559,Schizophrenia,3,Rate,2008,16.34487308388,20.34624797307,12.84104721721
6,Incidence,199,Western Sub-Saharan Africa,3,Both,22,All ages,559,Schizophrenia,3,Rate,2008,14.31236036231,17.80730545939,11.24520631665
6,Incidence,199,Western Sub-Saharan Africa,1,Male,27,Age-standardized,559,Schizophrenia,2,Percent,2008,2.43905456039e-05,3.01152469387e-05,1.94696118821e-05
6,Incidence,199,Western Sub-Saharan Africa,2,Female,27,Age-standardized,559,Schizophrenia,2,Percent,2008,2.87594369526e-05,3.56974864531e-05,2.28495378272e-05
6,Incidence,199,Western Sub-Saharan Africa,3,Both,27,Age-standardized,559,Schizophrenia,2,Percent,2008,2.67286895073e-05,3.30588337692e-05,2.12779788035e-05
6,Incidence,199,Western Sub-Saharan Africa,1,Male,27,Age-standardized,559,Schizophrenia,3,Rate,2008,13.33246579973,16.43410221809,10.85527833923
6,Incidence,199,Western Sub-Saharan Africa,2,Female,27,Age-standardized,559,Schizophrenia,3,Rate,2008,16.54945180649,20.363801189500002,13.44199446892
6,Incidence,199,Western Sub-Saharan Africa,3,Both,27,Age-standardized,559,Schizophrenia,3,Rate,2008,15.00308576163,18.479015445229997,12.208306757829998
6,Incidence,192,Southern Sub-Saharan Africa,1,Male,22,All ages,559,Schizophrenia,1,Number,2008,5149.095703613235,6312.208100668791,4116.835112072127
6,Incidence,192,Southern Sub-Saharan Africa,2,Female,22,All ages,559,Schizophrenia,1,Number,2008,5601.405461533943,6851.052686399922,4459.132460594582
6,Incidence,192,Southern Sub-Saharan Africa,3,Both,22,All ages,559,Schizophrenia,1,Number,2008,10750.50116514718,13133.39632417293,8579.178176692745
6,Incidence,192,Southern Sub-Saharan Africa,1,Male,22,All ages,559,Schizophrenia,2,Percent,2008,2.48313979399e-05,3.06158362453e-05,1.96934818038e-05
6,Incidence,192,Southern Sub-Saharan Africa,2,Female,22,All ages,559,Schizophrenia,2,Percent,2008,2.45781521687e-05,3.01851266022e-05,1.9495155859e-05
6,Incidence,192,Southern Sub-Saharan Africa,3,Both,22,All ages,559,Schizophrenia,2,Percent,2008,2.46984485206e-05,3.03894560122e-05,1.95898880489e-05
6,Incidence,192,Southern Sub-Saharan Africa,1,Male,22,All ages,559,Schizophrenia,3,Rate,2008,15.329294902660001,18.79197921962,12.256167515840001
6,Incidence,192,Southern Sub-Saharan Africa,2,Female,22,All ages,559,Schizophrenia,3,Rate,2008,15.6519707394,19.14385182755,12.4601247447
6,Incidence,192,Southern Sub-Saharan Africa,3,Both,22,All ages,559,Schizophrenia,3,Rate,2008,15.49574272388,18.93044123281,12.36600375797
6,Incidence,192,Southern Sub-Saharan Africa,1,Male,27,Age-standardized,559,Schizophrenia,2,Percent,2008,2.25937987733e-05,2.76341008441e-05,1.82547993677e-05
6,Incidence,192,Southern Sub-Saharan Africa,2,Female,27,Age-standardized,559,Schizophrenia,2,Percent,2008,2.23727054558e-05,2.73441244347e-05,1.79550395323e-05
6,Incidence,192,Southern Sub-Saharan Africa,3,Both,27,Age-standardized,559,Schizophrenia,2,Percent,2008,2.24532659869e-05,2.7484412561e-05,1.80856622887e-05
6,Incidence,192,Southern Sub-Saharan Africa,1,Male,27,Age-standardized,559,Schizophrenia,3,Rate,2008,13.67376037116,16.65625804357,11.28313320749
6,Incidence,192,Southern Sub-Saharan Africa,2,Female,27,Age-standardized,559,Schizophrenia,3,Rate,2008,14.06585474134,17.0414261186,11.49789720572
6,Incidence,192,Southern Sub-Saharan Africa,3,Both,27,Age-standardized,559,Schizophrenia,3,Rate,2008,13.863712204219999,16.790323932190002,11.39617141105
6,Incidence,44639,Middle SDI,1,Male,22,All ages,559,Schizophrenia,1,Number,2008,205676.10288680665,245704.45237767952,170910.6238288963
6,Incidence,44639,Middle SDI,2,Female,22,All ages,559,Schizophrenia,1,Number,2008,173814.37946638398,209122.5572193418,144218.54093484796
6,Incidence,44639,Middle SDI,3,Both,22,All ages,559,Schizophrenia,1,Number,2008,379490.48235319054,454917.2153171244,315188.32621294656
6,Incidence,44639,Middle SDI,1,Male,22,All ages,559,Schizophrenia,2,Percent,2008,4.64980101899e-05,5.56927441216e-05,3.78902111385e-05
6,Incidence,44639,Middle SDI,2,Female,22,All ages,559,Schizophrenia,2,Percent,2008,3.78988209768e-05,4.54452388136e-05,3.07479817465e-05
6,Incidence,44639,Middle SDI,3,Both,22,All ages,559,Schizophrenia,2,Percent,2008,4.21203908069e-05,5.0562490534e-05,3.42311086092e-05
6,Incidence,44639,Middle SDI,1,Male,22,All ages,559,Schizophrenia,3,Rate,2008,18.97141567596,22.66360181891,15.764672913310001
6,Incidence,44639,Middle SDI,2,Female,22,All ages,559,Schizophrenia,3,Rate,2008,16.41230781937,19.74625915068,13.61774034087
6,Incidence,44639,Middle SDI,3,Both,22,All ages,559,Schizophrenia,3,Rate,2008,17.706840028520002,21.22621444388,14.706532918830002
6,Incidence,44639,Middle SDI,1,Male,27,Age-standardized,559,Schizophrenia,2,Percent,2008,4.10651487156e-05,4.93909167421e-05,3.34344421538e-05
6,Incidence,44639,Middle SDI,2,Female,27,Age-standardized,559,Schizophrenia,2,Percent,2008,3.32141703515e-05,3.98985598821e-05,2.69837718839e-05
6,Incidence,44639,Middle SDI,3,Both,27,Age-standardized,559,Schizophrenia,2,Percent,2008,3.70474816254e-05,4.45430150832e-05,3.01261618583e-05
6,Incidence,44639,Middle SDI,1,Male,27,Age-standardized,559,Schizophrenia,3,Rate,2008,17.02720327783,20.31193782694,14.209061805420001
6,Incidence,44639,Middle SDI,2,Female,27,Age-standardized,559,Schizophrenia,3,Rate,2008,14.62596924746,17.54164969872,12.19999203593
6,Incidence,44639,Middle SDI,3,Both,27,Age-standardized,559,Schizophrenia,3,Rate,2008,15.836215447130002,18.92622842322,13.21471862669
6,Incidence,44637,Low SDI,1,Male,22,All ages,559,Schizophrenia,1,Number,2008,56507.25995086828,70090.04217006703,44500.08844287046
6,Incidence,44637,Low SDI,2,Female,22,All ages,559,Schizophrenia,1,Number,2008,56028.48636692345,70398.2465299815,43347.41183584024
6,Incidence,44637,Low SDI,3,Both,22,All ages,559,Schizophrenia,1,Number,2008,112535.74631779184,140361.29776558385,87649.15961262016
6,Incidence,44637,Low SDI,1,Male,22,All ages,559,Schizophrenia,2,Percent,2008,2.42474846296e-05,2.99537407341e-05,1.89816974313e-05
6,Incidence,44637,Low SDI,2,Female,22,All ages,559,Schizophrenia,2,Percent,2008,2.39186706329e-05,2.99224796608e-05,1.85111376294e-05
6,Incidence,44637,Low SDI,3,Both,22,All ages,559,Schizophrenia,2,Percent,2008,2.40825252907e-05,2.9935258987e-05,1.87239194465e-05
6,Incidence,44637,Low SDI,1,Male,22,All ages,559,Schizophrenia,3,Rate,2008,13.90320260376,17.2451479269,10.94892489999
6,Incidence,44637,Low SDI,2,Female,22,All ages,559,Schizophrenia,3,Rate,2008,13.96504678292,17.54669579665,10.804301052180001
6,Incidence,44637,Low SDI,3,Both,22,All ages,559,Schizophrenia,3,Rate,2008,13.93392451873,17.37922209085,10.85252299055
6,Incidence,44637,Low SDI,1,Male,27,Age-standardized,559,Schizophrenia,2,Percent,2008,2.74620799735e-05,3.38509976126e-05,2.19860156147e-05
6,Incidence,44637,Low SDI,2,Female,27,Age-standardized,559,Schizophrenia,2,Percent,2008,2.55958624231e-05,3.18320340034e-05,2.02894634482e-05
6,Incidence,44637,Low SDI,3,Both,27,Age-standardized,559,Schizophrenia,2,Percent,2008,2.65081120624e-05,3.27837152122e-05,2.11431724433e-05
6,Incidence,44637,Low SDI,1,Male,27,Age-standardized,559,Schizophrenia,3,Rate,2008,14.801814524840001,18.10876385738,12.03996828208
6,Incidence,44637,Low SDI,2,Female,27,Age-standardized,559,Schizophrenia,3,Rate,2008,14.278925641470002,17.60006132756,11.487568689489999
6,Incidence,44637,Low SDI,3,Both,27,Age-standardized,559,Schizophrenia,3,Rate,2008,14.541283161910002,17.81668652166,11.769117628950001
