measure_id,measure_name,location_id,location_name,sex_id,sex_name,age_id,age_name,cause_id,cause_name,metric_id,metric_name,year,val,upper,lower
2,DALYs (Disability-Adjusted Life Years),70,Australasia,1,Male,22,All ages,559,Schizophrenia,1,Number,1998,34289.01868399342,41856.038789253114,25998.56718714159
2,DALYs (Disability-Adjusted Life Years),70,Australasia,2,Female,22,All ages,559,Schizophrenia,1,Number,1998,26631.733470198033,32914.00793595959,20074.748946397962
2,DALYs (Disability-Adjusted Life Years),70,Australasia,3,Both,22,All ages,559,Schizophrenia,1,Number,1998,60920.752154191374,74273.06866855199,46064.62524218629
2,DALYs (Disability-Adjusted Life Years),70,Australasia,1,Male,22,All ages,559,Schizophrenia,2,Percent,1998,0.010787971648788516,0.012773530375387414,0.008384913920819914
2,DALYs (Disability-Adjusted Life Years),70,Australasia,2,Female,22,All ages,559,Schizophrenia,2,Percent,1998,0.009041980147108716,0.010979394510936345,0.006871447885347029
2,DALYs (Disability-Adjusted Life Years),70,Australasia,3,Both,22,All ages,559,Schizophrenia,2,Percent,1998,0.009946607775372832,0.011929781019541449,0.007721526161785624
2,DALYs (Disability-Adjusted Life Years),70,Australasia,1,Male,22,All ages,559,Schizophrenia,3,Rate,1998,311.0871798208355,379.7389824835841,235.87204463818333
2,DALYs (Disability-Adjusted Life Years),70,Australasia,2,Female,22,All ages,559,Schizophrenia,3,Rate,1998,236.42700644220335,292.19879265545933,178.21644256791797
2,DALYs (Disability-Adjusted Life Years),70,Australasia,3,Both,22,All ages,559,Schizophrenia,3,Rate,1998,273.3518532784615,333.26379355659765,206.69230492524503
2,DALYs (Disability-Adjusted Life Years),70,Australasia,1,Male,27,Age-standardized,559,Schizophrenia,3,Rate,1998,283.0454764641744,346.0644949841977,214.4645692898984
2,DALYs (Disability-Adjusted Life Years),70,Australasia,2,Female,27,Age-standardized,559,Schizophrenia,3,Rate,1998,209.61187014087974,259.7826765013307,157.96501287099616
2,DALYs (Disability-Adjusted Life Years),70,Australasia,3,Both,27,Age-standardized,559,Schizophrenia,3,Rate,1998,246.21487260704663,299.80756725250274,186.7487303795089
2,DALYs (Disability-Adjusted Life Years),32,Central Asia,1,Male,22,All ages,559,Schizophrenia,1,Number,1998,44917.87845491508,62199.383511629,31753.379986070282
2,DALYs (Disability-Adjusted Life Years),32,Central Asia,2,Female,22,All ages,559,Schizophrenia,1,Number,1998,46344.15498788512,63622.4627644571,32730.082073826798
2,DALYs (Disability-Adjusted Life Years),32,Central Asia,3,Both,22,All ages,559,Schizophrenia,1,Number,1998,91262.03344280015,125390.16056899542,64542.2750456346
2,DALYs (Disability-Adjusted Life Years),32,Central Asia,1,Male,22,All ages,559,Schizophrenia,2,Percent,1998,0.0028441558592106914,0.0039401819069858155,0.0020334549129098186
2,DALYs (Disability-Adjusted Life Years),32,Central Asia,2,Female,22,All ages,559,Schizophrenia,2,Percent,1998,0.0035916706029902232,0.0048363678011923705,0.002535290120414386
2,DALYs (Disability-Adjusted Life Years),32,Central Asia,3,Both,22,All ages,559,Schizophrenia,2,Percent,1998,0.003179972425210743,0.004323395263430807,0.002267932294394197
2,DALYs (Disability-Adjusted Life Years),32,Central Asia,1,Male,22,All ages,559,Schizophrenia,3,Rate,1998,124.63571816720487,172.58751081287974,88.10757442100342
2,DALYs (Disability-Adjusted Life Years),32,Central Asia,2,Female,22,All ages,559,Schizophrenia,3,Rate,1998,123.58051447203951,169.65454829125983,87.27746535572716
2,DALYs (Disability-Adjusted Life Years),32,Central Asia,3,Both,22,All ages,559,Schizophrenia,3,Rate,1998,124.09762854820197,170.50487462175008,87.7642429399642
2,DALYs (Disability-Adjusted Life Years),32,Central Asia,1,Male,27,Age-standardized,559,Schizophrenia,3,Rate,1998,138.22396477942902,189.9063880716661,98.73446024510181
2,DALYs (Disability-Adjusted Life Years),32,Central Asia,2,Female,27,Age-standardized,559,Schizophrenia,3,Rate,1998,133.2638294274988,181.53898871053104,94.31340243588284
2,DALYs (Disability-Adjusted Life Years),32,Central Asia,3,Both,27,Age-standardized,559,Schizophrenia,3,Rate,1998,135.67193471590085,184.38578105136895,96.76378310295438
2,DALYs (Disability-Adjusted Life Years),42,Central Europe,1,Male,22,All ages,559,Schizophrenia,1,Number,1998,96864.97092582716,128799.82623779934,69212.35945142142
2,DALYs (Disability-Adjusted Life Years),42,Central Europe,2,Female,22,All ages,559,Schizophrenia,1,Number,1998,98433.81771402976,130985.30253265484,70759.64809810076
2,DALYs (Disability-Adjusted Life Years),42,Central Europe,3,Both,22,All ages,559,Schizophrenia,1,Number,1998,195298.78863985703,260265.2001187851,139243.7091785218
2,DALYs (Disability-Adjusted Life Years),42,Central Europe,1,Male,22,All ages,559,Schizophrenia,2,Percent,1998,0.0036976651073882525,0.004803544360213602,0.0026338025060412638
2,DALYs (Disability-Adjusted Life Years),42,Central Europe,2,Female,22,All ages,559,Schizophrenia,2,Percent,1998,0.0045962871432374585,0.005935852191481227,0.0033453337562885303
2,DALYs (Disability-Adjusted Life Years),42,Central Europe,3,Both,22,All ages,559,Schizophrenia,2,Percent,1998,0.00410141039188827,0.005332179321275966,0.0029632715333990645
2,DALYs (Disability-Adjusted Life Years),42,Central Europe,1,Male,22,All ages,559,Schizophrenia,3,Rate,1998,161.27184562372648,214.4406331292954,115.23262580908256
2,DALYs (Disability-Adjusted Life Years),42,Central Europe,2,Female,22,All ages,559,Schizophrenia,3,Rate,1998,155.54914436170685,206.98833191765746,111.81728975474131
2,DALYs (Disability-Adjusted Life Years),42,Central Europe,3,Both,22,All ages,559,Schizophrenia,3,Rate,1998,158.33583617709058,211.0064705244954,112.88994303921356
2,DALYs (Disability-Adjusted Life Years),42,Central Europe,1,Male,27,Age-standardized,559,Schizophrenia,3,Rate,1998,142.93319894768862,190.8088626468771,101.95186006027988
2,DALYs (Disability-Adjusted Life Years),42,Central Europe,2,Female,27,Age-standardized,559,Schizophrenia,3,Rate,1998,138.72541696587754,185.9137860336712,99.3813004667944
2,DALYs (Disability-Adjusted Life Years),42,Central Europe,3,Both,27,Age-standardized,559,Schizophrenia,3,Rate,1998,140.82179905975258,188.4260910922183,100.51881543348753
2,DALYs (Disability-Adjusted Life Years),96,Southern Latin America,1,Male,22,All ages,559,Schizophrenia,1,Number,1998,47696.18833980561,65137.54588969813,33144.39189432263
2,DALYs (Disability-Adjusted Life Years),96,Southern Latin America,2,Female,22,All ages,559,Schizophrenia,1,Number,1998,47445.59328103017,65060.40115554043,32831.59308817491
2,DALYs (Disability-Adjusted Life Years),96,Southern Latin America,3,Both,22,All ages,559,Schizophrenia,1,Number,1998,95141.7816208359,129661.94389042814,66649.53738121848
2,DALYs (Disability-Adjusted Life Years),96,Southern Latin America,1,Male,22,All ages,559,Schizophrenia,2,Percent,1998,0.005436289018334235,0.0073205945083061694,0.0037813779647007904
2,DALYs (Disability-Adjusted Life Years),96,Southern Latin America,2,Female,22,All ages,559,Schizophrenia,2,Percent,1998,0.006295565095738336,0.008291920864742425,0.0044940412365030375
2,DALYs (Disability-Adjusted Life Years),96,Southern Latin America,3,Both,22,All ages,559,Schizophrenia,2,Percent,1998,0.00583244113508602,0.0076735482045352,0.004108295960400024
2,DALYs (Disability-Adjusted Life Years),96,Southern Latin America,1,Male,22,All ages,559,Schizophrenia,3,Rate,1998,180.03705473334946,245.87230809705054,125.1089218087833
2,DALYs (Disability-Adjusted Life Years),96,Southern Latin America,2,Female,22,All ages,559,Schizophrenia,3,Rate,1998,171.5539173025477,235.24559200676552,118.7125719389331
2,DALYs (Disability-Adjusted Life Years),96,Southern Latin America,3,Both,22,All ages,559,Schizophrenia,3,Rate,1998,175.7043121692811,239.45486701723001,123.08589268001661
2,DALYs (Disability-Adjusted Life Years),96,Southern Latin America,1,Male,27,Age-standardized,559,Schizophrenia,3,Rate,1998,183.28946118613712,249.4323805156919,127.02901419969548
2,DALYs (Disability-Adjusted Life Years),96,Southern Latin America,2,Female,27,Age-standardized,559,Schizophrenia,3,Rate,1998,171.94985713926934,235.89933727758287,118.63427122768394
2,DALYs (Disability-Adjusted Life Years),96,Southern Latin America,3,Both,27,Age-standardized,559,Schizophrenia,3,Rate,1998,177.6566952441523,241.92223266878437,123.88292608289443
2,DALYs (Disability-Adjusted Life Years),1,Global,1,Male,22,All ages,559,Schizophrenia,1,Number,1998,5452923.886178549,7003022.428751851,4020590.3100324017
2,DALYs (Disability-Adjusted Life Years),1,Global,2,Female,22,All ages,559,Schizophrenia,1,Number,1998,4766430.956518513,6146231.887362858,3515026.332677304
2,DALYs (Disability-Adjusted Life Years),1,Global,3,Both,22,All ages,559,Schizophrenia,1,Number,1998,10219354.84269706,13175305.32539971,7535616.642709706
2,DALYs (Disability-Adjusted Life Years),1,Global,1,Male,22,All ages,559,Schizophrenia,2,Percent,1998,0.003877478963147964,0.004947528673628605,0.0028879950167630935
2,DALYs (Disability-Adjusted Life Years),1,Global,2,Female,22,All ages,559,Schizophrenia,2,Percent,1998,0.0038698030216010207,0.004930326055989561,0.0028774804746208656
2,DALYs (Disability-Adjusted Life Years),1,Global,3,Both,22,All ages,559,Schizophrenia,2,Percent,1998,0.0038736517629460562,0.00492260670199144,0.0028767945032122317
2,DALYs (Disability-Adjusted Life Years),1,Global,1,Male,22,All ages,559,Schizophrenia,3,Rate,1998,181.92471203036177,233.64031211257023,134.13807887520505
2,DALYs (Disability-Adjusted Life Years),1,Global,2,Female,22,All ages,559,Schizophrenia,3,Rate,1998,161.54489491038763,208.30940244315073,119.13202240830466
2,DALYs (Disability-Adjusted Life Years),1,Global,3,Both,22,All ages,559,Schizophrenia,3,Rate,1998,171.81501840273782,221.51254768914632,126.69411445952333
2,DALYs (Disability-Adjusted Life Years),1,Global,1,Male,27,Age-standardized,559,Schizophrenia,3,Rate,1998,187.20082552783748,239.7492477485119,138.31994479473263
2,DALYs (Disability-Adjusted Life Years),1,Global,2,Female,27,Age-standardized,559,Schizophrenia,3,Rate,1998,165.3560096250084,212.24772339607452,122.14553100661033
2,DALYs (Disability-Adjusted Life Years),1,Global,3,Both,27,Age-standardized,559,Schizophrenia,3,Rate,1998,176.39330779940428,226.24753228861275,130.3233630324562
2,DALYs (Disability-Adjusted Life Years),9,Southeast Asia,1,Male,22,All ages,559,Schizophrenia,1,Number,1998,494842.04380037874,655774.7935274641,358257.0981449617
2,DALYs (Disability-Adjusted Life Years),9,Southeast Asia,2,Female,22,All ages,559,Schizophrenia,1,Number,1998,416076.51352259406,558857.8325532092,304860.5650817456
2,DALYs (Disability-Adjusted Life Years),9,Southeast Asia,3,Both,22,All ages,559,Schizophrenia,1,Number,1998,910918.5573229723,1211788.79620153,662942.8324738973
2,DALYs (Disability-Adjusted Life Years),9,Southeast Asia,1,Male,22,All ages,559,Schizophrenia,2,Percent,1998,0.004638666113766053,0.006115564887872149,0.0034010605676688867
2,DALYs (Disability-Adjusted Life Years),9,Southeast Asia,2,Female,22,All ages,559,Schizophrenia,2,Percent,1998,0.00463746013114838,0.0060981678655871365,0.0034013972940345845
2,DALYs (Disability-Adjusted Life Years),9,Southeast Asia,3,Both,22,All ages,559,Schizophrenia,2,Percent,1998,0.004637603957086311,0.006113462489164322,0.0033806063306577195
2,DALYs (Disability-Adjusted Life Years),9,Southeast Asia,1,Male,22,All ages,559,Schizophrenia,3,Rate,1998,188.5043043991657,249.80975817460745,136.4738625748679
2,DALYs (Disability-Adjusted Life Years),9,Southeast Asia,2,Female,22,All ages,559,Schizophrenia,3,Rate,1998,156.62911081252756,210.37814569812844,114.76264023243303
2,DALYs (Disability-Adjusted Life Years),9,Southeast Asia,3,Both,22,All ages,559,Schizophrenia,3,Rate,1998,172.47211314747344,229.438485679251,125.52071784415817
2,DALYs (Disability-Adjusted Life Years),9,Southeast Asia,1,Male,27,Age-standardized,559,Schizophrenia,3,Rate,1998,200.8552116722032,264.0908554189999,145.63846176927592
2,DALYs (Disability-Adjusted Life Years),9,Southeast Asia,2,Female,27,Age-standardized,559,Schizophrenia,3,Rate,1998,162.72898577636033,216.1269712882722,119.44298293051223
2,DALYs (Disability-Adjusted Life Years),9,Southeast Asia,3,Both,27,Age-standardized,559,Schizophrenia,3,Rate,1998,181.40217625852034,239.15345927435797,132.39371773098233
2,DALYs (Disability-Adjusted Life Years),56,Eastern Europe,1,Male,22,All ages,559,Schizophrenia,1,Number,1998,144169.48803632119,186594.89434607927,105447.11749093745
2,DALYs (Disability-Adjusted Life Years),56,Eastern Europe,2,Female,22,All ages,559,Schizophrenia,1,Number,1998,167935.87631780337,216550.50213821666,124202.00034885484
2,DALYs (Disability-Adjusted Life Years),56,Eastern Europe,3,Both,22,All ages,559,Schizophrenia,1,Number,1998,312105.36435412476,403689.6523124695,229867.14308056014
2,DALYs (Disability-Adjusted Life Years),56,Eastern Europe,1,Male,22,All ages,559,Schizophrenia,2,Percent,1998,0.0023848968766720536,0.0030507640542085926,0.00173411284460918
2,DALYs (Disability-Adjusted Life Years),56,Eastern Europe,2,Female,22,All ages,559,Schizophrenia,2,Percent,1998,0.003511641487725087,0.004444882437547089,0.002578831778458149
2,DALYs (Disability-Adjusted Life Years),56,Eastern Europe,3,Both,22,All ages,559,Schizophrenia,2,Percent,1998,0.0028822125148406552,0.003651213112730731,0.0021348508930907504
2,DALYs (Disability-Adjusted Life Years),56,Eastern Europe,1,Male,22,All ages,559,Schizophrenia,3,Rate,1998,138.63860730131097,179.43641635987748,101.40177170635612
2,DALYs (Disability-Adjusted Life Years),56,Eastern Europe,2,Female,22,All ages,559,Schizophrenia,3,Rate,1998,141.73305558195906,182.76240329835508,104.82292053856138
2,DALYs (Disability-Adjusted Life Years),56,Eastern Europe,3,Both,22,All ages,559,Schizophrenia,3,Rate,1998,140.2866585054588,181.45241596004743,103.32181720010159
2,DALYs (Disability-Adjusted Life Years),56,Eastern Europe,1,Male,27,Age-standardized,559,Schizophrenia,3,Rate,1998,120.91615953869808,156.4785961482714,88.96158182499028
2,DALYs (Disability-Adjusted Life Years),56,Eastern Europe,2,Female,27,Age-standardized,559,Schizophrenia,3,Rate,1998,124.43333814090131,161.875202261335,92.07669496045453
2,DALYs (Disability-Adjusted Life Years),56,Eastern Europe,3,Both,27,Age-standardized,559,Schizophrenia,3,Rate,1998,122.77553007263454,158.52218228288453,90.74504048427733
2,DALYs (Disability-Adjusted Life Years),120,Andean Latin America,1,Male,22,All ages,559,Schizophrenia,1,Number,1998,32279.218938612034,44085.41717362678,23107.353208410288
2,DALYs (Disability-Adjusted Life Years),120,Andean Latin America,2,Female,22,All ages,559,Schizophrenia,1,Number,1998,26209.856957322667,35866.69760613718,18796.581516813836
2,DALYs (Disability-Adjusted Life Years),120,Andean Latin America,3,Both,22,All ages,559,Schizophrenia,1,Number,1998,58489.07589593468,80664.86385309906,41981.03608845356
2,DALYs (Disability-Adjusted Life Years),120,Andean Latin America,1,Male,22,All ages,559,Schizophrenia,2,Percent,1998,0.004027086824508905,0.005401116767355836,0.0028170158393715536
2,DALYs (Disability-Adjusted Life Years),120,Andean Latin America,2,Female,22,All ages,559,Schizophrenia,2,Percent,1998,0.0036590481253009144,0.004928525410835005,0.002568157198497122
2,DALYs (Disability-Adjusted Life Years),120,Andean Latin America,3,Both,22,All ages,559,Schizophrenia,2,Percent,1998,0.003852952254806956,0.005185114514075287,0.0027115683724937504
2,DALYs (Disability-Adjusted Life Years),120,Andean Latin America,1,Male,22,All ages,559,Schizophrenia,3,Rate,1998,145.1825618273573,198.28341623343255,103.93017074628328
2,DALYs (Disability-Adjusted Life Years),120,Andean Latin America,2,Female,22,All ages,559,Schizophrenia,3,Rate,1998,116.87525649812821,159.93713698185286,83.81790444880022
2,DALYs (Disability-Adjusted Life Years),120,Andean Latin America,3,Both,22,All ages,559,Schizophrenia,3,Rate,1998,130.9680719833092,180.62384357778498,94.00345743449562
2,DALYs (Disability-Adjusted Life Years),120,Andean Latin America,1,Male,27,Age-standardized,559,Schizophrenia,3,Rate,1998,170.38838053437223,230.43590278005618,119.57510985353905
2,DALYs (Disability-Adjusted Life Years),120,Andean Latin America,2,Female,27,Age-standardized,559,Schizophrenia,3,Rate,1998,134.21502268929785,182.1088091823878,96.20416829308218
2,DALYs (Disability-Adjusted Life Years),120,Andean Latin America,3,Both,27,Age-standardized,559,Schizophrenia,3,Rate,1998,151.99188886888066,205.82608830246014,107.81228754532658
2,DALYs (Disability-Adjusted Life Years),134,Tropical Latin America,1,Male,22,All ages,559,Schizophrenia,1,Number,1998,137788.0186698942,177521.87242564507,101453.07698658106
2,DALYs (Disability-Adjusted Life Years),134,Tropical Latin America,2,Female,22,All ages,559,Schizophrenia,1,Number,1998,116067.36979446934,149774.46759743374,85355.7806136579
2,DALYs (Disability-Adjusted Life Years),134,Tropical Latin America,3,Both,22,All ages,559,Schizophrenia,1,Number,1998,253855.3884643634,326833.6423246749,187137.14067090466
2,DALYs (Disability-Adjusted Life Years),134,Tropical Latin America,1,Male,22,All ages,559,Schizophrenia,2,Percent,1998,0.004261216127051177,0.005446780395703554,0.0031211659788242087
2,DALYs (Disability-Adjusted Life Years),134,Tropical Latin America,2,Female,22,All ages,559,Schizophrenia,2,Percent,1998,0.004477859710738863,0.005729146044935967,0.003294176944831164
2,DALYs (Disability-Adjusted Life Years),134,Tropical Latin America,3,Both,22,All ages,559,Schizophrenia,2,Percent,1998,0.00435681184379172,0.005575923766571242,0.003208145255567913
2,DALYs (Disability-Adjusted Life Years),134,Tropical Latin America,1,Male,22,All ages,559,Schizophrenia,3,Rate,1998,160.37362735960397,206.62048044087345,118.08282113491303
2,DALYs (Disability-Adjusted Life Years),134,Tropical Latin America,2,Female,22,All ages,559,Schizophrenia,3,Rate,1998,131.52479892303293,169.7208851155983,96.72315226931951
2,DALYs (Disability-Adjusted Life Years),134,Tropical Latin America,3,Both,22,All ages,559,Schizophrenia,3,Rate,1998,145.75618825196818,187.65812372912958,107.44856144108417
2,DALYs (Disability-Adjusted Life Years),134,Tropical Latin America,1,Male,27,Age-standardized,559,Schizophrenia,3,Rate,1998,169.7650556660602,217.90770506075438,125.16882237754422
2,DALYs (Disability-Adjusted Life Years),134,Tropical Latin America,2,Female,27,Age-standardized,559,Schizophrenia,3,Rate,1998,136.02577372251287,175.17770880879405,100.73507124145075
2,DALYs (Disability-Adjusted Life Years),134,Tropical Latin America,3,Both,27,Age-standardized,559,Schizophrenia,3,Rate,1998,152.43187685616832,196.77933988455467,112.91329771487247
2,DALYs (Disability-Adjusted Life Years),104,Caribbean,1,Male,22,All ages,559,Schizophrenia,1,Number,1998,29730.507636103823,40556.83440787933,20885.6006978569
2,DALYs (Disability-Adjusted Life Years),104,Caribbean,2,Female,22,All ages,559,Schizophrenia,1,Number,1998,23974.668360859825,32489.146609050316,16949.412124784023
2,DALYs (Disability-Adjusted Life Years),104,Caribbean,3,Both,22,All ages,559,Schizophrenia,1,Number,1998,53705.17599696367,73517.04528612994,37623.85953070772
2,DALYs (Disability-Adjusted Life Years),104,Caribbean,1,Male,22,All ages,559,Schizophrenia,2,Percent,1998,0.003684020789889563,0.0049916076555754745,0.0026068487528500377
2,DALYs (Disability-Adjusted Life Years),104,Caribbean,2,Female,22,All ages,559,Schizophrenia,2,Percent,1998,0.0032133177644611327,0.0044084590573024935,0.0022486701973276433
2,DALYs (Disability-Adjusted Life Years),104,Caribbean,3,Both,22,All ages,559,Schizophrenia,2,Percent,1998,0.003457563261369726,0.0046997604334301935,0.002451575164239903
2,DALYs (Disability-Adjusted Life Years),104,Caribbean,1,Male,22,All ages,559,Schizophrenia,3,Rate,1998,153.69932793564953,209.66874390394327,107.97335955658855
2,DALYs (Disability-Adjusted Life Years),104,Caribbean,2,Female,22,All ages,559,Schizophrenia,3,Rate,1998,120.74081100233326,163.6212793981586,85.36033680032966
2,DALYs (Disability-Adjusted Life Years),104,Caribbean,3,Both,22,All ages,559,Schizophrenia,3,Rate,1998,137.00439989805386,187.54539920460815,95.98021421891845
2,DALYs (Disability-Adjusted Life Years),104,Caribbean,1,Male,27,Age-standardized,559,Schizophrenia,3,Rate,1998,160.3150679697782,218.58400918234622,112.18611740514673
2,DALYs (Disability-Adjusted Life Years),104,Caribbean,2,Female,27,Age-standardized,559,Schizophrenia,3,Rate,1998,123.57576994670352,166.34756203114065,86.60822523906765
2,DALYs (Disability-Adjusted Life Years),104,Caribbean,3,Both,27,Age-standardized,559,Schizophrenia,3,Rate,1998,141.51542419799753,192.93080998460567,99.39223988735034
2,DALYs (Disability-Adjusted Life Years),21,Oceania,1,Male,22,All ages,559,Schizophrenia,1,Number,1998,6531.586217729618,9085.726096466475,4583.482706687821
2,DALYs (Disability-Adjusted Life Years),21,Oceania,2,Female,22,All ages,559,Schizophrenia,1,Number,1998,5145.627577106967,7053.49027714544,3655.412963424891
2,DALYs (Disability-Adjusted Life Years),21,Oceania,3,Both,22,All ages,559,Schizophrenia,1,Number,1998,11677.213794836582,16074.20740455079,8308.694188908328
2,DALYs (Disability-Adjusted Life Years),21,Oceania,1,Male,22,All ages,559,Schizophrenia,2,Percent,1998,0.003274803815811273,0.004553021575240622,0.0022336380323375606
2,DALYs (Disability-Adjusted Life Years),21,Oceania,2,Female,22,All ages,559,Schizophrenia,2,Percent,1998,0.002992769831750522,0.004155277475159818,0.0020630743776551873
2,DALYs (Disability-Adjusted Life Years),21,Oceania,3,Both,22,All ages,559,Schizophrenia,2,Percent,1998,0.00314407728908436,0.004318828532828439,0.0021922600955118347
2,DALYs (Disability-Adjusted Life Years),21,Oceania,1,Male,22,All ages,559,Schizophrenia,3,Rate,1998,159.47930532794794,221.8427864170716,111.9131882636805
2,DALYs (Disability-Adjusted Life Years),21,Oceania,2,Female,22,All ages,559,Schizophrenia,3,Rate,1998,134.08370778573445,183.79840262789153,95.25200109791388
2,DALYs (Disability-Adjusted Life Years),21,Oceania,3,Both,22,All ages,559,Schizophrenia,3,Rate,1998,147.19437344054936,202.61964275352264,104.73329141119929
2,DALYs (Disability-Adjusted Life Years),21,Oceania,1,Male,27,Age-standardized,559,Schizophrenia,3,Rate,1998,193.68729753048243,263.4670156868087,137.18040640014996
2,DALYs (Disability-Adjusted Life Years),21,Oceania,2,Female,27,Age-standardized,559,Schizophrenia,3,Rate,1998,158.40577787625787,217.55279981044768,113.36326477889101
2,DALYs (Disability-Adjusted Life Years),21,Oceania,3,Both,27,Age-standardized,559,Schizophrenia,3,Rate,1998,176.51017373548237,238.4755469028466,124.70649303066624
2,DALYs (Disability-Adjusted Life Years),5,East Asia,1,Male,22,All ages,559,Schizophrenia,1,Number,1998,1490942.5274704,1867819.2626174665,1116177.530947333
2,DALYs (Disability-Adjusted Life Years),5,East Asia,2,Female,22,All ages,559,Schizophrenia,1,Number,1998,1319753.7779910334,1656760.1362653149,997288.9334900832
2,DALYs (Disability-Adjusted Life Years),5,East Asia,3,Both,22,All ages,559,Schizophrenia,1,Number,1998,2810696.3054614346,3526824.615736047,2117115.357315283
2,DALYs (Disability-Adjusted Life Years),5,East Asia,1,Male,22,All ages,559,Schizophrenia,2,Percent,1998,0.006743777250708818,0.008392661768264129,0.005055971701890299
2,DALYs (Disability-Adjusted Life Years),5,East Asia,2,Female,22,All ages,559,Schizophrenia,2,Percent,1998,0.007481558723240268,0.009357397487691635,0.005633468714268159
2,DALYs (Disability-Adjusted Life Years),5,East Asia,3,Both,22,All ages,559,Schizophrenia,2,Percent,1998,0.007068269895757656,0.008795631083671481,0.005380613147015548
2,DALYs (Disability-Adjusted Life Years),5,East Asia,1,Male,22,All ages,559,Schizophrenia,3,Rate,1998,223.48917456512302,279.9822109491081,167.31268339550985
2,DALYs (Disability-Adjusted Life Years),5,East Asia,2,Female,22,All ages,559,Schizophrenia,3,Rate,1998,210.3655669780271,264.0835671200587,158.9654490354325
2,DALYs (Disability-Adjusted Life Years),5,East Asia,3,Both,22,All ages,559,Schizophrenia,3,Rate,1998,217.12890939014673,272.4504888475925,163.5491346730647
2,DALYs (Disability-Adjusted Life Years),5,East Asia,1,Male,27,Age-standardized,559,Schizophrenia,3,Rate,1998,202.03099374573947,252.6265010010468,151.23680880917578
2,DALYs (Disability-Adjusted Life Years),5,East Asia,2,Female,27,Age-standardized,559,Schizophrenia,3,Rate,1998,188.66596666033297,236.64113408447713,143.03728008107393
2,DALYs (Disability-Adjusted Life Years),5,East Asia,3,Both,27,Age-standardized,559,Schizophrenia,3,Rate,1998,195.56164404767193,243.72494579778177,147.59207289255315
2,DALYs (Disability-Adjusted Life Years),44634,High-middle SDI,1,Male,22,All ages,559,Schizophrenia,1,Number,1998,1139450.832220974,1437703.850535357,846344.5435908504
2,DALYs (Disability-Adjusted Life Years),44634,High-middle SDI,2,Female,22,All ages,559,Schizophrenia,1,Number,1998,1055811.0441063263,1330977.264504778,789011.5795172814
2,DALYs (Disability-Adjusted Life Years),44634,High-middle SDI,3,Both,22,All ages,559,Schizophrenia,1,Number,1998,2195261.876327301,2769574.058858759,1634359.2284534434
2,DALYs (Disability-Adjusted Life Years),44634,High-middle SDI,1,Male,22,All ages,559,Schizophrenia,2,Percent,1998,0.005375252898091633,0.006671062137762668,0.004067520283639811
2,DALYs (Disability-Adjusted Life Years),44634,High-middle SDI,2,Female,22,All ages,559,Schizophrenia,2,Percent,1998,0.006116008510083609,0.0076198331372991385,0.004543221915533988
2,DALYs (Disability-Adjusted Life Years),44634,High-middle SDI,3,Both,22,All ages,559,Schizophrenia,2,Percent,1998,0.005706694808078844,0.007097529831809385,0.004275572609358598
2,DALYs (Disability-Adjusted Life Years),44634,High-middle SDI,1,Male,22,All ages,559,Schizophrenia,3,Rate,1998,201.1777509816566,253.8363385672436,149.42785333117743
2,DALYs (Disability-Adjusted Life Years),44634,High-middle SDI,2,Female,22,All ages,559,Schizophrenia,3,Rate,1998,184.78108145297887,232.93885747585819,138.08759981813944
2,DALYs (Disability-Adjusted Life Years),44634,High-middle SDI,3,Both,22,All ages,559,Schizophrenia,3,Rate,1998,192.94342623775157,243.42021054427204,143.64521729346532
2,DALYs (Disability-Adjusted Life Years),44634,High-middle SDI,1,Male,27,Age-standardized,559,Schizophrenia,3,Rate,1998,181.04306189205624,227.65320516330453,134.607433975986
2,DALYs (Disability-Adjusted Life Years),44634,High-middle SDI,2,Female,27,Age-standardized,559,Schizophrenia,3,Rate,1998,166.48248678244514,209.6808059914318,124.66409028950821
2,DALYs (Disability-Adjusted Life Years),44634,High-middle SDI,3,Both,27,Age-standardized,559,Schizophrenia,3,Rate,1998,173.75552607670016,218.98783947968195,129.7404044177908
2,DALYs (Disability-Adjusted Life Years),65,High-income Asia Pacific,1,Male,22,All ages,559,Schizophrenia,1,Number,1998,193675.4627320223,251682.54144888857,142398.47821306193
2,DALYs (Disability-Adjusted Life Years),65,High-income Asia Pacific,2,Female,22,All ages,559,Schizophrenia,1,Number,1998,183912.1852224685,236790.14046104287,135245.99495417209
2,DALYs (Disability-Adjusted Life Years),65,High-income Asia Pacific,3,Both,22,All ages,559,Schizophrenia,1,Number,1998,377587.64795449056,492643.0909939746,280039.0546076086
2,DALYs (Disability-Adjusted Life Years),65,High-income Asia Pacific,1,Male,22,All ages,559,Schizophrenia,2,Percent,1998,0.00770741541018584,0.009790920535545887,0.005690582180586358
2,DALYs (Disability-Adjusted Life Years),65,High-income Asia Pacific,2,Female,22,All ages,559,Schizophrenia,2,Percent,1998,0.008626440641343852,0.010936807368930568,0.006397254817478278
2,DALYs (Disability-Adjusted Life Years),65,High-income Asia Pacific,3,Both,22,All ages,559,Schizophrenia,2,Percent,1998,0.008127762143622742,0.010307068026945093,0.005966776445937654
2,DALYs (Disability-Adjusted Life Years),65,High-income Asia Pacific,1,Male,22,All ages,559,Schizophrenia,3,Rate,1998,218.9450837719298,284.520580687623,160.97778366737455
2,DALYs (Disability-Adjusted Life Years),65,High-income Asia Pacific,2,Female,22,All ages,559,Schizophrenia,3,Rate,1998,203.10217948467948,261.4975921793664,149.35800098584465
2,DALYs (Disability-Adjusted Life Years),65,High-income Asia Pacific,3,Both,22,All ages,559,Schizophrenia,3,Rate,1998,210.93100934551634,275.20419429339586,156.43763974945057
2,DALYs (Disability-Adjusted Life Years),65,High-income Asia Pacific,1,Male,27,Age-standardized,559,Schizophrenia,3,Rate,1998,185.04163121306055,241.086437813397,136.47110004119403
2,DALYs (Disability-Adjusted Life Years),65,High-income Asia Pacific,2,Female,27,Age-standardized,559,Schizophrenia,3,Rate,1998,171.4613530006279,225.44612474714498,126.0088098902453
2,DALYs (Disability-Adjusted Life Years),65,High-income Asia Pacific,3,Both,27,Age-standardized,559,Schizophrenia,3,Rate,1998,178.58628869657682,232.83597554315813,131.8892971213543
2,DALYs (Disability-Adjusted Life Years),138,North Africa and Middle East,1,Male,22,All ages,559,Schizophrenia,1,Number,1998,292741.71962262393,397977.1312826822,210820.67161970533
2,DALYs (Disability-Adjusted Life Years),138,North Africa and Middle East,2,Female,22,All ages,559,Schizophrenia,1,Number,1998,245680.01304170553,331618.3644038873,177512.3933862804
2,DALYs (Disability-Adjusted Life Years),138,North Africa and Middle East,3,Both,22,All ages,559,Schizophrenia,1,Number,1998,538421.7326643296,728276.9610165516,387569.96749991085
2,DALYs (Disability-Adjusted Life Years),138,North Africa and Middle East,1,Male,22,All ages,559,Schizophrenia,2,Percent,1998,0.0035026593987763565,0.004657549234978642,0.0025316579751620038
2,DALYs (Disability-Adjusted Life Years),138,North Africa and Middle East,2,Female,22,All ages,559,Schizophrenia,2,Percent,1998,0.003436844373898758,0.004564852907092899,0.0024526891235011348
2,DALYs (Disability-Adjusted Life Years),138,North Africa and Middle East,3,Both,22,All ages,559,Schizophrenia,2,Percent,1998,0.0034720451022019613,0.004615324030379071,0.002498152568886648
2,DALYs (Disability-Adjusted Life Years),138,North Africa and Middle East,1,Male,22,All ages,559,Schizophrenia,3,Rate,1998,141.40101399494398,192.23214915425802,101.83125513011996
2,DALYs (Disability-Adjusted Life Years),138,North Africa and Middle East,2,Female,22,All ages,559,Schizophrenia,3,Rate,1998,124.7738840315926,168.41952599478648,90.15349076357414
2,DALYs (Disability-Adjusted Life Years),138,North Africa and Middle East,3,Both,22,All ages,559,Schizophrenia,3,Rate,1998,133.2959262791509,180.2979824497297,95.94987475754172
2,DALYs (Disability-Adjusted Life Years),138,North Africa and Middle East,1,Male,27,Age-standardized,559,Schizophrenia,3,Rate,1998,164.40283832160927,220.66655022752838,119.18826849339564
2,DALYs (Disability-Adjusted Life Years),138,North Africa and Middle East,2,Female,27,Age-standardized,559,Schizophrenia,3,Rate,1998,146.24057796801515,196.4831138680647,106.06058238140847
2,DALYs (Disability-Adjusted Life Years),138,North Africa and Middle East,3,Both,27,Age-standardized,559,Schizophrenia,3,Rate,1998,155.58332340331748,209.84278554731043,112.85784557323876
2,DALYs (Disability-Adjusted Life Years),199,Western Sub-Saharan Africa,1,Male,22,All ages,559,Schizophrenia,1,Number,1998,118261.7834297948,156654.0156294904,85692.70891713456
2,DALYs (Disability-Adjusted Life Years),199,Western Sub-Saharan Africa,2,Female,22,All ages,559,Schizophrenia,1,Number,1998,146851.77213154107,193758.85850908936,105513.04148310312
2,DALYs (Disability-Adjusted Life Years),199,Western Sub-Saharan Africa,3,Both,22,All ages,559,Schizophrenia,1,Number,1998,265113.5555613362,349753.2485881335,190761.51030912728
2,DALYs (Disability-Adjusted Life Years),199,Western Sub-Saharan Africa,1,Male,22,All ages,559,Schizophrenia,2,Percent,1998,0.0009146736398036767,0.0012283797060381992,0.0006590806772333072
2,DALYs (Disability-Adjusted Life Years),199,Western Sub-Saharan Africa,2,Female,22,All ages,559,Schizophrenia,2,Percent,1998,0.0012590964045705005,0.001679398663854676,0.0009010457602208523
2,DALYs (Disability-Adjusted Life Years),199,Western Sub-Saharan Africa,3,Both,22,All ages,559,Schizophrenia,2,Percent,1998,0.0010779045903924229,0.0014458565002605128,0.0007768919480608582
2,DALYs (Disability-Adjusted Life Years),199,Western Sub-Saharan Africa,1,Male,22,All ages,559,Schizophrenia,3,Rate,1998,96.98378182763082,128.46837273726646,70.2746292573179
2,DALYs (Disability-Adjusted Life Years),199,Western Sub-Saharan Africa,2,Female,22,All ages,559,Schizophrenia,3,Rate,1998,120.26273702556459,158.67680933655782,86.40881193645797
2,DALYs (Disability-Adjusted Life Years),199,Western Sub-Saharan Africa,3,Both,22,All ages,559,Schizophrenia,3,Rate,1998,108.63133720310609,143.3127891360088,78.16528999389566
2,DALYs (Disability-Adjusted Life Years),199,Western Sub-Saharan Africa,1,Male,27,Age-standardized,559,Schizophrenia,3,Rate,1998,131.7309914675735,173.45593806935034,94.98062482937895
2,DALYs (Disability-Adjusted Life Years),199,Western Sub-Saharan Africa,2,Female,27,Age-standardized,559,Schizophrenia,3,Rate,1998,163.14398779598739,214.55915493839652,117.96144728109877
2,DALYs (Disability-Adjusted Life Years),199,Western Sub-Saharan Africa,3,Both,27,Age-standardized,559,Schizophrenia,3,Rate,1998,147.2812778887092,193.76744974335907,106.54566707185565
2,DALYs (Disability-Adjusted Life Years),44636,Low-middle SDI,1,Male,22,All ages,559,Schizophrenia,1,Number,1998,1088394.3772932007,1425996.5834489553,798095.9265484714
2,DALYs (Disability-Adjusted Life Years),44636,Low-middle SDI,2,Female,22,All ages,559,Schizophrenia,1,Number,1998,848920.0900052785,1110878.9787640304,625436.0397450988
2,DALYs (Disability-Adjusted Life Years),44636,Low-middle SDI,3,Both,22,All ages,559,Schizophrenia,1,Number,1998,1937314.467298478,2539675.840882968,1425692.4655607066
2,DALYs (Disability-Adjusted Life Years),44636,Low-middle SDI,1,Male,22,All ages,559,Schizophrenia,2,Percent,1998,0.0027911966941827375,0.0036566483537731,0.002037098807797747
2,DALYs (Disability-Adjusted Life Years),44636,Low-middle SDI,2,Female,22,All ages,559,Schizophrenia,2,Percent,1998,0.00237687010522675,0.003116419478581825,0.0017360331550941542
2,DALYs (Disability-Adjusted Life Years),44636,Low-middle SDI,3,Both,22,All ages,559,Schizophrenia,2,Percent,1998,0.0025930111904049155,0.0033739132072314456,0.0018944823816678612
2,DALYs (Disability-Adjusted Life Years),44636,Low-middle SDI,1,Male,22,All ages,559,Schizophrenia,3,Rate,1998,159.3348417082621,208.75791408021408,116.83677422228449
2,DALYs (Disability-Adjusted Life Years),44636,Low-middle SDI,2,Female,22,All ages,559,Schizophrenia,3,Rate,1998,128.58967766881332,168.2697482249937,94.7375609320087
2,DALYs (Disability-Adjusted Life Years),44636,Low-middle SDI,3,Both,22,All ages,559,Schizophrenia,3,Rate,1998,144.22443219554776,189.06755320052213,106.13645322005635
2,DALYs (Disability-Adjusted Life Years),44636,Low-middle SDI,1,Male,27,Age-standardized,559,Schizophrenia,3,Rate,1998,190.43931045580638,247.1646708109826,139.69629215481342
2,DALYs (Disability-Adjusted Life Years),44636,Low-middle SDI,2,Female,27,Age-standardized,559,Schizophrenia,3,Rate,1998,151.3067246785087,198.28686146555467,111.8275604947874
2,DALYs (Disability-Adjusted Life Years),44636,Low-middle SDI,3,Both,27,Age-standardized,559,Schizophrenia,3,Rate,1998,171.06096861533447,223.49360049109197,125.94367940868501
2,DALYs (Disability-Adjusted Life Years),159,South Asia,1,Male,22,All ages,559,Schizophrenia,1,Number,1998,1184905.635959992,1528100.71524752,872309.1025808144
2,DALYs (Disability-Adjusted Life Years),159,South Asia,2,Female,22,All ages,559,Schizophrenia,1,Number,1998,820393.0497054142,1063342.5819246178,606659.5302115595
2,DALYs (Disability-Adjusted Life Years),159,South Asia,3,Both,22,All ages,559,Schizophrenia,1,Number,1998,2005298.6856654056,2604185.4500131123,1481935.135575442
2,DALYs (Disability-Adjusted Life Years),159,South Asia,1,Male,22,All ages,559,Schizophrenia,2,Percent,1998,0.003380257654278785,0.004327662788310599,0.002463152577187772
2,DALYs (Disability-Adjusted Life Years),159,South Asia,2,Female,22,All ages,559,Schizophrenia,2,Percent,1998,0.0025419238019956,0.0032813300534975526,0.0018601578733122093
2,DALYs (Disability-Adjusted Life Years),159,South Asia,3,Both,22,All ages,559,Schizophrenia,2,Percent,1998,0.002978208292345171,0.0038241879352531837,0.0021707251915744595
2,DALYs (Disability-Adjusted Life Years),159,South Asia,1,Male,22,All ages,559,Schizophrenia,3,Rate,1998,178.97496189851861,230.81312046165223,131.758583688097
2,DALYs (Disability-Adjusted Life Years),159,South Asia,2,Female,22,All ages,559,Schizophrenia,3,Rate,1998,133.72714193478978,173.32882626126502,98.8877771841497
2,DALYs (Disability-Adjusted Life Years),159,South Asia,3,Both,22,All ages,559,Schizophrenia,3,Rate,1998,157.21249778290348,204.16434829039122,116.18155733182107
2,DALYs (Disability-Adjusted Life Years),159,South Asia,1,Male,27,Age-standardized,559,Schizophrenia,3,Rate,1998,207.47865539245274,267.2457333424209,152.52783047328876
2,DALYs (Disability-Adjusted Life Years),159,South Asia,2,Female,27,Age-standardized,559,Schizophrenia,3,Rate,1998,154.65089014268943,199.25452135253042,114.05059615317076
2,DALYs (Disability-Adjusted Life Years),159,South Asia,3,Both,27,Age-standardized,559,Schizophrenia,3,Rate,1998,182.00472783978074,234.66091679350552,134.22615214635238
2,DALYs (Disability-Adjusted Life Years),192,Southern Sub-Saharan Africa,1,Male,22,All ages,559,Schizophrenia,1,Number,1998,34732.65635044602,45402.083715957124,25240.597537054517
2,DALYs (Disability-Adjusted Life Years),192,Southern Sub-Saharan Africa,2,Female,22,All ages,559,Schizophrenia,1,Number,1998,40177.15170003862,52243.025517558606,29316.61042561687
2,DALYs (Disability-Adjusted Life Years),192,Southern Sub-Saharan Africa,3,Both,22,All ages,559,Schizophrenia,1,Number,1998,74909.80805048461,98031.66426578924,54602.67278127441
2,DALYs (Disability-Adjusted Life Years),192,Southern Sub-Saharan Africa,1,Male,22,All ages,559,Schizophrenia,2,Percent,1998,0.0016448098247778067,0.002160259292241422,0.0012012468445038228
2,DALYs (Disability-Adjusted Life Years),192,Southern Sub-Saharan Africa,2,Female,22,All ages,559,Schizophrenia,2,Percent,1998,0.002074640371084599,0.002731330294455019,0.0015009152801911103
2,DALYs (Disability-Adjusted Life Years),192,Southern Sub-Saharan Africa,3,Both,22,All ages,559,Schizophrenia,2,Percent,1998,0.0018501930843722362,0.0024095159804554756,0.0013475182962423
2,DALYs (Disability-Adjusted Life Years),192,Southern Sub-Saharan Africa,1,Male,22,All ages,559,Schizophrenia,3,Rate,1998,116.90047705599164,152.81080698750836,84.95284275088487
2,DALYs (Disability-Adjusted Life Years),192,Southern Sub-Saharan Africa,2,Female,22,All ages,559,Schizophrenia,3,Rate,1998,125.61383159034264,163.3377761103525,91.6583582703196
2,DALYs (Disability-Adjusted Life Years),192,Southern Sub-Saharan Africa,3,Both,22,All ages,559,Schizophrenia,3,Rate,1998,121.41768767620357,158.89478699745567,88.50283350845976
2,DALYs (Disability-Adjusted Life Years),192,Southern Sub-Saharan Africa,1,Male,27,Age-standardized,559,Schizophrenia,3,Rate,1998,138.1725474385786,179.50932329317942,100.84135687224412
2,DALYs (Disability-Adjusted Life Years),192,Southern Sub-Saharan Africa,2,Female,27,Age-standardized,559,Schizophrenia,3,Rate,1998,143.0253414326363,186.19273889144773,105.27798552985362
2,DALYs (Disability-Adjusted Life Years),192,Southern Sub-Saharan Africa,3,Both,27,Age-standardized,559,Schizophrenia,3,Rate,1998,140.7751479087078,183.74626007172705,103.15164012025483
2,DALYs (Disability-Adjusted Life Years),44635,High SDI,1,Male,22,All ages,559,Schizophrenia,1,Number,1998,1050104.5036486043,1345270.300317353,777898.8861982466
2,DALYs (Disability-Adjusted Life Years),44635,High SDI,2,Female,22,All ages,559,Schizophrenia,1,Number,1998,995705.9746995379,1269281.3105563521,739925.0179296192
2,DALYs (Disability-Adjusted Life Years),44635,High SDI,3,Both,22,All ages,559,Schizophrenia,1,Number,1998,2045810.4783481425,2606729.3177898554,1517729.6704444173
2,DALYs (Disability-Adjusted Life Years),44635,High SDI,1,Male,22,All ages,559,Schizophrenia,2,Percent,1998,0.007211702445337858,0.009023513212458005,0.005401370495826717
2,DALYs (Disability-Adjusted Life Years),44635,High SDI,2,Female,22,All ages,559,Schizophrenia,2,Percent,1998,0.007394131161354061,0.009329929865904127,0.005539202860892928
2,DALYs (Disability-Adjusted Life Years),44635,High SDI,3,Both,22,All ages,559,Schizophrenia,2,Percent,1998,0.007298356579082183,0.009151287978607453,0.00545076218585768
2,DALYs (Disability-Adjusted Life Years),44635,High SDI,1,Male,22,All ages,559,Schizophrenia,3,Rate,1998,228.31426646954864,292.4893672515905,169.1311797756688
2,DALYs (Disability-Adjusted Life Years),44635,High SDI,2,Female,22,All ages,559,Schizophrenia,3,Rate,1998,211.41080437510197,269.49700982157486,157.10274638551405
2,DALYs (Disability-Adjusted Life Years),44635,High SDI,3,Both,22,All ages,559,Schizophrenia,3,Rate,1998,219.7622734238334,280.0165348359174,163.03549441636565
2,DALYs (Disability-Adjusted Life Years),44635,High SDI,1,Male,27,Age-standardized,559,Schizophrenia,3,Rate,1998,198.0574113404175,254.62334242130348,147.27513988073542
2,DALYs (Disability-Adjusted Life Years),44635,High SDI,2,Female,27,Age-standardized,559,Schizophrenia,3,Rate,1998,184.5100990007556,237.1057009983825,136.92171395245367
2,DALYs (Disability-Adjusted Life Years),44635,High SDI,3,Both,27,Age-standardized,559,Schizophrenia,3,Rate,1998,191.56497212257275,245.70644446312608,142.33489499481686
2,DALYs (Disability-Adjusted Life Years),73,Western Europe,1,Male,22,All ages,559,Schizophrenia,1,Number,1998,396441.81006654276,508783.8745850951,287416.5121483804
2,DALYs (Disability-Adjusted Life Years),73,Western Europe,2,Female,22,All ages,559,Schizophrenia,1,Number,1998,382732.5825495182,491149.69770141895,274768.41722631175
2,DALYs (Disability-Adjusted Life Years),73,Western Europe,3,Both,22,All ages,559,Schizophrenia,1,Number,1998,779174.392616061,998831.5950841522,562479.1667900083
2,DALYs (Disability-Adjusted Life Years),73,Western Europe,1,Male,22,All ages,559,Schizophrenia,2,Percent,1998,0.0062111586872436305,0.007785035248201293,0.004560367316260432
2,DALYs (Disability-Adjusted Life Years),73,Western Europe,2,Female,22,All ages,559,Schizophrenia,2,Percent,1998,0.006164901107668988,0.007784805706266195,0.004552904824222768
2,DALYs (Disability-Adjusted Life Years),73,Western Europe,3,Both,22,All ages,559,Schizophrenia,2,Percent,1998,0.006187417110934882,0.00776252484286747,0.004534777713036762
2,DALYs (Disability-Adjusted Life Years),73,Western Europe,1,Male,22,All ages,559,Schizophrenia,3,Rate,1998,205.65651624950223,263.9346217129101,149.09900293083916
2,DALYs (Disability-Adjusted Life Years),73,Western Europe,2,Female,22,All ages,559,Schizophrenia,3,Rate,1998,189.20917419277268,242.8066826400704,135.83558779169087
2,DALYs (Disability-Adjusted Life Years),73,Western Europe,3,Both,22,All ages,559,Schizophrenia,3,Rate,1998,197.23485135932262,252.83736613568604,142.38211099579723
2,DALYs (Disability-Adjusted Life Years),73,Western Europe,1,Male,27,Age-standardized,559,Schizophrenia,3,Rate,1998,173.94740849934874,224.892582271925,126.65571081100948
2,DALYs (Disability-Adjusted Life Years),73,Western Europe,2,Female,27,Age-standardized,559,Schizophrenia,3,Rate,1998,159.18966493213563,205.5377147730084,115.4624650754908
2,DALYs (Disability-Adjusted Life Years),73,Western Europe,3,Both,27,Age-standardized,559,Schizophrenia,3,Rate,1998,166.83697231581485,216.5879325478992,121.39322597296518
2,DALYs (Disability-Adjusted Life Years),100,High-income North America,1,Male,22,All ages,559,Schizophrenia,1,Number,1998,393587.0825797463,496275.99145993264,292258.461149521
2,DALYs (Disability-Adjusted Life Years),100,High-income North America,2,Female,22,All ages,559,Schizophrenia,1,Number,1998,380999.23401312996,478908.8464266204,283374.35307102377
2,DALYs (Disability-Adjusted Life Years),100,High-income North America,3,Both,22,All ages,559,Schizophrenia,1,Number,1998,774586.3165928765,972665.9803059871,576023.4007703322
2,DALYs (Disability-Adjusted Life Years),100,High-income North America,1,Male,22,All ages,559,Schizophrenia,2,Percent,1998,0.0081265125283727,0.010057577604721642,0.0061283191915923185
2,DALYs (Disability-Adjusted Life Years),100,High-income North America,2,Female,22,All ages,559,Schizophrenia,2,Percent,1998,0.008129327185204031,0.010124717878714728,0.0061876224916553434
2,DALYs (Disability-Adjusted Life Years),100,High-income North America,3,Both,22,All ages,559,Schizophrenia,2,Percent,1998,0.008126959391760393,0.010009953938798685,0.006106473923539145
2,DALYs (Disability-Adjusted Life Years),100,High-income North America,1,Male,22,All ages,559,Schizophrenia,3,Rate,1998,262.50473520970405,330.9935805698792,194.92313989066497
2,DALYs (Disability-Adjusted Life Years),100,High-income North America,2,Female,22,All ages,559,Schizophrenia,3,Rate,1998,244.9381442368287,307.88262450494665,182.17671315091533
2,DALYs (Disability-Adjusted Life Years),100,High-income North America,3,Both,22,All ages,559,Schizophrenia,3,Rate,1998,253.56002780709883,318.40120039589283,188.5606631412164
2,DALYs (Disability-Adjusted Life Years),100,High-income North America,1,Male,27,Age-standardized,559,Schizophrenia,3,Rate,1998,234.62336402107533,297.05460991890726,174.4346176375977
2,DALYs (Disability-Adjusted Life Years),100,High-income North America,2,Female,27,Age-standardized,559,Schizophrenia,3,Rate,1998,218.8378612037965,275.04772638266587,162.0015819107456
2,DALYs (Disability-Adjusted Life Years),100,High-income North America,3,Both,27,Age-standardized,559,Schizophrenia,3,Rate,1998,226.8509451116872,286.2192067666859,168.29997591238154
2,DALYs (Disability-Adjusted Life Years),124,Central Latin America,1,Male,22,All ages,559,Schizophrenia,1,Number,1998,140594.9538310191,186353.30029906667,102603.59605779873
2,DALYs (Disability-Adjusted Life Years),124,Central Latin America,2,Female,22,All ages,559,Schizophrenia,1,Number,1998,120999.6952310353,161114.68073934328,88488.04818800709
2,DALYs (Disability-Adjusted Life Years),124,Central Latin America,3,Both,22,All ages,559,Schizophrenia,1,Number,1998,261594.6490620544,348718.78631576395,190865.62524293546
2,DALYs (Disability-Adjusted Life Years),124,Central Latin America,1,Male,22,All ages,559,Schizophrenia,2,Percent,1998,0.004396982333776375,0.0057705609643059815,0.00321817797681837
2,DALYs (Disability-Adjusted Life Years),124,Central Latin America,2,Female,22,All ages,559,Schizophrenia,2,Percent,1998,0.004673852391165908,0.0061513864605228195,0.0034229959854489124
2,DALYs (Disability-Adjusted Life Years),124,Central Latin America,3,Both,22,All ages,559,Schizophrenia,2,Percent,1998,0.004520254112943028,0.005956575218795944,0.0032964646336869
2,DALYs (Disability-Adjusted Life Years),124,Central Latin America,1,Male,22,All ages,559,Schizophrenia,3,Rate,1998,148.38516400622248,196.67892960947117,108.28874731139645
2,DALYs (Disability-Adjusted Life Years),124,Central Latin America,2,Female,22,All ages,559,Schizophrenia,3,Rate,1998,123.50208472384672,164.44668652208506,90.31806570666495
2,DALYs (Disability-Adjusted Life Years),124,Central Latin America,3,Both,22,All ages,559,Schizophrenia,3,Rate,1998,135.73550767767398,180.94223894497304,99.03582750433458
2,DALYs (Disability-Adjusted Life Years),124,Central Latin America,1,Male,27,Age-standardized,559,Schizophrenia,3,Rate,1998,172.7816394973596,226.93881080557654,123.9904833194627
2,DALYs (Disability-Adjusted Life Years),124,Central Latin America,2,Female,27,Age-standardized,559,Schizophrenia,3,Rate,1998,138.9286917525834,182.5343966633464,101.46375015599219
2,DALYs (Disability-Adjusted Life Years),124,Central Latin America,3,Both,27,Age-standardized,559,Schizophrenia,3,Rate,1998,155.24527942883918,204.54850756271904,111.67252368928342
2,DALYs (Disability-Adjusted Life Years),44637,Low SDI,1,Male,22,All ages,559,Schizophrenia,1,Number,1998,355113.3374205043,467975.3052295337,258422.62529271317
2,DALYs (Disability-Adjusted Life Years),44637,Low SDI,2,Female,22,All ages,559,Schizophrenia,1,Number,1998,330522.8290279305,437752.09863952803,237382.3448408505
2,DALYs (Disability-Adjusted Life Years),44637,Low SDI,3,Both,22,All ages,559,Schizophrenia,1,Number,1998,685636.1664484354,905153.7709401508,494798.4639509942
2,DALYs (Disability-Adjusted Life Years),44637,Low SDI,1,Male,22,All ages,559,Schizophrenia,2,Percent,1998,0.0011883547316556178,0.0015682389111218644,0.0008640822757768182
2,DALYs (Disability-Adjusted Life Years),44637,Low SDI,2,Female,22,All ages,559,Schizophrenia,2,Percent,1998,0.001212653919194569,0.001616080722970632,0.0008803088220877928
2,DALYs (Disability-Adjusted Life Years),44637,Low SDI,3,Both,22,All ages,559,Schizophrenia,2,Percent,1998,0.0011998986061798574,0.0015889017533828246,0.0008715341447411469
2,DALYs (Disability-Adjusted Life Years),44637,Low SDI,1,Male,22,All ages,559,Schizophrenia,3,Rate,1998,114.25713002752454,150.5702818364318,83.14705303552157
2,DALYs (Disability-Adjusted Life Years),44637,Low SDI,2,Female,22,All ages,559,Schizophrenia,3,Rate,1998,108.10319664446276,143.17438023851668,77.63999352094864
2,DALYs (Disability-Adjusted Life Years),44637,Low SDI,3,Both,22,All ages,559,Schizophrenia,3,Rate,1998,111.20538794084815,146.80960714911663,80.25284812676858
2,DALYs (Disability-Adjusted Life Years),44637,Low SDI,1,Male,27,Age-standardized,559,Schizophrenia,3,Rate,1998,158.6251736088426,206.9269207088302,115.41542758284743
2,DALYs (Disability-Adjusted Life Years),44637,Low SDI,2,Female,27,Age-standardized,559,Schizophrenia,3,Rate,1998,146.5150254269082,191.93009887611868,105.66368150825784
2,DALYs (Disability-Adjusted Life Years),44637,Low SDI,3,Both,27,Age-standardized,559,Schizophrenia,3,Rate,1998,152.57227457345664,199.03537001034,110.54247314870571
2,DALYs (Disability-Adjusted Life Years),44639,Middle SDI,1,Male,22,All ages,559,Schizophrenia,1,Number,1998,1815438.0191975862,2333090.2079073116,1341300.5772117537
2,DALYs (Disability-Adjusted Life Years),44639,Middle SDI,2,Female,22,All ages,559,Schizophrenia,1,Number,1998,1531450.6588929542,1970380.8618195057,1143031.6440030858
2,DALYs (Disability-Adjusted Life Years),44639,Middle SDI,3,Both,22,All ages,559,Schizophrenia,1,Number,1998,3346888.678090538,4318223.039634801,2488275.870421369
2,DALYs (Disability-Adjusted Life Years),44639,Middle SDI,1,Male,22,All ages,559,Schizophrenia,2,Percent,1998,0.00506517836545689,0.006388868435186681,0.0037615774744928533
2,DALYs (Disability-Adjusted Life Years),44639,Middle SDI,2,Female,22,All ages,559,Schizophrenia,2,Percent,1998,0.005223521782702456,0.0066708008152037805,0.0038922722025977272
2,DALYs (Disability-Adjusted Life Years),44639,Middle SDI,3,Both,22,All ages,559,Schizophrenia,2,Percent,1998,0.005135746267020787,0.0065219633557027125,0.003840392275332922
2,DALYs (Disability-Adjusted Life Years),44639,Middle SDI,1,Male,22,All ages,559,Schizophrenia,3,Rate,1998,186.31167433824078,239.4363996020601,137.65270622768227
2,DALYs (Disability-Adjusted Life Years),44639,Middle SDI,2,Female,22,All ages,559,Schizophrenia,3,Rate,1998,163.01620175307005,209.73839557648367,121.6707022240244
2,DALYs (Disability-Adjusted Life Years),44639,Middle SDI,3,Both,22,All ages,559,Schizophrenia,3,Rate,1998,174.87671848727842,225.62945693739815,130.01374134696988
2,DALYs (Disability-Adjusted Life Years),44639,Middle SDI,1,Male,27,Age-standardized,559,Schizophrenia,3,Rate,1998,190.1756821762115,243.28954059053032,140.94846853432486
2,DALYs (Disability-Adjusted Life Years),44639,Middle SDI,2,Female,27,Age-standardized,559,Schizophrenia,3,Rate,1998,164.54926017733493,210.5066292596955,123.07468172687284
2,DALYs (Disability-Adjusted Life Years),44639,Middle SDI,3,Both,27,Age-standardized,559,Schizophrenia,3,Rate,1998,177.54163054136237,227.18980807568133,131.90084845175932
2,DALYs (Disability-Adjusted Life Years),174,Eastern Sub-Saharan Africa,1,Male,22,All ages,559,Schizophrenia,1,Number,1998,105752.78672064646,141236.03158513643,76408.62691401294
2,DALYs (Disability-Adjusted Life Years),174,Eastern Sub-Saharan Africa,2,Female,22,All ages,559,Schizophrenia,1,Number,1998,116133.7440778745,155273.43169802713,83045.97781312634
2,DALYs (Disability-Adjusted Life Years),174,Eastern Sub-Saharan Africa,3,Both,22,All ages,559,Schizophrenia,1,Number,1998,221886.53079852083,296836.5922309442,159253.59565643195
2,DALYs (Disability-Adjusted Life Years),174,Eastern Sub-Saharan Africa,1,Male,22,All ages,559,Schizophrenia,2,Percent,1998,0.0008706437858860415,0.0011729048602532222,0.0006251623157542058
2,DALYs (Disability-Adjusted Life Years),174,Eastern Sub-Saharan Africa,2,Female,22,All ages,559,Schizophrenia,2,Percent,1998,0.0010548246823981003,0.0014238762261621477,0.0007697718049707633
2,DALYs (Disability-Adjusted Life Years),174,Eastern Sub-Saharan Africa,3,Both,22,All ages,559,Schizophrenia,2,Percent,1998,0.0009581532877815955,0.0012880728019537772,0.0006953569476818793
2,DALYs (Disability-Adjusted Life Years),174,Eastern Sub-Saharan Africa,1,Male,22,All ages,559,Schizophrenia,3,Rate,1998,90.04163883528682,120.25332041708924,65.05699000316295
2,DALYs (Disability-Adjusted Life Years),174,Eastern Sub-Saharan Africa,2,Female,22,All ages,559,Schizophrenia,3,Rate,1998,97.39120875923552,130.21423980893184,69.64339457091464
2,DALYs (Disability-Adjusted Life Years),174,Eastern Sub-Saharan Africa,3,Both,22,All ages,559,Schizophrenia,3,Rate,1998,93.74430494574929,125.40977553262161,67.28266732188285
2,DALYs (Disability-Adjusted Life Years),174,Eastern Sub-Saharan Africa,1,Male,27,Age-standardized,559,Schizophrenia,3,Rate,1998,131.9989145572337,174.35060980811568,94.74401682386002
2,DALYs (Disability-Adjusted Life Years),174,Eastern Sub-Saharan Africa,2,Female,27,Age-standardized,559,Schizophrenia,3,Rate,1998,137.86837153857968,182.86669371707407,99.01590733254078
2,DALYs (Disability-Adjusted Life Years),174,Eastern Sub-Saharan Africa,3,Both,27,Age-standardized,559,Schizophrenia,3,Rate,1998,134.9975118901579,178.89287762191475,96.71434767648141
2,DALYs (Disability-Adjusted Life Years),167,Central Sub-Saharan Africa,1,Male,22,All ages,559,Schizophrenia,1,Number,1998,32178.547711730982,44789.45749871996,22534.96670315972
2,DALYs (Disability-Adjusted Life Years),167,Central Sub-Saharan Africa,2,Female,22,All ages,559,Schizophrenia,1,Number,1998,34532.53887145241,47335.67897075235,24080.00738626427
2,DALYs (Disability-Adjusted Life Years),167,Central Sub-Saharan Africa,3,Both,22,All ages,559,Schizophrenia,1,Number,1998,66711.08658318341,91637.3152831243,46921.10860427089
2,DALYs (Disability-Adjusted Life Years),167,Central Sub-Saharan Africa,1,Male,22,All ages,559,Schizophrenia,2,Percent,1998,0.0008537799288486859,0.0011925874518996366,0.000598067686733864
2,DALYs (Disability-Adjusted Life Years),167,Central Sub-Saharan Africa,2,Female,22,All ages,559,Schizophrenia,2,Percent,1998,0.001032712709048906,0.00143436076442528,0.0007227132437815141
2,DALYs (Disability-Adjusted Life Years),167,Central Sub-Saharan Africa,3,Both,22,All ages,559,Schizophrenia,2,Percent,1998,0.0009378508819326014,0.001288362006858593,0.0006579436218208105
2,DALYs (Disability-Adjusted Life Years),167,Central Sub-Saharan Africa,1,Male,22,All ages,559,Schizophrenia,3,Rate,1998,93.4534307567301,130.07822796994003,65.4463951967356
2,DALYs (Disability-Adjusted Life Years),167,Central Sub-Saharan Africa,2,Female,22,All ages,559,Schizophrenia,3,Rate,1998,98.97550335961321,135.67124822300164,69.0169599411927
2,DALYs (Disability-Adjusted Life Years),167,Central Sub-Saharan Africa,3,Both,22,All ages,559,Schizophrenia,3,Rate,1998,96.23267982030335,132.1894886277579,67.68506184497848
2,DALYs (Disability-Adjusted Life Years),167,Central Sub-Saharan Africa,1,Male,27,Age-standardized,559,Schizophrenia,3,Rate,1998,129.62882313398697,175.67491937398893,91.3449514517043
2,DALYs (Disability-Adjusted Life Years),167,Central Sub-Saharan Africa,2,Female,27,Age-standardized,559,Schizophrenia,3,Rate,1998,134.4916993072613,182.89919873120854,93.66997374944225
2,DALYs (Disability-Adjusted Life Years),167,Central Sub-Saharan Africa,3,Both,27,Age-standardized,559,Schizophrenia,3,Rate,1998,132.1475811217412,179.51574799008955,92.96162588938007
5,Prevalence,21,Oceania,1,Male,22,All ages,559,Schizophrenia,1,Number,1998,9984.082144059112,12848.100375959204,7529.618167503788
5,Prevalence,21,Oceania,2,Female,22,All ages,559,Schizophrenia,1,Number,1998,8014.266347245819,10325.633694749478,5993.637513077662
5,Prevalence,21,Oceania,3,Both,22,All ages,559,Schizophrenia,1,Number,1998,17998.348491304954,23115.539388304875,13534.431573818772
5,Prevalence,21,Oceania,1,Male,22,All ages,559,Schizophrenia,2,Percent,1998,0.0024860367760188,0.0032052352632184,0.001871348726416
5,Prevalence,21,Oceania,2,Female,22,All ages,559,Schizophrenia,2,Percent,1998,0.0021143421325549,0.0027231041461336,0.0015804592669418
5,Prevalence,21,Oceania,3,Both,22,All ages,559,Schizophrenia,2,Percent,1998,0.0023055608896618,0.0029629167594637,0.0017316386634022
5,Prevalence,21,Oceania,1,Male,22,All ages,559,Schizophrenia,3,Rate,1998,243.77761107242003,313.70727637029,183.84787932197
5,Prevalence,21,Oceania,2,Female,22,All ages,559,Schizophrenia,3,Rate,1998,208.83410836065,269.06324452803,156.18097672917
5,Prevalence,21,Oceania,3,Both,22,All ages,559,Schizophrenia,3,Rate,1998,226.87395090031,291.37749781599,170.60509556339
5,Prevalence,21,Oceania,1,Male,27,Age-standardized,559,Schizophrenia,2,Percent,1998,0.0030322999161089,0.0038158680814373,0.0023556300465166
5,Prevalence,21,Oceania,2,Female,27,Age-standardized,559,Schizophrenia,2,Percent,1998,0.0025162729952008,0.003159744981387,0.0019268735721545
5,Prevalence,21,Oceania,3,Both,27,Age-standardized,559,Schizophrenia,2,Percent,1998,0.0027804745005019,0.0034868757958208,0.0021463324297781
5,Prevalence,21,Oceania,1,Male,27,Age-standardized,559,Schizophrenia,3,Rate,1998,298.89809678115,376.3096695606,232.36712264469998
5,Prevalence,21,Oceania,2,Female,27,Age-standardized,559,Schizophrenia,3,Rate,1998,249.42186880582003,313.38433105102,191.01320123802
5,Prevalence,21,Oceania,3,Both,27,Age-standardized,559,Schizophrenia,3,Rate,1998,274.81800365148996,344.51395250197,212.31513481381
5,Prevalence,5,East Asia,1,Male,22,All ages,559,Schizophrenia,1,Number,1998,2256241.2847056966,2586774.0386956595,1941565.0271274345
5,Prevalence,5,East Asia,2,Female,22,All ages,559,Schizophrenia,1,Number,1998,2036617.459501404,2333310.1150576407,1751368.8465098802
5,Prevalence,5,East Asia,3,Both,22,All ages,559,Schizophrenia,1,Number,1998,4292858.744207103,4909276.759804307,3690499.737983307
5,Prevalence,5,East Asia,1,Male,22,All ages,559,Schizophrenia,2,Percent,1998,0.0035559070281566,0.0040882482452687,0.0030566056101915
5,Prevalence,5,East Asia,2,Female,22,All ages,559,Schizophrenia,2,Percent,1998,0.0033385591574237,0.003825357090847,0.0028731006104432
5,Prevalence,5,East Asia,3,Both,22,All ages,559,Schizophrenia,2,Percent,1998,0.0034493685316031,0.0039526036537958,0.0029624854447652
5,Prevalence,5,East Asia,1,Male,22,All ages,559,Schizophrenia,3,Rate,1998,338.20586176058004,387.75203204877,291.03654720576
5,Prevalence,5,East Asia,2,Female,22,All ages,559,Schizophrenia,3,Rate,1998,324.63190765593,371.92400088208,279.16396719434
5,Prevalence,5,East Asia,3,Both,22,All ages,559,Schizophrenia,3,Rate,1998,331.62733927691,379.24620553258,285.09454459946
5,Prevalence,5,East Asia,1,Male,27,Age-standardized,559,Schizophrenia,2,Percent,1998,0.003242023110194,0.0037035534456747,0.0028099168876389
5,Prevalence,5,East Asia,2,Female,27,Age-standardized,559,Schizophrenia,2,Percent,1998,0.0030251705398123,0.0034430315079608,0.0026228588952185
5,Prevalence,5,East Asia,3,Both,27,Age-standardized,559,Schizophrenia,2,Percent,1998,0.003136310035125,0.0035721056543901,0.0027180019836312
5,Prevalence,5,East Asia,1,Male,27,Age-standardized,559,Schizophrenia,3,Rate,1998,307.15117427945,350.4582721267,266.18013404301
5,Prevalence,5,East Asia,2,Female,27,Age-standardized,559,Schizophrenia,3,Rate,1998,292.27056542973,332.85856522422,253.47157768187
5,Prevalence,5,East Asia,3,Both,27,Age-standardized,559,Schizophrenia,3,Rate,1998,299.96696657204,341.28260450142,259.90033871626997
5,Prevalence,1,Global,1,Male,22,All ages,559,Schizophrenia,1,Number,1998,8375598.72835282,9914814.425951611,6943458.700405579
5,Prevalence,1,Global,2,Female,22,All ages,559,Schizophrenia,1,Number,1998,7504442.037291518,8871390.88419033,6237155.995836668
5,Prevalence,1,Global,3,Both,22,All ages,559,Schizophrenia,1,Number,1998,15880040.765644364,18774784.15791017,13172896.586234871
5,Prevalence,1,Global,1,Male,22,All ages,559,Schizophrenia,2,Percent,1998,0.0029000128388487,0.0034314150911024,0.0024033012040434
5,Prevalence,1,Global,2,Female,22,All ages,559,Schizophrenia,2,Percent,1998,0.0025987390170747,0.0030716555766212,0.0021606317426039
5,Prevalence,1,Global,3,Both,22,All ages,559,Schizophrenia,2,Percent,1998,0.0027493858691284,0.0032534226331211,0.0022816087585966
5,Prevalence,1,Global,1,Male,22,All ages,559,Schizophrenia,3,Rate,1998,279.43327626479004,330.78579436028,231.65310041604
5,Prevalence,1,Global,2,Female,22,All ages,559,Schizophrenia,3,Rate,1998,254.34215062265997,300.67107258431,211.39102172646997
5,Prevalence,1,Global,3,Both,22,All ages,559,Schizophrenia,3,Rate,1998,266.98647208,315.65494449035003,221.47205026339
5,Prevalence,1,Global,1,Male,27,Age-standardized,559,Schizophrenia,2,Percent,1998,0.0029881108269535,0.003517711557262,0.0024924894448275
5,Prevalence,1,Global,2,Female,27,Age-standardized,559,Schizophrenia,2,Percent,1998,0.0026659171772195,0.0031428735698739,0.0022163854079195
5,Prevalence,1,Global,3,Both,27,Age-standardized,559,Schizophrenia,2,Percent,1998,0.0028279789698805,0.0033327888066326,0.0023550454150406
5,Prevalence,1,Global,1,Male,27,Age-standardized,559,Schizophrenia,3,Rate,1998,288.79862087114003,339.54601903866,240.7789517046
5,Prevalence,1,Global,2,Female,27,Age-standardized,559,Schizophrenia,3,Rate,1998,261.11100368048,307.51843967663,216.98132835823998
5,Prevalence,1,Global,3,Both,27,Age-standardized,559,Schizophrenia,3,Rate,1998,275.11699917981997,323.81725822113003,228.97130270809
5,Prevalence,65,High-income Asia Pacific,1,Male,22,All ages,559,Schizophrenia,1,Number,1998,297398.16466635995,356531.2672569392,245079.38276813924
5,Prevalence,65,High-income Asia Pacific,2,Female,22,All ages,559,Schizophrenia,1,Number,1998,288027.2683895348,340727.9405911501,238770.64602431
5,Prevalence,65,High-income Asia Pacific,3,Both,22,All ages,559,Schizophrenia,1,Number,1998,585425.4330558957,696044.635102299,484631.1152625461
5,Prevalence,65,High-income Asia Pacific,1,Male,22,All ages,559,Schizophrenia,2,Percent,1998,0.003595406542347,0.0043034117709011,0.0029626074635898
5,Prevalence,65,High-income Asia Pacific,2,Female,22,All ages,559,Schizophrenia,2,Percent,1998,0.003300710415335,0.0039120282302955,0.0027341999260352
5,Prevalence,65,High-income Asia Pacific,3,Both,22,All ages,559,Schizophrenia,2,Percent,1998,0.0034441174351233,0.004095452661003,0.0028515090624489
5,Prevalence,65,High-income Asia Pacific,1,Male,22,All ages,559,Schizophrenia,3,Rate,1998,336.20090618597,403.04934386495,277.05588118401
5,Prevalence,65,High-income Asia Pacific,2,Female,22,All ages,559,Schizophrenia,3,Rate,1998,318.0809683174,376.28059968771004,263.68475012050004
5,Prevalence,65,High-income Asia Pacific,3,Both,22,All ages,559,Schizophrenia,3,Rate,1998,327.03500276020003,388.82997954783,270.72848080796
5,Prevalence,65,High-income Asia Pacific,1,Male,27,Age-standardized,559,Schizophrenia,2,Percent,1998,0.0031117947567292,0.0037427436204309,0.0025556352048465
5,Prevalence,65,High-income Asia Pacific,2,Female,27,Age-standardized,559,Schizophrenia,2,Percent,1998,0.0028453486642451,0.0034010912658158,0.0023460358942126
5,Prevalence,65,High-income Asia Pacific,3,Both,27,Age-standardized,559,Schizophrenia,2,Percent,1998,0.0029833049138829,0.0035725093949509,0.0024620596587012
5,Prevalence,65,High-income Asia Pacific,1,Male,27,Age-standardized,559,Schizophrenia,3,Rate,1998,283.26296805685996,341.19028102615,232.2147248516
5,Prevalence,65,High-income Asia Pacific,2,Female,27,Age-standardized,559,Schizophrenia,3,Rate,1998,267.10394857926,318.88805239501,220.09527276511
5,Prevalence,65,High-income Asia Pacific,3,Both,27,Age-standardized,559,Schizophrenia,3,Rate,1998,275.69955016178,330.03055407265,227.31733575073002
5,Prevalence,32,Central Asia,1,Male,22,All ages,559,Schizophrenia,1,Number,1998,68903.12412164824,88300.31718349476,53118.25164072799
5,Prevalence,32,Central Asia,2,Female,22,All ages,559,Schizophrenia,1,Number,1998,72579.52553458544,92645.40441272588,55956.53177668408
5,Prevalence,32,Central Asia,3,Both,22,All ages,559,Schizophrenia,1,Number,1998,141482.6496562336,180984.65366223105,108841.37675671032
5,Prevalence,32,Central Asia,1,Male,22,All ages,559,Schizophrenia,2,Percent,1998,0.0020015449681259,0.0025612453865808,0.0015379288832263
5,Prevalence,32,Central Asia,2,Female,22,All ages,559,Schizophrenia,2,Percent,1998,0.0019919315526144,0.0025390560069394,0.0015356355895408
5,Prevalence,32,Central Asia,3,Both,22,All ages,559,Schizophrenia,2,Percent,1998,0.001996599698359,0.0025514461222494,0.0015338840293846
5,Prevalence,32,Central Asia,1,Male,22,All ages,559,Schizophrenia,3,Rate,1998,191.18869043393002,245.01098059658,147.38967352773
5,Prevalence,32,Central Asia,2,Female,22,All ages,559,Schizophrenia,3,Rate,1998,193.53929547415999,247.04661771884,149.21271057464
5,Prevalence,32,Central Asia,3,Both,22,All ages,559,Schizophrenia,3,Rate,1998,192.38735584452,246.1019711683,148.00192625441
5,Prevalence,32,Central Asia,1,Male,27,Age-standardized,559,Schizophrenia,2,Percent,1998,0.0022171176440367,0.0028099082263509,0.0017288935989133
5,Prevalence,32,Central Asia,2,Female,27,Age-standardized,559,Schizophrenia,2,Percent,1998,0.0021498769199226,0.0027127150371833,0.0016659712453653
5,Prevalence,32,Central Asia,3,Both,27,Age-standardized,559,Schizophrenia,2,Percent,1998,0.0021829124411529,0.0027557586317686,0.0016944812620339
5,Prevalence,32,Central Asia,1,Male,27,Age-standardized,559,Schizophrenia,3,Rate,1998,213.43533457446,270.38520094589,166.26691841939999
5,Prevalence,32,Central Asia,2,Female,27,Age-standardized,559,Schizophrenia,3,Rate,1998,209.51967649923998,264.51264666753997,162.4750976106
5,Prevalence,32,Central Asia,3,Both,27,Age-standardized,559,Schizophrenia,3,Rate,1998,211.43467315761998,266.92252567847004,164.20376060892
5,Prevalence,42,Central Europe,1,Male,22,All ages,559,Schizophrenia,1,Number,1998,150880.02993487346,185226.2187624525,120839.6400341269
5,Prevalence,42,Central Europe,2,Female,22,All ages,559,Schizophrenia,1,Number,1998,155866.96961805355,190487.4777723371,125632.72766818712
5,Prevalence,42,Central Europe,3,Both,22,All ages,559,Schizophrenia,1,Number,1998,306746.9995529268,375302.33191680745,246472.367702314
5,Prevalence,42,Central Europe,1,Male,22,All ages,559,Schizophrenia,2,Percent,1998,0.0026006422534224,0.0031888589759104,0.0020824420427709
5,Prevalence,42,Central Europe,2,Female,22,All ages,559,Schizophrenia,2,Percent,1998,0.0025201724667257,0.0030817721580857,0.0020302651745527
5,Prevalence,42,Central Europe,3,Both,22,All ages,559,Schizophrenia,2,Percent,1998,0.0025591201951013,0.0031338897645973,0.0020538867432947
5,Prevalence,42,Central Europe,1,Male,22,All ages,559,Schizophrenia,3,Rate,1998,251.20227325513,308.38572367505003,201.18760772388
5,Prevalence,42,Central Europe,2,Female,22,All ages,559,Schizophrenia,3,Rate,1998,246.30735982197,301.01610266898,198.52997421461998
5,Prevalence,42,Central Europe,3,Both,22,All ages,559,Schizophrenia,3,Rate,1998,248.69095710875,304.27126024238,199.8241192712
5,Prevalence,42,Central Europe,1,Male,27,Age-standardized,559,Schizophrenia,2,Percent,1998,0.0023233582600851,0.0028606124976537,0.0018465247248965
5,Prevalence,42,Central Europe,2,Female,27,Age-standardized,559,Schizophrenia,2,Percent,1998,0.0022599034602292,0.0027911437934543,0.0017972382399463
5,Prevalence,42,Central Europe,3,Both,27,Age-standardized,559,Schizophrenia,2,Percent,1998,0.0022915908892308,0.0028187897986415,0.0018241471700672
5,Prevalence,42,Central Europe,1,Male,27,Age-standardized,559,Schizophrenia,3,Rate,1998,222.0360681474,273.78934914933,177.08321921459
5,Prevalence,42,Central Europe,2,Female,27,Age-standardized,559,Schizophrenia,3,Rate,1998,218.15457188609,269.38684212303,173.57763570129
5,Prevalence,42,Central Europe,3,Both,27,Age-standardized,559,Schizophrenia,3,Rate,1998,220.0869125633,271.29753744241003,175.56528088664
5,Prevalence,70,Australasia,1,Male,22,All ages,559,Schizophrenia,1,Number,1998,53282.408044704905,57517.280726537865,49260.31079652671
5,Prevalence,70,Australasia,2,Female,22,All ages,559,Schizophrenia,1,Number,1998,42601.13157341297,47308.99569506196,37922.95267827962
5,Prevalence,70,Australasia,3,Both,22,All ages,559,Schizophrenia,1,Number,1998,95883.5396181179,105265.22891590388,87660.63796107017
5,Prevalence,70,Australasia,1,Male,22,All ages,559,Schizophrenia,2,Percent,1998,0.0052015430114542,0.0056203176548211,0.0048072656865206
5,Prevalence,70,Australasia,2,Female,22,All ages,559,Schizophrenia,2,Percent,1998,0.0040003354541904,0.0044390502450786,0.0035633247609938
5,Prevalence,70,Australasia,3,Both,22,All ages,559,Schizophrenia,2,Percent,1998,0.0045892539246008,0.0050359792053528,0.0041863999439738
5,Prevalence,70,Australasia,1,Male,22,All ages,559,Schizophrenia,3,Rate,1998,483.4047368182,521.825626364,446.91425275295995
5,Prevalence,70,Australasia,2,Female,22,All ages,559,Schizophrenia,3,Rate,1998,378.19761226671,419.99234644215,336.66641291706003
5,Prevalence,70,Australasia,3,Both,22,All ages,559,Schizophrenia,3,Rate,1998,430.23013220804,472.32583959428,393.33391330399
5,Prevalence,70,Australasia,1,Male,27,Age-standardized,559,Schizophrenia,2,Percent,1998,0.0048113658999431,0.0051993523449812,0.0044521536895797
5,Prevalence,70,Australasia,2,Female,27,Age-standardized,559,Schizophrenia,2,Percent,1998,0.0036146919355508,0.0040206198150738,0.0032155548576039
5,Prevalence,70,Australasia,3,Both,27,Age-standardized,559,Schizophrenia,2,Percent,1998,0.0042077639308487,0.0046117913309591,0.0038341242637298
5,Prevalence,70,Australasia,1,Male,27,Age-standardized,559,Schizophrenia,3,Rate,1998,439.07125533677004,473.99236256359,406.72157249552
5,Prevalence,70,Australasia,2,Female,27,Age-standardized,559,Schizophrenia,3,Rate,1998,334.27000910928996,372.10275649102,297.33531018211
5,Prevalence,70,Australasia,3,Both,27,Age-standardized,559,Schizophrenia,3,Rate,1998,386.53623655801,423.22350954379,353.22433790232
5,Prevalence,9,Southeast Asia,1,Male,22,All ages,559,Schizophrenia,1,Number,1998,752807.4253860776,923218.4236316376,599440.3278520883
5,Prevalence,9,Southeast Asia,2,Female,22,All ages,559,Schizophrenia,1,Number,1998,644126.7934745247,793922.7133705432,513747.6925835116
5,Prevalence,9,Southeast Asia,3,Both,22,All ages,559,Schizophrenia,1,Number,1998,1396934.218860602,1717787.746476775,1115138.195011817
5,Prevalence,9,Southeast Asia,1,Male,22,All ages,559,Schizophrenia,2,Percent,1998,0.0029399356035545,0.0036092219506069,0.0023390510290533
5,Prevalence,9,Southeast Asia,2,Female,22,All ages,559,Schizophrenia,2,Percent,1998,0.0024592200546683,0.0030289476021844,0.0019625272932245
5,Prevalence,9,Southeast Asia,3,Both,22,All ages,559,Schizophrenia,2,Percent,1998,0.002696857606619,0.0033147167701787,0.0021482373570166
5,Prevalence,9,Southeast Asia,1,Male,22,All ages,559,Schizophrenia,3,Rate,1998,286.77320742409,351.68928941167,228.34980060051
5,Prevalence,9,Southeast Asia,2,Female,22,All ages,559,Schizophrenia,3,Rate,1998,242.47705321862003,298.86668583215,193.39674712731
5,Prevalence,9,Southeast Asia,3,Both,22,All ages,559,Schizophrenia,3,Rate,1998,264.49367478357,325.2436567374,211.13878886204998
5,Prevalence,9,Southeast Asia,1,Male,27,Age-standardized,559,Schizophrenia,2,Percent,1998,0.0031449430071161,0.0038135488993462,0.0025291324862561
5,Prevalence,9,Southeast Asia,2,Female,27,Age-standardized,559,Schizophrenia,2,Percent,1998,0.0025686237983515,0.0031259858549056,0.0020753055401026
5,Prevalence,9,Southeast Asia,3,Both,27,Age-standardized,559,Schizophrenia,2,Percent,1998,0.002849731415143,0.0034641431687141,0.0022959470631213
5,Prevalence,9,Southeast Asia,1,Male,27,Age-standardized,559,Schizophrenia,3,Rate,1998,307.8582855992,372.79536350388,247.90227995044
5,Prevalence,9,Southeast Asia,2,Female,27,Age-standardized,559,Schizophrenia,3,Rate,1998,253.59463084988002,308.35258998175004,205.1248495525
5,Prevalence,9,Southeast Asia,3,Both,27,Age-standardized,559,Schizophrenia,3,Rate,1998,280.14906278237,340.19552428492,225.79012622899
5,Prevalence,100,High-income North America,1,Male,22,All ages,559,Schizophrenia,1,Number,1998,614344.5055204552,713861.8791495949,520162.1682499395
5,Prevalence,100,High-income North America,2,Female,22,All ages,559,Schizophrenia,1,Number,1998,610505.7405202634,709338.2292181535,524268.94836737536
5,Prevalence,100,High-income North America,3,Both,22,All ages,559,Schizophrenia,1,Number,1998,1224850.2460407172,1421275.598570543,1044189.7843581293
5,Prevalence,100,High-income North America,1,Male,22,All ages,559,Schizophrenia,2,Percent,1998,0.004460631213506,0.0051846665560387,0.0037758675640105
5,Prevalence,100,High-income North America,2,Female,22,All ages,559,Schizophrenia,2,Percent,1998,0.0041370222341645,0.0048107510972937,0.0035452030285221
5,Prevalence,100,High-income North America,3,Both,22,All ages,559,Schizophrenia,2,Percent,1998,0.0042932370052775,0.0049842512609322,0.0036661712619572
5,Prevalence,100,High-income North America,1,Male,22,All ages,559,Schizophrenia,3,Rate,1998,409.73992513209,476.11350030649,346.92457726909004
5,Prevalence,100,High-income North America,2,Female,22,All ages,559,Schizophrenia,3,Rate,1998,392.48410437436,456.02188663441,337.04388836034
5,Prevalence,100,High-income North America,3,Both,22,All ages,559,Schizophrenia,3,Rate,1998,400.95345837209,465.25309390987996,341.81444351139
5,Prevalence,100,High-income North America,1,Male,27,Age-standardized,559,Schizophrenia,2,Percent,1998,0.0040651002953182,0.0047353836722007,0.0034176750259734
5,Prevalence,100,High-income North America,2,Female,27,Age-standardized,559,Schizophrenia,2,Percent,1998,0.0037604744549509,0.0043733912761007,0.0031936172692248
5,Prevalence,100,High-income North America,3,Both,27,Age-standardized,559,Schizophrenia,2,Percent,1998,0.0039140059084586,0.0045566789973746,0.0033042208172201
5,Prevalence,100,High-income North America,1,Male,27,Age-standardized,559,Schizophrenia,3,Rate,1998,365.77216827911,425.28886107474005,307.7677035997
5,Prevalence,100,High-income North America,2,Female,27,Age-standardized,559,Schizophrenia,3,Rate,1998,349.18274834598,405.97229852053,296.08310916949
5,Prevalence,100,High-income North America,3,Both,27,Age-standardized,559,Schizophrenia,3,Rate,1998,357.69573798532997,415.65715418297003,302.06472513741
5,Prevalence,134,Tropical Latin America,1,Male,22,All ages,559,Schizophrenia,1,Number,1998,214568.4835695924,258630.7378907991,176440.46750730678
5,Prevalence,134,Tropical Latin America,2,Female,22,All ages,559,Schizophrenia,1,Number,1998,185773.1028088265,223400.8190280849,152505.53147125442
5,Prevalence,134,Tropical Latin America,3,Both,22,All ages,559,Schizophrenia,1,Number,1998,400341.58637841896,481233.413031858,329516.1929512747
5,Prevalence,134,Tropical Latin America,1,Male,22,All ages,559,Schizophrenia,2,Percent,1998,0.0025828554188007,0.0031186568852014,0.0021191143953975
5,Prevalence,134,Tropical Latin America,2,Female,22,All ages,559,Schizophrenia,2,Percent,1998,0.0021470950040165,0.0025846512626348,0.0017618507785678
5,Prevalence,134,Tropical Latin America,3,Both,22,All ages,559,Schizophrenia,2,Percent,1998,0.0023605428733907,0.0028393684067168,0.001941399759342
5,Prevalence,134,Tropical Latin America,1,Male,22,All ages,559,Schizophrenia,3,Rate,1998,249.73960986800003,301.0243559827,205.36181636345
5,Prevalence,134,Tropical Latin America,2,Female,22,All ages,559,Schizophrenia,3,Rate,1998,210.51368731371,253.15252558870998,172.81566211869
5,Prevalence,134,Tropical Latin America,3,Both,22,All ages,559,Schizophrenia,3,Rate,1998,229.86419150780998,276.3098643181,189.19836424358
5,Prevalence,134,Tropical Latin America,1,Male,27,Age-standardized,559,Schizophrenia,2,Percent,1998,0.002743713926338,0.0032838282488499,0.0022723036981462
5,Prevalence,134,Tropical Latin America,2,Female,27,Age-standardized,559,Schizophrenia,2,Percent,1998,0.0022308234259689,0.0026657741204637,0.0018461027835987
5,Prevalence,134,Tropical Latin America,3,Both,27,Age-standardized,559,Schizophrenia,2,Percent,1998,0.002479059536549,0.0029639234442642,0.0020499794245123
5,Prevalence,134,Tropical Latin America,1,Male,27,Age-standardized,559,Schizophrenia,3,Rate,1998,266.18666096054,318.72681646121,220.72750585156
5,Prevalence,134,Tropical Latin America,2,Female,27,Age-standardized,559,Schizophrenia,3,Rate,1998,218.79338525506,261.46246984497,180.99923524085
5,Prevalence,134,Tropical Latin America,3,Both,27,Age-standardized,559,Schizophrenia,3,Rate,1998,241.81794308890002,288.74289863015997,200.00722199055
5,Prevalence,56,Eastern Europe,1,Male,22,All ages,559,Schizophrenia,1,Number,1998,226901.2152736484,272743.64081312856,187645.04078202823
5,Prevalence,56,Eastern Europe,2,Female,22,All ages,559,Schizophrenia,1,Number,1998,268532.7610532384,317194.2929398853,224178.89801093453
5,Prevalence,56,Eastern Europe,3,Both,22,All ages,559,Schizophrenia,1,Number,1998,495433.9763268861,589990.2400806642,412212.7573059608
5,Prevalence,56,Eastern Europe,1,Male,22,All ages,559,Schizophrenia,2,Percent,1998,0.0022884727776275,0.0027575383079687,0.0018924553251653
5,Prevalence,56,Eastern Europe,2,Female,22,All ages,559,Schizophrenia,2,Percent,1998,0.0023264532882541,0.0027438645537232,0.0019431969592888
5,Prevalence,56,Eastern Europe,3,Both,22,All ages,559,Schizophrenia,2,Percent,1998,0.0023089010868786,0.0027433936669241,0.0019180757446709
5,Prevalence,56,Eastern Europe,1,Male,22,All ages,559,Schizophrenia,3,Rate,1998,218.1964360766,262.28017472805004,180.44627525113998
5,Prevalence,56,Eastern Europe,2,Female,22,All ages,559,Schizophrenia,3,Rate,1998,226.63393660989,267.70287169879003,189.20055028597
5,Prevalence,56,Eastern Europe,3,Both,22,All ages,559,Schizophrenia,3,Rate,1998,222.69010721042997,265.19172300364,185.28342322934
5,Prevalence,56,Eastern Europe,1,Male,27,Age-standardized,559,Schizophrenia,2,Percent,1998,0.002023980670943,0.0024337159494399,0.0016669365778759
5,Prevalence,56,Eastern Europe,2,Female,27,Age-standardized,559,Schizophrenia,2,Percent,1998,0.002063065690728,0.0024645743735108,0.0016940412771859
5,Prevalence,56,Eastern Europe,3,Both,27,Age-standardized,559,Schizophrenia,2,Percent,1998,0.0020458587446739,0.0024502314947187,0.001680642064068
5,Prevalence,56,Eastern Europe,1,Male,27,Age-standardized,559,Schizophrenia,3,Rate,1998,190.13753595176001,227.90146789209,156.65083695236999
5,Prevalence,56,Eastern Europe,2,Female,27,Age-standardized,559,Schizophrenia,3,Rate,1998,197.37000642709,235.75286361045,162.16630791919
5,Prevalence,56,Eastern Europe,3,Both,27,Age-standardized,559,Schizophrenia,3,Rate,1998,193.92993098305,232.18119251707998,159.55435325843
5,Prevalence,96,Southern Latin America,1,Male,22,All ages,559,Schizophrenia,1,Number,1998,73774.78749837822,93039.42775603296,57869.32974797537
5,Prevalence,96,Southern Latin America,2,Female,22,All ages,559,Schizophrenia,1,Number,1998,75265.9634765155,94459.71599367536,59095.60040686555
5,Prevalence,96,Southern Latin America,3,Both,22,All ages,559,Schizophrenia,1,Number,1998,149040.75097489363,186816.40835374023,117864.44511485328
5,Prevalence,96,Southern Latin America,1,Male,22,All ages,559,Schizophrenia,2,Percent,1998,0.0029448683837777,0.0037224249115774,0.0023025548364258
5,Prevalence,96,Southern Latin America,2,Female,22,All ages,559,Schizophrenia,2,Percent,1998,0.0028285366621738,0.0035471282168655,0.0022186687077576
5,Prevalence,96,Southern Latin America,3,Both,22,All ages,559,Schizophrenia,2,Percent,1998,0.0028849401769368,0.0036214515390159,0.0022760231635264
5,Prevalence,96,Southern Latin America,1,Male,22,All ages,559,Schizophrenia,3,Rate,1998,278.47498756419003,351.19251936727,218.43723890454
5,Prevalence,96,Southern Latin America,2,Female,22,All ages,559,Schizophrenia,3,Rate,1998,272.14689460125,341.5477220406,213.67804771865
5,Prevalence,96,Southern Latin America,3,Both,22,All ages,559,Schizophrenia,3,Rate,1998,275.24292891211996,345.00561133638,217.66768401132998
5,Prevalence,96,Southern Latin America,1,Male,27,Age-standardized,559,Schizophrenia,2,Percent,1998,0.0029969803931561,0.0037863717654142,0.0023515400632967
5,Prevalence,96,Southern Latin America,2,Female,27,Age-standardized,559,Schizophrenia,2,Percent,1998,0.0028391286490813,0.0035661029100639,0.0022256944753027
5,Prevalence,96,Southern Latin America,3,Both,27,Age-standardized,559,Schizophrenia,2,Percent,1998,0.0029192744160939,0.0036647306346215,0.0023054439958272
5,Prevalence,96,Southern Latin America,1,Male,27,Age-standardized,559,Schizophrenia,3,Rate,1998,283.85439080917,357.18071674723,223.30349692485
5,Prevalence,96,Southern Latin America,2,Female,27,Age-standardized,559,Schizophrenia,3,Rate,1998,272.55521420319,342.74967606728,213.86984022269
5,Prevalence,96,Southern Latin America,3,Both,27,Age-standardized,559,Schizophrenia,3,Rate,1998,278.36295765489,349.15381448930003,220.3596091537
5,Prevalence,73,Western Europe,1,Male,22,All ages,559,Schizophrenia,1,Number,1998,615146.3897681307,730993.6888181784,518238.460310978
5,Prevalence,73,Western Europe,2,Female,22,All ages,559,Schizophrenia,1,Number,1998,612599.2023727658,718568.5592498512,516535.0013591683
5,Prevalence,73,Western Europe,3,Both,22,All ages,559,Schizophrenia,1,Number,1998,1227745.5921408962,1448491.1607257335,1035157.3730034132
5,Prevalence,73,Western Europe,1,Male,22,All ages,559,Schizophrenia,2,Percent,1998,0.0034131626958471,0.004053705079371,0.0028697068038932
5,Prevalence,73,Western Europe,2,Female,22,All ages,559,Schizophrenia,2,Percent,1998,0.003127704038137,0.0036735811289461,0.0026391238101906
5,Prevalence,73,Western Europe,3,Both,22,All ages,559,Schizophrenia,2,Percent,1998,0.0032644974648894,0.0038526264645058,0.0027568288821087
5,Prevalence,73,Western Europe,1,Male,22,All ages,559,Schizophrenia,3,Rate,1998,319.11080085608,379.20726730987997,268.83924356053996
5,Prevalence,73,Western Europe,2,Female,22,All ages,559,Schizophrenia,3,Rate,1998,302.84693406552,355.23435917286,255.35626049341
5,Prevalence,73,Western Europe,3,Both,22,All ages,559,Schizophrenia,3,Rate,1998,310.7830822827,366.66109857874,262.03262393203
5,Prevalence,73,Western Europe,1,Male,27,Age-standardized,559,Schizophrenia,2,Percent,1998,0.002975371636481,0.0035359567280453,0.0024776576617093
5,Prevalence,73,Western Europe,2,Female,27,Age-standardized,559,Schizophrenia,2,Percent,1998,0.0026773867734923,0.0031800233756287,0.0022323809898068
5,Prevalence,73,Western Europe,3,Both,27,Age-standardized,559,Schizophrenia,2,Percent,1998,0.0028293474860472,0.0033619534774313,0.0023660667991508
5,Prevalence,73,Western Europe,1,Male,27,Age-standardized,559,Schizophrenia,3,Rate,1998,268.84652153326,319.45563881213997,224.07311401959
5,Prevalence,73,Western Europe,2,Female,27,Age-standardized,559,Schizophrenia,3,Rate,1998,252.86152011094998,300.2048839409,211.08202289557002
5,Prevalence,73,Western Europe,3,Both,27,Age-standardized,559,Schizophrenia,3,Rate,1998,261.30842481101996,310.39440770138,218.47812023486
5,Prevalence,124,Central Latin America,1,Male,22,All ages,559,Schizophrenia,1,Number,1998,216004.41460194276,267482.9446612133,173720.659293802
5,Prevalence,124,Central Latin America,2,Female,22,All ages,559,Schizophrenia,1,Number,1998,189788.55356414156,234742.2860331,151131.33080926136
5,Prevalence,124,Central Latin America,3,Both,22,All ages,559,Schizophrenia,1,Number,1998,405792.968166084,500979.5703929183,325010.8433365681
5,Prevalence,124,Central Latin America,1,Male,22,All ages,559,Schizophrenia,2,Percent,1998,0.0024055927623264,0.0029819032983564,0.0019338330743418
5,Prevalence,124,Central Latin America,2,Female,22,All ages,559,Schizophrenia,2,Percent,1998,0.0019932593499504,0.0024638431916768,0.0015877739886055
5,Prevalence,124,Central Latin America,3,Both,22,All ages,559,Schizophrenia,2,Percent,1998,0.0021933813001383,0.0027102081371666,0.0017579225874632
5,Prevalence,124,Central Latin America,1,Male,22,All ages,559,Schizophrenia,3,Rate,1998,227.97297921019,282.30387742169,183.34632800236
5,Prevalence,124,Central Latin America,2,Female,22,All ages,559,Schizophrenia,3,Rate,1998,193.71356247749,239.59698115415003,154.25687136148
5,Prevalence,124,Central Latin America,3,Both,22,All ages,559,Schizophrenia,3,Rate,1998,210.55673250024,259.9468932841,168.64072709137
5,Prevalence,124,Central Latin America,1,Male,27,Age-standardized,559,Schizophrenia,2,Percent,1998,0.0027922388225957,0.0034088096256318,0.0022663536782374
5,Prevalence,124,Central Latin America,2,Female,27,Age-standardized,559,Schizophrenia,2,Percent,1998,0.0022478615641655,0.0027377385447306,0.0018354236157121
5,Prevalence,124,Central Latin America,3,Both,27,Age-standardized,559,Schizophrenia,2,Percent,1998,0.002508396172054,0.0030530440309328,0.0020425036192639
5,Prevalence,124,Central Latin America,1,Male,27,Age-standardized,559,Schizophrenia,3,Rate,1998,267.61517097225,326.4807582089,217.1328219852
5,Prevalence,124,Central Latin America,2,Female,27,Age-standardized,559,Schizophrenia,3,Rate,1998,219.56825737536002,267.44816684452996,179.07325186331
5,Prevalence,124,Central Latin America,3,Both,27,Age-standardized,559,Schizophrenia,3,Rate,1998,242.72371176893003,295.56551337551997,197.54784228395002
5,Prevalence,104,Caribbean,1,Male,22,All ages,559,Schizophrenia,1,Number,1998,45734.86971488194,57659.72357766748,35627.45236268631
5,Prevalence,104,Caribbean,2,Female,22,All ages,559,Schizophrenia,1,Number,1998,37849.373132224704,47434.27422790264,29538.042763793717
5,Prevalence,104,Caribbean,3,Both,22,All ages,559,Schizophrenia,1,Number,1998,83584.24284710673,105063.6501836529,65432.25146093745
5,Prevalence,104,Caribbean,1,Male,22,All ages,559,Schizophrenia,2,Percent,1998,0.002420662807109,0.0030537277253739,0.0018833585653959
5,Prevalence,104,Caribbean,2,Female,22,All ages,559,Schizophrenia,2,Percent,1998,0.0019400925147684,0.002431848975028,0.0015134514056109
5,Prevalence,104,Caribbean,3,Both,22,All ages,559,Schizophrenia,2,Percent,1998,0.0021765257096513,0.0027334654696917,0.0017040398067086
5,Prevalence,104,Caribbean,1,Male,22,All ages,559,Schizophrenia,3,Rate,1998,236.43789821688998,298.08642594722,184.18506509301
5,Prevalence,104,Caribbean,2,Female,22,All ages,559,Schizophrenia,3,Rate,1998,190.61635969803,238.88767316315,148.75898114797
5,Prevalence,104,Caribbean,3,Both,22,All ages,559,Schizophrenia,3,Rate,1998,213.22728805224,268.02225441592,166.92071441849
5,Prevalence,104,Caribbean,1,Male,27,Age-standardized,559,Schizophrenia,2,Percent,1998,0.0025304067207713,0.0031612687841668,0.0019902007046841
5,Prevalence,104,Caribbean,2,Female,27,Age-standardized,559,Schizophrenia,2,Percent,1998,0.0019909833551332,0.0024778252813837,0.0015781280237656
5,Prevalence,104,Caribbean,3,Both,27,Age-standardized,559,Schizophrenia,2,Percent,1998,0.0022537616165349,0.0028039011759181,0.0017796156967319
5,Prevalence,104,Caribbean,1,Male,27,Age-standardized,559,Schizophrenia,3,Rate,1998,247.64127319274002,309.54270813928,195.05340388613
5,Prevalence,104,Caribbean,2,Female,27,Age-standardized,559,Schizophrenia,3,Rate,1998,195.73153525766,243.75547685530998,155.10007916854
5,Prevalence,104,Caribbean,3,Both,27,Age-standardized,559,Schizophrenia,3,Rate,1998,221.07407405674002,275.08171667863996,174.7546899063
5,Prevalence,120,Andean Latin America,1,Male,22,All ages,559,Schizophrenia,1,Number,1998,49322.99724144037,62999.82402106671,38226.811898074666
5,Prevalence,120,Andean Latin America,2,Female,22,All ages,559,Schizophrenia,1,Number,1998,41029.02313690533,52702.33550465741,31625.00893830503
5,Prevalence,120,Andean Latin America,3,Both,22,All ages,559,Schizophrenia,1,Number,1998,90352.02037834564,114891.25096154146,70037.91440596193
5,Prevalence,120,Andean Latin America,1,Male,22,All ages,559,Schizophrenia,2,Percent,1998,0.0022955025418204,0.0029358817793987,0.0017794466625076
5,Prevalence,120,Andean Latin America,2,Female,22,All ages,559,Schizophrenia,2,Percent,1998,0.0018690376430246,0.0023977773225826,0.00143994617107
5,Prevalence,120,Andean Latin America,3,Both,22,All ages,559,Schizophrenia,2,Percent,1998,0.0020799856613468,0.0026449559812584,0.0016105396908173
5,Prevalence,120,Andean Latin America,1,Male,22,All ages,559,Schizophrenia,3,Rate,1998,221.84053183363002,283.35493072015,171.9331094228
5,Prevalence,120,Andean Latin America,2,Female,22,All ages,559,Schizophrenia,3,Rate,1998,182.95703066222,235.0107820194,141.02255641602
5,Prevalence,120,Andean Latin America,3,Both,22,All ages,559,Schizophrenia,3,Rate,1998,202.31521403761,257.26317941756,156.82809952069
5,Prevalence,120,Andean Latin America,1,Male,27,Age-standardized,559,Schizophrenia,2,Percent,1998,0.0026931390584884,0.0033981925807015,0.0021290296474592
5,Prevalence,120,Andean Latin America,2,Female,27,Age-standardized,559,Schizophrenia,2,Percent,1998,0.0021514741028095,0.0027221377995993,0.0016933201508661
5,Prevalence,120,Andean Latin America,3,Both,27,Age-standardized,559,Schizophrenia,2,Percent,1998,0.0024164794005311,0.0030527155721194,0.0019114692167243
5,Prevalence,120,Andean Latin America,1,Male,27,Age-standardized,559,Schizophrenia,3,Rate,1998,262.06173786557997,330.35964956528,207.48590231824002
5,Prevalence,120,Andean Latin America,2,Female,27,Age-standardized,559,Schizophrenia,3,Rate,1998,211.48119040202002,267.42310380411,166.63258291447
5,Prevalence,120,Andean Latin America,3,Both,27,Age-standardized,559,Schizophrenia,3,Rate,1998,236.33829054212,298.19915331255004,187.12132564662002
5,Prevalence,199,Western Sub-Saharan Africa,1,Male,22,All ages,559,Schizophrenia,1,Number,1998,182235.00898659608,224982.3258087721,146081.11498669203
5,Prevalence,199,Western Sub-Saharan Africa,2,Female,22,All ages,559,Schizophrenia,1,Number,1998,233244.5467204445,290220.35677068087,185184.17294628176
5,Prevalence,199,Western Sub-Saharan Africa,3,Both,22,All ages,559,Schizophrenia,1,Number,1998,415479.5557070408,515903.9586922908,331339.00653589435
5,Prevalence,199,Western Sub-Saharan Africa,1,Male,22,All ages,559,Schizophrenia,2,Percent,1998,0.001502969181754,0.0018547823837264,0.0012047200754237
5,Prevalence,199,Western Sub-Saharan Africa,2,Female,22,All ages,559,Schizophrenia,2,Percent,1998,0.0019203631960771,0.0023891214733021,0.0015241269992169
5,Prevalence,199,Western Sub-Saharan Africa,3,Both,22,All ages,559,Schizophrenia,2,Percent,1998,0.0017118455551222,0.0021247378849396,0.0013645503020263
5,Prevalence,199,Western Sub-Saharan Africa,1,Male,22,All ages,559,Schizophrenia,3,Rate,1998,149.44675989435999,184.50285602418,119.79777891153
5,Prevalence,199,Western Sub-Saharan Africa,2,Female,22,All ages,559,Schizophrenia,3,Rate,1998,191.01320452408999,237.67295374899,151.65465945065998
5,Prevalence,199,Western Sub-Saharan Africa,3,Both,22,All ages,559,Schizophrenia,3,Rate,1998,170.24440572811,211.39370554801,135.76747998166
5,Prevalence,199,Western Sub-Saharan Africa,1,Male,27,Age-standardized,559,Schizophrenia,2,Percent,1998,0.0020534481072508,0.0024996544670887,0.001673635868463
5,Prevalence,199,Western Sub-Saharan Africa,2,Female,27,Age-standardized,559,Schizophrenia,2,Percent,1998,0.0026252271199467,0.0031986867221829,0.0021219103189086
5,Prevalence,199,Western Sub-Saharan Africa,3,Both,27,Age-standardized,559,Schizophrenia,2,Percent,1998,0.0023360033178996,0.0028487947290881,0.0018975798453895
5,Prevalence,199,Western Sub-Saharan Africa,1,Male,27,Age-standardized,559,Schizophrenia,3,Rate,1998,204.59845106460003,249.06420565307002,166.74831515273002
5,Prevalence,199,Western Sub-Saharan Africa,2,Female,27,Age-standardized,559,Schizophrenia,3,Rate,1998,261.67719715018,318.80201882878,211.48510680584002
5,Prevalence,199,Western Sub-Saharan Africa,3,Both,27,Age-standardized,559,Schizophrenia,3,Rate,1998,232.80191700803,283.84042362328,189.14115380062
5,Prevalence,44636,Low-middle SDI,1,Male,22,All ages,559,Schizophrenia,1,Number,1998,1680068.8074101198,2035143.0189762232,1353076.743854701
5,Prevalence,44636,Low-middle SDI,2,Female,22,All ages,559,Schizophrenia,1,Number,1998,1348309.2829835936,1640472.972111684,1084201.4949681344
5,Prevalence,44636,Low-middle SDI,3,Both,22,All ages,559,Schizophrenia,1,Number,1998,3028378.0903937137,3671773.995756879,2435235.55644978
5,Prevalence,44636,Low-middle SDI,1,Male,22,All ages,559,Schizophrenia,2,Percent,1998,0.0025031951702902,0.0030357201094385,0.002018520063243
5,Prevalence,44636,Low-middle SDI,2,Female,22,All ages,559,Schizophrenia,2,Percent,1998,0.0020648276068205,0.0025129581714173,0.0016606568683044
5,Prevalence,44636,Low-middle SDI,3,Both,22,All ages,559,Schizophrenia,2,Percent,1998,0.0022870205767408,0.0027762521703484,0.00183948655548
5,Prevalence,44636,Low-middle SDI,1,Male,22,All ages,559,Schizophrenia,3,Rate,1998,245.95266483589998,297.93354095479,198.08285792267998
5,Prevalence,44636,Low-middle SDI,2,Female,22,All ages,559,Schizophrenia,3,Rate,1998,204.23436568175,248.48969083406,164.22879185852
5,Prevalence,44636,Low-middle SDI,3,Both,22,All ages,559,Schizophrenia,3,Rate,1998,225.44925872025001,273.34721782513,181.29243926059002
5,Prevalence,44636,Low-middle SDI,1,Male,27,Age-standardized,559,Schizophrenia,2,Percent,1998,0.0030030736536163,0.0036107304043671,0.0024555708773855
5,Prevalence,44636,Low-middle SDI,2,Female,27,Age-standardized,559,Schizophrenia,2,Percent,1998,0.0024431837048052,0.0029322152201535,0.0019848036343472
5,Prevalence,44636,Low-middle SDI,3,Both,27,Age-standardized,559,Schizophrenia,2,Percent,1998,0.0027250875767888,0.0032733331472093,0.0022219052811718
5,Prevalence,44636,Low-middle SDI,1,Male,27,Age-standardized,559,Schizophrenia,3,Rate,1998,296.21152629861,356.30100624545,242.10616753114002
5,Prevalence,44636,Low-middle SDI,2,Female,27,Age-standardized,559,Schizophrenia,3,Rate,1998,242.28829639650002,290.72812509044,196.74555449493
5,Prevalence,44636,Low-middle SDI,3,Both,27,Age-standardized,559,Schizophrenia,3,Rate,1998,269.50753353239,323.84817012895996,219.56771150848
5,Prevalence,44635,High SDI,1,Male,22,All ages,559,Schizophrenia,1,Number,1998,1626097.7493669572,1919649.550210608,1354133.4170336265
5,Prevalence,44635,High SDI,2,Female,22,All ages,559,Schizophrenia,1,Number,1998,1583449.2673882272,1860539.714913391,1326539.5852255994
5,Prevalence,44635,High SDI,3,Both,22,All ages,559,Schizophrenia,1,Number,1998,3209547.0167551804,3767743.851755671,2677989.7769980114
5,Prevalence,44635,High SDI,1,Male,22,All ages,559,Schizophrenia,2,Percent,1998,0.0037950340559712,0.0044718696812616,0.0031670829809701
5,Prevalence,44635,High SDI,2,Female,22,All ages,559,Schizophrenia,2,Percent,1998,0.0034998740954428,0.0041129674712857,0.0029345531656385
5,Prevalence,44635,High SDI,3,Both,22,All ages,559,Schizophrenia,2,Percent,1998,0.0036434395879395,0.0042793417822552,0.0030426755145279
5,Prevalence,44635,High SDI,1,Male,22,All ages,559,Schizophrenia,3,Rate,1998,353.54701704882,417.37120202047004,294.41639069038
5,Prevalence,44635,High SDI,2,Female,22,All ages,559,Schizophrenia,3,Rate,1998,336.20194295481997,395.03448577814004,281.65423114246
5,Prevalence,44635,High SDI,3,Both,22,All ages,559,Schizophrenia,3,Rate,1998,344.77159860492,404.73346055449,287.67137905856
5,Prevalence,44635,High SDI,1,Male,27,Age-standardized,559,Schizophrenia,2,Percent,1998,0.0033651995445915,0.003952357954238,0.0028164909017622
5,Prevalence,44635,High SDI,2,Female,27,Age-standardized,559,Schizophrenia,2,Percent,1998,0.0031053682302927,0.0036520772504847,0.0025949336979889
5,Prevalence,44635,High SDI,3,Both,27,Age-standardized,559,Schizophrenia,2,Percent,1998,0.0032391293288491,0.0038116072528536,0.0027063334631261
5,Prevalence,44635,High SDI,1,Male,27,Age-standardized,559,Schizophrenia,3,Rate,1998,306.14357065635,360.26616065568,255.21135806303
5,Prevalence,44635,High SDI,2,Female,27,Age-standardized,559,Schizophrenia,3,Rate,1998,291.96359251644,344.0958947222,243.46300590490003
5,Prevalence,44635,High SDI,3,Both,27,Age-standardized,559,Schizophrenia,3,Rate,1998,299.48631069686,352.55064180987,249.51147827838997
5,Prevalence,44637,Low SDI,1,Male,22,All ages,559,Schizophrenia,1,Number,1998,549948.9460144428,675141.6555263344,439692.1553889352
5,Prevalence,44637,Low SDI,2,Female,22,All ages,559,Schizophrenia,1,Number,1998,526859.6650101405,652107.8082560075,417786.092437089
5,Prevalence,44637,Low SDI,3,Both,22,All ages,559,Schizophrenia,1,Number,1998,1076808.611024584,1328459.3776339998,857478.2478260242
5,Prevalence,44637,Low SDI,1,Male,22,All ages,559,Schizophrenia,2,Percent,1998,0.0017797722444103,0.0021843565674792,0.0014233851596778
5,Prevalence,44637,Low SDI,2,Female,22,All ages,559,Schizophrenia,2,Percent,1998,0.0017317815952247,0.0021434367710701,0.0013733954640106
5,Prevalence,44637,Low SDI,3,Both,22,All ages,559,Schizophrenia,2,Percent,1998,0.0017559635510415,0.0021662133673524,0.0013985822545272
5,Prevalence,44637,Low SDI,1,Male,22,All ages,559,Schizophrenia,3,Rate,1998,176.94516542155,217.22571301546,141.47022507033
5,Prevalence,44637,Low SDI,2,Female,22,All ages,559,Schizophrenia,3,Rate,1998,172.31854797483,213.28311522872002,136.64415326129
5,Prevalence,44637,Low SDI,3,Both,22,All ages,559,Schizophrenia,3,Rate,1998,174.65082092637002,215.46681415405,139.07697094549
5,Prevalence,44637,Low SDI,1,Male,27,Age-standardized,559,Schizophrenia,2,Percent,1998,0.0024890224037351,0.0030046139677653,0.0020257107536758
5,Prevalence,44637,Low SDI,2,Female,27,Age-standardized,559,Schizophrenia,2,Percent,1998,0.002365085387996,0.0028853979564638,0.001905316770123
5,Prevalence,44637,Low SDI,3,Both,27,Age-standardized,559,Schizophrenia,2,Percent,1998,0.0024271076990143,0.0029410739481748,0.0019662430129846
5,Prevalence,44637,Low SDI,1,Male,27,Age-standardized,559,Schizophrenia,3,Rate,1998,247.90476538926998,299.2433759375,201.71318765443
5,Prevalence,44637,Low SDI,2,Female,27,Age-standardized,559,Schizophrenia,3,Rate,1998,235.77707694309,287.65634740570005,189.92465594895
5,Prevalence,44637,Low SDI,3,Both,27,Age-standardized,559,Schizophrenia,3,Rate,1998,241.85076438859002,293.07003849945,195.89632087104
5,Prevalence,44634,High-middle SDI,1,Male,22,All ages,559,Schizophrenia,1,Number,1998,1743221.4924432775,2007548.2884630023,1486651.3193854615
5,Prevalence,44634,High-middle SDI,2,Female,22,All ages,559,Schizophrenia,1,Number,1998,1650517.141955224,1894172.938792757,1413637.3481602448
5,Prevalence,44634,High-middle SDI,3,Both,22,All ages,559,Schizophrenia,1,Number,1998,3393738.6343984995,3912066.814349102,2894631.7096593315
5,Prevalence,44634,High-middle SDI,1,Male,22,All ages,559,Schizophrenia,2,Percent,1998,0.0032344705048325,0.0037339196754042,0.0027596313442798
5,Prevalence,44634,High-middle SDI,2,Female,22,All ages,559,Schizophrenia,2,Percent,1998,0.0029686417180617,0.0034097838875127,0.002544620074599
5,Prevalence,44634,High-middle SDI,3,Both,22,All ages,559,Schizophrenia,2,Percent,1998,0.0030994867668997,0.0035794267048858,0.0026473846904534
5,Prevalence,44634,High-middle SDI,1,Male,22,All ages,559,Schizophrenia,3,Rate,1998,307.77754458175997,354.44622816488004,262.47834524366
5,Prevalence,44634,High-middle SDI,2,Female,22,All ages,559,Schizophrenia,3,Rate,1998,288.86261812624997,331.50564776043,247.40547982851
5,Prevalence,44634,High-middle SDI,3,Both,22,All ages,559,Schizophrenia,3,Rate,1998,298.27856390953997,343.83486679698996,254.41163342775002
5,Prevalence,44634,High-middle SDI,1,Male,27,Age-standardized,559,Schizophrenia,2,Percent,1998,0.0029403169108284,0.0033840856292172,0.0025198444549727
5,Prevalence,44634,High-middle SDI,2,Female,27,Age-standardized,559,Schizophrenia,2,Percent,1998,0.0026989118563863,0.0030976218584948,0.0023145858678044
5,Prevalence,44634,High-middle SDI,3,Both,27,Age-standardized,559,Schizophrenia,2,Percent,1998,0.0028188930352585,0.0032501205404324,0.0024145219229164
5,Prevalence,44634,High-middle SDI,1,Male,27,Age-standardized,559,Schizophrenia,3,Rate,1998,277.67074530434,319.40076023723003,237.91327215364
5,Prevalence,44634,High-middle SDI,2,Female,27,Age-standardized,559,Schizophrenia,3,Rate,1998,260.13853539789,298.50316118997,222.86276420344
5,Prevalence,44634,High-middle SDI,3,Both,27,Age-standardized,559,Schizophrenia,3,Rate,1998,268.88795635475,309.50762686202,230.05881546451
5,Prevalence,174,Eastern Sub-Saharan Africa,1,Male,22,All ages,559,Schizophrenia,1,Number,1998,163698.98923973442,205111.33893610747,128685.49184065466
5,Prevalence,174,Eastern Sub-Saharan Africa,2,Female,22,All ages,559,Schizophrenia,1,Number,1998,184382.13737303167,230765.4433625709,144184.22742108617
5,Prevalence,174,Eastern Sub-Saharan Africa,3,Both,22,All ages,559,Schizophrenia,1,Number,1998,348081.1266127659,436300.1951821483,272874.3856399732
5,Prevalence,174,Eastern Sub-Saharan Africa,1,Male,22,All ages,559,Schizophrenia,2,Percent,1998,0.0014023095213492,0.001756490817239,0.0011025058051137
5,Prevalence,174,Eastern Sub-Saharan Africa,2,Female,22,All ages,559,Schizophrenia,2,Percent,1998,0.0015539792500544,0.0019453107299528,0.0012149565538129
5,Prevalence,174,Eastern Sub-Saharan Africa,3,Both,22,All ages,559,Schizophrenia,2,Percent,1998,0.0014787617424029,0.0018534133950205,0.0011592097351675
5,Prevalence,174,Eastern Sub-Saharan Africa,1,Male,22,All ages,559,Schizophrenia,3,Rate,1998,139.37907192707002,174.63900171532,109.56734984455001
5,Prevalence,174,Eastern Sub-Saharan Africa,2,Female,22,All ages,559,Schizophrenia,3,Rate,1998,154.62516407229,193.52278398835,120.91469455372001
5,Prevalence,174,Eastern Sub-Saharan Africa,3,Both,22,All ages,559,Schizophrenia,3,Rate,1998,147.0599552015,184.33141659321,115.28604069503
5,Prevalence,174,Eastern Sub-Saharan Africa,1,Male,27,Age-standardized,559,Schizophrenia,2,Percent,1998,0.0020708901350422,0.0025444379751055,0.0016812655178155
5,Prevalence,174,Eastern Sub-Saharan Africa,2,Female,27,Age-standardized,559,Schizophrenia,2,Percent,1998,0.0022167807324098,0.0027377947257571,0.0017858342931089
5,Prevalence,174,Eastern Sub-Saharan Africa,3,Both,27,Age-standardized,559,Schizophrenia,2,Percent,1998,0.0021454864410546,0.0026452856247434,0.0017356448191405
5,Prevalence,174,Eastern Sub-Saharan Africa,1,Male,27,Age-standardized,559,Schizophrenia,3,Rate,1998,206.29834755272,253.42050128727,167.49286644862
5,Prevalence,174,Eastern Sub-Saharan Africa,2,Female,27,Age-standardized,559,Schizophrenia,3,Rate,1998,221.01861855539002,272.92021374342,178.05371707449999
5,Prevalence,174,Eastern Sub-Saharan Africa,3,Both,27,Age-standardized,559,Schizophrenia,3,Rate,1998,213.82238193695997,263.60715995648,172.97986436574
5,Prevalence,138,North Africa and Middle East,1,Male,22,All ages,559,Schizophrenia,1,Number,1998,448246.48216862575,561702.8522164685,351839.3960516362
5,Prevalence,138,North Africa and Middle East,2,Female,22,All ages,559,Schizophrenia,1,Number,1998,388795.0144733045,490466.86292038,304354.8159299523
5,Prevalence,138,North Africa and Middle East,3,Both,22,All ages,559,Schizophrenia,1,Number,1998,837041.4966419298,1050977.9461347673,657196.8149922497
5,Prevalence,138,North Africa and Middle East,1,Male,22,All ages,559,Schizophrenia,2,Percent,1998,0.0022677783097088,0.0028424858853632,0.0017781963640601
5,Prevalence,138,North Africa and Middle East,2,Female,22,All ages,559,Schizophrenia,2,Percent,1998,0.0020319285662751,0.0025601692528101,0.0015921247720557
5,Prevalence,138,North Africa and Middle East,3,Both,22,All ages,559,Schizophrenia,2,Percent,1998,0.0021517665435321,0.0026959994737349,0.0016890400271417
5,Prevalence,138,North Africa and Middle East,1,Male,22,All ages,559,Schizophrenia,3,Rate,1998,216.51340704023,271.31545503541,169.94655708521
5,Prevalence,138,North Africa and Middle East,2,Female,22,All ages,559,Schizophrenia,3,Rate,1998,197.45791872664998,249.09415592132999,154.57314592723
5,Prevalence,138,North Africa and Middle East,3,Both,22,All ages,559,Schizophrenia,3,Rate,1998,207.22458782794,260.18838083626997,162.70082147058
5,Prevalence,138,North Africa and Middle East,1,Male,27,Age-standardized,559,Schizophrenia,2,Percent,1998,0.0026294065440166,0.0032469768082662,0.0020804985365513
5,Prevalence,138,North Africa and Middle East,2,Female,27,Age-standardized,559,Schizophrenia,2,Percent,1998,0.0023847891117795,0.0029405911034893,0.0018985687878323
5,Prevalence,138,North Africa and Middle East,3,Both,27,Age-standardized,559,Schizophrenia,2,Percent,1998,0.0025096635214387,0.0030940239243539,0.0019879354216265
5,Prevalence,138,North Africa and Middle East,1,Male,27,Age-standardized,559,Schizophrenia,3,Rate,1998,253.56649266434,312.72744916765,200.85705616879997
5,Prevalence,138,North Africa and Middle East,2,Female,27,Age-standardized,559,Schizophrenia,3,Rate,1998,233.2568833414,288.05086097546996,185.74737065518
5,Prevalence,138,North Africa and Middle East,3,Both,27,Age-standardized,559,Schizophrenia,3,Rate,1998,243.70238418888,300.37415924992,193.27267846694
5,Prevalence,159,South Asia,1,Male,22,All ages,559,Schizophrenia,1,Number,1998,1831934.722230469,2184532.520085096,1505175.876610404
5,Prevalence,159,South Asia,2,Female,22,All ages,559,Schizophrenia,1,Number,1998,1308933.6722423262,1561997.7501628948,1070976.6503567118
5,Prevalence,159,South Asia,3,Both,22,All ages,559,Schizophrenia,1,Number,1998,3140868.394472798,3737235.3823723504,2575651.5100449296
5,Prevalence,159,South Asia,1,Male,22,All ages,559,Schizophrenia,2,Percent,1998,0.0028020806004797,0.0033424157095458,0.0023028324900613
5,Prevalence,159,South Asia,2,Female,22,All ages,559,Schizophrenia,2,Percent,1998,0.0021482571338563,0.0025632679027481,0.0017586845821347
5,Prevalence,159,South Asia,3,Both,22,All ages,559,Schizophrenia,2,Percent,1998,0.0024866799619208,0.0029587606243779,0.0020394220435226
5,Prevalence,159,South Asia,1,Male,22,All ages,559,Schizophrenia,3,Rate,1998,276.70595629004,329.96435554257,227.3504209883
5,Prevalence,159,South Asia,2,Female,22,All ages,559,Schizophrenia,3,Rate,1998,213.36109445835,254.61148764346,174.57320802818
5,Prevalence,159,South Asia,3,Both,22,All ages,559,Schizophrenia,3,Rate,1998,246.23950987061002,292.99381357268,201.92732893458998
5,Prevalence,159,South Asia,1,Male,27,Age-standardized,559,Schizophrenia,2,Percent,1998,0.0032663218505108,0.0038860098614928,0.0027065959401565
5,Prevalence,159,South Asia,2,Female,27,Age-standardized,559,Schizophrenia,2,Percent,1998,0.0025029562222639,0.0029600341532156,0.0020696000973626
5,Prevalence,159,South Asia,3,Both,27,Age-standardized,559,Schizophrenia,2,Percent,1998,0.0028972606197766,0.0034402699637936,0.0023976766200337
5,Prevalence,159,South Asia,1,Male,27,Age-standardized,559,Schizophrenia,3,Rate,1998,323.30221387473,384.83044135218,267.68383495411
5,Prevalence,159,South Asia,2,Female,27,Age-standardized,559,Schizophrenia,3,Rate,1998,248.95776333949001,294.4006065469,205.69476897416
5,Prevalence,159,South Asia,3,Both,27,Age-standardized,559,Schizophrenia,3,Rate,1998,287.45035898967,341.14492659007,237.75509033771002
5,Prevalence,167,Central Sub-Saharan Africa,1,Male,22,All ages,559,Schizophrenia,1,Number,1998,50281.12728164442,65427.76215726692,37971.68751266533
5,Prevalence,167,Central Sub-Saharan Africa,2,Female,22,All ages,559,Schizophrenia,1,Number,1998,55694.644753893146,71104.95475191838,42557.57362950826
5,Prevalence,167,Central Sub-Saharan Africa,3,Both,22,All ages,559,Schizophrenia,1,Number,1998,105975.77203553752,135889.05455126497,80403.63643953123
5,Prevalence,167,Central Sub-Saharan Africa,1,Male,22,All ages,559,Schizophrenia,2,Percent,1998,0.001464839761574,0.0019057287806139,0.0011059895906322
5,Prevalence,167,Central Sub-Saharan Africa,2,Female,22,All ages,559,Schizophrenia,2,Percent,1998,0.0016004259686723,0.0020439247079423,0.001223262687838
5,Prevalence,167,Central Sub-Saharan Africa,3,Both,22,All ages,559,Schizophrenia,2,Percent,1998,0.0015330982713668,0.0019652873273401,0.0011634924337341
5,Prevalence,167,Central Sub-Saharan Africa,1,Male,22,All ages,559,Schizophrenia,3,Rate,1998,146.02721940345,190.01630822831,110.27795603054001
5,Prevalence,167,Central Sub-Saharan Africa,2,Female,22,All ages,559,Schizophrenia,3,Rate,1998,159.62931423812,203.79760417070003,121.97647231859
5,Prevalence,167,Central Sub-Saharan Africa,3,Both,22,All ages,559,Schizophrenia,3,Rate,1998,152.87312891072,196.02390768151002,115.98458064725
5,Prevalence,167,Central Sub-Saharan Africa,1,Male,27,Age-standardized,559,Schizophrenia,2,Percent,1998,0.0020521898952393,0.0025859339332869,0.0016042256431602
5,Prevalence,167,Central Sub-Saharan Africa,2,Female,27,Age-standardized,559,Schizophrenia,2,Percent,1998,0.0021893356745515,0.0027714717767646,0.0017009447456952
5,Prevalence,167,Central Sub-Saharan Africa,3,Both,27,Age-standardized,559,Schizophrenia,2,Percent,1998,0.0021227021504521,0.0026719149744001,0.0016571782951203
5,Prevalence,167,Central Sub-Saharan Africa,1,Male,27,Age-standardized,559,Schizophrenia,3,Rate,1998,204.82341573189,258.10735668849,160.13267536054
5,Prevalence,167,Central Sub-Saharan Africa,2,Female,27,Age-standardized,559,Schizophrenia,3,Rate,1998,218.60161456894,276.69248342215,169.79985708081
5,Prevalence,167,Central Sub-Saharan Africa,3,Both,27,Age-standardized,559,Schizophrenia,3,Rate,1998,211.90487976538,266.73041965387,165.41398838213
5,Prevalence,44639,Middle SDI,1,Male,22,All ages,559,Schizophrenia,1,Number,1998,2769437.7684252528,3294745.6951279654,2293533.203222105
5,Prevalence,44639,Middle SDI,2,Female,22,All ages,559,Schizophrenia,1,Number,1998,2388968.090466268,2846630.8236452625,1975893.7044958093
5,Prevalence,44639,Middle SDI,3,Both,22,All ages,559,Schizophrenia,1,Number,1998,5158405.8588915225,6141386.561446619,4268061.549419884
5,Prevalence,44639,Middle SDI,1,Male,22,All ages,559,Schizophrenia,2,Percent,1998,0.0029528754228912,0.0035170468586021,0.0024448338075626
5,Prevalence,44639,Middle SDI,2,Female,22,All ages,559,Schizophrenia,2,Percent,1998,0.0025985274606955,0.0030922690616347,0.0021516777780846
5,Prevalence,44639,Middle SDI,3,Both,22,All ages,559,Schizophrenia,2,Percent,1998,0.0027774678490564,0.0033121258478682,0.0022994302989225
5,Prevalence,44639,Middle SDI,1,Male,22,All ages,559,Schizophrenia,3,Rate,1998,284.21713225931,338.12753753461,235.37681084343
5,Prevalence,44639,Middle SDI,2,Female,22,All ages,559,Schizophrenia,3,Rate,1998,254.29516906447998,303.01135852415,210.32521348585
5,Prevalence,44639,Middle SDI,3,Both,22,All ages,559,Schizophrenia,3,Rate,1998,269.52945735355,320.89072333304,223.00849232012
5,Prevalence,44639,Middle SDI,1,Male,27,Age-standardized,559,Schizophrenia,2,Percent,1998,0.0030238042633288,0.003558053845025,0.0025291576248342
5,Prevalence,44639,Middle SDI,2,Female,27,Age-standardized,559,Schizophrenia,2,Percent,1998,0.002637051375745,0.0031086552285379,0.002197115289603
5,Prevalence,44639,Middle SDI,3,Both,27,Age-standardized,559,Schizophrenia,2,Percent,1998,0.0028319932081743,0.003336368647694,0.0023644093740644
5,Prevalence,44639,Middle SDI,1,Male,27,Age-standardized,559,Schizophrenia,3,Rate,1998,291.97921868657,342.93603510253,244.12601157500998
5,Prevalence,44639,Middle SDI,2,Female,27,Age-standardized,559,Schizophrenia,3,Rate,1998,258.21867520727,304.43587483812,215.04446392877998
5,Prevalence,44639,Middle SDI,3,Both,27,Age-standardized,559,Schizophrenia,3,Rate,1998,275.33495520457,324.01920356934,229.78076249607003
5,Prevalence,192,Southern Sub-Saharan Africa,1,Male,22,All ages,559,Schizophrenia,1,Number,1998,53908.2162538611,65921.37400264242,43454.95311467232
5,Prevalence,192,Southern Sub-Saharan Africa,2,Female,22,All ages,559,Schizophrenia,1,Number,1998,64214.8872248805,78391.2429884106,51697.82022871119
5,Prevalence,192,Southern Sub-Saharan Africa,3,Both,22,All ages,559,Schizophrenia,1,Number,1998,118123.10347874169,144124.0616969709,95482.50336284678
5,Prevalence,192,Southern Sub-Saharan Africa,1,Male,22,All ages,559,Schizophrenia,2,Percent,1998,0.0018600810498905,0.0022759370106109,0.0014989643184378
5,Prevalence,192,Southern Sub-Saharan Africa,2,Female,22,All ages,559,Schizophrenia,2,Percent,1998,0.0020345016314962,0.0024847977657926,0.001637507660894
5,Prevalence,192,Southern Sub-Saharan Africa,3,Both,22,All ages,559,Schizophrenia,2,Percent,1998,0.0019510088184238,0.0023817922919885,0.0015765239640755
5,Prevalence,192,Southern Sub-Saharan Africa,1,Male,22,All ages,559,Schizophrenia,3,Rate,1998,181.44008721154998,221.87304049943,146.25730604350002
5,Prevalence,192,Southern Sub-Saharan Africa,2,Female,22,All ages,559,Schizophrenia,3,Rate,1998,200.76779184551,245.09015642574997,161.63319222529
5,Prevalence,192,Southern Sub-Saharan Africa,3,Both,22,All ages,559,Schizophrenia,3,Rate,1998,191.46002985163,233.60372647004002,154.76297528407
5,Prevalence,192,Southern Sub-Saharan Africa,1,Male,27,Age-standardized,559,Schizophrenia,2,Percent,1998,0.0022064872791584,0.0026581659140508,0.0018091483567936
5,Prevalence,192,Southern Sub-Saharan Africa,2,Female,27,Age-standardized,559,Schizophrenia,2,Percent,1998,0.0023250492729877,0.0028108409781096,0.0018995130739815
5,Prevalence,192,Southern Sub-Saharan Africa,3,Both,27,Age-standardized,559,Schizophrenia,2,Percent,1998,0.0022704370110198,0.0027419769209145,0.0018603841867294
5,Prevalence,192,Southern Sub-Saharan Africa,1,Male,27,Age-standardized,559,Schizophrenia,3,Rate,1998,216.42806042534002,260.58335686674997,177.59413196776998
5,Prevalence,192,Southern Sub-Saharan Africa,2,Female,27,Age-standardized,559,Schizophrenia,3,Rate,1998,229.95704844361998,277.80551955548,187.7869240588
5,Prevalence,192,Southern Sub-Saharan Africa,3,Both,27,Age-standardized,559,Schizophrenia,3,Rate,1998,223.64296593242997,269.90660422347,183.17526571943
6,Incidence,42,Central Europe,1,Male,22,All ages,559,Schizophrenia,1,Number,1998,8119.26844375887,10030.236108307556,6466.460718564447
6,Incidence,42,Central Europe,2,Female,22,All ages,559,Schizophrenia,1,Number,1998,7531.699156258473,9362.74814651996,5953.825888897321
6,Incidence,42,Central Europe,3,Both,22,All ages,559,Schizophrenia,1,Number,1998,15650.967600017324,19373.40692502821,12424.362760149868
6,Incidence,42,Central Europe,1,Male,22,All ages,559,Schizophrenia,2,Percent,1998,3.96049498836e-05,4.91998944346e-05,3.08608539231e-05
6,Incidence,42,Central Europe,2,Female,22,All ages,559,Schizophrenia,2,Percent,1998,3.29939109495e-05,4.1085617515e-05,2.55550669241e-05
6,Incidence,42,Central Europe,3,Both,22,All ages,559,Schizophrenia,2,Percent,1998,3.61215866634e-05,4.49235367259e-05,2.79986604841e-05
6,Incidence,42,Central Europe,1,Male,22,All ages,559,Schizophrenia,3,Rate,1998,13.51788365313,16.69948045993,10.766100942049999
6,Incidence,42,Central Europe,2,Female,22,All ages,559,Schizophrenia,3,Rate,1998,11.901899027719999,14.79539752584,9.40847916096
6,Incidence,42,Central Europe,3,Both,22,All ages,559,Schizophrenia,3,Rate,1998,12.688809076530001,15.70672612173,10.07288309516
6,Incidence,42,Central Europe,1,Male,27,Age-standardized,559,Schizophrenia,2,Percent,1998,3.69023860317e-05,4.61389796652e-05,2.85781188958e-05
6,Incidence,42,Central Europe,2,Female,27,Age-standardized,559,Schizophrenia,2,Percent,1998,3.33645787528e-05,4.14415069059e-05,2.56372933597e-05
6,Incidence,42,Central Europe,3,Both,27,Age-standardized,559,Schizophrenia,2,Percent,1998,3.50602833785e-05,4.36808689469e-05,2.70854022627e-05
6,Incidence,42,Central Europe,1,Male,27,Age-standardized,559,Schizophrenia,3,Rate,1998,12.84970102147,16.09067193357,10.20995502127
6,Incidence,42,Central Europe,2,Female,27,Age-standardized,559,Schizophrenia,3,Rate,1998,12.18316279882,15.3025476249,9.5015276159
6,Incidence,42,Central Europe,3,Both,27,Age-standardized,559,Schizophrenia,3,Rate,1998,12.51504745507,15.65900604246,9.87915196439
6,Incidence,1,Global,1,Male,22,All ages,559,Schizophrenia,1,Number,1998,525702.2351328665,632252.8035537796,433047.78287649096
6,Incidence,1,Global,2,Female,22,All ages,559,Schizophrenia,1,Number,1998,450021.3152292379,543306.9822895126,368744.9945944059
6,Incidence,1,Global,3,Both,22,All ages,559,Schizophrenia,1,Number,1998,975723.5503621044,1175529.2465981012,802229.5778066181
6,Incidence,1,Global,1,Male,22,All ages,559,Schizophrenia,2,Percent,1998,3.86988756235e-05,4.68113822403e-05,3.16239596586e-05
6,Incidence,1,Global,2,Female,22,All ages,559,Schizophrenia,2,Percent,1998,3.17552429703e-05,3.8253686401e-05,2.5831366972e-05
6,Incidence,1,Global,3,Both,22,All ages,559,Schizophrenia,2,Percent,1998,3.51534452916e-05,4.24623747967e-05,2.86401234e-05
6,Incidence,1,Global,1,Male,22,All ages,559,Schizophrenia,3,Rate,1998,17.53888917882,21.09371258756,14.44767886727
6,Incidence,1,Global,2,Female,22,All ages,559,Schizophrenia,3,Rate,1998,15.25221842912,18.41387615989,12.497584029619999
6,Incidence,1,Global,3,Both,22,All ages,559,Schizophrenia,3,Rate,1998,16.404554136919998,19.76382875887,13.48765081511
6,Incidence,1,Global,1,Male,27,Age-standardized,559,Schizophrenia,2,Percent,1998,3.69264181722e-05,4.45479460776e-05,3.0206426225e-05
6,Incidence,1,Global,2,Female,27,Age-standardized,559,Schizophrenia,2,Percent,1998,3.01921958072e-05,3.63798809631e-05,2.46854829671e-05
6,Incidence,1,Global,3,Both,27,Age-standardized,559,Schizophrenia,2,Percent,1998,3.34817299154e-05,4.03647529318e-05,2.74220340223e-05
6,Incidence,1,Global,1,Male,27,Age-standardized,559,Schizophrenia,3,Rate,1998,16.5899324829,19.81916916425,13.78287204783
6,Incidence,1,Global,2,Female,27,Age-standardized,559,Schizophrenia,3,Rate,1998,14.445130653509999,17.324463322510002,11.97885354122
6,Incidence,1,Global,3,Both,27,Age-standardized,559,Schizophrenia,3,Rate,1998,15.52688250217,18.581757341990002,12.89621492963
6,Incidence,5,East Asia,1,Male,22,All ages,559,Schizophrenia,1,Number,1998,141971.57596839586,166332.73721229716,122002.50414885784
6,Incidence,5,East Asia,2,Female,22,All ages,559,Schizophrenia,1,Number,1998,122507.77582609988,143017.2999821732,105289.51088076906
6,Incidence,5,East Asia,3,Both,22,All ages,559,Schizophrenia,1,Number,1998,264479.35179449554,308772.54725913465,227321.62328631905
6,Incidence,5,East Asia,1,Male,22,All ages,559,Schizophrenia,2,Percent,1998,6.5921892276e-05,7.81286370976e-05,5.52219529144e-05
6,Incidence,5,East Asia,2,Female,22,All ages,559,Schizophrenia,2,Percent,1998,5.78027131161e-05,6.81532361525e-05,4.86285277418e-05
6,Incidence,5,East Asia,3,Both,22,All ages,559,Schizophrenia,2,Percent,1998,6.18941323281e-05,7.32709460591e-05,5.18507638616e-05
6,Incidence,5,East Asia,1,Male,22,All ages,559,Schizophrenia,3,Rate,1998,21.28124306623,24.932930316100002,18.2879208586
6,Incidence,5,East Asia,2,Female,22,All ages,559,Schizophrenia,3,Rate,1998,19.52744379342,22.79661244403,16.78289391752
6,Incidence,5,East Asia,3,Both,22,All ages,559,Schizophrenia,3,Rate,1998,20.43127644198,23.85296707642,17.560807280760002
6,Incidence,5,East Asia,1,Male,27,Age-standardized,559,Schizophrenia,2,Percent,1998,5.70051629309e-05,6.70413988851e-05,4.84856773212e-05
6,Incidence,5,East Asia,2,Female,27,Age-standardized,559,Schizophrenia,2,Percent,1998,5.00392663658e-05,5.82163999595e-05,4.25407013158e-05
6,Incidence,5,East Asia,3,Both,27,Age-standardized,559,Schizophrenia,2,Percent,1998,5.3555842836e-05,6.25415910265e-05,4.56290439132e-05
6,Incidence,5,East Asia,1,Male,27,Age-standardized,559,Schizophrenia,3,Rate,1998,18.91089829944,21.92429278654,16.21542111137
6,Incidence,5,East Asia,2,Female,27,Age-standardized,559,Schizophrenia,3,Rate,1998,17.3174490161,19.9832531364,14.98419918824
6,Incidence,5,East Asia,3,Both,27,Age-standardized,559,Schizophrenia,3,Rate,1998,18.14054366657,20.89508674448,15.65535034567
6,Incidence,21,Oceania,1,Male,22,All ages,559,Schizophrenia,1,Number,1998,774.6131201730329,984.4744122583104,593.2922504539451
6,Incidence,21,Oceania,2,Female,22,All ages,559,Schizophrenia,1,Number,1998,623.8860819116591,797.2118456981309,475.13264475026944
6,Incidence,21,Oceania,3,Both,22,All ages,559,Schizophrenia,1,Number,1998,1398.4992020846923,1778.6932741901728,1070.1297855381397
6,Incidence,21,Oceania,1,Male,22,All ages,559,Schizophrenia,2,Percent,1998,3.37292668098e-05,4.32702896082e-05,2.55672383186e-05
6,Incidence,21,Oceania,2,Female,22,All ages,559,Schizophrenia,2,Percent,1998,2.79316083482e-05,3.55962458255e-05,2.11253178697e-05
6,Incidence,21,Oceania,3,Both,22,All ages,559,Schizophrenia,2,Percent,1998,3.08699459315e-05,3.94323834661e-05,2.33298691985e-05
6,Incidence,21,Oceania,1,Male,22,All ages,559,Schizophrenia,3,Rate,1998,18.913439735009998,24.037544655519998,14.486195665910001
6,Incidence,21,Oceania,2,Female,22,All ages,559,Schizophrenia,3,Rate,1998,16.25709553307,20.77358272827,12.380908984080001
6,Incidence,21,Oceania,3,Both,22,All ages,559,Schizophrenia,3,Rate,1998,17.62845293617,22.42089993703,13.48926944816
6,Incidence,21,Oceania,1,Male,27,Age-standardized,559,Schizophrenia,2,Percent,1998,3.56117710656e-05,4.48087586958e-05,2.73130232788e-05
6,Incidence,21,Oceania,2,Female,27,Age-standardized,559,Schizophrenia,2,Percent,1998,2.80815140156e-05,3.53818290591e-05,2.16578197273e-05
6,Incidence,21,Oceania,3,Both,27,Age-standardized,559,Schizophrenia,2,Percent,1998,3.18138356187e-05,3.99536906165e-05,2.45775283153e-05
6,Incidence,21,Oceania,1,Male,27,Age-standardized,559,Schizophrenia,3,Rate,1998,18.545374993120003,23.17014473291,14.61520299395
6,Incidence,21,Oceania,2,Female,27,Age-standardized,559,Schizophrenia,3,Rate,1998,15.405572077979999,19.27096371252,12.09948829209
6,Incidence,21,Oceania,3,Both,27,Age-standardized,559,Schizophrenia,3,Rate,1998,17.00552085003,21.27217845691,13.35844740088
6,Incidence,9,Southeast Asia,1,Male,22,All ages,559,Schizophrenia,1,Number,1998,54280.8357037928,66202.59544856215,43531.92337354679
6,Incidence,9,Southeast Asia,2,Female,22,All ages,559,Schizophrenia,1,Number,1998,45247.60513699478,55911.372254292815,36087.62321201064
6,Incidence,9,Southeast Asia,3,Both,22,All ages,559,Schizophrenia,1,Number,1998,99528.44084078749,121927.23121619275,79492.74448659673
6,Incidence,9,Southeast Asia,1,Male,22,All ages,559,Schizophrenia,2,Percent,1998,4.08264476951e-05,5.00371431083e-05,3.21747762625e-05
6,Incidence,9,Southeast Asia,2,Female,22,All ages,559,Schizophrenia,2,Percent,1998,3.37646383861e-05,4.17014419533e-05,2.64525210128e-05
6,Incidence,9,Southeast Asia,3,Both,22,All ages,559,Schizophrenia,2,Percent,1998,3.72813619476e-05,4.58873156464e-05,2.93703735415e-05
6,Incidence,9,Southeast Asia,1,Male,22,All ages,559,Schizophrenia,3,Rate,1998,20.67765119141,25.21910650236,16.58297842209
6,Incidence,9,Southeast Asia,2,Female,22,All ages,559,Schizophrenia,3,Rate,1998,17.03314637734,21.04744737057,13.58493486493
6,Incidence,9,Southeast Asia,3,Both,22,All ages,559,Schizophrenia,3,Rate,1998,18.84458316507,23.08554046794,15.051050954310002
6,Incidence,9,Southeast Asia,1,Male,27,Age-standardized,559,Schizophrenia,2,Percent,1998,3.81181837022e-05,4.65979831584e-05,3.05448039626e-05
6,Incidence,9,Southeast Asia,2,Female,27,Age-standardized,559,Schizophrenia,2,Percent,1998,3.07474628039e-05,3.78123447265e-05,2.4565881412e-05
6,Incidence,9,Southeast Asia,3,Both,27,Age-standardized,559,Schizophrenia,2,Percent,1998,3.43643473562e-05,4.19524387454e-05,2.74246478441e-05
6,Incidence,9,Southeast Asia,1,Male,27,Age-standardized,559,Schizophrenia,3,Rate,1998,18.88365626221,22.88698218713,15.42253738893
6,Incidence,9,Southeast Asia,2,Female,27,Age-standardized,559,Schizophrenia,3,Rate,1998,15.33681115816,18.66275534915,12.40789901053
6,Incidence,9,Southeast Asia,3,Both,27,Age-standardized,559,Schizophrenia,3,Rate,1998,17.08836792676,20.73946908479,13.93279753242
6,Incidence,32,Central Asia,1,Male,22,All ages,559,Schizophrenia,1,Number,1998,4839.893183309445,6156.165179542264,3716.963503345845
6,Incidence,32,Central Asia,2,Female,22,All ages,559,Schizophrenia,1,Number,1998,4688.8875961688445,5931.837728629662,3582.6849438115087
6,Incidence,32,Central Asia,3,Both,22,All ages,559,Schizophrenia,1,Number,1998,9528.780779478286,12112.741986736555,7304.435112262207
6,Incidence,32,Central Asia,1,Male,22,All ages,559,Schizophrenia,2,Percent,1998,4.07658502766e-05,5.23574096951e-05,3.06160690762e-05
6,Incidence,32,Central Asia,2,Female,22,All ages,559,Schizophrenia,2,Percent,1998,3.64057400842e-05,4.65600085128e-05,2.71448641694e-05
6,Incidence,32,Central Asia,3,Both,22,All ages,559,Schizophrenia,2,Percent,1998,3.84966013547e-05,4.91308285454e-05,2.88580454671e-05
6,Incidence,32,Central Asia,1,Male,22,All ages,559,Schizophrenia,3,Rate,1998,13.429475823519999,17.0817967077,10.31363082087
6,Incidence,32,Central Asia,2,Female,22,All ages,559,Schizophrenia,3,Rate,1998,12.50330579093,15.817734910909998,9.55352511365
6,Incidence,32,Central Asia,3,Both,22,All ages,559,Schizophrenia,3,Rate,1998,12.957185513839999,16.47084224473,9.93253208503
6,Incidence,32,Central Asia,1,Male,27,Age-standardized,559,Schizophrenia,2,Percent,1998,3.91558304554e-05,5.0091392343e-05,2.94624129968e-05
6,Incidence,32,Central Asia,2,Female,27,Age-standardized,559,Schizophrenia,2,Percent,1998,3.52474145061e-05,4.50538467087e-05,2.65058468143e-05
6,Incidence,32,Central Asia,3,Both,27,Age-standardized,559,Schizophrenia,2,Percent,1998,3.71147070454e-05,4.75186436268e-05,2.79075264984e-05
6,Incidence,32,Central Asia,1,Male,27,Age-standardized,559,Schizophrenia,3,Rate,1998,12.810655226989999,16.19862373106,9.90547979379
6,Incidence,32,Central Asia,2,Female,27,Age-standardized,559,Schizophrenia,3,Rate,1998,12.06691961382,15.25123119583,9.22552794186
6,Incidence,32,Central Asia,3,Both,27,Age-standardized,559,Schizophrenia,3,Rate,1998,12.42917862111,15.72823535848,9.55125895835
6,Incidence,56,Eastern Europe,1,Male,22,All ages,559,Schizophrenia,1,Number,1998,12506.63078258836,15064.236766866708,10424.685294793087
6,Incidence,56,Eastern Europe,2,Female,22,All ages,559,Schizophrenia,1,Number,1998,12597.967073229362,15133.926274545782,10474.117888899636
6,Incidence,56,Eastern Europe,3,Both,22,All ages,559,Schizophrenia,1,Number,1998,25104.59785581773,30157.5631859122,20899.54375687286
6,Incidence,56,Eastern Europe,1,Male,22,All ages,559,Schizophrenia,2,Percent,1998,2.9535164845e-05,3.55706983896e-05,2.38848429239e-05
6,Incidence,56,Eastern Europe,2,Female,22,All ages,559,Schizophrenia,2,Percent,1998,2.4624717401e-05,2.97023371301e-05,2.0100993646e-05
6,Incidence,56,Eastern Europe,3,Both,22,All ages,559,Schizophrenia,2,Percent,1998,2.68480039325e-05,3.22715367047e-05,2.17973994343e-05
6,Incidence,56,Eastern Europe,1,Male,22,All ages,559,Schizophrenia,3,Rate,1998,12.02682965269,14.48631630632,10.02475538
6,Incidence,56,Eastern Europe,2,Female,22,All ages,559,Schizophrenia,3,Rate,1998,10.632322327779999,12.772599047169999,8.83985462469
6,Incidence,56,Eastern Europe,3,Both,22,All ages,559,Schizophrenia,3,Rate,1998,11.284138462669999,13.55537024098,9.39403000653
6,Incidence,56,Eastern Europe,1,Male,27,Age-standardized,559,Schizophrenia,2,Percent,1998,2.67880220745e-05,3.23993271445e-05,2.15687362513e-05
6,Incidence,56,Eastern Europe,2,Female,27,Age-standardized,559,Schizophrenia,2,Percent,1998,2.51116812297e-05,3.02784400157e-05,2.03114363364e-05
6,Incidence,56,Eastern Europe,3,Both,27,Age-standardized,559,Schizophrenia,2,Percent,1998,2.58743563617e-05,3.1180235231e-05,2.08809888731e-05
6,Incidence,56,Eastern Europe,1,Male,27,Age-standardized,559,Schizophrenia,3,Rate,1998,11.21157703238,13.539743537420001,9.217432850569999
6,Incidence,56,Eastern Europe,2,Female,27,Age-standardized,559,Schizophrenia,3,Rate,1998,11.19374133106,13.53670228154,9.20592859998
6,Incidence,56,Eastern Europe,3,Both,27,Age-standardized,559,Schizophrenia,3,Rate,1998,11.192014443529999,13.520382620720001,9.20951597558
6,Incidence,73,Western Europe,1,Male,22,All ages,559,Schizophrenia,1,Number,1998,30197.32803030449,36585.4779394807,25395.94160931485
6,Incidence,73,Western Europe,2,Female,22,All ages,559,Schizophrenia,1,Number,1998,25502.83629447963,30962.187257016056,21244.56656939208
6,Incidence,73,Western Europe,3,Both,22,All ages,559,Schizophrenia,1,Number,1998,55700.16432478413,67196.5262304926,46682.261123952674
6,Incidence,73,Western Europe,1,Male,22,All ages,559,Schizophrenia,2,Percent,1998,4.07924400587e-05,4.94844314679e-05,3.37784461758e-05
6,Incidence,73,Western Europe,2,Female,22,All ages,559,Schizophrenia,2,Percent,1998,2.80751024142e-05,3.4209267e-05,2.30275412015e-05
6,Incidence,73,Western Europe,3,Both,22,All ages,559,Schizophrenia,2,Percent,1998,3.3785025418e-05,4.12307835335e-05,2.77920102746e-05
6,Incidence,73,Western Europe,1,Male,22,All ages,559,Schizophrenia,3,Rate,1998,15.665041186529999,18.978931452999998,13.17429379451
6,Incidence,73,Western Europe,2,Female,22,All ages,559,Schizophrenia,3,Rate,1998,12.60768174663,15.30658780884,10.50254689554
6,Incidence,73,Western Europe,3,Both,22,All ages,559,Schizophrenia,3,Rate,1998,14.09955683271,17.00966688398,11.81682678634
6,Incidence,73,Western Europe,1,Male,27,Age-standardized,559,Schizophrenia,2,Percent,1998,3.79763963114e-05,4.61340658524e-05,3.09868274911e-05
6,Incidence,73,Western Europe,2,Female,27,Age-standardized,559,Schizophrenia,2,Percent,1998,2.78002148651e-05,3.34565935688e-05,2.25814463924e-05
6,Incidence,73,Western Europe,3,Both,27,Age-standardized,559,Schizophrenia,2,Percent,1998,3.2554500028e-05,3.94477299746e-05,2.66061972268e-05
6,Incidence,73,Western Europe,1,Male,27,Age-standardized,559,Schizophrenia,3,Rate,1998,15.40098919025,18.46119003591,12.80794964469
6,Incidence,73,Western Europe,2,Female,27,Age-standardized,559,Schizophrenia,3,Rate,1998,13.074587302749999,15.676151477849999,10.820964789020001
6,Incidence,73,Western Europe,3,Both,27,Age-standardized,559,Schizophrenia,3,Rate,1998,14.25269777485,17.16959968003,11.825739689199999
6,Incidence,96,Southern Latin America,1,Male,22,All ages,559,Schizophrenia,1,Number,1998,4367.709086725459,5529.855025844084,3277.269359374533
6,Incidence,96,Southern Latin America,2,Female,22,All ages,559,Schizophrenia,1,Number,1998,4026.742750077974,5088.596843935176,3077.6672277356693
6,Incidence,96,Southern Latin America,3,Both,22,All ages,559,Schizophrenia,1,Number,1998,8394.451836803439,10610.5097730831,6360.932792945487
6,Incidence,96,Southern Latin America,1,Male,22,All ages,559,Schizophrenia,2,Percent,1998,3.56010035808e-05,4.56329428082e-05,2.63160716088e-05
6,Incidence,96,Southern Latin America,2,Female,22,All ages,559,Schizophrenia,2,Percent,1998,2.83509632886e-05,3.59503267914e-05,2.15917643664e-05
6,Incidence,96,Southern Latin America,3,Both,22,All ages,559,Schizophrenia,2,Percent,1998,3.1710170538e-05,4.03967278975e-05,2.36990832329e-05
6,Incidence,96,Southern Latin America,1,Male,22,All ages,559,Schizophrenia,3,Rate,1998,16.48663147469,20.87334117482,12.3705885851
6,Incidence,96,Southern Latin America,2,Female,22,All ages,559,Schizophrenia,3,Rate,1998,14.55990841243,18.399363603260003,11.128238315920001
6,Incidence,96,Southern Latin America,3,Both,22,All ages,559,Schizophrenia,3,Rate,1998,15.502562185570001,19.59509575797,11.7471346668
6,Incidence,96,Southern Latin America,1,Male,27,Age-standardized,559,Schizophrenia,2,Percent,1998,3.45316042863e-05,4.43170134996e-05,2.58580491188e-05
6,Incidence,96,Southern Latin America,2,Female,27,Age-standardized,559,Schizophrenia,2,Percent,1998,2.80149506171e-05,3.54530615723e-05,2.14142324531e-05
6,Incidence,96,Southern Latin America,3,Both,27,Age-standardized,559,Schizophrenia,2,Percent,1998,3.10566381133e-05,3.97622511452e-05,2.34278579962e-05
6,Incidence,96,Southern Latin America,1,Male,27,Age-standardized,559,Schizophrenia,3,Rate,1998,15.98439427569,20.29943171826,12.10401208598
6,Incidence,96,Southern Latin America,2,Female,27,Age-standardized,559,Schizophrenia,3,Rate,1998,14.498302244209999,18.33732081595,11.10367819274
6,Incidence,96,Southern Latin America,3,Both,27,Age-standardized,559,Schizophrenia,3,Rate,1998,15.23817461177,19.24485261835,11.61744317923
6,Incidence,100,High-income North America,1,Male,22,All ages,559,Schizophrenia,1,Number,1998,26256.84731053434,31311.7651544743,22028.736242367948
6,Incidence,100,High-income North America,2,Female,22,All ages,559,Schizophrenia,1,Number,1998,23428.793170594323,28057.66979703057,19499.35621704212
6,Incidence,100,High-income North America,3,Both,22,All ages,559,Schizophrenia,1,Number,1998,49685.64048112871,59346.90318880772,41548.761821598586
6,Incidence,100,High-income North America,1,Male,22,All ages,559,Schizophrenia,2,Percent,1998,3.59947071815e-05,4.31115029663e-05,2.92348242404e-05
6,Incidence,100,High-income North America,2,Female,22,All ages,559,Schizophrenia,2,Percent,1998,2.82039323622e-05,3.41395859548e-05,2.32610109491e-05
6,Incidence,100,High-income North America,3,Both,22,All ages,559,Schizophrenia,2,Percent,1998,3.18462508619e-05,3.82661812643e-05,2.61244465405e-05
6,Incidence,100,High-income North America,1,Male,22,All ages,559,Schizophrenia,3,Rate,1998,17.512126428320002,20.8835273936,14.692168087439999
6,Incidence,100,High-income North America,2,Female,22,All ages,559,Schizophrenia,3,Rate,1998,15.06198597952,18.03781466777,12.53581555875
6,Incidence,100,High-income North America,3,Both,22,All ages,559,Schizophrenia,3,Rate,1998,16.26454290778,19.42714724036,13.600944113199999
6,Incidence,100,High-income North America,1,Male,27,Age-standardized,559,Schizophrenia,2,Percent,1998,3.58561870583e-05,4.31340593418e-05,2.91893835272e-05
6,Incidence,100,High-income North America,2,Female,27,Age-standardized,559,Schizophrenia,2,Percent,1998,2.96714882286e-05,3.5692788547e-05,2.43008331466e-05
6,Incidence,100,High-income North America,3,Both,27,Age-standardized,559,Schizophrenia,2,Percent,1998,3.26565651579e-05,3.92624395959e-05,2.66670930169e-05
6,Incidence,100,High-income North America,1,Male,27,Age-standardized,559,Schizophrenia,3,Rate,1998,17.90209506446,21.37491822601,14.774396548639999
6,Incidence,100,High-income North America,2,Female,27,Age-standardized,559,Schizophrenia,3,Rate,1998,16.317357786749998,19.51598929379,13.49378087025
6,Incidence,100,High-income North America,3,Both,27,Age-standardized,559,Schizophrenia,3,Rate,1998,17.1218821168,20.4756428721,14.12591368396
6,Incidence,70,Australasia,1,Male,22,All ages,559,Schizophrenia,1,Number,1998,2479.648967212532,2783.804347115972,2203.572373649356
6,Incidence,70,Australasia,2,Female,22,All ages,559,Schizophrenia,1,Number,1998,1915.4232470465215,2251.5161280384445,1651.0203063353674
6,Incidence,70,Australasia,3,Both,22,All ages,559,Schizophrenia,1,Number,1998,4395.072214259056,5029.8385354256325,3864.454182906065
6,Incidence,70,Australasia,1,Male,22,All ages,559,Schizophrenia,2,Percent,1998,5.22105529693e-05,5.98259026895e-05,4.59257670918e-05
6,Incidence,70,Australasia,2,Female,22,All ages,559,Schizophrenia,2,Percent,1998,3.49658301734e-05,4.13790416892e-05,2.97820656127e-05
6,Incidence,70,Australasia,3,Both,22,All ages,559,Schizophrenia,2,Percent,1998,4.29732391312e-05,4.95734313422e-05,3.73928308458e-05
6,Incidence,70,Australasia,1,Male,22,All ages,559,Schizophrenia,3,Rate,1998,22.49661943565,25.25606963262,19.99191407509
6,Incidence,70,Australasia,2,Female,22,All ages,559,Schizophrenia,3,Rate,1998,17.00444264643,19.9881550596,14.65716788728
6,Incidence,70,Australasia,3,Both,22,All ages,559,Schizophrenia,3,Rate,1998,19.720720650649998,22.56892170126,17.339833725840002
6,Incidence,70,Australasia,1,Male,27,Age-standardized,559,Schizophrenia,2,Percent,1998,5.25737222565e-05,5.998785839e-05,4.64685586867e-05
6,Incidence,70,Australasia,2,Female,27,Age-standardized,559,Schizophrenia,2,Percent,1998,3.43720441908e-05,4.00650881742e-05,2.94694798689e-05
6,Incidence,70,Australasia,3,Both,27,Age-standardized,559,Schizophrenia,2,Percent,1998,4.3072119387e-05,4.9301648418e-05,3.78070586269e-05
6,Incidence,70,Australasia,1,Male,27,Age-standardized,559,Schizophrenia,3,Rate,1998,23.19865745611,25.90687678538,20.60649638259
6,Incidence,70,Australasia,2,Female,27,Age-standardized,559,Schizophrenia,3,Rate,1998,17.045436994379997,19.76895572709,14.70677890806
6,Incidence,70,Australasia,3,Both,27,Age-standardized,559,Schizophrenia,3,Rate,1998,20.18916087211,22.78528739531,17.899812114419998
6,Incidence,104,Caribbean,1,Male,22,All ages,559,Schizophrenia,1,Number,1998,2874.9825150460665,3624.956534580233,2233.652163470864
6,Incidence,104,Caribbean,2,Female,22,All ages,559,Schizophrenia,1,Number,1998,2237.9384404085104,2830.5789665738803,1726.8678699062343
6,Incidence,104,Caribbean,3,Both,22,All ages,559,Schizophrenia,1,Number,1998,5112.920955454578,6423.574309696147,3960.147714220394
6,Incidence,104,Caribbean,1,Male,22,All ages,559,Schizophrenia,2,Percent,1998,3.39213208313e-05,4.28763932092e-05,2.59549943954e-05
6,Incidence,104,Caribbean,2,Female,22,All ages,559,Schizophrenia,2,Percent,1998,2.39670350372e-05,3.04482486926e-05,1.83803440476e-05
6,Incidence,104,Caribbean,3,Both,22,All ages,559,Schizophrenia,2,Percent,1998,2.8702989113e-05,3.63234415798e-05,2.20374651687e-05
6,Incidence,104,Caribbean,1,Male,22,All ages,559,Schizophrenia,3,Rate,1998,14.86294434652,18.74012344425,11.54742598308
6,Incidence,104,Caribbean,2,Female,22,All ages,559,Schizophrenia,3,Rate,1998,11.27066694734,14.25531293639,8.696822161130001
6,Incidence,104,Caribbean,3,Both,22,All ages,559,Schizophrenia,3,Rate,1998,13.043298978620001,16.38683659746,10.10252086549
6,Incidence,104,Caribbean,1,Male,27,Age-standardized,559,Schizophrenia,2,Percent,1998,3.25145512087e-05,4.09853698204e-05,2.51460699654e-05
6,Incidence,104,Caribbean,2,Female,27,Age-standardized,559,Schizophrenia,2,Percent,1998,2.25704534763e-05,2.85379583066e-05,1.73519148946e-05
6,Incidence,104,Caribbean,3,Both,27,Age-standardized,559,Schizophrenia,2,Percent,1998,2.72573984072e-05,3.43757903931e-05,2.10500358148e-05
6,Incidence,104,Caribbean,1,Male,27,Age-standardized,559,Schizophrenia,3,Rate,1998,14.13196302232,17.658061189,11.08245856786
6,Incidence,104,Caribbean,2,Female,27,Age-standardized,559,Schizophrenia,3,Rate,1998,10.58559956026,13.35795048144,8.25629447315
6,Incidence,104,Caribbean,3,Both,27,Age-standardized,559,Schizophrenia,3,Rate,1998,12.325310059,15.4578396612,9.623755311
6,Incidence,138,North Africa and Middle East,1,Male,22,All ages,559,Schizophrenia,1,Number,1998,33440.88314219102,42292.14165919992,25565.390448856862
6,Incidence,138,North Africa and Middle East,2,Female,22,All ages,559,Schizophrenia,1,Number,1998,28540.29375814517,36282.62218945786,21758.03172658365
6,Incidence,138,North Africa and Middle East,3,Both,22,All ages,559,Schizophrenia,1,Number,1998,61981.17690033621,78595.34808951491,47358.9081437248
6,Incidence,138,North Africa and Middle East,1,Male,22,All ages,559,Schizophrenia,2,Percent,1998,3.89773600391e-05,4.92034860187e-05,2.9507389769e-05
6,Incidence,138,North Africa and Middle East,2,Female,22,All ages,559,Schizophrenia,2,Percent,1998,3.20413062249e-05,4.04885539014e-05,2.42528268419e-05
6,Incidence,138,North Africa and Middle East,3,Both,22,All ages,559,Schizophrenia,2,Percent,1998,3.54440221246e-05,4.49221379655e-05,2.68400947698e-05
6,Incidence,138,North Africa and Middle East,1,Male,22,All ages,559,Schizophrenia,3,Rate,1998,16.15271916584,20.42808152639,12.348674241929999
6,Incidence,138,North Africa and Middle East,2,Female,22,All ages,559,Schizophrenia,3,Rate,1998,14.49480264803,18.426910831609998,11.05028485547
6,Incidence,138,North Africa and Middle East,3,Both,22,All ages,559,Schizophrenia,3,Rate,1998,15.344548493460001,19.45768361351,11.7245444335
6,Incidence,138,North Africa and Middle East,1,Male,27,Age-standardized,559,Schizophrenia,2,Percent,1998,3.73538138316e-05,4.69465369988e-05,2.89639583571e-05
6,Incidence,138,North Africa and Middle East,2,Female,27,Age-standardized,559,Schizophrenia,2,Percent,1998,3.02901068816e-05,3.80317806165e-05,2.372820677e-05
6,Incidence,138,North Africa and Middle East,3,Both,27,Age-standardized,559,Schizophrenia,2,Percent,1998,3.37466259678e-05,4.24096290561e-05,2.63154768214e-05
6,Incidence,138,North Africa and Middle East,1,Male,27,Age-standardized,559,Schizophrenia,3,Rate,1998,14.94784151904,18.58022088015,11.86524241657
6,Incidence,138,North Africa and Middle East,2,Female,27,Age-standardized,559,Schizophrenia,3,Rate,1998,13.35543697948,16.71200888324,10.53926439164
6,Incidence,138,North Africa and Middle East,3,Both,27,Age-standardized,559,Schizophrenia,3,Rate,1998,14.17294877247,17.641895980380003,11.19544514296
6,Incidence,65,High-income Asia Pacific,1,Male,22,All ages,559,Schizophrenia,1,Number,1998,14654.119095653605,17902.904596188888,11892.67871138144
6,Incidence,65,High-income Asia Pacific,2,Female,22,All ages,559,Schizophrenia,1,Number,1998,13131.801555220332,16065.47560663252,10825.28739977356
6,Incidence,65,High-income Asia Pacific,3,Both,22,All ages,559,Schizophrenia,1,Number,1998,27785.920650873923,33812.29787525814,22711.762737457862
6,Incidence,65,High-income Asia Pacific,1,Male,22,All ages,559,Schizophrenia,2,Percent,1998,4.01699510533e-05,4.94926660412e-05,3.20683818324e-05
6,Incidence,65,High-income Asia Pacific,2,Female,22,All ages,559,Schizophrenia,2,Percent,1998,3.27165708956e-05,4.01462726724e-05,2.63105314155e-05
6,Incidence,65,High-income Asia Pacific,3,Both,22,All ages,559,Schizophrenia,2,Percent,1998,3.62651393817e-05,4.46829593845e-05,2.91715279361e-05
6,Incidence,65,High-income Asia Pacific,1,Male,22,All ages,559,Schizophrenia,3,Rate,1998,16.56610128997,20.2387689761,13.44436460874
6,Incidence,65,High-income Asia Pacific,2,Female,22,All ages,559,Schizophrenia,3,Rate,1998,14.502016346540001,17.74179946923,11.95483301871
6,Incidence,65,High-income Asia Pacific,3,Both,22,All ages,559,Schizophrenia,3,Rate,1998,15.52199156999,18.888494254919998,12.68742519566
6,Incidence,65,High-income Asia Pacific,1,Male,27,Age-standardized,559,Schizophrenia,2,Percent,1998,3.58690167124e-05,4.39397561581e-05,2.8345694458e-05
6,Incidence,65,High-income Asia Pacific,2,Female,27,Age-standardized,559,Schizophrenia,2,Percent,1998,3.03963025026e-05,3.71574830256e-05,2.41931879132e-05
6,Incidence,65,High-income Asia Pacific,3,Both,27,Age-standardized,559,Schizophrenia,2,Percent,1998,3.3103352204e-05,4.07741380745e-05,2.63916466999e-05
6,Incidence,65,High-income Asia Pacific,1,Male,27,Age-standardized,559,Schizophrenia,3,Rate,1998,15.697233400310001,19.20157422841,12.63471414113
6,Incidence,65,High-income Asia Pacific,2,Female,27,Age-standardized,559,Schizophrenia,3,Rate,1998,14.39084701309,17.48283334881,11.744047941629999
6,Incidence,65,High-income Asia Pacific,3,Both,27,Age-standardized,559,Schizophrenia,3,Rate,1998,15.062509211430001,18.39996860239,12.23978005984
6,Incidence,124,Central Latin America,1,Male,22,All ages,559,Schizophrenia,1,Number,1998,15293.568506056135,19022.033684053345,12000.121447336618
6,Incidence,124,Central Latin America,2,Female,22,All ages,559,Schizophrenia,1,Number,1998,12816.342231470457,16023.40133810084,10002.81902375115
6,Incidence,124,Central Latin America,3,Both,22,All ages,559,Schizophrenia,1,Number,1998,28109.910737526578,35120.38703911675,21964.69484399404
6,Incidence,124,Central Latin America,1,Male,22,All ages,559,Schizophrenia,2,Percent,1998,3.56302043009e-05,4.39958358039e-05,2.76265928394e-05
6,Incidence,124,Central Latin America,2,Female,22,All ages,559,Schizophrenia,2,Percent,1998,2.74254067907e-05,3.38922757382e-05,2.1312907394e-05
6,Incidence,124,Central Latin America,3,Both,22,All ages,559,Schizophrenia,2,Percent,1998,3.13532938305e-05,3.86880978421e-05,2.43343306473e-05
6,Incidence,124,Central Latin America,1,Male,22,All ages,559,Schizophrenia,3,Rate,1998,16.14096814412,20.07602343489,12.66503484326
6,Incidence,124,Central Latin America,2,Female,22,All ages,559,Schizophrenia,3,Rate,1998,13.08139645392,16.354780611989998,10.20968689375
6,Incidence,124,Central Latin America,3,Both,22,All ages,559,Schizophrenia,3,Rate,1998,14.58559270387,18.22316924938,11.39698008473
6,Incidence,124,Central Latin America,1,Male,27,Age-standardized,559,Schizophrenia,2,Percent,1998,3.49619009009e-05,4.3192531052e-05,2.77131464495e-05
6,Incidence,124,Central Latin America,2,Female,27,Age-standardized,559,Schizophrenia,2,Percent,1998,2.57094743933e-05,3.16344234052e-05,2.02910777846e-05
6,Incidence,124,Central Latin America,3,Both,27,Age-standardized,559,Schizophrenia,2,Percent,1998,3.00423932345e-05,3.69357524465e-05,2.37252968678e-05
6,Incidence,124,Central Latin America,1,Male,27,Age-standardized,559,Schizophrenia,3,Rate,1998,15.36376478256,19.03864907053,12.339478057990002
6,Incidence,124,Central Latin America,2,Female,27,Age-standardized,559,Schizophrenia,3,Rate,1998,12.034546851210001,14.86850611625,9.64152523768
6,Incidence,124,Central Latin America,3,Both,27,Age-standardized,559,Schizophrenia,3,Rate,1998,13.64534634802,16.88576506924,10.95328045754
6,Incidence,167,Central Sub-Saharan Africa,1,Male,22,All ages,559,Schizophrenia,1,Number,1998,4379.67473765974,5597.303261707302,3320.440789257623
6,Incidence,167,Central Sub-Saharan Africa,2,Female,22,All ages,559,Schizophrenia,1,Number,1998,4572.893170322342,5836.574198103411,3451.777256610492
6,Incidence,167,Central Sub-Saharan Africa,3,Both,22,All ages,559,Schizophrenia,1,Number,1998,8952.567907982075,11433.273018909884,6787.775270979537
6,Incidence,167,Central Sub-Saharan Africa,1,Male,22,All ages,559,Schizophrenia,2,Percent,1998,1.96193893499e-05,2.51521677703e-05,1.46586145623e-05
6,Incidence,167,Central Sub-Saharan Africa,2,Female,22,All ages,559,Schizophrenia,2,Percent,1998,2.06750443772e-05,2.66583453417e-05,1.55512937274e-05
6,Incidence,167,Central Sub-Saharan Africa,3,Both,22,All ages,559,Schizophrenia,2,Percent,1998,2.01444619735e-05,2.58358585e-05,1.51584143437e-05
6,Incidence,167,Central Sub-Saharan Africa,1,Male,22,All ages,559,Schizophrenia,3,Rate,1998,12.71951840398,16.25577379931,9.64327495947
6,Incidence,167,Central Sub-Saharan Africa,2,Female,22,All ages,559,Schizophrenia,3,Rate,1998,13.106606642129998,16.72850847438,9.89331808849
6,Incidence,167,Central Sub-Saharan Africa,3,Both,22,All ages,559,Schizophrenia,3,Rate,1998,12.91433920783,16.492828375000002,9.791562959030001
6,Incidence,167,Central Sub-Saharan Africa,1,Male,27,Age-standardized,559,Schizophrenia,2,Percent,1998,2.3727251713e-05,3.01624396112e-05,1.84256245884e-05
6,Incidence,167,Central Sub-Saharan Africa,2,Female,27,Age-standardized,559,Schizophrenia,2,Percent,1998,2.44955022667e-05,3.11410937386e-05,1.87145362408e-05
6,Incidence,167,Central Sub-Saharan Africa,3,Both,27,Age-standardized,559,Schizophrenia,2,Percent,1998,2.41038465993e-05,3.06746983367e-05,1.85189957269e-05
6,Incidence,167,Central Sub-Saharan Africa,1,Male,27,Age-standardized,559,Schizophrenia,3,Rate,1998,13.68198695299,17.14903779012,10.77595966631
6,Incidence,167,Central Sub-Saharan Africa,2,Female,27,Age-standardized,559,Schizophrenia,3,Rate,1998,14.018974273489999,17.70758877704,10.91921943674
6,Incidence,167,Central Sub-Saharan Africa,3,Both,27,Age-standardized,559,Schizophrenia,3,Rate,1998,13.84284614175,17.44563871479,10.80167024785
6,Incidence,120,Andean Latin America,1,Male,22,All ages,559,Schizophrenia,1,Number,1998,3479.2125046304627,4483.782243588462,2628.155337305204
6,Incidence,120,Andean Latin America,2,Female,22,All ages,559,Schizophrenia,1,Number,1998,2768.065200046363,3553.366003398618,2069.1607159998507
6,Incidence,120,Andean Latin America,3,Both,22,All ages,559,Schizophrenia,1,Number,1998,6247.277704676822,8018.375466849942,4684.887668553278
6,Incidence,120,Andean Latin America,1,Male,22,All ages,559,Schizophrenia,2,Percent,1998,3.10693085579e-05,3.97373278225e-05,2.34802922863e-05
6,Incidence,120,Andean Latin America,2,Female,22,All ages,559,Schizophrenia,2,Percent,1998,2.25647443251e-05,2.91604722873e-05,1.68052843415e-05
6,Incidence,120,Andean Latin America,3,Both,22,All ages,559,Schizophrenia,2,Percent,1998,2.662282813e-05,3.40857005883e-05,2.01159605322e-05
6,Incidence,120,Andean Latin America,1,Male,22,All ages,559,Schizophrenia,3,Rate,1998,15.648488444669999,20.16675168126,11.82068021769
6,Incidence,120,Andean Latin America,2,Female,22,All ages,559,Schizophrenia,3,Rate,1998,12.34338404767,15.845205250640001,9.22682217656
6,Incidence,120,Andean Latin America,3,Both,22,All ages,559,Schizophrenia,3,Rate,1998,13.98883301869,17.954654937609998,10.49034706071
6,Incidence,120,Andean Latin America,1,Male,27,Age-standardized,559,Schizophrenia,2,Percent,1998,3.12107477539e-05,3.95555105768e-05,2.3862859571e-05
6,Incidence,120,Andean Latin America,2,Female,27,Age-standardized,559,Schizophrenia,2,Percent,1998,2.17574012286e-05,2.80806939211e-05,1.64106538866e-05
6,Incidence,120,Andean Latin America,3,Both,27,Age-standardized,559,Schizophrenia,2,Percent,1998,2.61716586372e-05,3.33571360714e-05,1.99446606936e-05
6,Incidence,120,Andean Latin America,1,Male,27,Age-standardized,559,Schizophrenia,3,Rate,1998,15.067210095290001,19.12130843895,11.65614587953
6,Incidence,120,Andean Latin America,2,Female,27,Age-standardized,559,Schizophrenia,3,Rate,1998,11.62111884504,14.896161372009999,8.91234684264
6,Incidence,120,Andean Latin America,3,Both,27,Age-standardized,559,Schizophrenia,3,Rate,1998,13.31895329956,16.90445124847,10.259020719519999
6,Incidence,44634,High-middle SDI,1,Male,22,All ages,559,Schizophrenia,1,Number,1998,105028.26921799096,122628.2101183145,89336.68682980018
6,Incidence,44634,High-middle SDI,2,Female,22,All ages,559,Schizophrenia,1,Number,1998,92464.11967095324,108220.73532533948,79034.14047437109
6,Incidence,44634,High-middle SDI,3,Both,22,All ages,559,Schizophrenia,1,Number,1998,197492.3888889442,230203.71731208044,168356.05864759663
6,Incidence,44634,High-middle SDI,1,Male,22,All ages,559,Schizophrenia,2,Percent,1998,5.0704959158e-05,5.96838696749e-05,4.24460440565e-05
6,Incidence,44634,High-middle SDI,2,Female,22,All ages,559,Schizophrenia,2,Percent,1998,4.1138039837e-05,4.82807691509e-05,3.45755468723e-05
6,Incidence,44634,High-middle SDI,3,Both,22,All ages,559,Schizophrenia,2,Percent,1998,4.57258724854e-05,5.36066282757e-05,3.8315095862e-05
6,Incidence,44634,High-middle SDI,1,Male,22,All ages,559,Schizophrenia,3,Rate,1998,18.54345127782,21.65083987908,15.772996278859999
6,Incidence,44634,High-middle SDI,2,Female,22,All ages,559,Schizophrenia,3,Rate,1998,16.18246003749,18.94007892859,13.832033705350002
6,Incidence,44634,High-middle SDI,3,Both,22,All ages,559,Schizophrenia,3,Rate,1998,17.35777338413,20.23279975379,14.796956633570002
6,Incidence,44634,High-middle SDI,1,Male,27,Age-standardized,559,Schizophrenia,2,Percent,1998,4.42642294528e-05,5.19469635208e-05,3.71823594754e-05
6,Incidence,44634,High-middle SDI,2,Female,27,Age-standardized,559,Schizophrenia,2,Percent,1998,3.72013240448e-05,4.36350878344e-05,3.14144044327e-05
6,Incidence,44634,High-middle SDI,3,Both,27,Age-standardized,559,Schizophrenia,2,Percent,1998,4.0619693023e-05,4.7644096207e-05,3.42130960495e-05
6,Incidence,44634,High-middle SDI,1,Male,27,Age-standardized,559,Schizophrenia,3,Rate,1998,16.69333064545,19.44976838541,14.208292427609999
6,Incidence,44634,High-middle SDI,2,Female,27,Age-standardized,559,Schizophrenia,3,Rate,1998,15.04474923032,17.57751634285,12.92863771011
6,Incidence,44634,High-middle SDI,3,Both,27,Age-standardized,559,Schizophrenia,3,Rate,1998,15.87487229348,18.51811369079,13.593392742339999
6,Incidence,159,South Asia,1,Male,22,All ages,559,Schizophrenia,1,Number,1998,117098.6557483842,142985.70061602455,95202.94944532902
6,Incidence,159,South Asia,2,Female,22,All ages,559,Schizophrenia,1,Number,1998,84993.3946677837,104579.44367333944,68411.68541507122
6,Incidence,159,South Asia,3,Both,22,All ages,559,Schizophrenia,1,Number,1998,202092.0504161678,247966.5453054901,163101.62514726672
6,Incidence,159,South Asia,1,Male,22,All ages,559,Schizophrenia,2,Percent,1998,3.44287618537e-05,4.2070428477e-05,2.76865314105e-05
6,Incidence,159,South Asia,2,Female,22,All ages,559,Schizophrenia,2,Percent,1998,2.51074075344e-05,3.09209376282e-05,1.98703503828e-05
6,Incidence,159,South Asia,3,Both,22,All ages,559,Schizophrenia,2,Percent,1998,2.97786646436e-05,3.64368474215e-05,2.35980817487e-05
6,Incidence,159,South Asia,1,Male,22,All ages,559,Schizophrenia,3,Rate,1998,17.68725442339,21.59738256207,14.38000101653
6,Incidence,159,South Asia,2,Female,22,All ages,559,Schizophrenia,3,Rate,1998,13.854241886050001,17.04684128246,11.15136112962
6,Incidence,159,South Asia,3,Both,22,All ages,559,Schizophrenia,3,Rate,1998,15.843722561180002,19.44021617963,12.786929979629999
6,Incidence,159,South Asia,1,Male,27,Age-standardized,559,Schizophrenia,2,Percent,1998,3.41845135999e-05,4.13441678109e-05,2.75334938406e-05
6,Incidence,159,South Asia,2,Female,27,Age-standardized,559,Schizophrenia,2,Percent,1998,2.41159274252e-05,2.92612502479e-05,1.92284953595e-05
6,Incidence,159,South Asia,3,Both,27,Age-standardized,559,Schizophrenia,2,Percent,1998,2.90758981252e-05,3.51502500226e-05,2.33560843311e-05
6,Incidence,159,South Asia,1,Male,27,Age-standardized,559,Schizophrenia,3,Rate,1998,17.10835985485,20.78339081551,13.99371017158
6,Incidence,159,South Asia,2,Female,27,Age-standardized,559,Schizophrenia,3,Rate,1998,13.088595215740002,15.84535955295,10.70037493236
6,Incidence,159,South Asia,3,Both,27,Age-standardized,559,Schizophrenia,3,Rate,1998,15.14554468642,18.384076800179997,12.3996188113
6,Incidence,134,Tropical Latin America,1,Male,22,All ages,559,Schizophrenia,1,Number,1998,14625.505377279784,17782.97246048228,11895.704946680424
6,Incidence,134,Tropical Latin America,2,Female,22,All ages,559,Schizophrenia,1,Number,1998,11794.544081407155,14312.102251425078,9586.569544269803
6,Incidence,134,Tropical Latin America,3,Both,22,All ages,559,Schizophrenia,1,Number,1998,26420.04945868693,32133.459226581133,21395.97079442069
6,Incidence,134,Tropical Latin America,1,Male,22,All ages,559,Schizophrenia,2,Percent,1998,3.08850083821e-05,3.74158468725e-05,2.48290909059e-05
6,Incidence,134,Tropical Latin America,2,Female,22,All ages,559,Schizophrenia,2,Percent,1998,2.3254858029e-05,2.81483232974e-05,1.86435704987e-05
6,Incidence,134,Tropical Latin America,3,Both,22,All ages,559,Schizophrenia,2,Percent,1998,2.6938739996e-05,3.25023967475e-05,2.16585673821e-05
6,Incidence,134,Tropical Latin America,1,Male,22,All ages,559,Schizophrenia,3,Rate,1998,17.0228541782,20.69787944012,13.84559681396
6,Incidence,134,Tropical Latin America,2,Female,22,All ages,559,Schizophrenia,3,Rate,1998,13.365298459349999,16.21813584746,10.86327392362
6,Incidence,134,Tropical Latin America,3,Both,22,All ages,559,Schizophrenia,3,Rate,1998,15.16960394585,18.45007332934,12.28492791037
6,Incidence,134,Tropical Latin America,1,Male,27,Age-standardized,559,Schizophrenia,2,Percent,1998,2.82195999009e-05,3.41955323131e-05,2.29477477769e-05
6,Incidence,134,Tropical Latin America,2,Female,27,Age-standardized,559,Schizophrenia,2,Percent,1998,2.10878657061e-05,2.54682242436e-05,1.70504318672e-05
6,Incidence,134,Tropical Latin America,3,Both,27,Age-standardized,559,Schizophrenia,2,Percent,1998,2.45039129842e-05,2.95744485535e-05,1.98854601769e-05
6,Incidence,134,Tropical Latin America,1,Male,27,Age-standardized,559,Schizophrenia,3,Rate,1998,15.46254435242,18.59923848065,12.71968628447
6,Incidence,134,Tropical Latin America,2,Female,27,Age-standardized,559,Schizophrenia,3,Rate,1998,12.12212230357,14.743298687549999,9.9636997983
6,Incidence,134,Tropical Latin America,3,Both,27,Age-standardized,559,Schizophrenia,3,Rate,1998,13.766761541260001,16.67893894965,11.28988911439
6,Incidence,174,Eastern Sub-Saharan Africa,1,Male,22,All ages,559,Schizophrenia,1,Number,1998,14884.38997194452,18581.058027308834,11594.074518078716
6,Incidence,174,Eastern Sub-Saharan Africa,2,Female,22,All ages,559,Schizophrenia,1,Number,1998,16453.17027711734,20649.75246348103,12688.9890776432
6,Incidence,174,Eastern Sub-Saharan Africa,3,Both,22,All ages,559,Schizophrenia,1,Number,1998,31337.560249061826,39316.4304044554,24294.440427783687
6,Incidence,174,Eastern Sub-Saharan Africa,1,Male,22,All ages,559,Schizophrenia,2,Percent,1998,1.89789137539e-05,2.36424140866e-05,1.4649343367e-05
6,Incidence,174,Eastern Sub-Saharan Africa,2,Female,22,All ages,559,Schizophrenia,2,Percent,1998,2.08060058322e-05,2.60106091231e-05,1.58895586244e-05
6,Incidence,174,Eastern Sub-Saharan Africa,3,Both,22,All ages,559,Schizophrenia,2,Percent,1998,1.98960597088e-05,2.48302099939e-05,1.53205892805e-05
6,Incidence,174,Eastern Sub-Saharan Africa,1,Male,22,All ages,559,Schizophrenia,3,Rate,1998,12.673092669199999,15.82056575484,9.87160246797
6,Incidence,174,Eastern Sub-Saharan Africa,2,Female,22,All ages,559,Schizophrenia,3,Rate,1998,13.79783416037,17.317140413969998,10.64114477679
6,Incidence,174,Eastern Sub-Saharan Africa,3,Both,22,All ages,559,Schizophrenia,3,Rate,1998,13.239730206559999,16.6107038041,10.26409950956
6,Incidence,174,Eastern Sub-Saharan Africa,1,Male,27,Age-standardized,559,Schizophrenia,2,Percent,1998,2.30154330671e-05,2.85761959281e-05,1.83946434151e-05
6,Incidence,174,Eastern Sub-Saharan Africa,2,Female,27,Age-standardized,559,Schizophrenia,2,Percent,1998,2.32835001216e-05,2.90412200378e-05,1.84988174612e-05
6,Incidence,174,Eastern Sub-Saharan Africa,3,Both,27,Age-standardized,559,Schizophrenia,2,Percent,1998,2.31593314729e-05,2.8809110106e-05,1.84721623945e-05
6,Incidence,174,Eastern Sub-Saharan Africa,1,Male,27,Age-standardized,559,Schizophrenia,3,Rate,1998,14.10520520693,17.414911127419998,11.47404124081
6,Incidence,174,Eastern Sub-Saharan Africa,2,Female,27,Age-standardized,559,Schizophrenia,3,Rate,1998,14.43095199234,18.01002897588,11.63085162663
6,Incidence,174,Eastern Sub-Saharan Africa,3,Both,27,Age-standardized,559,Schizophrenia,3,Rate,1998,14.28080303527,17.74283788516,11.56267982164
6,Incidence,44635,High SDI,1,Male,22,All ages,559,Schizophrenia,1,Number,1998,77779.1472453817,92928.84328170076,64676.14074444128
6,Incidence,44635,High SDI,2,Female,22,All ages,559,Schizophrenia,1,Number,1998,67570.32295092772,81081.61596606679,56232.54974623787
6,Incidence,44635,High SDI,3,Both,22,All ages,559,Schizophrenia,1,Number,1998,145349.4701963096,173767.7716141446,120864.09593291504
6,Incidence,44635,High SDI,1,Male,22,All ages,559,Schizophrenia,2,Percent,1998,4.05968524075e-05,4.88960778876e-05,3.33508591625e-05
6,Incidence,44635,High SDI,2,Female,22,All ages,559,Schizophrenia,2,Percent,1998,3.08630595743e-05,3.73843150799e-05,2.53977174097e-05
6,Incidence,44635,High SDI,3,Both,22,All ages,559,Schizophrenia,2,Percent,1998,3.54055733721e-05,4.27807800742e-05,2.9213362434e-05
6,Incidence,44635,High SDI,1,Male,22,All ages,559,Schizophrenia,3,Rate,1998,16.91078258235,20.20463736133,14.06192010494
6,Incidence,44635,High SDI,2,Female,22,All ages,559,Schizophrenia,3,Rate,1998,14.346701425840001,17.215453243200002,11.93943681768
6,Incidence,44635,High SDI,3,Both,22,All ages,559,Schizophrenia,3,Rate,1998,15.61353329125,18.666245452290003,12.983298687069999
6,Incidence,44635,High SDI,1,Male,27,Age-standardized,559,Schizophrenia,2,Percent,1998,3.81808095086e-05,4.59423813458e-05,3.09821971665e-05
6,Incidence,44635,High SDI,2,Female,27,Age-standardized,559,Schizophrenia,2,Percent,1998,3.07251415363e-05,3.68959179446e-05,2.5012904919e-05
6,Incidence,44635,High SDI,3,Both,27,Age-standardized,559,Schizophrenia,2,Percent,1998,3.43242732055e-05,4.13234382767e-05,2.79300229735e-05
6,Incidence,44635,High SDI,1,Male,27,Age-standardized,559,Schizophrenia,3,Rate,1998,16.53937080943,19.88720459888,13.64091188512
6,Incidence,44635,High SDI,2,Female,27,Age-standardized,559,Schizophrenia,3,Rate,1998,14.80670272474,17.797938624449998,12.20393958468
6,Incidence,44635,High SDI,3,Both,27,Age-standardized,559,Schizophrenia,3,Rate,1998,15.691852486430001,18.85149519142,12.93736812373
6,Incidence,44636,Low-middle SDI,1,Male,22,All ages,559,Schizophrenia,1,Number,1998,114647.049413649,141223.30514582212,91716.73546491162
6,Incidence,44636,Low-middle SDI,2,Female,22,All ages,559,Schizophrenia,1,Number,1998,93354.40682280822,115355.71423354826,73470.4188677693
6,Incidence,44636,Low-middle SDI,3,Both,22,All ages,559,Schizophrenia,1,Number,1998,208001.4562364574,256570.712870978,165155.48565192646
6,Incidence,44636,Low-middle SDI,1,Male,22,All ages,559,Schizophrenia,2,Percent,1998,3.22419523295e-05,3.93760556186e-05,2.55612060449e-05
6,Incidence,44636,Low-middle SDI,2,Female,22,All ages,559,Schizophrenia,2,Percent,1998,2.57894392613e-05,3.15878616875e-05,2.02261609934e-05
6,Incidence,44636,Low-middle SDI,3,Both,22,All ages,559,Schizophrenia,2,Percent,1998,2.89866806242e-05,3.54547248728e-05,2.28742469067e-05
6,Incidence,44636,Low-middle SDI,1,Male,22,All ages,559,Schizophrenia,3,Rate,1998,16.783685998150002,20.6743010074,13.42681644832
6,Incidence,44636,Low-middle SDI,2,Female,22,All ages,559,Schizophrenia,3,Rate,1998,14.14080456292,17.47343982689,11.12888903399
6,Incidence,44636,Low-middle SDI,3,Both,22,All ages,559,Schizophrenia,3,Rate,1998,15.48478186062,19.10054666211,12.295090210799998
6,Incidence,44636,Low-middle SDI,1,Male,27,Age-standardized,559,Schizophrenia,2,Percent,1998,3.30296648251e-05,4.04798295382e-05,2.65984512747e-05
6,Incidence,44636,Low-middle SDI,2,Female,27,Age-standardized,559,Schizophrenia,2,Percent,1998,2.53390284997e-05,3.11169775928e-05,2.00325775548e-05
6,Incidence,44636,Low-middle SDI,3,Both,27,Age-standardized,559,Schizophrenia,2,Percent,1998,2.90743543186e-05,3.56843588234e-05,2.31481010624e-05
6,Incidence,44636,Low-middle SDI,1,Male,27,Age-standardized,559,Schizophrenia,3,Rate,1998,16.51655013626,20.079138425460002,13.51956134047
6,Incidence,44636,Low-middle SDI,2,Female,27,Age-standardized,559,Schizophrenia,3,Rate,1998,13.50020498845,16.52271659439,10.97546842659
6,Incidence,44636,Low-middle SDI,3,Both,27,Age-standardized,559,Schizophrenia,3,Rate,1998,15.010946174799999,18.267041958500002,12.257492431649998
6,Incidence,199,Western Sub-Saharan Africa,1,Male,22,All ages,559,Schizophrenia,1,Number,1998,14863.848077950432,18422.38424973385,11768.817012540045
6,Incidence,199,Western Sub-Saharan Africa,2,Female,22,All ages,559,Schizophrenia,1,Number,1998,19818.09863423689,24611.95621666176,15471.507135917116
6,Incidence,199,Western Sub-Saharan Africa,3,Both,22,All ages,559,Schizophrenia,1,Number,1998,34681.94671218727,43085.651809089584,27228.859361994557
6,Incidence,199,Western Sub-Saharan Africa,1,Male,22,All ages,559,Schizophrenia,2,Percent,1998,1.94268655109e-05,2.4080215804e-05,1.52751633545e-05
6,Incidence,199,Western Sub-Saharan Africa,2,Female,22,All ages,559,Schizophrenia,2,Percent,1998,2.50527102861e-05,3.10924779173e-05,1.9490953176e-05
6,Incidence,199,Western Sub-Saharan Africa,3,Both,22,All ages,559,Schizophrenia,2,Percent,1998,2.22866009908e-05,2.76587549122e-05,1.73254947667e-05
6,Incidence,199,Western Sub-Saharan Africa,1,Male,22,All ages,559,Schizophrenia,3,Rate,1998,12.18950160655,15.107775673630002,9.65133746855
6,Incidence,199,Western Sub-Saharan Africa,2,Female,22,All ages,559,Schizophrenia,3,Rate,1998,16.2298265101,20.15570650055,12.670230444400001
6,Incidence,199,Western Sub-Saharan Africa,3,Both,22,All ages,559,Schizophrenia,3,Rate,1998,14.211066047429998,17.65451774194,11.15713376762
6,Incidence,199,Western Sub-Saharan Africa,1,Male,27,Age-standardized,559,Schizophrenia,2,Percent,1998,2.3259357464e-05,2.86461721381e-05,1.86298613247e-05
6,Incidence,199,Western Sub-Saharan Africa,2,Female,27,Age-standardized,559,Schizophrenia,2,Percent,1998,2.74011593012e-05,3.4028791023e-05,2.1772382376e-05
6,Incidence,199,Western Sub-Saharan Africa,3,Both,27,Age-standardized,559,Schizophrenia,2,Percent,1998,2.54834774641e-05,3.15393964514e-05,2.0344428244e-05
6,Incidence,199,Western Sub-Saharan Africa,1,Male,27,Age-standardized,559,Schizophrenia,3,Rate,1998,13.36885353484,16.42362329093,10.88049791528
6,Incidence,199,Western Sub-Saharan Africa,2,Female,27,Age-standardized,559,Schizophrenia,3,Rate,1998,16.5779768755,20.35630987159,13.47173833139
6,Incidence,199,Western Sub-Saharan Africa,3,Both,27,Age-standardized,559,Schizophrenia,3,Rate,1998,15.03425679492,18.49766686276,12.224791980009998
6,Incidence,192,Southern Sub-Saharan Africa,1,Male,22,All ages,559,Schizophrenia,1,Number,1998,4313.044859276047,5282.033662332622,3449.491427410648
6,Incidence,192,Southern Sub-Saharan Africa,2,Female,22,All ages,559,Schizophrenia,1,Number,1998,4823.156880217824,5905.17604238602,3831.004595212285
6,Incidence,192,Southern Sub-Saharan Africa,3,Both,22,All ages,559,Schizophrenia,1,Number,1998,9136.201739493878,11160.111544900596,7284.838719733567
6,Incidence,192,Southern Sub-Saharan Africa,1,Male,22,All ages,559,Schizophrenia,2,Percent,1998,2.23561135561e-05,2.74429625477e-05,1.7732301358e-05
6,Incidence,192,Southern Sub-Saharan Africa,2,Female,22,All ages,559,Schizophrenia,2,Percent,1998,2.27283235133e-05,2.79554941532e-05,1.78839825095e-05
6,Incidence,192,Southern Sub-Saharan Africa,3,Both,22,All ages,559,Schizophrenia,2,Percent,1998,2.25507655196e-05,2.76667399731e-05,1.778173292e-05
6,Incidence,192,Southern Sub-Saharan Africa,1,Male,22,All ages,559,Schizophrenia,3,Rate,1998,14.51651139279,17.77785864468,11.61003032408
6,Incidence,192,Southern Sub-Saharan Africa,2,Female,22,All ages,559,Schizophrenia,3,Rate,1998,15.07959600045,18.46252801686,11.97763270123
6,Incidence,192,Southern Sub-Saharan Africa,3,Both,22,All ages,559,Schizophrenia,3,Rate,1998,14.808427871080001,18.08888546446,11.80764302383
6,Incidence,192,Southern Sub-Saharan Africa,1,Male,27,Age-standardized,559,Schizophrenia,2,Percent,1998,2.18754497361e-05,2.67609519225e-05,1.76151668918e-05
6,Incidence,192,Southern Sub-Saharan Africa,2,Female,27,Age-standardized,559,Schizophrenia,2,Percent,1998,2.16975002424e-05,2.65536473076e-05,1.73038045813e-05
6,Incidence,192,Southern Sub-Saharan Africa,3,Both,27,Age-standardized,559,Schizophrenia,2,Percent,1998,2.17683305601e-05,2.66299052814e-05,1.7450145094e-05
6,Incidence,192,Southern Sub-Saharan Africa,1,Male,27,Age-standardized,559,Schizophrenia,3,Rate,1998,13.7309458438,16.65977101603,11.316454191490001
6,Incidence,192,Southern Sub-Saharan Africa,2,Female,27,Age-standardized,559,Schizophrenia,3,Rate,1998,14.06408949281,17.16146743321,11.42008077664
6,Incidence,192,Southern Sub-Saharan Africa,3,Both,27,Age-standardized,559,Schizophrenia,3,Rate,1998,13.898712030710001,16.90077994942,11.37695638421
6,Incidence,44639,Middle SDI,1,Male,22,All ages,559,Schizophrenia,1,Number,1998,184855.84145878995,222606.87399572067,152707.75430618232
6,Incidence,44639,Middle SDI,2,Female,22,All ages,559,Schizophrenia,1,Number,1998,154246.62859777574,185993.70916240563,126277.69920098675
6,Incidence,44639,Middle SDI,3,Both,22,All ages,559,Schizophrenia,1,Number,1998,339102.470056566,407710.95123635046,279263.27266535896
6,Incidence,44639,Middle SDI,1,Male,22,All ages,559,Schizophrenia,2,Percent,1998,4.47076001557e-05,5.39463748377e-05,3.65014569715e-05
6,Incidence,44639,Middle SDI,2,Female,22,All ages,559,Schizophrenia,2,Percent,1998,3.66335165027e-05,4.41617207421e-05,2.97989559938e-05
6,Incidence,44639,Middle SDI,3,Both,22,All ages,559,Schizophrenia,2,Percent,1998,4.06336687265e-05,4.91253442344e-05,3.31393254394e-05
6,Incidence,44639,Middle SDI,1,Male,22,All ages,559,Schizophrenia,3,Rate,1998,18.97106977445,22.84531830597,15.67183075839
6,Incidence,44639,Middle SDI,2,Female,22,All ages,559,Schizophrenia,3,Rate,1998,16.41887669133,19.79821409299,13.441706900789999
6,Incidence,44639,Middle SDI,3,Both,22,All ages,559,Schizophrenia,3,Rate,1998,17.71828492014,21.303114653999998,14.59165494132
6,Incidence,44639,Middle SDI,1,Male,27,Age-standardized,559,Schizophrenia,2,Percent,1998,4.07957448357e-05,4.91222939454e-05,3.3316037882e-05
6,Incidence,44639,Middle SDI,2,Female,27,Age-standardized,559,Schizophrenia,2,Percent,1998,3.29479579087e-05,3.95981676622e-05,2.68600816836e-05
6,Incidence,44639,Middle SDI,3,Both,27,Age-standardized,559,Schizophrenia,2,Percent,1998,3.68121103749e-05,4.41851212275e-05,3.00249140117e-05
6,Incidence,44639,Middle SDI,1,Male,27,Age-standardized,559,Schizophrenia,3,Rate,1998,17.24494891562,20.62871134135,14.363321208010001
6,Incidence,44639,Middle SDI,2,Female,27,Age-standardized,559,Schizophrenia,3,Rate,1998,14.76282299532,17.66724595265,12.32365880851
6,Incidence,44639,Middle SDI,3,Both,27,Age-standardized,559,Schizophrenia,3,Rate,1998,16.022802401539998,19.13274803521,13.359233425270002
6,Incidence,44637,Low SDI,1,Male,22,All ages,559,Schizophrenia,1,Number,1998,42967.65629902931,53295.13113523386,33955.53922753965
6,Incidence,44637,Low SDI,2,Female,22,All ages,559,Schizophrenia,1,Number,1998,42021.59381178256,52593.41413241295,32694.374634490865
6,Incidence,44637,Low SDI,3,Both,22,All ages,559,Schizophrenia,1,Number,1998,84989.25011081186,105888.16118349592,66558.36038851796
6,Incidence,44637,Low SDI,1,Male,22,All ages,559,Schizophrenia,2,Percent,1998,2.26886248909e-05,2.79413031147e-05,1.76338605125e-05
6,Incidence,44637,Low SDI,2,Female,22,All ages,559,Schizophrenia,2,Percent,1998,2.22268396953e-05,2.76323508447e-05,1.70875874486e-05
6,Incidence,44637,Low SDI,3,Both,22,All ages,559,Schizophrenia,2,Percent,1998,2.24578120504e-05,2.77706430109e-05,1.73756009134e-05
6,Incidence,44637,Low SDI,1,Male,22,All ages,559,Schizophrenia,3,Rate,1998,13.82477247516,17.14762045318,10.9251386863
6,Incidence,44637,Low SDI,2,Female,22,All ages,559,Schizophrenia,3,Rate,1998,13.74388762346,17.20158394771,10.69325958716
6,Incidence,44637,Low SDI,3,Both,22,All ages,559,Schizophrenia,3,Rate,1998,13.784661591479999,17.174318711549997,10.7953002626
6,Incidence,44637,Low SDI,1,Male,27,Age-standardized,559,Schizophrenia,2,Percent,1998,2.66248875556e-05,3.27663179355e-05,2.12362826535e-05
6,Incidence,44637,Low SDI,2,Female,27,Age-standardized,559,Schizophrenia,2,Percent,1998,2.46388192494e-05,3.05499094272e-05,1.95204503837e-05
6,Incidence,44637,Low SDI,3,Both,27,Age-standardized,559,Schizophrenia,2,Percent,1998,2.56110616346e-05,3.15980224154e-05,2.03493994985e-05
6,Incidence,44637,Low SDI,1,Male,27,Age-standardized,559,Schizophrenia,3,Rate,1998,14.948502931470001,18.276889510060002,12.154440169839999
6,Incidence,44637,Low SDI,2,Female,27,Age-standardized,559,Schizophrenia,3,Rate,1998,14.27980944496,17.61306122288,11.5437644075
6,Incidence,44637,Low SDI,3,Both,27,Age-standardized,559,Schizophrenia,3,Rate,1998,14.614321750439998,17.92828267671,11.84922275611
