measure_id,measure_name,location_id,location_name,sex_id,sex_name,age_id,age_name,cause_id,cause_name,metric_id,metric_name,year,val,upper,lower
2,DALYs (Disability-Adjusted Life Years),42,Central Europe,1,Male,22,All ages,559,Schizophrenia,1,Number,1992,95339.05968885125,127528.32449034396,67428.83564602493
2,DALYs (Disability-Adjusted Life Years),42,Central Europe,2,Female,22,All ages,559,Schizophrenia,1,Number,1992,96396.24294351849,128116.00739536254,69184.2873977517
2,DALYs (Disability-Adjusted Life Years),42,Central Europe,3,Both,22,All ages,559,Schizophrenia,1,Number,1992,191735.30263236983,255989.94616127168,137001.86352187823
2,DALYs (Disability-Adjusted Life Years),42,Central Europe,1,Male,22,All ages,559,Schizophrenia,2,Percent,1992,0.0034496023709321604,0.00449364789690326,0.002488524968982735
2,DALYs (Disability-Adjusted Life Years),42,Central Europe,2,Female,22,All ages,559,Schizophrenia,2,Percent,1992,0.004409211333956376,0.005764996665859835,0.0032039989962662665
2,DALYs (Disability-Adjusted Life Years),42,Central Europe,3,Both,22,All ages,559,Schizophrenia,2,Percent,1992,0.00387301106249511,0.005069873758660229,0.0027897275589221183
2,DALYs (Disability-Adjusted Life Years),42,Central Europe,1,Male,22,All ages,559,Schizophrenia,3,Rate,1992,155.7401299661592,208.32256889581225,110.14767358993272
2,DALYs (Disability-Adjusted Life Years),42,Central Europe,2,Female,22,All ages,559,Schizophrenia,3,Rate,1992,150.72000340223994,200.31532849080568,108.17284692392457
2,DALYs (Disability-Adjusted Life Years),42,Central Europe,3,Both,22,All ages,559,Schizophrenia,3,Rate,1992,153.1751143782214,204.50740549386776,109.44920328641824
2,DALYs (Disability-Adjusted Life Years),42,Central Europe,1,Male,27,Age-standardized,559,Schizophrenia,3,Rate,1992,142.34762590217107,190.35861895460235,101.07890533433655
2,DALYs (Disability-Adjusted Life Years),42,Central Europe,2,Female,27,Age-standardized,559,Schizophrenia,3,Rate,1992,138.14231570169227,183.46471197268545,99.97891523580462
2,DALYs (Disability-Adjusted Life Years),42,Central Europe,3,Both,27,Age-standardized,559,Schizophrenia,3,Rate,1992,140.23282902698472,187.70728205267173,100.55048963811281
2,DALYs (Disability-Adjusted Life Years),32,Central Asia,1,Male,22,All ages,559,Schizophrenia,1,Number,1992,42350.390652697184,57604.60161478972,29768.193424858546
2,DALYs (Disability-Adjusted Life Years),32,Central Asia,2,Female,22,All ages,559,Schizophrenia,1,Number,1992,43257.805155225855,59392.4189907683,30542.894601591845
2,DALYs (Disability-Adjusted Life Years),32,Central Asia,3,Both,22,All ages,559,Schizophrenia,1,Number,1992,85608.1958079231,116788.90648930837,59615.06728211214
2,DALYs (Disability-Adjusted Life Years),32,Central Asia,1,Male,22,All ages,559,Schizophrenia,2,Percent,1992,0.002586956421388389,0.0034923892379190285,0.0018281662920841418
2,DALYs (Disability-Adjusted Life Years),32,Central Asia,2,Female,22,All ages,559,Schizophrenia,2,Percent,1992,0.0032424942719038274,0.004385398256475785,0.002311598611855612
2,DALYs (Disability-Adjusted Life Years),32,Central Asia,3,Both,22,All ages,559,Schizophrenia,2,Percent,1992,0.002881067188818988,0.003868747894783874,0.002038216365552784
2,DALYs (Disability-Adjusted Life Years),32,Central Asia,1,Male,22,All ages,559,Schizophrenia,3,Rate,1992,122.15151924607872,166.14934347396732,85.86060237028813
2,DALYs (Disability-Adjusted Life Years),32,Central Asia,2,Female,22,All ages,559,Schizophrenia,3,Rate,1992,119.72622483979744,164.38259140406558,84.5346973385831
2,DALYs (Disability-Adjusted Life Years),32,Central Asia,3,Both,22,All ages,559,Schizophrenia,3,Rate,1992,120.91386195461642,164.95380592721108,84.20091029528906
2,DALYs (Disability-Adjusted Life Years),32,Central Asia,1,Male,27,Age-standardized,559,Schizophrenia,3,Rate,1992,140.0049297145584,188.6659275691661,98.5151683784718
2,DALYs (Disability-Adjusted Life Years),32,Central Asia,2,Female,27,Age-standardized,559,Schizophrenia,3,Rate,1992,133.94182977717767,182.32664791007053,96.65965062041307
2,DALYs (Disability-Adjusted Life Years),32,Central Asia,3,Both,27,Age-standardized,559,Schizophrenia,3,Rate,1992,136.87555700821545,185.6953190539713,97.76174831080804
2,DALYs (Disability-Adjusted Life Years),56,Eastern Europe,1,Male,22,All ages,559,Schizophrenia,1,Number,1992,145571.24594548807,189026.57865457237,105807.28581244458
2,DALYs (Disability-Adjusted Life Years),56,Eastern Europe,2,Female,22,All ages,559,Schizophrenia,1,Number,1992,168292.0508679,215616.88371555583,124316.85308025044
2,DALYs (Disability-Adjusted Life Years),56,Eastern Europe,3,Both,22,All ages,559,Schizophrenia,1,Number,1992,313863.2968133877,403960.132376284,228708.7999009167
2,DALYs (Disability-Adjusted Life Years),56,Eastern Europe,1,Male,22,All ages,559,Schizophrenia,2,Percent,1992,0.0025587981866235414,0.0032900253125426526,0.0018630986794542152
2,DALYs (Disability-Adjusted Life Years),56,Eastern Europe,2,Female,22,All ages,559,Schizophrenia,2,Percent,1992,0.003622576281888793,0.004589435865657359,0.002642152709108612
2,DALYs (Disability-Adjusted Life Years),56,Eastern Europe,3,Both,22,All ages,559,Schizophrenia,2,Percent,1992,0.0030366153543108726,0.0038666353566902028,0.0022184203558439143
2,DALYs (Disability-Adjusted Life Years),56,Eastern Europe,1,Male,22,All ages,559,Schizophrenia,3,Rate,1992,136.9665994940108,177.85330835183672,99.55306795167681
2,DALYs (Disability-Adjusted Life Years),56,Eastern Europe,2,Female,22,All ages,559,Schizophrenia,3,Rate,1992,139.36897783408364,178.56045209642932,102.95146236552998
2,DALYs (Disability-Adjusted Life Years),56,Eastern Europe,3,Both,22,All ages,559,Schizophrenia,3,Rate,1992,138.24434907556747,177.9284361052356,100.73716643891379
2,DALYs (Disability-Adjusted Life Years),56,Eastern Europe,1,Male,27,Age-standardized,559,Schizophrenia,3,Rate,1992,122.52247849805106,158.737914429731,89.61532707476258
2,DALYs (Disability-Adjusted Life Years),56,Eastern Europe,2,Female,27,Age-standardized,559,Schizophrenia,3,Rate,1992,125.23952571726637,161.51358876254338,91.87923523458089
2,DALYs (Disability-Adjusted Life Years),56,Eastern Europe,3,Both,27,Age-standardized,559,Schizophrenia,3,Rate,1992,123.94446197832427,159.96033223329906,90.49441806588894
2,DALYs (Disability-Adjusted Life Years),70,Australasia,1,Male,22,All ages,559,Schizophrenia,1,Number,1992,31930.133671347787,38822.6662377463,23931.735982236067
2,DALYs (Disability-Adjusted Life Years),70,Australasia,2,Female,22,All ages,559,Schizophrenia,1,Number,1992,24058.36367863523,29936.008090840216,18103.735922466523
2,DALYs (Disability-Adjusted Life Years),70,Australasia,3,Both,22,All ages,559,Schizophrenia,1,Number,1992,55988.497349983,68185.19146267769,42504.214731394786
2,DALYs (Disability-Adjusted Life Years),70,Australasia,1,Male,22,All ages,559,Schizophrenia,2,Percent,1992,0.010169885575206681,0.012188669580880399,0.007862531198780984
2,DALYs (Disability-Adjusted Life Years),70,Australasia,2,Female,22,All ages,559,Schizophrenia,2,Percent,1992,0.00859072903864852,0.010517315102429379,0.0065920314383835135
2,DALYs (Disability-Adjusted Life Years),70,Australasia,3,Both,22,All ages,559,Schizophrenia,2,Percent,1992,0.009423828280008782,0.011336578320475882,0.007277163778755671
2,DALYs (Disability-Adjusted Life Years),70,Australasia,1,Male,22,All ages,559,Schizophrenia,3,Rate,1992,309.5726008834462,376.39785301724913,232.02564160653125
2,DALYs (Disability-Adjusted Life Years),70,Australasia,2,Female,22,All ages,559,Schizophrenia,3,Rate,1992,229.56326303229693,285.6473445697104,172.74461168475372
2,DALYs (Disability-Adjusted Life Years),70,Australasia,3,Both,22,All ages,559,Schizophrenia,3,Rate,1992,269.24897154981767,327.90293623157845,204.40298712471397
2,DALYs (Disability-Adjusted Life Years),70,Australasia,1,Male,27,Age-standardized,559,Schizophrenia,3,Rate,1992,282.7966718454214,343.31598643552786,211.81310726625483
2,DALYs (Disability-Adjusted Life Years),70,Australasia,2,Female,27,Age-standardized,559,Schizophrenia,3,Rate,1992,208.8425451864469,259.4992725596331,156.86884179937016
2,DALYs (Disability-Adjusted Life Years),70,Australasia,3,Both,27,Age-standardized,559,Schizophrenia,3,Rate,1992,245.90281887249435,299.45421203426764,186.55008172823855
2,DALYs (Disability-Adjusted Life Years),120,Andean Latin America,1,Male,22,All ages,559,Schizophrenia,1,Number,1992,27552.909973723043,38746.538294870836,19327.82412963744
2,DALYs (Disability-Adjusted Life Years),120,Andean Latin America,2,Female,22,All ages,559,Schizophrenia,1,Number,1992,22259.921895150692,30765.445753648724,15678.987380465678
2,DALYs (Disability-Adjusted Life Years),120,Andean Latin America,3,Both,22,All ages,559,Schizophrenia,1,Number,1992,49812.83186887374,69472.16922549055,35118.87937306297
2,DALYs (Disability-Adjusted Life Years),120,Andean Latin America,1,Male,22,All ages,559,Schizophrenia,2,Percent,1992,0.0032109128276632086,0.004400417990178162,0.0022567589744244866
2,DALYs (Disability-Adjusted Life Years),120,Andean Latin America,2,Female,22,All ages,559,Schizophrenia,2,Percent,1992,0.002842692358748671,0.003919261612049294,0.0019619833965229634
2,DALYs (Disability-Adjusted Life Years),120,Andean Latin America,3,Both,22,All ages,559,Schizophrenia,2,Percent,1992,0.003034931702044574,0.004130833614559525,0.002125742095973363
2,DALYs (Disability-Adjusted Life Years),120,Andean Latin America,1,Male,22,All ages,559,Schizophrenia,3,Rate,1992,139.89957501330048,196.73509062594826,98.13679877177493
2,DALYs (Disability-Adjusted Life Years),120,Andean Latin America,2,Female,22,All ages,559,Schizophrenia,3,Rate,1992,111.6017369407695,154.24479924218434,78.60774325149677
2,DALYs (Disability-Adjusted Life Years),120,Andean Latin America,3,Both,22,All ages,559,Schizophrenia,3,Rate,1992,125.66103854519758,175.25494149466107,88.59313331511638
2,DALYs (Disability-Adjusted Life Years),120,Andean Latin America,1,Male,27,Age-standardized,559,Schizophrenia,3,Rate,1992,171.3561677937985,237.80589456510825,119.90699627325625
2,DALYs (Disability-Adjusted Life Years),120,Andean Latin America,2,Female,27,Age-standardized,559,Schizophrenia,3,Rate,1992,133.87742818711,183.08948138176356,93.90891232786423
2,DALYs (Disability-Adjusted Life Years),120,Andean Latin America,3,Both,27,Age-standardized,559,Schizophrenia,3,Rate,1992,152.26940450317434,209.36641759964945,107.22548864009177
2,DALYs (Disability-Adjusted Life Years),9,Southeast Asia,1,Male,22,All ages,559,Schizophrenia,1,Number,1992,422834.58049510734,560643.8776109903,306770.68677399075
2,DALYs (Disability-Adjusted Life Years),9,Southeast Asia,2,Female,22,All ages,559,Schizophrenia,1,Number,1992,359880.86067346006,479651.9014205144,263736.69396462024
2,DALYs (Disability-Adjusted Life Years),9,Southeast Asia,3,Both,22,All ages,559,Schizophrenia,1,Number,1992,782715.4411685677,1040819.0712308288,570606.0433837313
2,DALYs (Disability-Adjusted Life Years),9,Southeast Asia,1,Male,22,All ages,559,Schizophrenia,2,Percent,1992,0.003874903187372798,0.0051458325938102,0.0028161860713548314
2,DALYs (Disability-Adjusted Life Years),9,Southeast Asia,2,Female,22,All ages,559,Schizophrenia,2,Percent,1992,0.003951325522661398,0.005214469905142565,0.0028493423261191585
2,DALYs (Disability-Adjusted Life Years),9,Southeast Asia,3,Both,22,All ages,559,Schizophrenia,2,Percent,1992,0.0039092634001536885,0.005162448026455414,0.002847800303504732
2,DALYs (Disability-Adjusted Life Years),9,Southeast Asia,1,Male,22,All ages,559,Schizophrenia,3,Rate,1992,176.7788521208838,234.39421869569355,128.25481257644853
2,DALYs (Disability-Adjusted Life Years),9,Southeast Asia,2,Female,22,All ages,559,Schizophrenia,3,Rate,1992,148.3986098098489,197.78677651891087,108.7530986420181
2,DALYs (Disability-Adjusted Life Years),9,Southeast Asia,3,Both,22,All ages,559,Schizophrenia,3,Rate,1992,162.49089475413484,216.07293438464566,118.45720892271383
2,DALYs (Disability-Adjusted Life Years),9,Southeast Asia,1,Male,27,Age-standardized,559,Schizophrenia,3,Rate,1992,199.96680363970702,263.21743936854466,143.98668755141125
2,DALYs (Disability-Adjusted Life Years),9,Southeast Asia,2,Female,27,Age-standardized,559,Schizophrenia,3,Rate,1992,162.77300138076993,214.48260140256463,119.66957252871482
2,DALYs (Disability-Adjusted Life Years),9,Southeast Asia,3,Both,27,Age-standardized,559,Schizophrenia,3,Rate,1992,180.93856679890064,237.12519861311807,131.89759074977832
2,DALYs (Disability-Adjusted Life Years),138,North Africa and Middle East,1,Male,22,All ages,559,Schizophrenia,1,Number,1992,243342.14465886712,326027.4335046217,175571.4654557377
2,DALYs (Disability-Adjusted Life Years),138,North Africa and Middle East,2,Female,22,All ages,559,Schizophrenia,1,Number,1992,203529.94798164323,272140.7938127881,144910.86611094064
2,DALYs (Disability-Adjusted Life Years),138,North Africa and Middle East,3,Both,22,All ages,559,Schizophrenia,1,Number,1992,446872.0926405106,600033.4508039725,320876.08517456264
2,DALYs (Disability-Adjusted Life Years),138,North Africa and Middle East,1,Male,22,All ages,559,Schizophrenia,2,Percent,1992,0.0028895278138877057,0.0038533287898700323,0.0020866516080712176
2,DALYs (Disability-Adjusted Life Years),138,North Africa and Middle East,2,Female,22,All ages,559,Schizophrenia,2,Percent,1992,0.0028066390879049707,0.0037349882920807574,0.0020284290083678394
2,DALYs (Disability-Adjusted Life Years),138,North Africa and Middle East,3,Both,22,All ages,559,Schizophrenia,2,Percent,1992,0.0028509826735876463,0.003800705424089082,0.0020597209407675716
2,DALYs (Disability-Adjusted Life Years),138,North Africa and Middle East,1,Male,22,All ages,559,Schizophrenia,3,Rate,1992,133.4677651042147,178.81881074700723,96.29705180456607
2,DALYs (Disability-Adjusted Life Years),138,North Africa and Middle East,2,Female,22,All ages,559,Schizophrenia,3,Rate,1992,117.32268566419883,156.8726820083644,83.53233596656774
2,DALYs (Disability-Adjusted Life Years),138,North Africa and Middle East,3,Both,22,All ages,559,Schizophrenia,3,Rate,1992,125.59588128212268,168.6427308699794,90.18400424543147
2,DALYs (Disability-Adjusted Life Years),138,North Africa and Middle East,1,Male,27,Age-standardized,559,Schizophrenia,3,Rate,1992,164.55005542992927,220.03080370706206,119.61272696145299
2,DALYs (Disability-Adjusted Life Years),138,North Africa and Middle East,2,Female,27,Age-standardized,559,Schizophrenia,3,Rate,1992,145.78899044543147,192.8587139092852,105.59747170644012
2,DALYs (Disability-Adjusted Life Years),138,North Africa and Middle East,3,Both,27,Age-standardized,559,Schizophrenia,3,Rate,1992,155.43608141200002,207.73130860579826,113.023572742986
2,DALYs (Disability-Adjusted Life Years),96,Southern Latin America,1,Male,22,All ages,559,Schizophrenia,1,Number,1992,43851.53667153483,59836.41671648918,30828.451073029355
2,DALYs (Disability-Adjusted Life Years),96,Southern Latin America,2,Female,22,All ages,559,Schizophrenia,1,Number,1992,43877.32316613743,58790.03020767252,30322.11664336221
2,DALYs (Disability-Adjusted Life Years),96,Southern Latin America,3,Both,22,All ages,559,Schizophrenia,1,Number,1992,87728.85983767227,118658.57448376212,60964.42481406259
2,DALYs (Disability-Adjusted Life Years),96,Southern Latin America,1,Male,22,All ages,559,Schizophrenia,2,Percent,1992,0.005140699475059646,0.00689294705105139,0.0035843210053678066
2,DALYs (Disability-Adjusted Life Years),96,Southern Latin America,2,Female,22,All ages,559,Schizophrenia,2,Percent,1992,0.006034624951813491,0.007951343370110789,0.004278033249536255
2,DALYs (Disability-Adjusted Life Years),96,Southern Latin America,3,Both,22,All ages,559,Schizophrenia,2,Percent,1992,0.005551229809566438,0.0073597775696034075,0.0039049643304709413
2,DALYs (Disability-Adjusted Life Years),96,Southern Latin America,1,Male,22,All ages,559,Schizophrenia,3,Rate,1992,176.43557936950978,240.7503511187602,124.03751473697554
2,DALYs (Disability-Adjusted Life Years),96,Southern Latin America,2,Female,22,All ages,559,Schizophrenia,3,Rate,1992,169.26103094497847,226.7882451388173,116.97050670243034
2,DALYs (Disability-Adjusted Life Years),96,Southern Latin America,3,Both,22,All ages,559,Schizophrenia,3,Rate,1992,172.77280131195192,233.68563493445785,120.06304966218688
2,DALYs (Disability-Adjusted Life Years),96,Southern Latin America,1,Male,27,Age-standardized,559,Schizophrenia,3,Rate,1992,182.93403545082145,249.4865869885887,127.91535715274398
2,DALYs (Disability-Adjusted Life Years),96,Southern Latin America,2,Female,27,Age-standardized,559,Schizophrenia,3,Rate,1992,173.0151530347871,231.3932970636372,119.30118949121356
2,DALYs (Disability-Adjusted Life Years),96,Southern Latin America,3,Both,27,Age-standardized,559,Schizophrenia,3,Rate,1992,178.02106596988716,240.85636890555253,123.40482905881315
2,DALYs (Disability-Adjusted Life Years),21,Oceania,1,Male,22,All ages,559,Schizophrenia,1,Number,1992,5535.841308405373,7780.388789697333,3859.1891416922044
2,DALYs (Disability-Adjusted Life Years),21,Oceania,2,Female,22,All ages,559,Schizophrenia,1,Number,1992,4323.215977142978,5994.506947837257,2988.4913481278036
2,DALYs (Disability-Adjusted Life Years),21,Oceania,3,Both,22,All ages,559,Schizophrenia,1,Number,1992,9859.057285548352,13705.546186763662,6897.335606743642
2,DALYs (Disability-Adjusted Life Years),21,Oceania,1,Male,22,All ages,559,Schizophrenia,2,Percent,1992,0.0030694510073426824,0.004316940519697499,0.0021134865371897557
2,DALYs (Disability-Adjusted Life Years),21,Oceania,2,Female,22,All ages,559,Schizophrenia,2,Percent,1992,0.0028885965567759936,0.004022594678884179,0.0019981871701900524
2,DALYs (Disability-Adjusted Life Years),21,Oceania,3,Both,22,All ages,559,Schizophrenia,2,Percent,1992,0.002987261373436156,0.0041603374345131365,0.0020609038842093665
2,DALYs (Disability-Adjusted Life Years),21,Oceania,1,Male,22,All ages,559,Schizophrenia,3,Rate,1992,156.0294034448564,219.29267003775698,108.77244234671788
2,DALYs (Disability-Adjusted Life Years),21,Oceania,2,Female,22,All ages,559,Schizophrenia,3,Rate,1992,130.5375224153826,181.00138628503052,90.23612477538454
2,DALYs (Disability-Adjusted Life Years),21,Oceania,3,Both,22,All ages,559,Schizophrenia,3,Rate,1992,143.72213379353363,199.79499922927394,100.54711745557908
2,DALYs (Disability-Adjusted Life Years),21,Oceania,1,Male,27,Age-standardized,559,Schizophrenia,3,Rate,1992,192.4150318677251,264.3835138946716,132.58396461230694
2,DALYs (Disability-Adjusted Life Years),21,Oceania,2,Female,27,Age-standardized,559,Schizophrenia,3,Rate,1992,158.16769939537662,218.35973454938946,109.77911904401105
2,DALYs (Disability-Adjusted Life Years),21,Oceania,3,Both,27,Age-standardized,559,Schizophrenia,3,Rate,1992,175.81927293829335,241.38565607413187,120.53897873200597
2,DALYs (Disability-Adjusted Life Years),1,Global,1,Male,22,All ages,559,Schizophrenia,1,Number,1992,4887495.3518467285,6269799.753118066,3613000.4876461537
2,DALYs (Disability-Adjusted Life Years),1,Global,2,Female,22,All ages,559,Schizophrenia,1,Number,1992,4258851.302282646,5446645.498360425,3153117.2480194615
2,DALYs (Disability-Adjusted Life Years),1,Global,3,Both,22,All ages,559,Schizophrenia,1,Number,1992,9146346.654129367,11714735.207974654,6760529.198544881
2,DALYs (Disability-Adjusted Life Years),1,Global,1,Male,22,All ages,559,Schizophrenia,2,Percent,1992,0.0035211749233165944,0.004509288967572397,0.0026162680073392643
2,DALYs (Disability-Adjusted Life Years),1,Global,2,Female,22,All ages,559,Schizophrenia,2,Percent,1992,0.0035132711500621937,0.004469104330055305,0.002616833979200828
2,DALYs (Disability-Adjusted Life Years),1,Global,3,Both,22,All ages,559,Schizophrenia,2,Percent,1992,0.003517255869413725,0.004485224973397371,0.002620905536654049
2,DALYs (Disability-Adjusted Life Years),1,Global,1,Male,22,All ages,559,Schizophrenia,3,Rate,1992,176.43486065523783,226.33499699588498,130.42656651208748
2,DALYs (Disability-Adjusted Life Years),1,Global,2,Female,22,All ages,559,Schizophrenia,3,Rate,1992,156.1697116124336,199.7254650046608,115.62305803902161
2,DALYs (Disability-Adjusted Life Years),1,Global,3,Both,22,All ages,559,Schizophrenia,3,Rate,1992,166.38168367567425,213.1033779304157,122.98115008407429
2,DALYs (Disability-Adjusted Life Years),1,Global,1,Male,27,Age-standardized,559,Schizophrenia,3,Rate,1992,187.43541938613134,239.6257134204078,138.86315746533776
2,DALYs (Disability-Adjusted Life Years),1,Global,2,Female,27,Age-standardized,559,Schizophrenia,3,Rate,1992,165.69148866985398,212.31205263089578,122.73536374934548
2,DALYs (Disability-Adjusted Life Years),1,Global,3,Both,27,Age-standardized,559,Schizophrenia,3,Rate,1992,176.71094292813666,226.15019996977682,130.9681268516107
2,DALYs (Disability-Adjusted Life Years),134,Tropical Latin America,1,Male,22,All ages,559,Schizophrenia,1,Number,1992,119282.35896778258,154364.42545611947,88391.07009337549
2,DALYs (Disability-Adjusted Life Years),134,Tropical Latin America,2,Female,22,All ages,559,Schizophrenia,1,Number,1992,99316.947897618,128238.4029552908,73317.27029454542
2,DALYs (Disability-Adjusted Life Years),134,Tropical Latin America,3,Both,22,All ages,559,Schizophrenia,1,Number,1992,218599.30686540063,281647.1431725437,162301.45073658804
2,DALYs (Disability-Adjusted Life Years),134,Tropical Latin America,1,Male,22,All ages,559,Schizophrenia,2,Percent,1992,0.0038774713761843336,0.004912777762748478,0.002817710426915203
2,DALYs (Disability-Adjusted Life Years),134,Tropical Latin America,2,Female,22,All ages,559,Schizophrenia,2,Percent,1992,0.004079331372370036,0.005196608462593082,0.002983604715070815
2,DALYs (Disability-Adjusted Life Years),134,Tropical Latin America,3,Both,22,All ages,559,Schizophrenia,2,Percent,1992,0.003965994049058935,0.004995592124849416,0.0029114597295550977
2,DALYs (Disability-Adjusted Life Years),134,Tropical Latin America,1,Male,22,All ages,559,Schizophrenia,3,Rate,1992,153.2519787546594,198.32483072258785,113.56336773747338
2,DALYs (Disability-Adjusted Life Years),134,Tropical Latin America,2,Female,22,All ages,559,Schizophrenia,3,Rate,1992,124.53946336007388,160.8058063027516,91.93691198526217
2,DALYs (Disability-Adjusted Life Years),134,Tropical Latin America,3,Both,22,All ages,559,Schizophrenia,3,Rate,1992,138.72141860191914,178.73108477022868,102.9952373142341
2,DALYs (Disability-Adjusted Life Years),134,Tropical Latin America,1,Male,27,Age-standardized,559,Schizophrenia,3,Rate,1992,170.12271592514466,217.38444401826334,126.03908682050132
2,DALYs (Disability-Adjusted Life Years),134,Tropical Latin America,2,Female,27,Age-standardized,559,Schizophrenia,3,Rate,1992,135.45910208577934,174.88683027927786,99.79943407872867
2,DALYs (Disability-Adjusted Life Years),134,Tropical Latin America,3,Both,27,Age-standardized,559,Schizophrenia,3,Rate,1992,152.3519606830511,195.07952411388453,112.86671460903894
2,DALYs (Disability-Adjusted Life Years),104,Caribbean,1,Male,22,All ages,559,Schizophrenia,1,Number,1992,26498.472401762716,36161.29681070755,18517.16809603313
2,DALYs (Disability-Adjusted Life Years),104,Caribbean,2,Female,22,All ages,559,Schizophrenia,1,Number,1992,21411.202508377944,29024.420518031577,15518.850198327978
2,DALYs (Disability-Adjusted Life Years),104,Caribbean,3,Both,22,All ages,559,Schizophrenia,1,Number,1992,47909.67491014064,65975.01340020765,34052.57172354227
2,DALYs (Disability-Adjusted Life Years),104,Caribbean,1,Male,22,All ages,559,Schizophrenia,2,Percent,1992,0.0033030914317680356,0.004489000724966513,0.0023123506358518754
2,DALYs (Disability-Adjusted Life Years),104,Caribbean,2,Female,22,All ages,559,Schizophrenia,2,Percent,1992,0.0029120617435949864,0.004031065050523813,0.0020588113342776193
2,DALYs (Disability-Adjusted Life Years),104,Caribbean,3,Both,22,All ages,559,Schizophrenia,2,Percent,1992,0.0031158350663936336,0.004253401323101161,0.002187331977820682
2,DALYs (Disability-Adjusted Life Years),104,Caribbean,1,Male,22,All ages,559,Schizophrenia,3,Rate,1992,148.17627269923256,202.20962537541791,103.54577833070903
2,DALYs (Disability-Adjusted Life Years),104,Caribbean,2,Female,22,All ages,559,Schizophrenia,3,Rate,1992,116.4933755929916,157.9151250123843,84.43445641214238
2,DALYs (Disability-Adjusted Life Years),104,Caribbean,3,Both,22,All ages,559,Schizophrenia,3,Rate,1992,132.11784656045603,181.93562602086695,93.90488360436827
2,DALYs (Disability-Adjusted Life Years),104,Caribbean,1,Male,27,Age-standardized,559,Schizophrenia,3,Rate,1992,161.5211180827686,219.44057614729016,112.97809158262034
2,DALYs (Disability-Adjusted Life Years),104,Caribbean,2,Female,27,Age-standardized,559,Schizophrenia,3,Rate,1992,124.52200952014955,168.51092101765062,88.68680786101146
2,DALYs (Disability-Adjusted Life Years),104,Caribbean,3,Both,27,Age-standardized,559,Schizophrenia,3,Rate,1992,142.56560385508925,195.75584618646974,100.94596590647546
2,DALYs (Disability-Adjusted Life Years),73,Western Europe,1,Male,22,All ages,559,Schizophrenia,1,Number,1992,378579.93545443064,486235.6953301218,278687.8579718737
2,DALYs (Disability-Adjusted Life Years),73,Western Europe,2,Female,22,All ages,559,Schizophrenia,1,Number,1992,364471.8479593721,470507.0793899641,262221.8379652922
2,DALYs (Disability-Adjusted Life Years),73,Western Europe,3,Both,22,All ages,559,Schizophrenia,1,Number,1992,743051.7834138032,954312.7035772866,540770.2678377791
2,DALYs (Disability-Adjusted Life Years),73,Western Europe,1,Male,22,All ages,559,Schizophrenia,2,Percent,1992,0.005780584709972287,0.007265326160726273,0.004251822283541236
2,DALYs (Disability-Adjusted Life Years),73,Western Europe,2,Female,22,All ages,559,Schizophrenia,2,Percent,1992,0.005856238744351213,0.007382526476766273,0.004308274607785876
2,DALYs (Disability-Adjusted Life Years),73,Western Europe,3,Both,22,All ages,559,Schizophrenia,2,Percent,1992,0.005816576380922732,0.007285859075907431,0.004262022097911754
2,DALYs (Disability-Adjusted Life Years),73,Western Europe,1,Male,22,All ages,559,Schizophrenia,3,Rate,1992,200.55500782851777,257.5862969768387,147.63657632877832
2,DALYs (Disability-Adjusted Life Years),73,Western Europe,2,Female,22,All ages,559,Schizophrenia,3,Rate,1992,183.57681079710628,236.98452864183548,132.07562944721556
2,DALYs (Disability-Adjusted Life Years),73,Western Europe,3,Both,22,All ages,559,Schizophrenia,3,Rate,1992,191.85170069421793,246.39805631613606,139.62377573861357
2,DALYs (Disability-Adjusted Life Years),73,Western Europe,1,Male,27,Age-standardized,559,Schizophrenia,3,Rate,1992,173.47542944297047,224.13341693500385,127.56728018636785
2,DALYs (Disability-Adjusted Life Years),73,Western Europe,2,Female,27,Age-standardized,559,Schizophrenia,3,Rate,1992,158.18486309579117,205.44140773325927,113.28478819995053
2,DALYs (Disability-Adjusted Life Years),73,Western Europe,3,Both,27,Age-standardized,559,Schizophrenia,3,Rate,1992,166.14048567781785,214.85958013020868,121.22243572895998
2,DALYs (Disability-Adjusted Life Years),65,High-income Asia Pacific,1,Male,22,All ages,559,Schizophrenia,1,Number,1992,184018.40431454562,239368.04957616722,134609.5268903913
2,DALYs (Disability-Adjusted Life Years),65,High-income Asia Pacific,2,Female,22,All ages,559,Schizophrenia,1,Number,1992,175010.0367824943,223300.6099864337,129449.22366260801
2,DALYs (Disability-Adjusted Life Years),65,High-income Asia Pacific,3,Both,22,All ages,559,Schizophrenia,1,Number,1992,359028.4410970402,465354.41226595186,264566.7593034521
2,DALYs (Disability-Adjusted Life Years),65,High-income Asia Pacific,1,Male,22,All ages,559,Schizophrenia,2,Percent,1992,0.0075999011863520805,0.00965659400936325,0.005616056520806161
2,DALYs (Disability-Adjusted Life Years),65,High-income Asia Pacific,2,Female,22,All ages,559,Schizophrenia,2,Percent,1992,0.008498926036405431,0.010813325843046107,0.006372773029913565
2,DALYs (Disability-Adjusted Life Years),65,High-income Asia Pacific,3,Both,22,All ages,559,Schizophrenia,2,Percent,1992,0.00801164766090976,0.010193965994734286,0.0059363735016714075
2,DALYs (Disability-Adjusted Life Years),65,High-income Asia Pacific,1,Male,22,All ages,559,Schizophrenia,3,Rate,1992,212.67839510402575,276.6484842245535,155.57432014150814
2,DALYs (Disability-Adjusted Life Years),65,High-income Asia Pacific,2,Female,22,All ages,559,Schizophrenia,3,Rate,1992,197.8820911987229,252.48375740291107,146.36693731025073
2,DALYs (Disability-Adjusted Life Years),65,High-income Asia Pacific,3,Both,22,All ages,559,Schizophrenia,3,Rate,1992,205.19917250007586,265.9687350240389,151.2105278183842
2,DALYs (Disability-Adjusted Life Years),65,High-income Asia Pacific,1,Male,27,Age-standardized,559,Schizophrenia,3,Rate,1992,185.02114777433985,241.07690755416152,135.55308868362306
2,DALYs (Disability-Adjusted Life Years),65,High-income Asia Pacific,2,Female,27,Age-standardized,559,Schizophrenia,3,Rate,1992,171.7439364055045,221.40533482979328,126.40146247857314
2,DALYs (Disability-Adjusted Life Years),65,High-income Asia Pacific,3,Both,27,Age-standardized,559,Schizophrenia,3,Rate,1992,178.72914947589658,233.24398935535874,131.4115309362352
2,DALYs (Disability-Adjusted Life Years),159,South Asia,1,Male,22,All ages,559,Schizophrenia,1,Number,1992,1032107.4960809181,1335364.934740784,755208.9983976162
2,DALYs (Disability-Adjusted Life Years),159,South Asia,2,Female,22,All ages,559,Schizophrenia,1,Number,1992,703128.5055913442,908177.9349879227,518171.7083041059
2,DALYs (Disability-Adjusted Life Years),159,South Asia,3,Both,22,All ages,559,Schizophrenia,1,Number,1992,1735236.0016722623,2241731.82537838,1276765.578180895
2,DALYs (Disability-Adjusted Life Years),159,South Asia,1,Male,22,All ages,559,Schizophrenia,2,Percent,1992,0.00291937446956113,0.0037202942781907463,0.002163058097030635
2,DALYs (Disability-Adjusted Life Years),159,South Asia,2,Female,22,All ages,559,Schizophrenia,2,Percent,1992,0.0021382590924858137,0.002734001220713893,0.0015657270135806594
2,DALYs (Disability-Adjusted Life Years),159,South Asia,3,Both,22,All ages,559,Schizophrenia,2,Percent,1992,0.0025428150029600002,0.0032382889911944405,0.00187900903560962
2,DALYs (Disability-Adjusted Life Years),159,South Asia,1,Male,22,All ages,559,Schizophrenia,3,Rate,1992,174.77288771689396,226.1252695932662,127.884021752504
2,DALYs (Disability-Adjusted Life Years),159,South Asia,2,Female,22,All ages,559,Schizophrenia,3,Rate,1992,128.92238387816835,166.5192968755048,95.00956277772414
2,DALYs (Disability-Adjusted Life Years),159,South Asia,3,Both,22,All ages,559,Schizophrenia,3,Rate,1992,152.75891138319668,197.34751522435621,112.3981519669325
2,DALYs (Disability-Adjusted Life Years),159,South Asia,1,Male,27,Age-standardized,559,Schizophrenia,3,Rate,1992,207.03558656394756,267.0612578456754,151.2613340724273
2,DALYs (Disability-Adjusted Life Years),159,South Asia,2,Female,27,Age-standardized,559,Schizophrenia,3,Rate,1992,154.27770889005734,198.77245560772394,113.57581033540035
2,DALYs (Disability-Adjusted Life Years),159,South Asia,3,Both,27,Age-standardized,559,Schizophrenia,3,Rate,1992,181.79401787123882,234.08094902256605,133.81296701315
2,DALYs (Disability-Adjusted Life Years),5,East Asia,1,Male,22,All ages,559,Schizophrenia,1,Number,1992,1347704.5107244165,1691797.0698072002,1014806.0607359598
2,DALYs (Disability-Adjusted Life Years),5,East Asia,2,Female,22,All ages,559,Schizophrenia,1,Number,1992,1183299.0265571813,1481982.988615042,895581.8050638343
2,DALYs (Disability-Adjusted Life Years),5,East Asia,3,Both,22,All ages,559,Schizophrenia,1,Number,1992,2531003.5372815956,3170603.8878066805,1916006.5207017944
2,DALYs (Disability-Adjusted Life Years),5,East Asia,1,Male,22,All ages,559,Schizophrenia,2,Percent,1992,0.005738064321909283,0.007416103688557222,0.004296873728684681
2,DALYs (Disability-Adjusted Life Years),5,East Asia,2,Female,22,All ages,559,Schizophrenia,2,Percent,1992,0.006231832482717746,0.0077735082618911565,0.004730889965283817
2,DALYs (Disability-Adjusted Life Years),5,East Asia,3,Both,22,All ages,559,Schizophrenia,2,Percent,1992,0.00595457162643995,0.007478206748699022,0.004493912002328189
2,DALYs (Disability-Adjusted Life Years),5,East Asia,1,Male,22,All ages,559,Schizophrenia,3,Rate,1992,209.28227235050156,262.7157008882129,157.58715408003204
2,DALYs (Disability-Adjusted Life Years),5,East Asia,2,Female,22,All ages,559,Schizophrenia,3,Rate,1992,195.8156815064648,245.24275131111065,148.20341905765125
2,DALYs (Disability-Adjusted Life Years),5,East Asia,3,Both,22,All ages,559,Schizophrenia,3,Rate,1992,202.7629776691342,254.00244441835005,153.4945256489975
2,DALYs (Disability-Adjusted Life Years),5,East Asia,1,Male,27,Age-standardized,559,Schizophrenia,3,Rate,1992,201.94405241380306,253.11763477193213,152.01991867977844
2,DALYs (Disability-Adjusted Life Years),5,East Asia,2,Female,27,Age-standardized,559,Schizophrenia,3,Rate,1992,188.3272109655648,233.97155718429775,142.9252805129643
2,DALYs (Disability-Adjusted Life Years),5,East Asia,3,Both,27,Age-standardized,559,Schizophrenia,3,Rate,1992,195.39309646652117,243.17243468575631,147.85758164986666
2,DALYs (Disability-Adjusted Life Years),167,Central Sub-Saharan Africa,1,Male,22,All ages,559,Schizophrenia,1,Number,1992,26874.43574934029,37087.141923231,18646.131113426687
2,DALYs (Disability-Adjusted Life Years),167,Central Sub-Saharan Africa,2,Female,22,All ages,559,Schizophrenia,1,Number,1992,29636.14714019286,40050.78627838698,20724.373935720952
2,DALYs (Disability-Adjusted Life Years),167,Central Sub-Saharan Africa,3,Both,22,All ages,559,Schizophrenia,1,Number,1992,56510.582889533194,77333.00536537179,39158.31081941453
2,DALYs (Disability-Adjusted Life Years),167,Central Sub-Saharan Africa,1,Male,22,All ages,559,Schizophrenia,2,Percent,1992,0.0008420614783896336,0.0011780214985984184,0.0005795711831907469
2,DALYs (Disability-Adjusted Life Years),167,Central Sub-Saharan Africa,2,Female,22,All ages,559,Schizophrenia,2,Percent,1992,0.0010315639200249294,0.001418230636190027,0.0007218770286250781
2,DALYs (Disability-Adjusted Life Years),167,Central Sub-Saharan Africa,3,Both,22,All ages,559,Schizophrenia,2,Percent,1992,0.0009317874710291031,0.0012935597387414444,0.0006471406392312773
2,DALYs (Disability-Adjusted Life Years),167,Central Sub-Saharan Africa,1,Male,22,All ages,559,Schizophrenia,3,Rate,1992,93.04229500751556,128.399823236905,64.55498630689749
2,DALYs (Disability-Adjusted Life Years),167,Central Sub-Saharan Africa,2,Female,22,All ages,559,Schizophrenia,3,Rate,1992,100.97480047307947,136.45903882577903,70.61105187491977
2,DALYs (Disability-Adjusted Life Years),167,Central Sub-Saharan Africa,3,Both,22,All ages,559,Schizophrenia,3,Rate,1992,97.04028204664465,132.79665981927658,67.24286553218307
2,DALYs (Disability-Adjusted Life Years),167,Central Sub-Saharan Africa,1,Male,27,Age-standardized,559,Schizophrenia,3,Rate,1992,131.09859279818357,176.35435589883056,90.3115475756931
2,DALYs (Disability-Adjusted Life Years),167,Central Sub-Saharan Africa,2,Female,27,Age-standardized,559,Schizophrenia,3,Rate,1992,137.30536722370104,182.38870825999078,95.2721599389125
2,DALYs (Disability-Adjusted Life Years),167,Central Sub-Saharan Africa,3,Both,27,Age-standardized,559,Schizophrenia,3,Rate,1992,134.30952370333242,180.12703453493788,92.50338949411494
2,DALYs (Disability-Adjusted Life Years),124,Central Latin America,1,Male,22,All ages,559,Schizophrenia,1,Number,1992,119443.7159190743,158452.19454734307,87074.77172811251
2,DALYs (Disability-Adjusted Life Years),124,Central Latin America,2,Female,22,All ages,559,Schizophrenia,1,Number,1992,100951.90184090871,133679.2834164241,73512.5867016945
2,DALYs (Disability-Adjusted Life Years),124,Central Latin America,3,Both,22,All ages,559,Schizophrenia,1,Number,1992,220395.61775998308,292419.60558695404,161873.06741026786
2,DALYs (Disability-Adjusted Life Years),124,Central Latin America,1,Male,22,All ages,559,Schizophrenia,2,Percent,1992,0.0037251978097298907,0.004876344255443039,0.0026960331173848193
2,DALYs (Disability-Adjusted Life Years),124,Central Latin America,2,Female,22,All ages,559,Schizophrenia,2,Percent,1992,0.004038573039237835,0.00528869171659121,0.0029315161773708215
2,DALYs (Disability-Adjusted Life Years),124,Central Latin America,3,Both,22,All ages,559,Schizophrenia,2,Percent,1992,0.003862056553775343,0.005079209602366743,0.0028089597349196865
2,DALYs (Disability-Adjusted Life Years),124,Central Latin America,1,Male,22,All ages,559,Schizophrenia,3,Rate,1992,141.02102786205123,187.0763243601972,102.80468683904161
2,DALYs (Disability-Adjusted Life Years),124,Central Latin America,2,Female,22,All ages,559,Schizophrenia,3,Rate,1992,116.07806708369732,153.70916788240442,84.52737209550514
2,DALYs (Disability-Adjusted Life Years),124,Central Latin America,3,Both,22,All ages,559,Schizophrenia,3,Rate,1992,128.38465308099305,170.34000039985534,94.29415073604419
2,DALYs (Disability-Adjusted Life Years),124,Central Latin America,1,Male,27,Age-standardized,559,Schizophrenia,3,Rate,1992,173.12641189268822,227.18418667845987,125.45747982261506
2,DALYs (Disability-Adjusted Life Years),124,Central Latin America,2,Female,27,Age-standardized,559,Schizophrenia,3,Rate,1992,138.63656854404007,182.71672454445394,100.485004225491
2,DALYs (Disability-Adjusted Life Years),124,Central Latin America,3,Both,27,Age-standardized,559,Schizophrenia,3,Rate,1992,155.37257025475338,204.62581246313334,112.51737618541385
2,DALYs (Disability-Adjusted Life Years),100,High-income North America,1,Male,22,All ages,559,Schizophrenia,1,Number,1992,376181.3121449229,479732.7018848128,278708.01507130056
2,DALYs (Disability-Adjusted Life Years),100,High-income North America,2,Female,22,All ages,559,Schizophrenia,1,Number,1992,361766.051321223,455160.1565553564,269137.68226727087
2,DALYs (Disability-Adjusted Life Years),100,High-income North America,3,Both,22,All ages,559,Schizophrenia,1,Number,1992,737947.3634661468,934802.3747694825,547234.1876703143
2,DALYs (Disability-Adjusted Life Years),100,High-income North America,1,Male,22,All ages,559,Schizophrenia,2,Percent,1992,0.007818528512495993,0.009727365326454756,0.005909196638075661
2,DALYs (Disability-Adjusted Life Years),100,High-income North America,2,Female,22,All ages,559,Schizophrenia,2,Percent,1992,0.008304318092171331,0.010278280227271928,0.006311564644470991
2,DALYs (Disability-Adjusted Life Years),100,High-income North America,3,Both,22,All ages,559,Schizophrenia,2,Percent,1992,0.00804824386135443,0.009970878968415548,0.006106453608596985
2,DALYs (Disability-Adjusted Life Years),100,High-income North America,1,Male,22,All ages,559,Schizophrenia,3,Rate,1992,267.16149710974577,340.70301397288534,197.93660173700687
2,DALYs (Disability-Adjusted Life Years),100,High-income North America,2,Female,22,All ages,559,Schizophrenia,3,Rate,1992,246.17783685885308,309.7315028757126,183.14524592837373
2,DALYs (Disability-Adjusted Life Years),100,High-income North America,3,Both,22,All ages,559,Schizophrenia,3,Rate,1992,256.4455659940194,324.85504516788046,190.17044837619926
2,DALYs (Disability-Adjusted Life Years),100,High-income North America,1,Male,27,Age-standardized,559,Schizophrenia,3,Rate,1992,239.6405216254109,305.30509079857893,177.50174905047078
2,DALYs (Disability-Adjusted Life Years),100,High-income North America,2,Female,27,Age-standardized,559,Schizophrenia,3,Rate,1992,220.99370804167205,279.0996932843257,164.74162053033498
2,DALYs (Disability-Adjusted Life Years),100,High-income North America,3,Both,27,Age-standardized,559,Schizophrenia,3,Rate,1992,230.39569920137467,292.1552462657738,171.30448717684496
2,DALYs (Disability-Adjusted Life Years),44636,Low-middle SDI,1,Male,22,All ages,559,Schizophrenia,1,Number,1992,953331.2587618657,1239563.7001655968,692013.984731003
2,DALYs (Disability-Adjusted Life Years),44636,Low-middle SDI,2,Female,22,All ages,559,Schizophrenia,1,Number,1992,733659.4119799875,960880.8355712779,536325.5353299729
2,DALYs (Disability-Adjusted Life Years),44636,Low-middle SDI,3,Both,22,All ages,559,Schizophrenia,1,Number,1992,1686990.670741853,2187888.055248039,1232813.5519897547
2,DALYs (Disability-Adjusted Life Years),44636,Low-middle SDI,1,Male,22,All ages,559,Schizophrenia,2,Percent,1992,0.0024632344617793963,0.0032011482654626896,0.0017965057286016804
2,DALYs (Disability-Adjusted Life Years),44636,Low-middle SDI,2,Female,22,All ages,559,Schizophrenia,2,Percent,1992,0.002065830766629003,0.002686546690494094,0.0015082160129938579
2,DALYs (Disability-Adjusted Life Years),44636,Low-middle SDI,3,Both,22,All ages,559,Schizophrenia,2,Percent,1992,0.002272974647263505,0.0029497572277295036,0.0016595544021967045
2,DALYs (Disability-Adjusted Life Years),44636,Low-middle SDI,1,Male,22,All ages,559,Schizophrenia,3,Rate,1992,155.3011949356579,201.92952036902543,112.73164259869945
2,DALYs (Disability-Adjusted Life Years),44636,Low-middle SDI,2,Female,22,All ages,559,Schizophrenia,3,Rate,1992,123.93724650478126,162.3218117771058,90.60159113833161
2,DALYs (Disability-Adjusted Life Years),44636,Low-middle SDI,3,Both,22,All ages,559,Schizophrenia,3,Rate,1992,139.90402479169768,181.44400560809035,102.23860791433394
2,DALYs (Disability-Adjusted Life Years),44636,Low-middle SDI,1,Male,27,Age-standardized,559,Schizophrenia,3,Rate,1992,190.7258225168287,246.15193189735447,138.26733688963301
2,DALYs (Disability-Adjusted Life Years),44636,Low-middle SDI,2,Female,27,Age-standardized,559,Schizophrenia,3,Rate,1992,151.1920797501902,197.8298682195699,111.02826303707974
2,DALYs (Disability-Adjusted Life Years),44636,Low-middle SDI,3,Both,27,Age-standardized,559,Schizophrenia,3,Rate,1992,171.253894370851,222.63013803552775,124.73473195334937
2,DALYs (Disability-Adjusted Life Years),199,Western Sub-Saharan Africa,1,Male,22,All ages,559,Schizophrenia,1,Number,1992,98858.67264480941,130525.23246821201,71411.88595126555
2,DALYs (Disability-Adjusted Life Years),199,Western Sub-Saharan Africa,2,Female,22,All ages,559,Schizophrenia,1,Number,1992,120662.29077738893,159725.04668830335,87176.57820163188
2,DALYs (Disability-Adjusted Life Years),199,Western Sub-Saharan Africa,3,Both,22,All ages,559,Schizophrenia,1,Number,1992,219520.9634221987,290380.8810790383,158140.84872477956
2,DALYs (Disability-Adjusted Life Years),199,Western Sub-Saharan Africa,1,Male,22,All ages,559,Schizophrenia,2,Percent,1992,0.0008721377706902923,0.0011617769290047646,0.0006366482529883451
2,DALYs (Disability-Adjusted Life Years),199,Western Sub-Saharan Africa,2,Female,22,All ages,559,Schizophrenia,2,Percent,1992,0.0011796762064576962,0.0015525365536137857,0.0008583356614394219
2,DALYs (Disability-Adjusted Life Years),199,Western Sub-Saharan Africa,3,Both,22,All ages,559,Schizophrenia,2,Percent,1992,0.0010179354539590995,0.001350508496210552,0.0007401706603064957
2,DALYs (Disability-Adjusted Life Years),199,Western Sub-Saharan Africa,1,Male,22,All ages,559,Schizophrenia,3,Rate,1992,97.42947870355194,128.63823695801491,70.37948857018782
2,DALYs (Disability-Adjusted Life Years),199,Western Sub-Saharan Africa,2,Female,22,All ages,559,Schizophrenia,3,Rate,1992,117.58542158941533,155.65208344902936,84.95358934858218
2,DALYs (Disability-Adjusted Life Years),199,Western Sub-Saharan Africa,3,Both,22,All ages,559,Schizophrenia,3,Rate,1992,107.56422952362368,142.2852526461682,77.48826482952981
2,DALYs (Disability-Adjusted Life Years),199,Western Sub-Saharan Africa,1,Male,27,Age-standardized,559,Schizophrenia,3,Rate,1992,132.05840599753432,173.80786662668314,95.01465607697683
2,DALYs (Disability-Adjusted Life Years),199,Western Sub-Saharan Africa,2,Female,27,Age-standardized,559,Schizophrenia,3,Rate,1992,163.28760948648028,216.23572290728876,118.03603946663365
2,DALYs (Disability-Adjusted Life Years),199,Western Sub-Saharan Africa,3,Both,27,Age-standardized,559,Schizophrenia,3,Rate,1992,147.4000084675079,194.82974973282668,106.09896801686354
2,DALYs (Disability-Adjusted Life Years),174,Eastern Sub-Saharan Africa,1,Male,22,All ages,559,Schizophrenia,1,Number,1992,89854.056335284,120881.5436115032,64989.4854071758
2,DALYs (Disability-Adjusted Life Years),174,Eastern Sub-Saharan Africa,2,Female,22,All ages,559,Schizophrenia,1,Number,1992,99321.67570736683,131864.0204183464,71090.1045647141
2,DALYs (Disability-Adjusted Life Years),174,Eastern Sub-Saharan Africa,3,Both,22,All ages,559,Schizophrenia,1,Number,1992,189175.73204265075,251679.57153390782,136122.0784771561
2,DALYs (Disability-Adjusted Life Years),174,Eastern Sub-Saharan Africa,1,Male,22,All ages,559,Schizophrenia,2,Percent,1992,0.0007942849839161333,0.0010668567370993158,0.0005804644021487167
2,DALYs (Disability-Adjusted Life Years),174,Eastern Sub-Saharan Africa,2,Female,22,All ages,559,Schizophrenia,2,Percent,1992,0.00098910939109121,0.0013300767117981915,0.0007165876605309961
2,DALYs (Disability-Adjusted Life Years),174,Eastern Sub-Saharan Africa,3,Both,22,All ages,559,Schizophrenia,2,Percent,1992,0.0008858577847007872,0.0011862509641468845,0.0006429197805998368
2,DALYs (Disability-Adjusted Life Years),174,Eastern Sub-Saharan Africa,1,Male,22,All ages,559,Schizophrenia,3,Rate,1992,89.74204949754449,120.73085971371148,64.90847329660825
2,DALYs (Disability-Adjusted Life Years),174,Eastern Sub-Saharan Africa,2,Female,22,All ages,559,Schizophrenia,3,Rate,1992,97.74443464202227,129.77000270706617,69.96118450310067
2,DALYs (Disability-Adjusted Life Years),174,Eastern Sub-Saharan Africa,3,Both,22,All ages,559,Schizophrenia,3,Rate,1992,93.7727708355646,124.75538236649359,67.47453456567706
2,DALYs (Disability-Adjusted Life Years),174,Eastern Sub-Saharan Africa,1,Male,27,Age-standardized,559,Schizophrenia,3,Rate,1992,132.31438294074994,176.6680437289473,94.77325769392942
2,DALYs (Disability-Adjusted Life Years),174,Eastern Sub-Saharan Africa,2,Female,27,Age-standardized,559,Schizophrenia,3,Rate,1992,138.2532028574406,183.72180453961136,99.28838778563983
2,DALYs (Disability-Adjusted Life Years),174,Eastern Sub-Saharan Africa,3,Both,27,Age-standardized,559,Schizophrenia,3,Rate,1992,135.35908072625563,179.9007348080135,97.20557021513584
2,DALYs (Disability-Adjusted Life Years),192,Southern Sub-Saharan Africa,1,Male,22,All ages,559,Schizophrenia,1,Number,1992,29784.138043413175,39258.054871510394,21663.99369157673
2,DALYs (Disability-Adjusted Life Years),192,Southern Sub-Saharan Africa,2,Female,22,All ages,559,Schizophrenia,1,Number,1992,33999.935860365666,44500.35160976212,24794.58617967261
2,DALYs (Disability-Adjusted Life Years),192,Southern Sub-Saharan Africa,3,Both,22,All ages,559,Schizophrenia,1,Number,1992,63784.073903778866,83767.21558822796,46638.75066383617
2,DALYs (Disability-Adjusted Life Years),192,Southern Sub-Saharan Africa,1,Male,22,All ages,559,Schizophrenia,2,Percent,1992,0.0019168805740165094,0.002538767742365091,0.001408154994523555
2,DALYs (Disability-Adjusted Life Years),192,Southern Sub-Saharan Africa,2,Female,22,All ages,559,Schizophrenia,2,Percent,1992,0.002499385430284422,0.003246442961972541,0.0018111662895423332
2,DALYs (Disability-Adjusted Life Years),192,Southern Sub-Saharan Africa,3,Both,22,All ages,559,Schizophrenia,2,Percent,1992,0.0021885568179293665,0.00287031862223908,0.0016006348748602408
2,DALYs (Disability-Adjusted Life Years),192,Southern Sub-Saharan Africa,1,Male,22,All ages,559,Schizophrenia,3,Rate,1992,112.16726487291,147.8460995832571,81.58674644423813
2,DALYs (Disability-Adjusted Life Years),192,Southern Sub-Saharan Africa,2,Female,22,All ages,559,Schizophrenia,3,Rate,1992,120.20548375277461,157.32930539600403,87.6603190787711
2,DALYs (Disability-Adjusted Life Years),192,Southern Sub-Saharan Africa,3,Both,22,All ages,559,Schizophrenia,3,Rate,1992,116.31327813186059,152.7534829422031,85.0479695898493
2,DALYs (Disability-Adjusted Life Years),192,Southern Sub-Saharan Africa,1,Male,27,Age-standardized,559,Schizophrenia,3,Rate,1992,138.51271493083513,181.78240609501637,101.47620562965461
2,DALYs (Disability-Adjusted Life Years),192,Southern Sub-Saharan Africa,2,Female,27,Age-standardized,559,Schizophrenia,3,Rate,1992,144.18439303424083,186.48612703830398,106.18522273379976
2,DALYs (Disability-Adjusted Life Years),192,Southern Sub-Saharan Africa,3,Both,27,Age-standardized,559,Schizophrenia,3,Rate,1992,141.5066509067329,184.03144024783657,103.80207089853918
2,DALYs (Disability-Adjusted Life Years),44634,High-middle SDI,1,Male,22,All ages,559,Schizophrenia,1,Number,1992,1027505.3593970288,1303575.9155914667,767624.5782676081
2,DALYs (Disability-Adjusted Life Years),44634,High-middle SDI,2,Female,22,All ages,559,Schizophrenia,1,Number,1992,952437.8126015224,1193688.0700888834,717081.662800902
2,DALYs (Disability-Adjusted Life Years),44634,High-middle SDI,3,Both,22,All ages,559,Schizophrenia,1,Number,1992,1979943.1719985525,2494997.314926883,1486028.7588402159
2,DALYs (Disability-Adjusted Life Years),44634,High-middle SDI,1,Male,22,All ages,559,Schizophrenia,2,Percent,1992,0.004891174762702513,0.006218188246952866,0.0036520804463524865
2,DALYs (Disability-Adjusted Life Years),44634,High-middle SDI,2,Female,22,All ages,559,Schizophrenia,2,Percent,1992,0.005584554060618843,0.00695812951040521,0.004196114954517669
2,DALYs (Disability-Adjusted Life Years),44634,High-middle SDI,3,Both,22,All ages,559,Schizophrenia,2,Percent,1992,0.005200664959247663,0.00650981149443202,0.003880267091410414
2,DALYs (Disability-Adjusted Life Years),44634,High-middle SDI,1,Male,22,All ages,559,Schizophrenia,3,Rate,1992,189.87255593020214,240.88759117290988,141.8492267096741
2,DALYs (Disability-Adjusted Life Years),44634,High-middle SDI,2,Female,22,All ages,559,Schizophrenia,3,Rate,1992,174.6372760222753,218.87248723484413,131.48279774300212
2,DALYs (Disability-Adjusted Life Years),44634,High-middle SDI,3,Both,22,All ages,559,Schizophrenia,3,Rate,1992,182.22529253937347,229.62861865301826,136.76757450984994
2,DALYs (Disability-Adjusted Life Years),44634,High-middle SDI,1,Male,27,Age-standardized,559,Schizophrenia,3,Rate,1992,179.34501089623464,226.79408005041395,133.9568015077002
2,DALYs (Disability-Adjusted Life Years),44634,High-middle SDI,2,Female,27,Age-standardized,559,Schizophrenia,3,Rate,1992,164.95916437842712,206.7408239616133,124.19287350459952
2,DALYs (Disability-Adjusted Life Years),44634,High-middle SDI,3,Both,27,Age-standardized,559,Schizophrenia,3,Rate,1992,172.14493477523436,216.6140799357316,129.1994148644368
2,DALYs (Disability-Adjusted Life Years),44635,High SDI,1,Male,22,All ages,559,Schizophrenia,1,Number,1992,993245.7850799625,1270171.4515190932,738757.5154520059
2,DALYs (Disability-Adjusted Life Years),44635,High SDI,2,Female,22,All ages,559,Schizophrenia,1,Number,1992,940145.2403545696,1193456.585738699,696156.1112755751
2,DALYs (Disability-Adjusted Life Years),44635,High SDI,3,Both,22,All ages,559,Schizophrenia,1,Number,1992,1933391.025434532,2471319.34427631,1432892.183267973
2,DALYs (Disability-Adjusted Life Years),44635,High SDI,1,Male,22,All ages,559,Schizophrenia,2,Percent,1992,0.006809518501435984,0.00853295816822814,0.005089229315074497
2,DALYs (Disability-Adjusted Life Years),44635,High SDI,2,Female,22,All ages,559,Schizophrenia,2,Percent,1992,0.0071859241878418295,0.008988991911514206,0.005390639813104413
2,DALYs (Disability-Adjusted Life Years),44635,High SDI,3,Both,22,All ages,559,Schizophrenia,2,Percent,1992,0.006986512300702584,0.008740230321164782,0.005247122326564161
2,DALYs (Disability-Adjusted Life Years),44635,High SDI,1,Male,22,All ages,559,Schizophrenia,3,Rate,1992,225.34723032313852,288.1760214188122,167.60902738098227
2,DALYs (Disability-Adjusted Life Years),44635,High SDI,2,Female,22,All ages,559,Schizophrenia,3,Rate,1992,207.61977303242674,263.56053811608155,153.73770733941146
2,DALYs (Disability-Adjusted Life Years),44635,High SDI,3,Both,22,All ages,559,Schizophrenia,3,Rate,1992,216.3638916392352,276.56292171459194,160.3535575539459
2,DALYs (Disability-Adjusted Life Years),44635,High SDI,1,Male,27,Age-standardized,559,Schizophrenia,3,Rate,1992,199.01741709399258,255.0076046940521,148.23327791206944
2,DALYs (Disability-Adjusted Life Years),44635,High SDI,2,Female,27,Age-standardized,559,Schizophrenia,3,Rate,1992,184.73752934308746,235.89031476349837,137.01979854748745
2,DALYs (Disability-Adjusted Life Years),44635,High SDI,3,Both,27,Age-standardized,559,Schizophrenia,3,Rate,1992,192.16620893473282,245.93707261044523,142.62143779432074
2,DALYs (Disability-Adjusted Life Years),44639,Middle SDI,1,Male,22,All ages,559,Schizophrenia,1,Number,1992,1605133.4774236514,2059336.6922298335,1191491.884713997
2,DALYs (Disability-Adjusted Life Years),44639,Middle SDI,2,Female,22,All ages,559,Schizophrenia,1,Number,1992,1346149.902173255,1727967.819613127,1003950.5918601434
2,DALYs (Disability-Adjusted Life Years),44639,Middle SDI,3,Both,22,All ages,559,Schizophrenia,1,Number,1992,2951283.3795969086,3787280.1677052383,2188419.013835148
2,DALYs (Disability-Adjusted Life Years),44639,Middle SDI,1,Male,22,All ages,559,Schizophrenia,2,Percent,1992,0.004367414940031438,0.005629944044297362,0.0032486538396994634
2,DALYs (Disability-Adjusted Life Years),44639,Middle SDI,2,Female,22,All ages,559,Schizophrenia,2,Percent,1992,0.004452485660873783,0.005670824122193344,0.0033408001041756704
2,DALYs (Disability-Adjusted Life Years),44639,Middle SDI,3,Both,22,All ages,559,Schizophrenia,2,Percent,1992,0.00440507164538002,0.005634781660137858,0.003292654361474921
2,DALYs (Disability-Adjusted Life Years),44639,Middle SDI,1,Male,22,All ages,559,Schizophrenia,3,Rate,1992,177.02739922157784,227.1206873911547,131.40758230467324
2,DALYs (Disability-Adjusted Life Years),44639,Middle SDI,2,Female,22,All ages,559,Schizophrenia,3,Rate,1992,154.18772943471865,197.92107417775418,114.99229170068631
2,DALYs (Disability-Adjusted Life Years),44639,Middle SDI,3,Both,22,All ages,559,Schizophrenia,3,Rate,1992,165.82351442126406,212.79559660333678,122.96051758676766
2,DALYs (Disability-Adjusted Life Years),44639,Middle SDI,1,Male,27,Age-standardized,559,Schizophrenia,3,Rate,1992,190.50070971964772,243.73047572467257,142.13160144909932
2,DALYs (Disability-Adjusted Life Years),44639,Middle SDI,2,Female,27,Age-standardized,559,Schizophrenia,3,Rate,1992,165.2139456071474,210.47308256237903,123.33652232636898
2,DALYs (Disability-Adjusted Life Years),44639,Middle SDI,3,Both,27,Age-standardized,559,Schizophrenia,3,Rate,1992,178.10470754898162,227.2861742751049,132.84415878309295
2,DALYs (Disability-Adjusted Life Years),44637,Low SDI,1,Male,22,All ages,559,Schizophrenia,1,Number,1992,304301.0789736006,401451.13188608433,219917.4393102104
2,DALYs (Disability-Adjusted Life Years),44637,Low SDI,2,Female,22,All ages,559,Schizophrenia,1,Number,1992,282830.64127943624,375118.5475633838,203839.79181544948
2,DALYs (Disability-Adjusted Life Years),44637,Low SDI,3,Both,22,All ages,559,Schizophrenia,1,Number,1992,587131.7202530373,776852.3964363572,423738.7021137689
2,DALYs (Disability-Adjusted Life Years),44637,Low SDI,1,Male,22,All ages,559,Schizophrenia,2,Percent,1992,0.001102393229152908,0.0014526272894276554,0.0007985156329523489
2,DALYs (Disability-Adjusted Life Years),44637,Low SDI,2,Female,22,All ages,559,Schizophrenia,2,Percent,1992,0.0011225880436612056,0.001483555539466966,0.0008214119080145028
2,DALYs (Disability-Adjusted Life Years),44637,Low SDI,3,Both,22,All ages,559,Schizophrenia,2,Percent,1992,0.0011119910400304374,0.0014650799861643544,0.0008104285084727184
2,DALYs (Disability-Adjusted Life Years),44637,Low SDI,1,Male,22,All ages,559,Schizophrenia,3,Rate,1992,114.78208234037912,151.42699142313762,82.95265239325624
2,DALYs (Disability-Adjusted Life Years),44637,Low SDI,2,Female,22,All ages,559,Schizophrenia,3,Rate,1992,108.26012459363353,143.5855058450749,78.02450667740064
2,DALYs (Disability-Adjusted Life Years),44637,Low SDI,3,Both,22,All ages,559,Schizophrenia,3,Rate,1992,111.5450236591979,147.58871978991792,80.50313400241406
2,DALYs (Disability-Adjusted Life Years),44637,Low SDI,1,Male,27,Age-standardized,559,Schizophrenia,3,Rate,1992,159.3079208007461,208.92807845098886,114.56958523792366
2,DALYs (Disability-Adjusted Life Years),44637,Low SDI,2,Female,27,Age-standardized,559,Schizophrenia,3,Rate,1992,146.84242136098396,193.73809226056787,106.00112708506418
2,DALYs (Disability-Adjusted Life Years),44637,Low SDI,3,Both,27,Age-standardized,559,Schizophrenia,3,Rate,1992,153.07422971207586,201.3088128037339,110.31497541457601
5,Prevalence,21,Oceania,1,Male,22,All ages,559,Schizophrenia,1,Number,1992,8491.212283082275,10929.871442459984,6466.330870761447
5,Prevalence,21,Oceania,2,Female,22,All ages,559,Schizophrenia,1,Number,1992,6746.939795303872,8710.97454139829,5089.652594456251
5,Prevalence,21,Oceania,3,Both,22,All ages,559,Schizophrenia,1,Number,1992,15238.152078386142,19572.79514556643,11540.9346694267
5,Prevalence,21,Oceania,1,Male,22,All ages,559,Schizophrenia,2,Percent,1992,0.0024318203333079,0.0031337498267598,0.0018511114841193
5,Prevalence,21,Oceania,2,Female,22,All ages,559,Schizophrenia,2,Percent,1992,0.0020591179822024,0.0026593208340345,0.0015524999484493
5,Prevalence,21,Oceania,3,Both,22,All ages,559,Schizophrenia,2,Percent,1992,0.002251390874109,0.0028909725768522,0.0017038327124723
5,Prevalence,21,Oceania,1,Male,22,All ages,559,Schizophrenia,3,Rate,1992,239.32745056136,308.06181497772,182.25554022114
5,Prevalence,21,Oceania,2,Female,22,All ages,559,Schizophrenia,3,Rate,1992,203.72075080707,263.02387862867,153.67972434132
5,Prevalence,21,Oceania,3,Both,22,All ages,559,Schizophrenia,3,Rate,1992,222.13682995698,285.32584821755,168.23999583541
5,Prevalence,21,Oceania,1,Male,27,Age-standardized,559,Schizophrenia,2,Percent,1992,0.0030139790331929,0.0037819559548899,0.0023204569867528
5,Prevalence,21,Oceania,2,Female,27,Age-standardized,559,Schizophrenia,2,Percent,1992,0.0025117479267242,0.0031516818248869,0.0019451608972819
5,Prevalence,21,Oceania,3,Both,27,Age-standardized,559,Schizophrenia,2,Percent,1992,0.0027701829379626,0.003473571792314,0.0021414012173796
5,Prevalence,21,Oceania,1,Male,27,Age-standardized,559,Schizophrenia,3,Rate,1992,297.9203158879,373.89213522487,229.64328755097
5,Prevalence,21,Oceania,2,Female,27,Age-standardized,559,Schizophrenia,3,Rate,1992,249.31655025069,312.60572940186,193.11093688105
5,Prevalence,21,Oceania,3,Both,27,Age-standardized,559,Schizophrenia,3,Rate,1992,274.37706814316,343.87744131974,212.27336850069
5,Prevalence,5,East Asia,1,Male,22,All ages,559,Schizophrenia,1,Number,1992,2039524.0576089865,2344011.157714895,1754211.0157655196
5,Prevalence,5,East Asia,2,Female,22,All ages,559,Schizophrenia,1,Number,1992,1825371.0946765323,2094114.294180771,1573748.2244394815
5,Prevalence,5,East Asia,3,Both,22,All ages,559,Schizophrenia,1,Number,1992,3864895.152285516,4432941.977770405,3325944.1930855047
5,Prevalence,5,East Asia,1,Male,22,All ages,559,Schizophrenia,2,Percent,1992,0.0032873783023979,0.0037697049151592,0.0028316654994176
5,Prevalence,5,East Asia,2,Female,22,All ages,559,Schizophrenia,2,Percent,1992,0.0030927827711832,0.0035515012794695,0.0026665211781919
5,Prevalence,5,East Asia,3,Both,22,All ages,559,Schizophrenia,2,Percent,1992,0.0031925062331091,0.0036618626312701,0.0027491770351874
5,Prevalence,5,East Asia,1,Male,22,All ages,559,Schizophrenia,3,Rate,1992,316.71351241563,363.99669037081,272.40783468502997
5,Prevalence,5,East Asia,2,Female,22,All ages,559,Schizophrenia,3,Rate,1992,302.06758975053003,346.53997718608,260.42832299524997
5,Prevalence,5,East Asia,3,Both,22,All ages,559,Schizophrenia,3,Rate,1992,309.62329286117,355.13048559885,266.44701922293
5,Prevalence,5,East Asia,1,Male,27,Age-standardized,559,Schizophrenia,2,Percent,1992,0.0031886239235411,0.003638190453783,0.0027681672568461
5,Prevalence,5,East Asia,2,Female,27,Age-standardized,559,Schizophrenia,2,Percent,1992,0.0029958974332664,0.0034159172857657,0.0025982192573714
5,Prevalence,5,East Asia,3,Both,27,Age-standardized,559,Schizophrenia,2,Percent,1992,0.0030954493580154,0.0035273530835373,0.0026807320631525
5,Prevalence,5,East Asia,1,Male,27,Age-standardized,559,Schizophrenia,3,Rate,1992,307.45794748291,351.92458867189,266.92201434619
5,Prevalence,5,East Asia,2,Female,27,Age-standardized,559,Schizophrenia,3,Rate,1992,292.12994112087,333.27184851517,253.14858963704003
5,Prevalence,5,East Asia,3,Both,27,Age-standardized,559,Schizophrenia,3,Rate,1992,300.10443335014,342.34865277453,259.72593216689
5,Prevalence,1,Global,1,Male,22,All ages,559,Schizophrenia,1,Number,1992,7507965.85879786,8906073.598465726,6237494.151819422
5,Prevalence,1,Global,2,Female,22,All ages,559,Schizophrenia,1,Number,1992,6704956.485087671,7932641.124474348,5582335.7285367
5,Prevalence,1,Global,3,Both,22,All ages,559,Schizophrenia,1,Number,1992,14212922.343885548,16867535.490356177,11820927.82480305
5,Prevalence,1,Global,1,Male,22,All ages,559,Schizophrenia,2,Percent,1992,0.0028014857753455,0.0033250661003921,0.0023283251474765
5,Prevalence,1,Global,2,Female,22,All ages,559,Schizophrenia,2,Percent,1992,0.00250975087508,0.0029699015131612,0.0020904986912692
5,Prevalence,1,Global,3,Both,22,All ages,559,Schizophrenia,2,Percent,1992,0.002655847671496,0.003147769245991,0.0022095919953392
5,Prevalence,1,Global,1,Male,22,All ages,559,Schizophrenia,3,Rate,1992,271.03185061869,321.50247544212,225.16878938786002
5,Prevalence,1,Global,2,Female,22,All ages,559,Schizophrenia,3,Rate,1992,245.8670299404,290.88554373102,204.70115037406
5,Prevalence,1,Global,3,Both,22,All ages,559,Schizophrenia,3,Rate,1992,258.54803441761004,306.83824487207,215.03513353185
5,Prevalence,1,Global,1,Male,27,Age-standardized,559,Schizophrenia,2,Percent,1992,0.0029795496670214,0.0034993996935192,0.0024897101128091
5,Prevalence,1,Global,2,Female,27,Age-standardized,559,Schizophrenia,2,Percent,1992,0.0026672257550623,0.0031455115302526,0.0022221692735107
5,Prevalence,1,Global,3,Both,27,Age-standardized,559,Schizophrenia,2,Percent,1992,0.0028249322443892,0.0033232140179021,0.0023569067911034
5,Prevalence,1,Global,1,Male,27,Age-standardized,559,Schizophrenia,3,Rate,1992,289.38195424417,339.92764171656,241.55118288545003
5,Prevalence,1,Global,2,Female,27,Age-standardized,559,Schizophrenia,3,Rate,1992,261.7866056168,308.50387085677,217.98834975939002
5,Prevalence,1,Global,3,Both,27,Age-standardized,559,Schizophrenia,3,Rate,1992,275.78937659367,324.15606034369,229.93085551827997
5,Prevalence,65,High-income Asia Pacific,1,Male,22,All ages,559,Schizophrenia,1,Number,1992,282167.88745164825,340320.0219493264,233502.58311747253
5,Prevalence,65,High-income Asia Pacific,2,Female,22,All ages,559,Schizophrenia,1,Number,1992,273649.56368327024,324526.0252489104,226996.5179477164
5,Prevalence,65,High-income Asia Pacific,3,Both,22,All ages,559,Schizophrenia,1,Number,1992,555817.4511349183,663124.8302000772,460421.5798938336
5,Prevalence,65,High-income Asia Pacific,1,Male,22,All ages,559,Schizophrenia,2,Percent,1992,0.0034877540378107,0.0042044355023959,0.0028869428824094
5,Prevalence,65,High-income Asia Pacific,2,Female,22,All ages,559,Schizophrenia,2,Percent,1992,0.0032129651388245,0.0038163777630902,0.0026611159606359
5,Prevalence,65,High-income Asia Pacific,3,Both,22,All ages,559,Schizophrenia,2,Percent,1992,0.0033468266161868,0.0039904136804031,0.0027699885852947
5,Prevalence,65,High-income Asia Pacific,1,Male,22,All ages,559,Schizophrenia,3,Rate,1992,326.11419317891,393.3232458979,269.86949927672
5,Prevalence,65,High-income Asia Pacific,2,Female,22,All ages,559,Schizophrenia,3,Rate,1992,309.41281376086,366.93831796901003,256.66268342168
5,Prevalence,65,High-income Asia Pacific,3,Both,22,All ages,559,Schizophrenia,3,Rate,1992,317.67199469069,379.00247124022997,263.14942322314
5,Prevalence,65,High-income Asia Pacific,1,Male,27,Age-standardized,559,Schizophrenia,2,Percent,1992,0.0030882990039457,0.0037425818318937,0.0025542577942281
5,Prevalence,65,High-income Asia Pacific,2,Female,27,Age-standardized,559,Schizophrenia,2,Percent,1992,0.0028371557613644,0.0033924387686787,0.0023507879766126
5,Prevalence,65,High-income Asia Pacific,3,Both,27,Age-standardized,559,Schizophrenia,2,Percent,1992,0.0029677245842525,0.0035621865656433,0.00244392322599
5,Prevalence,65,High-income Asia Pacific,1,Male,27,Age-standardized,559,Schizophrenia,3,Rate,1992,283.40258229367004,343.38230928793,233.7701664942
5,Prevalence,65,High-income Asia Pacific,2,Female,27,Age-standardized,559,Schizophrenia,3,Rate,1992,267.6545621372,319.45725029705,221.59102048366
5,Prevalence,65,High-income Asia Pacific,3,Both,27,Age-standardized,559,Schizophrenia,3,Rate,1992,276.06888645308,330.55419766958,227.64293355722998
5,Prevalence,32,Central Asia,1,Male,22,All ages,559,Schizophrenia,1,Number,1992,64713.93396604171,82943.21285029427,49256.67406830754
5,Prevalence,32,Central Asia,2,Female,22,All ages,559,Schizophrenia,1,Number,1992,67864.95370456559,86465.27867543433,52738.75426191656
5,Prevalence,32,Central Asia,3,Both,22,All ages,559,Schizophrenia,1,Number,1992,132578.8876706074,169270.90289551605,102025.2294039128
5,Prevalence,32,Central Asia,1,Male,22,All ages,559,Schizophrenia,2,Percent,1992,0.0019525581717748,0.0025102327863869,0.001483487512577
5,Prevalence,32,Central Asia,2,Female,22,All ages,559,Schizophrenia,2,Percent,1992,0.0019345373579161,0.0024651000184531,0.0015059407392828
5,Prevalence,32,Central Asia,3,Both,22,All ages,559,Schizophrenia,2,Percent,1992,0.0019432885497767,0.0024805975727295,0.0014927171850603
5,Prevalence,32,Central Asia,1,Male,22,All ages,559,Schizophrenia,3,Rate,1992,186.65483903485,239.23367186623,142.07135938354
5,Prevalence,32,Central Asia,2,Female,22,All ages,559,Schizophrenia,3,Rate,1992,187.83233862232998,239.3131449546,145.96699781404
5,Prevalence,32,Central Asia,3,Both,22,All ages,559,Schizophrenia,3,Rate,1992,187.25573142398,239.07989641042002,144.10144248
5,Prevalence,32,Central Asia,1,Male,27,Age-standardized,559,Schizophrenia,2,Percent,1992,0.0022331502866191,0.0028281134535143,0.0017451956052048
5,Prevalence,32,Central Asia,2,Female,27,Age-standardized,559,Schizophrenia,2,Percent,1992,0.0021614106732574,0.0027236925195892,0.0016831937234389
5,Prevalence,32,Central Asia,3,Both,27,Age-standardized,559,Schizophrenia,2,Percent,1992,0.0021963610876368,0.0027654728451479,0.0017040655169724
5,Prevalence,32,Central Asia,1,Male,27,Age-standardized,559,Schizophrenia,3,Rate,1992,215.46941992748003,272.59018361637,168.19479487075
5,Prevalence,32,Central Asia,2,Female,27,Age-standardized,559,Schizophrenia,3,Rate,1992,210.92412011744,265.83078189157,164.31621947296
5,Prevalence,32,Central Asia,3,Both,27,Age-standardized,559,Schizophrenia,3,Rate,1992,213.12188764478,268.00810718155003,165.31691629041
5,Prevalence,42,Central Europe,1,Male,22,All ages,559,Schizophrenia,1,Number,1992,148635.8304263678,183662.6609373489,119034.2691171982
5,Prevalence,42,Central Europe,2,Female,22,All ages,559,Schizophrenia,1,Number,1992,152727.57721959622,187329.6558957242,122123.81315776551
5,Prevalence,42,Central Europe,3,Both,22,All ages,559,Schizophrenia,1,Number,1992,301363.40764596395,369751.259716869,241658.58000149857
5,Prevalence,42,Central Europe,1,Male,22,All ages,559,Schizophrenia,2,Percent,1992,0.0025107711057529,0.0030990373571534,0.0020056745321185
5,Prevalence,42,Central Europe,2,Female,22,All ages,559,Schizophrenia,2,Percent,1992,0.0024456534710688,0.0030022967600958,0.0019574114997436
5,Prevalence,42,Central Europe,3,Both,22,All ages,559,Schizophrenia,2,Percent,1992,0.0024773411206767,0.0030401181113261,0.0019831621499397
5,Prevalence,42,Central Europe,1,Male,22,All ages,559,Schizophrenia,3,Rate,1992,242.80251581857001,300.02023071828,194.44719303128
5,Prevalence,42,Central Europe,2,Female,22,All ages,559,Schizophrenia,3,Rate,1992,238.79666110680998,292.89861836718,190.94625446572
5,Prevalence,42,Central Europe,3,Both,22,All ages,559,Schizophrenia,3,Rate,1992,240.75573878061,295.39000236809,193.05824292139
5,Prevalence,42,Central Europe,1,Male,27,Age-standardized,559,Schizophrenia,2,Percent,1992,0.0023057480944634,0.0028476203456377,0.0018329954074764
5,Prevalence,42,Central Europe,2,Female,27,Age-standardized,559,Schizophrenia,2,Percent,1992,0.0022476858255787,0.0027861799108666,0.001771763545484
5,Prevalence,42,Central Europe,3,Both,27,Age-standardized,559,Schizophrenia,2,Percent,1992,0.0022765218095114,0.0028020389175152,0.0018030230330009
5,Prevalence,42,Central Europe,1,Male,27,Age-standardized,559,Schizophrenia,3,Rate,1992,221.56853289357997,273.53874290505996,176.65226150184
5,Prevalence,42,Central Europe,2,Female,27,Age-standardized,559,Schizophrenia,3,Rate,1992,217.6654667439,270.27523886165,171.66546021003
5,Prevalence,42,Central Europe,3,Both,27,Age-standardized,559,Schizophrenia,3,Rate,1992,219.59299378673,270.87744834895,174.21126965251
5,Prevalence,70,Australasia,1,Male,22,All ages,559,Schizophrenia,1,Number,1992,49571.31790010901,53258.96562658007,45688.339253929895
5,Prevalence,70,Australasia,2,Female,22,All ages,559,Schizophrenia,1,Number,1992,38488.863875958144,42527.56240453662,34264.75223835993
5,Prevalence,70,Australasia,3,Both,22,All ages,559,Schizophrenia,1,Number,1992,88060.18177606715,95978.95243514392,80427.82829809433
5,Prevalence,70,Australasia,1,Male,22,All ages,559,Schizophrenia,2,Percent,1992,0.0051680026413146,0.0055633843643358,0.004771935287024
5,Prevalence,70,Australasia,2,Female,22,All ages,559,Schizophrenia,2,Percent,1992,0.0038908370821909,0.0043065493181488,0.0034570852135271
5,Prevalence,70,Australasia,3,Both,22,All ages,559,Schizophrenia,2,Percent,1992,0.0045195644902037,0.0049328401792262,0.0041206946013889
5,Prevalence,70,Australasia,1,Male,22,All ages,559,Schizophrenia,3,Rate,1992,480.60938201857,516.3622764341,442.96269343764
5,Prevalence,70,Australasia,2,Female,22,All ages,559,Schizophrenia,3,Rate,1992,367.25811031018,405.79509582627,326.95192557157003
5,Prevalence,70,Australasia,3,Both,22,All ages,559,Schizophrenia,3,Rate,1992,423.48186681068006,461.56327561449,386.77783970306
5,Prevalence,70,Australasia,1,Male,27,Age-standardized,559,Schizophrenia,2,Percent,1992,0.0047888362660233,0.0051605102050357,0.0044214984643389
5,Prevalence,70,Australasia,2,Female,27,Age-standardized,559,Schizophrenia,2,Percent,1992,0.003600548099462,0.0039864214869925,0.003195328265605
5,Prevalence,70,Australasia,3,Both,27,Age-standardized,559,Schizophrenia,2,Percent,1992,0.004193332973241,0.0045777301778558,0.0038162639220219
5,Prevalence,70,Australasia,1,Male,27,Age-standardized,559,Schizophrenia,3,Rate,1992,438.91587692737,471.65806320072,404.49766999628997
5,Prevalence,70,Australasia,2,Female,27,Age-standardized,559,Schizophrenia,3,Rate,1992,333.45674318781005,368.72962014173,296.65129762849
5,Prevalence,70,Australasia,3,Both,27,Age-standardized,559,Schizophrenia,3,Rate,1992,386.33292949195,421.21668004489,352.73523638946
5,Prevalence,9,Southeast Asia,1,Male,22,All ages,559,Schizophrenia,1,Number,1992,644299.499448016,793630.1803080182,514971.9042976898
5,Prevalence,9,Southeast Asia,2,Female,22,All ages,559,Schizophrenia,1,Number,1992,557736.4908097645,685054.3832690223,445390.7068879588
5,Prevalence,9,Southeast Asia,3,Both,22,All ages,559,Schizophrenia,1,Number,1992,1202035.9902577822,1479740.9109512372,959456.4064730027
5,Prevalence,9,Southeast Asia,1,Male,22,All ages,559,Schizophrenia,2,Percent,1992,0.0027392791496078,0.0033746964212221,0.0021879242825579
5,Prevalence,9,Southeast Asia,2,Female,22,All ages,559,Schizophrenia,2,Percent,1992,0.0023234019521409,0.0028543963569124,0.0018553299356153
5,Prevalence,9,Southeast Asia,3,Both,22,All ages,559,Schizophrenia,2,Percent,1992,0.0025292206677666,0.003112540973725,0.0020167765658041
5,Prevalence,9,Southeast Asia,1,Male,22,All ages,559,Schizophrenia,3,Rate,1992,269.36899484689997,331.80122618888004,215.2996616541
5,Prevalence,9,Southeast Asia,2,Female,22,All ages,559,Schizophrenia,3,Rate,1992,229.98533381715,282.48548125350004,183.65900759688
5,Prevalence,9,Southeast Asia,3,Both,22,All ages,559,Schizophrenia,3,Rate,1992,249.54139564699,307.19264240627,199.18213154530997
5,Prevalence,9,Southeast Asia,1,Male,27,Age-standardized,559,Schizophrenia,2,Percent,1992,0.0031139971753462,0.0037707787162968,0.0025175248540009
5,Prevalence,9,Southeast Asia,2,Female,27,Age-standardized,559,Schizophrenia,2,Percent,1992,0.0025632594051331,0.0031100162514721,0.0020705591041676
5,Prevalence,9,Southeast Asia,3,Both,27,Age-standardized,559,Schizophrenia,2,Percent,1992,0.0028314948229359,0.00343119046905,0.0022883932471043
5,Prevalence,9,Southeast Asia,1,Male,27,Age-standardized,559,Schizophrenia,3,Rate,1992,307.17528242564003,372.06558431847,248.27982129478997
5,Prevalence,9,Southeast Asia,2,Female,27,Age-standardized,559,Schizophrenia,3,Rate,1992,254.14327965213,308.27953237343,205.28093016049
5,Prevalence,9,Southeast Asia,3,Both,27,Age-standardized,559,Schizophrenia,3,Rate,1992,280.02505653512003,339.15086357319,226.29451404124998
5,Prevalence,100,High-income North America,1,Male,22,All ages,559,Schizophrenia,1,Number,1992,585773.2208124116,680768.9075674813,494053.3919484301
5,Prevalence,100,High-income North America,2,Female,22,All ages,559,Schizophrenia,1,Number,1992,577257.8704305921,673159.8208102244,491597.730915501
5,Prevalence,100,High-income North America,3,Both,22,All ages,559,Schizophrenia,1,Number,1992,1163031.0912430054,1355228.0731855526,983939.5765655668
5,Prevalence,100,High-income North America,1,Male,22,All ages,559,Schizophrenia,2,Percent,1992,0.0045086427378076,0.0052719794031008,0.0038023426325759
5,Prevalence,100,High-income North America,2,Female,22,All ages,559,Schizophrenia,2,Percent,1992,0.0041391030090722,0.0048145992995256,0.0035233970222379
5,Prevalence,100,High-income North America,3,Both,22,All ages,559,Schizophrenia,2,Percent,1992,0.0043173221523908,0.005035866329118,0.0036512636747644
5,Prevalence,100,High-income North America,1,Male,22,All ages,559,Schizophrenia,3,Rate,1992,416.01229403642003,483.47760683397996,350.87347399712996
5,Prevalence,100,High-income North America,2,Female,22,All ages,559,Schizophrenia,3,Rate,1992,392.81766028999004,458.07788746934,334.52687326385
5,Prevalence,100,High-income North America,3,Both,22,All ages,559,Schizophrenia,3,Rate,1992,404.16726345027,470.95802151339996,341.93081255970003
5,Prevalence,100,High-income North America,1,Male,27,Age-standardized,559,Schizophrenia,2,Percent,1992,0.0041085843106456,0.0047998396205028,0.003466976565601
5,Prevalence,100,High-income North America,2,Female,27,Age-standardized,559,Schizophrenia,2,Percent,1992,0.0037737521270707,0.0044087204282107,0.0031929378500893
5,Prevalence,100,High-income North America,3,Both,27,Age-standardized,559,Schizophrenia,2,Percent,1992,0.0039417023140714,0.0045963188264089,0.0033261558524419
5,Prevalence,100,High-income North America,1,Male,27,Age-standardized,559,Schizophrenia,3,Rate,1992,373.21728535232,434.34151980256996,315.16921386693997
5,Prevalence,100,High-income North America,2,Female,27,Age-standardized,559,Schizophrenia,3,Rate,1992,351.58180743498997,411.17163703162,298.26689091161995
5,Prevalence,100,High-income North America,3,Both,27,Age-standardized,559,Schizophrenia,3,Rate,1992,362.56116419286997,422.09762258509,306.37432031111
5,Prevalence,134,Tropical Latin America,1,Male,22,All ages,559,Schizophrenia,1,Number,1992,185281.6445986117,222777.042746997,150982.59445564396
5,Prevalence,134,Tropical Latin America,2,Female,22,All ages,559,Schizophrenia,1,Number,1992,158430.25130157018,190352.6080045852,129381.990890426
5,Prevalence,134,Tropical Latin America,3,Both,22,All ages,559,Schizophrenia,1,Number,1992,343711.89590018167,413558.8638841411,280256.9092171964
5,Prevalence,134,Tropical Latin America,1,Male,22,All ages,559,Schizophrenia,2,Percent,1992,0.0024562891645048,0.0029542489383377,0.0020005879357482
5,Prevalence,134,Tropical Latin America,2,Female,22,All ages,559,Schizophrenia,2,Percent,1992,0.0020242975430418,0.002432125915142,0.0016534111565617
5,Prevalence,134,Tropical Latin America,3,Both,22,All ages,559,Schizophrenia,2,Percent,1992,0.0022363109300224,0.002690481602367,0.0018238912627213
5,Prevalence,134,Tropical Latin America,1,Male,22,All ages,559,Schizophrenia,3,Rate,1992,238.04675651429002,286.22021661484,193.97991084406
5,Prevalence,134,Tropical Latin America,2,Female,22,All ages,559,Schizophrenia,3,Rate,1992,198.66517140094,238.69452446846,162.23981963845
5,Prevalence,134,Tropical Latin America,3,Both,22,All ages,559,Schizophrenia,3,Rate,1992,218.11689375110998,262.4412359584,177.84885312347
5,Prevalence,134,Tropical Latin America,1,Male,27,Age-standardized,559,Schizophrenia,2,Percent,1992,0.0027352476236093,0.0032596213855446,0.0022662298965958
5,Prevalence,134,Tropical Latin America,2,Female,27,Age-standardized,559,Schizophrenia,2,Percent,1992,0.0022118673339866,0.0026359140119548,0.0018285692831772
5,Prevalence,134,Tropical Latin America,3,Both,27,Age-standardized,559,Schizophrenia,2,Percent,1992,0.0024658429505049,0.0029359016659882,0.0020367863764446
5,Prevalence,134,Tropical Latin America,1,Male,27,Age-standardized,559,Schizophrenia,3,Rate,1992,266.37074950596,316.79129978621,220.58047049525
5,Prevalence,134,Tropical Latin America,2,Female,27,Age-standardized,559,Schizophrenia,3,Rate,1992,217.45379779196003,259.30891508218,179.7849190858
5,Prevalence,134,Tropical Latin America,3,Both,27,Age-standardized,559,Schizophrenia,3,Rate,1992,241.27830363004998,287.12986337602,199.47311648332
5,Prevalence,56,Eastern Europe,1,Male,22,All ages,559,Schizophrenia,1,Number,1992,228111.982054292,274196.8580040861,187238.91819258276
5,Prevalence,56,Eastern Europe,2,Female,22,All ages,559,Schizophrenia,1,Number,1992,268639.59417265974,318781.5890330829,224732.86304203203
5,Prevalence,56,Eastern Europe,3,Both,22,All ages,559,Schizophrenia,1,Number,1992,496751.5762269519,590418.9751228045,413297.04825692857
5,Prevalence,56,Eastern Europe,1,Male,22,All ages,559,Schizophrenia,2,Percent,1992,0.0022588393849551,0.0027169882806833,0.0018553631560287
5,Prevalence,56,Eastern Europe,2,Female,22,All ages,559,Schizophrenia,2,Percent,1992,0.0022919232867581,0.0027215836647135,0.0019125425632743
5,Prevalence,56,Eastern Europe,3,Both,22,All ages,559,Schizophrenia,2,Percent,1992,0.0022766087604803,0.0027031875414167,0.0018898027098029
5,Prevalence,56,Eastern Europe,1,Male,22,All ages,559,Schizophrenia,3,Rate,1992,214.62839232354003,257.9892133837,176.1713156414
5,Prevalence,56,Eastern Europe,2,Female,22,All ages,559,Schizophrenia,3,Rate,1992,222.47055313976,263.99502523585,186.10973748534
5,Prevalence,56,Eastern Europe,3,Both,22,All ages,559,Schizophrenia,3,Rate,1992,218.79939134325,260.05617007918,182.04097768431
5,Prevalence,56,Eastern Europe,1,Male,27,Age-standardized,559,Schizophrenia,2,Percent,1992,0.002040419273493,0.0024506051676827,0.0016764127108577
5,Prevalence,56,Eastern Europe,2,Female,27,Age-standardized,559,Schizophrenia,2,Percent,1992,0.0020719630844803,0.0024883801921569,0.0017069028662928
5,Prevalence,56,Eastern Europe,3,Both,27,Age-standardized,559,Schizophrenia,2,Percent,1992,0.0020578297468594,0.0024622540990641,0.0016903143780768
5,Prevalence,56,Eastern Europe,1,Male,27,Age-standardized,559,Schizophrenia,3,Rate,1992,192.06801545638,229.84590434854,157.64844185427
5,Prevalence,56,Eastern Europe,2,Female,27,Age-standardized,559,Schizophrenia,3,Rate,1992,198.48144904298002,237.80238199918998,163.65508201539998
5,Prevalence,56,Eastern Europe,3,Both,27,Age-standardized,559,Schizophrenia,3,Rate,1992,195.39149813433002,233.52799272116,160.70554732235
5,Prevalence,96,Southern Latin America,1,Male,22,All ages,559,Schizophrenia,1,Number,1992,67566.54579728274,85002.4958229929,52579.798088725336
5,Prevalence,96,Southern Latin America,2,Female,22,All ages,559,Schizophrenia,1,Number,1992,69558.66357375922,88039.96012410303,54832.4428984788
5,Prevalence,96,Southern Latin America,3,Both,22,All ages,559,Schizophrenia,1,Number,1992,137125.20937104174,172136.6260386525,107290.34865671152
5,Prevalence,96,Southern Latin America,1,Male,22,All ages,559,Schizophrenia,2,Percent,1992,0.002861632752642,0.0036000304845038,0.0022222936084429
5,Prevalence,96,Southern Latin America,2,Female,22,All ages,559,Schizophrenia,2,Percent,1992,0.0027825090420889,0.0035242183251458,0.0021901042676328
5,Prevalence,96,Southern Latin America,3,Both,22,All ages,559,Schizophrenia,2,Percent,1992,0.0028209307368471,0.0035537510794037,0.0022022474150272
5,Prevalence,96,Southern Latin America,1,Male,22,All ages,559,Schizophrenia,3,Rate,1992,271.85233537045997,342.00545150152,211.55352452991
5,Prevalence,96,Southern Latin America,2,Female,22,All ages,559,Schizophrenia,3,Rate,1992,268.3292930854,339.62268752212,211.52146814166997
5,Prevalence,96,Southern Latin America,3,Both,22,All ages,559,Schizophrenia,3,Rate,1992,270.05373827221,339.00505653573,211.29710480057997
5,Prevalence,96,Southern Latin America,1,Male,27,Age-standardized,559,Schizophrenia,2,Percent,1992,0.002961533613925,0.0037097468798502,0.0023045029468373
5,Prevalence,96,Southern Latin America,2,Female,27,Age-standardized,559,Schizophrenia,2,Percent,1992,0.0028436564965188,0.00360927336356,0.0022361828931218
5,Prevalence,96,Southern Latin America,3,Both,27,Age-standardized,559,Schizophrenia,2,Percent,1992,0.0029041825283559,0.0036578744557584,0.002271876127349
5,Prevalence,96,Southern Latin America,1,Male,27,Age-standardized,559,Schizophrenia,3,Rate,1992,282.28800593088,353.91578870497,220.20803497314
5,Prevalence,96,Southern Latin America,2,Female,27,Age-standardized,559,Schizophrenia,3,Rate,1992,274.21981512863,347.11391449371,215.96863862975002
5,Prevalence,96,Southern Latin America,3,Both,27,Age-standardized,559,Schizophrenia,3,Rate,1992,278.44100410288,349.46826643066,218.24238715694003
5,Prevalence,73,Western Europe,1,Male,22,All ages,559,Schizophrenia,1,Number,1992,587136.631921671,692708.033791519,492150.0067647072
5,Prevalence,73,Western Europe,2,Female,22,All ages,559,Schizophrenia,1,Number,1992,583054.3478160307,685600.2272994303,490767.5063674861
5,Prevalence,73,Western Europe,3,Both,22,All ages,559,Schizophrenia,1,Number,1992,1170190.979737702,1380023.675285691,987992.9503414317
5,Prevalence,73,Western Europe,1,Male,22,All ages,559,Schizophrenia,2,Percent,1992,0.0033278908428702,0.0039317378119641,0.002786170694191
5,Prevalence,73,Western Europe,2,Female,22,All ages,559,Schizophrenia,2,Percent,1992,0.0030330770169955,0.0035602792004989,0.0025501918206754
5,Prevalence,73,Western Europe,3,Both,22,All ages,559,Schizophrenia,2,Percent,1992,0.0031741624094506,0.0037481772793275,0.0026791367339387
5,Prevalence,73,Western Europe,1,Male,22,All ages,559,Schizophrenia,3,Rate,1992,311.03917768413004,366.96626558714,260.71943918798
5,Prevalence,73,Western Europe,2,Female,22,All ages,559,Schizophrenia,3,Rate,1992,293.67222267708,345.32242727132996,247.18927995732
5,Prevalence,73,Western Europe,3,Both,22,All ages,559,Schizophrenia,3,Rate,1992,302.13658672383997,356.31418295700996,255.09410249452
5,Prevalence,73,Western Europe,1,Male,27,Age-standardized,559,Schizophrenia,2,Percent,1992,0.0029536369762839,0.0035162890090069,0.0024627172131855
5,Prevalence,73,Western Europe,2,Female,27,Age-standardized,559,Schizophrenia,2,Percent,1992,0.0026532892800073,0.0031577825949036,0.0022116439529779
5,Prevalence,73,Western Europe,3,Both,27,Age-standardized,559,Schizophrenia,2,Percent,1992,0.002807152728844,0.003332133621991,0.0023489445460798
5,Prevalence,73,Western Europe,1,Male,27,Age-standardized,559,Schizophrenia,3,Rate,1992,268.28593483589,318.08685927704,223.58987397734998
5,Prevalence,73,Western Europe,2,Female,27,Age-standardized,559,Schizophrenia,3,Rate,1992,251.36092951138002,298.61905748862,209.68508950379
5,Prevalence,73,Western Europe,3,Both,27,Age-standardized,559,Schizophrenia,3,Rate,1992,260.33918803981,309.20625027673003,217.72605262247
5,Prevalence,124,Central Latin America,1,Male,22,All ages,559,Schizophrenia,1,Number,1992,183732.3711357459,226694.0671197669,147153.8625093944
5,Prevalence,124,Central Latin America,2,Female,22,All ages,559,Schizophrenia,1,Number,1992,158242.07989634987,196938.5102173461,125577.26022282329
5,Prevalence,124,Central Latin America,3,Both,22,All ages,559,Schizophrenia,1,Number,1992,341974.4510320958,421521.6377860652,272955.7839463207
5,Prevalence,124,Central Latin America,1,Male,22,All ages,559,Schizophrenia,2,Percent,1992,0.0022704825492204,0.0027991181734939,0.0018177058171872
5,Prevalence,124,Central Latin America,2,Female,22,All ages,559,Schizophrenia,2,Percent,1992,0.0018676039553053,0.0023224994974392,0.0014832307539809
5,Prevalence,124,Central Latin America,3,Both,22,All ages,559,Schizophrenia,2,Percent,1992,0.002064411547885,0.0025485083877319,0.0016491281440878
5,Prevalence,124,Central Latin America,1,Male,22,All ages,559,Schizophrenia,3,Rate,1992,216.92332350618,267.64597961031996,173.73696711684
5,Prevalence,124,Central Latin America,2,Female,22,All ages,559,Schizophrenia,3,Rate,1992,181.95233998284,226.44686413534,144.39317507166
5,Prevalence,124,Central Latin America,3,Both,22,All ages,559,Schizophrenia,3,Rate,1992,199.20664351017,245.54439776670003,159.00195287258998
5,Prevalence,124,Central Latin America,1,Male,27,Age-standardized,559,Schizophrenia,2,Percent,1992,0.0027812833192633,0.0033702387990568,0.0022577728469009
5,Prevalence,124,Central Latin America,2,Female,27,Age-standardized,559,Schizophrenia,2,Percent,1992,0.0022362153956123,0.002720369795636,0.001824232460867
5,Prevalence,124,Central Latin America,3,Both,27,Age-standardized,559,Schizophrenia,2,Percent,1992,0.0024991762825749,0.0030385400825289,0.0020349919655192
5,Prevalence,124,Central Latin America,1,Male,27,Age-standardized,559,Schizophrenia,3,Rate,1992,268.80257815078,326.27055500562,218.2087391481
5,Prevalence,124,Central Latin America,2,Female,27,Age-standardized,559,Schizophrenia,3,Rate,1992,219.22502928635,266.58002140631,178.77532583532
5,Prevalence,124,Central Latin America,3,Both,27,Age-standardized,559,Schizophrenia,3,Rate,1992,243.28083499391002,295.85196917929,198.00958985316998
5,Prevalence,104,Caribbean,1,Male,22,All ages,559,Schizophrenia,1,Number,1992,40627.060837603145,51467.160676359,31763.13401420901
5,Prevalence,104,Caribbean,2,Female,22,All ages,559,Schizophrenia,1,Number,1992,33753.01073876951,42732.699671362425,26092.423042831037
5,Prevalence,104,Caribbean,3,Both,22,All ages,559,Schizophrenia,1,Number,1992,74380.07157637265,94127.2660906515,57888.956710981176
5,Prevalence,104,Caribbean,1,Male,22,All ages,559,Schizophrenia,2,Percent,1992,0.0023255114918233,0.002943296484072,0.0018153336039306
5,Prevalence,104,Caribbean,2,Female,22,All ages,559,Schizophrenia,2,Percent,1992,0.0018691686018976,0.0023657806641609,0.0014429995535689
5,Prevalence,104,Caribbean,3,Both,22,All ages,559,Schizophrenia,2,Percent,1992,0.0020935654735432,0.0026474818529758,0.0016267549322623
5,Prevalence,104,Caribbean,1,Male,22,All ages,559,Schizophrenia,3,Rate,1992,227.18164105341,287.79817643103,177.6156276525
5,Prevalence,104,Caribbean,2,Female,22,All ages,559,Schizophrenia,3,Rate,1992,183.64228519379,232.49868525462998,141.9628083229
5,Prevalence,104,Caribbean,3,Both,22,All ages,559,Schizophrenia,3,Rate,1992,205.11378760373998,259.56952790526,159.63715710096
5,Prevalence,104,Caribbean,1,Male,27,Age-standardized,559,Schizophrenia,2,Percent,1992,0.0025395817689017,0.0031730251415422,0.0020124624969204
5,Prevalence,104,Caribbean,2,Female,27,Age-standardized,559,Schizophrenia,2,Percent,1992,0.002002584172968,0.0024975218141232,0.0015779501790326
5,Prevalence,104,Caribbean,3,Both,27,Age-standardized,559,Schizophrenia,2,Percent,1992,0.0022638970848204,0.0028203410134317,0.001783517269759
5,Prevalence,104,Caribbean,1,Male,27,Age-standardized,559,Schizophrenia,3,Rate,1992,248.83804126509997,310.78451023094,197.57476040830002
5,Prevalence,104,Caribbean,2,Female,27,Age-standardized,559,Schizophrenia,3,Rate,1992,197.07366225876999,245.60806421979,155.36023782906
5,Prevalence,104,Caribbean,3,Both,27,Age-standardized,559,Schizophrenia,3,Rate,1992,222.31663371834998,277.08052866122,175.37484819732
5,Prevalence,120,Andean Latin America,1,Male,22,All ages,559,Schizophrenia,1,Number,1992,42026.18352614298,53993.41811854338,32554.24198713801
5,Prevalence,120,Andean Latin America,2,Female,22,All ages,559,Schizophrenia,1,Number,1992,34876.88328049266,45451.84249436957,26881.64366782957
5,Prevalence,120,Andean Latin America,3,Both,22,All ages,559,Schizophrenia,1,Number,1992,76903.0668066357,98853.88978585853,59637.2775034971
5,Prevalence,120,Andean Latin America,1,Male,22,All ages,559,Schizophrenia,2,Percent,1992,0.0022062807169795,0.0028382707521862,0.0017074963822134
5,Prevalence,120,Andean Latin America,2,Female,22,All ages,559,Schizophrenia,2,Percent,1992,0.0017859442006059,0.0023224261327072,0.0013726911998621
5,Prevalence,120,Andean Latin America,3,Both,22,All ages,559,Schizophrenia,2,Percent,1992,0.0019934954554847,0.0025555066187967,0.0015450414390541
5,Prevalence,120,Andean Latin America,1,Male,22,All ages,559,Schizophrenia,3,Rate,1992,213.38745055769,274.15094287694,165.2937792496
5,Prevalence,120,Andean Latin America,2,Female,22,All ages,559,Schizophrenia,3,Rate,1992,174.85779022572999,227.87611715002998,134.77307509359
5,Prevalence,120,Andean Latin America,3,Both,22,All ages,559,Schizophrenia,3,Rate,1992,194.00059943732998,249.37515071263,150.44481403556
5,Prevalence,120,Andean Latin America,1,Male,27,Age-standardized,559,Schizophrenia,2,Percent,1992,0.0027011116977424,0.0034106384674302,0.002124756741299
5,Prevalence,120,Andean Latin America,2,Female,27,Age-standardized,559,Schizophrenia,2,Percent,1992,0.0021465250680446,0.002742516297678,0.0016807104954177
5,Prevalence,120,Andean Latin America,3,Both,27,Age-standardized,559,Schizophrenia,2,Percent,1992,0.0024174925318049,0.003055680535108,0.0019000498878722
5,Prevalence,120,Andean Latin America,1,Male,27,Age-standardized,559,Schizophrenia,3,Rate,1992,263.31410086557,331.77796674288,207.14082110408
5,Prevalence,120,Andean Latin America,2,Female,27,Age-standardized,559,Schizophrenia,3,Rate,1992,211.25250324014,270.23272371884,165.40268727187
5,Prevalence,120,Andean Latin America,3,Both,27,Age-standardized,559,Schizophrenia,3,Rate,1992,236.80142124793002,299.1162418161,186.09335000621
5,Prevalence,199,Western Sub-Saharan Africa,1,Male,22,All ages,559,Schizophrenia,1,Number,1992,152485.04997940874,188127.33768402936,122417.9670640934
5,Prevalence,199,Western Sub-Saharan Africa,2,Female,22,All ages,559,Schizophrenia,1,Number,1992,191789.0825266619,239478.1691993369,152828.76466057336
5,Prevalence,199,Western Sub-Saharan Africa,3,Both,22,All ages,559,Schizophrenia,1,Number,1992,344274.13250607083,428047.7039540964,274639.4375351033
5,Prevalence,199,Western Sub-Saharan Africa,1,Male,22,All ages,559,Schizophrenia,2,Percent,1992,0.0015097787814396,0.0018620584560822,0.0012117733558305
5,Prevalence,199,Western Sub-Saharan Africa,2,Female,22,All ages,559,Schizophrenia,2,Percent,1992,0.0018778793490892,0.0023446584198052,0.0014961149882502
5,Prevalence,199,Western Sub-Saharan Africa,3,Both,22,All ages,559,Schizophrenia,2,Percent,1992,0.0016948551158102,0.002107212088882,0.0013518168304602
5,Prevalence,199,Western Sub-Saharan Africa,1,Male,22,All ages,559,Schizophrenia,3,Rate,1992,150.28058269563,185.40759197017,120.64817780688
5,Prevalence,199,Western Sub-Saharan Africa,2,Female,22,All ages,559,Schizophrenia,3,Rate,1992,186.89849148273,233.37151404422997,148.93165551412
5,Prevalence,199,Western Sub-Saharan Africa,3,Both,22,All ages,559,Schizophrenia,3,Rate,1992,168.69268989453,209.74134204497,134.57202006921
5,Prevalence,199,Western Sub-Saharan Africa,1,Male,27,Age-standardized,559,Schizophrenia,2,Percent,1992,0.0020573848713712,0.0025078454592662,0.0016791780477635
5,Prevalence,199,Western Sub-Saharan Africa,2,Female,27,Age-standardized,559,Schizophrenia,2,Percent,1992,0.0026271026906471,0.0032105173854398,0.0021236760849605
5,Prevalence,199,Western Sub-Saharan Africa,3,Both,27,Age-standardized,559,Schizophrenia,2,Percent,1992,0.0023366500302996,0.0028524687034735,0.0018984221929703
5,Prevalence,199,Western Sub-Saharan Africa,1,Male,27,Age-standardized,559,Schizophrenia,3,Rate,1992,205.13305068529,250.06272044597,167.43584088251
5,Prevalence,199,Western Sub-Saharan Africa,2,Female,27,Age-standardized,559,Schizophrenia,3,Rate,1992,261.97656207131,320.13750109478997,211.76516257798
5,Prevalence,199,Western Sub-Saharan Africa,3,Both,27,Age-standardized,559,Schizophrenia,3,Rate,1992,232.99671252113,284.37720857950995,189.31516094406
5,Prevalence,44636,Low-middle SDI,1,Male,22,All ages,559,Schizophrenia,1,Number,1992,1473521.6519746229,1784379.9309924147,1192183.862052445
5,Prevalence,44636,Low-middle SDI,2,Female,22,All ages,559,Schizophrenia,1,Number,1992,1167256.208509552,1421827.9393290165,940511.179927986
5,Prevalence,44636,Low-middle SDI,3,Both,22,All ages,559,Schizophrenia,1,Number,1992,2640777.860484176,3207652.6190389628,2130613.615223612
5,Prevalence,44636,Low-middle SDI,1,Male,22,All ages,559,Schizophrenia,2,Percent,1992,0.0024348559935146,0.0029521938213256,0.0019699684424528
5,Prevalence,44636,Low-middle SDI,2,Female,22,All ages,559,Schizophrenia,2,Percent,1992,0.001990992736952,0.0024257072904238,0.0016047887257732
5,Prevalence,44636,Low-middle SDI,3,Both,22,All ages,559,Schizophrenia,2,Percent,1992,0.0022164466293655,0.0026955919163085,0.0017889911278236
5,Prevalence,44636,Low-middle SDI,1,Male,22,All ages,559,Schizophrenia,3,Rate,1992,240.04213772704998,290.68210336691,194.21116915877
5,Prevalence,44636,Low-middle SDI,2,Female,22,All ages,559,Schizophrenia,3,Rate,1992,197.18484910847,240.18970782155,158.88076135034999
5,Prevalence,44636,Low-middle SDI,3,Both,22,All ages,559,Schizophrenia,3,Rate,1992,219.00266413451,266.01422243777,176.69417218216
5,Prevalence,44636,Low-middle SDI,1,Male,27,Age-standardized,559,Schizophrenia,2,Percent,1992,0.0030028735885519,0.0036006315889801,0.0024543314547553
5,Prevalence,44636,Low-middle SDI,2,Female,27,Age-standardized,559,Schizophrenia,2,Percent,1992,0.0024424497852638,0.0029406854134327,0.0019929943818539
5,Prevalence,44636,Low-middle SDI,3,Both,27,Age-standardized,559,Schizophrenia,2,Percent,1992,0.0027263073104243,0.0032753331686345,0.0022241489379577
5,Prevalence,44636,Low-middle SDI,1,Male,27,Age-standardized,559,Schizophrenia,3,Rate,1992,297.03825543257,356.32241692166,242.76641161766
5,Prevalence,44636,Low-middle SDI,2,Female,27,Age-standardized,559,Schizophrenia,3,Rate,1992,242.54460383144,292.06292381811,197.86513917327002
5,Prevalence,44636,Low-middle SDI,3,Both,27,Age-standardized,559,Schizophrenia,3,Rate,1992,270.20027548705997,324.49608651252,220.38149557689
5,Prevalence,44635,High SDI,1,Male,22,All ages,559,Schizophrenia,1,Number,1992,1536368.5480943446,1811426.8838239424,1280152.3800511996
5,Prevalence,44635,High SDI,2,Female,22,All ages,559,Schizophrenia,1,Number,1992,1491733.4967757675,1754948.8580647688,1248401.5988513236
5,Prevalence,44635,High SDI,3,Both,22,All ages,559,Schizophrenia,1,Number,1992,3028102.0448701107,3559421.1103642564,2524490.080125875
5,Prevalence,44635,High SDI,1,Male,22,All ages,559,Schizophrenia,2,Percent,1992,0.0037362225091636,0.0043979001230074,0.0031257164203292
5,Prevalence,44635,High SDI,2,Female,22,All ages,559,Schizophrenia,2,Percent,1992,0.0034300285508554,0.0040396270530818,0.0028720992857716
5,Prevalence,44635,High SDI,3,Both,22,All ages,559,Schizophrenia,2,Percent,1992,0.003578835658272,0.0042051028919975,0.0029902529039927
5,Prevalence,44635,High SDI,1,Male,22,All ages,559,Schizophrenia,3,Rate,1992,348.57071861701,410.97585042329996,290.44049073199
5,Prevalence,44635,High SDI,2,Female,22,All ages,559,Schizophrenia,3,Rate,1992,329.43140775636,387.55935567732,275.69448366198
5,Prevalence,44635,High SDI,3,Both,22,All ages,559,Schizophrenia,3,Rate,1992,338.8719271424,398.33132216394995,282.5132065656
5,Prevalence,44635,High SDI,1,Male,27,Age-standardized,559,Schizophrenia,2,Percent,1992,0.0033567785300583,0.0039478624667349,0.002816863137447
5,Prevalence,44635,High SDI,2,Female,27,Age-standardized,559,Schizophrenia,2,Percent,1992,0.003093890360375,0.0036454100264092,0.0025849960024131
5,Prevalence,44635,High SDI,3,Both,27,Age-standardized,559,Schizophrenia,2,Percent,1992,0.0032293705393632,0.003799309311953,0.0027041923076891
5,Prevalence,44635,High SDI,1,Male,27,Age-standardized,559,Schizophrenia,3,Rate,1992,307.72809897817,361.82614471109997,256.83211332523
5,Prevalence,44635,High SDI,2,Female,27,Age-standardized,559,Schizophrenia,3,Rate,1992,292.00328944781,344.35284988864,243.48284742523998
5,Prevalence,44635,High SDI,3,Both,27,Age-standardized,559,Schizophrenia,3,Rate,1992,300.31521250645,353.45012029453,250.44792935357
5,Prevalence,44637,Low SDI,1,Male,22,All ages,559,Schizophrenia,1,Number,1992,472118.9324309398,580096.4323523697,378927.26815825433
5,Prevalence,44637,Low SDI,2,Female,22,All ages,559,Schizophrenia,1,Number,1992,451542.1871452913,557383.7843054584,359458.0108890189
5,Prevalence,44637,Low SDI,3,Both,22,All ages,559,Schizophrenia,1,Number,1992,923661.1195762316,1138983.1915391902,738441.7725439703
5,Prevalence,44637,Low SDI,1,Male,22,All ages,559,Schizophrenia,2,Percent,1992,0.0017889824206858,0.0021984219570037,0.0014361568835328
5,Prevalence,44637,Low SDI,2,Female,22,All ages,559,Schizophrenia,2,Percent,1992,0.0017355087730845,0.002142119321468,0.0013816676210704
5,Prevalence,44637,Low SDI,3,Both,22,All ages,559,Schizophrenia,2,Percent,1992,0.0017624356546859,0.0021732622317467,0.001409208275471
5,Prevalence,44637,Low SDI,1,Male,22,All ages,559,Schizophrenia,3,Rate,1992,178.08281968478,218.81183165113,142.9310110942
5,Prevalence,44637,Low SDI,2,Female,22,All ages,559,Schizophrenia,3,Rate,1992,172.83846339453999,213.35184074260002,137.59106463495
5,Prevalence,44637,Low SDI,3,Both,22,All ages,559,Schizophrenia,3,Rate,1992,175.47987594981998,216.38740109785,140.29135566693
5,Prevalence,44637,Low SDI,1,Male,27,Age-standardized,559,Schizophrenia,2,Percent,1992,0.0024995353510136,0.0030183869594686,0.0020366258097264
5,Prevalence,44637,Low SDI,2,Female,27,Age-standardized,559,Schizophrenia,2,Percent,1992,0.0023710870867671,0.0028906417260673,0.0019166396155927
5,Prevalence,44637,Low SDI,3,Both,27,Age-standardized,559,Schizophrenia,2,Percent,1992,0.0024353673827208,0.0029496235808851,0.0019768253814258
5,Prevalence,44637,Low SDI,1,Male,27,Age-standardized,559,Schizophrenia,3,Rate,1992,249.16436093578,300.91604795947,203.01915965452002
5,Prevalence,44637,Low SDI,2,Female,27,Age-standardized,559,Schizophrenia,3,Rate,1992,236.51053615358,288.31025097808,191.18820200975
5,Prevalence,44637,Low SDI,3,Both,27,Age-standardized,559,Schizophrenia,3,Rate,1992,242.84676327681998,294.09511650588,197.12542683179
5,Prevalence,44634,High-middle SDI,1,Male,22,All ages,559,Schizophrenia,1,Number,1992,1571335.2954140569,1817595.6379796816,1337242.2275431338
5,Prevalence,44634,High-middle SDI,2,Female,22,All ages,559,Schizophrenia,1,Number,1992,1489808.618391686,1721020.6119103157,1277269.003779866
5,Prevalence,44634,High-middle SDI,3,Both,22,All ages,559,Schizophrenia,1,Number,1992,3061143.9138057414,3537948.711642863,2614875.684385221
5,Prevalence,44634,High-middle SDI,1,Male,22,All ages,559,Schizophrenia,2,Percent,1992,0.0030350303512155,0.0035152070630118,0.0025862220382023
5,Prevalence,44634,High-middle SDI,2,Female,22,All ages,559,Schizophrenia,2,Percent,1992,0.0028050184751296,0.0032451755494648,0.0024060918027019
5,Prevalence,44634,High-middle SDI,3,Both,22,All ages,559,Schizophrenia,2,Percent,1992,0.0029185544555293,0.0033808658360425,0.0024948375646628
5,Prevalence,44634,High-middle SDI,1,Male,22,All ages,559,Schizophrenia,3,Rate,1992,290.36680542346,335.8732159152,247.10878373462
5,Prevalence,44634,High-middle SDI,2,Female,22,All ages,559,Schizophrenia,3,Rate,1992,273.16861580682,315.56322907976,234.1977361845
5,Prevalence,44634,High-middle SDI,3,Both,22,All ages,559,Schizophrenia,3,Rate,1992,281.73427050197,325.61729451944,240.66169841642997
5,Prevalence,44634,High-middle SDI,1,Male,27,Age-standardized,559,Schizophrenia,2,Percent,1992,0.0028833756512267,0.003328793386769,0.0024709104787935
5,Prevalence,44634,High-middle SDI,2,Female,27,Age-standardized,559,Schizophrenia,2,Percent,1992,0.0026635529977041,0.0030741164303513,0.0022833992759399
5,Prevalence,44634,High-middle SDI,3,Both,27,Age-standardized,559,Schizophrenia,2,Percent,1992,0.0027728788741397,0.0032032627161037,0.0023725562170935
5,Prevalence,44634,High-middle SDI,1,Male,27,Age-standardized,559,Schizophrenia,3,Rate,1992,275.22922799658,317.10183629753,235.55103785886
5,Prevalence,44634,High-middle SDI,2,Female,27,Age-standardized,559,Schizophrenia,3,Rate,1992,258.13047860782,297.9323704281,221.28272413481
5,Prevalence,44634,High-middle SDI,3,Both,27,Age-standardized,559,Schizophrenia,3,Rate,1992,266.65930572241,307.49310154767,227.96790627613998
5,Prevalence,174,Eastern Sub-Saharan Africa,1,Male,22,All ages,559,Schizophrenia,1,Number,1992,138837.60221701313,173904.2253945418,109977.86828078338
5,Prevalence,174,Eastern Sub-Saharan Africa,2,Female,22,All ages,559,Schizophrenia,1,Number,1992,157765.3841516271,197871.65361954068,123582.0636822748
5,Prevalence,174,Eastern Sub-Saharan Africa,3,Both,22,All ages,559,Schizophrenia,1,Number,1992,296602.98636864027,372515.4957676553,233252.45159788363
5,Prevalence,174,Eastern Sub-Saharan Africa,1,Male,22,All ages,559,Schizophrenia,2,Percent,1992,0.0013937240521042,0.0017457897543171,0.0011041102355203
5,Prevalence,174,Eastern Sub-Saharan Africa,2,Female,22,All ages,559,Schizophrenia,2,Percent,1992,0.0015592548799565,0.0019561165247884,0.0012215141331953
5,Prevalence,174,Eastern Sub-Saharan Africa,3,Both,22,All ages,559,Schizophrenia,2,Percent,1992,0.0014771340452541,0.0018550178777872,0.0011615974152511
5,Prevalence,174,Eastern Sub-Saharan Africa,1,Male,22,All ages,559,Schizophrenia,3,Rate,1992,138.66453534148,173.68744650719,109.84077627013998
5,Prevalence,174,Eastern Sub-Saharan Africa,2,Female,22,All ages,559,Schizophrenia,3,Rate,1992,155.26004943187002,194.72942614971,121.61956451588
5,Prevalence,174,Eastern Sub-Saharan Africa,3,Both,22,All ages,559,Schizophrenia,3,Rate,1992,147.02352976025,184.65270275492,115.62121871737
5,Prevalence,174,Eastern Sub-Saharan Africa,1,Male,27,Age-standardized,559,Schizophrenia,2,Percent,1992,0.0020689634194655,0.0025423027082451,0.0016716300882284
5,Prevalence,174,Eastern Sub-Saharan Africa,2,Female,27,Age-standardized,559,Schizophrenia,2,Percent,1992,0.0022211247286029,0.002737079128946,0.0017929421052466
5,Prevalence,174,Eastern Sub-Saharan Africa,3,Both,27,Age-standardized,559,Schizophrenia,2,Percent,1992,0.0021470066363664,0.0026434660267386,0.0017371131957868
5,Prevalence,174,Eastern Sub-Saharan Africa,1,Male,27,Age-standardized,559,Schizophrenia,3,Rate,1992,206.23894189288998,253.40416705421,166.6261453573
5,Prevalence,174,Eastern Sub-Saharan Africa,2,Female,27,Age-standardized,559,Schizophrenia,3,Rate,1992,221.55421640052998,272.98900705511,178.81817757679
5,Prevalence,174,Eastern Sub-Saharan Africa,3,Both,27,Age-standardized,559,Schizophrenia,3,Rate,1992,214.09206198248,263.57813981827996,173.21860041309
5,Prevalence,138,North Africa and Middle East,1,Male,22,All ages,559,Schizophrenia,1,Number,1992,372247.29382185725,466616.7070542752,293927.48739822657
5,Prevalence,138,North Africa and Middle East,2,Female,22,All ages,559,Schizophrenia,1,Number,1992,322665.16750304407,403657.5173974008,252544.40840618865
5,Prevalence,138,North Africa and Middle East,3,Both,22,All ages,559,Schizophrenia,1,Number,1992,694912.4613249013,869561.7525774445,546471.8958044152
5,Prevalence,138,North Africa and Middle East,1,Male,22,All ages,559,Schizophrenia,2,Percent,1992,0.0021370953734061,0.0026762349510143,0.0016851429930018
5,Prevalence,138,North Africa and Middle East,2,Female,22,All ages,559,Schizophrenia,2,Percent,1992,0.0019165797261274,0.0023965180811666,0.0015019331001209
5,Prevalence,138,North Africa and Middle East,3,Both,22,All ages,559,Schizophrenia,2,Percent,1992,0.0020287126239432,0.0025382339083432,0.0015967305174919
5,Prevalence,138,North Africa and Middle East,1,Male,22,All ages,559,Schizophrenia,3,Rate,1992,204.16937823139,255.92890675853,161.21270280055
5,Prevalence,138,North Africa and Middle East,2,Female,22,All ages,559,Schizophrenia,3,Rate,1992,185.99692279762,232.68410619294,145.57655292263001
5,Prevalence,138,North Africa and Middle East,3,Both,22,All ages,559,Schizophrenia,3,Rate,1992,195.30900325038,244.39515566716,153.58895863
5,Prevalence,138,North Africa and Middle East,1,Male,27,Age-standardized,559,Schizophrenia,2,Percent,1992,0.0026223869511676,0.0032290837107474,0.0020801224379296
5,Prevalence,138,North Africa and Middle East,2,Female,27,Age-standardized,559,Schizophrenia,2,Percent,1992,0.0023792131122931,0.0029233211959916,0.0018912378356416
5,Prevalence,138,North Africa and Middle East,3,Both,27,Age-standardized,559,Schizophrenia,2,Percent,1992,0.0025034211144569,0.0030786297931849,0.0019882628604531
5,Prevalence,138,North Africa and Middle East,1,Male,27,Age-standardized,559,Schizophrenia,3,Rate,1992,253.57067174034,311.91783237754,201.29348903633002
5,Prevalence,138,North Africa and Middle East,2,Female,27,Age-standardized,559,Schizophrenia,3,Rate,1992,232.91264679722,286.17022785165,185.1143585918
5,Prevalence,138,North Africa and Middle East,3,Both,27,Age-standardized,559,Schizophrenia,3,Rate,1992,243.53239497197,298.98222658387,193.62658412907
5,Prevalence,159,South Asia,1,Male,22,All ages,559,Schizophrenia,1,Number,1992,1598634.3457237338,1904125.5027341368,1314121.0209496473
5,Prevalence,159,South Asia,2,Female,22,All ages,559,Schizophrenia,1,Number,1992,1124840.6587912585,1340765.6311987217,919424.4796433954
5,Prevalence,159,South Asia,3,Both,22,All ages,559,Schizophrenia,1,Number,1992,2723475.004514995,3247023.40329182,2232477.4588610497
5,Prevalence,159,South Asia,1,Male,22,All ages,559,Schizophrenia,2,Percent,1992,0.0027347673266765,0.0032584163861021,0.0022496586924733
5,Prevalence,159,South Asia,2,Female,22,All ages,559,Schizophrenia,2,Percent,1992,0.0020752759576251,0.0024744098446923,0.0016972545042566
5,Prevalence,159,South Asia,3,Both,22,All ages,559,Schizophrenia,2,Percent,1992,0.0024174726934239,0.0028819940643112,0.0019825447959121
5,Prevalence,159,South Asia,1,Male,22,All ages,559,Schizophrenia,3,Rate,1992,270.70624142006,322.43687208152,222.52791159152
5,Prevalence,159,South Asia,2,Female,22,All ages,559,Schizophrenia,3,Rate,1992,206.24556970919002,245.83657186629998,168.58141117729
5,Prevalence,159,South Asia,3,Both,22,All ages,559,Schizophrenia,3,Rate,1992,239.75705694679,285.84685878152,196.53282088112
5,Prevalence,159,South Asia,1,Male,27,Age-standardized,559,Schizophrenia,2,Percent,1992,0.0032588763915185,0.0038769955907212,0.0027028316049329
5,Prevalence,159,South Asia,2,Female,27,Age-standardized,559,Schizophrenia,2,Percent,1992,0.0025019999554005,0.0029641490302828,0.0020653620555016
5,Prevalence,159,South Asia,3,Both,27,Age-standardized,559,Schizophrenia,2,Percent,1992,0.0028960837388604,0.0034349068571565,0.0023989785006484
5,Prevalence,159,South Asia,1,Male,27,Age-standardized,559,Schizophrenia,3,Rate,1992,323.21926743042,384.61590348113003,268.13342573266004
5,Prevalence,159,South Asia,2,Female,27,Age-standardized,559,Schizophrenia,3,Rate,1992,249.04897817575002,295.0257826985,205.50433099748
5,Prevalence,159,South Asia,3,Both,27,Age-standardized,559,Schizophrenia,3,Rate,1992,287.73848448342,341.16936563167,238.2919913458
5,Prevalence,167,Central Sub-Saharan Africa,1,Male,22,All ages,559,Schizophrenia,1,Number,1992,42135.18337465193,54321.147329558255,32101.098997764428
5,Prevalence,167,Central Sub-Saharan Africa,2,Female,22,All ages,559,Schizophrenia,1,Number,1992,47533.349699173785,61283.79169139179,36335.27959235874
5,Prevalence,167,Central Sub-Saharan Africa,3,Both,22,All ages,559,Schizophrenia,1,Number,1992,89668.53307382575,116003.07567311011,68696.67927535067
5,Prevalence,167,Central Sub-Saharan Africa,1,Male,22,All ages,559,Schizophrenia,2,Percent,1992,0.0014630104766914,0.0018857070025202,0.0011147206253581
5,Prevalence,167,Central Sub-Saharan Africa,2,Female,22,All ages,559,Schizophrenia,2,Percent,1992,0.0016234569342769,0.0020932189377299,0.0012407907277854
5,Prevalence,167,Central Sub-Saharan Africa,3,Both,22,All ages,559,Schizophrenia,2,Percent,1992,0.0015438949336548,0.0019969539975177,0.0011829985994524
5,Prevalence,167,Central Sub-Saharan Africa,1,Male,22,All ages,559,Schizophrenia,3,Rate,1992,145.87670596344,188.06587279167,111.13758632453
5,Prevalence,167,Central Sub-Saharan Africa,2,Female,22,All ages,559,Schizophrenia,3,Rate,1992,161.95325522533,208.80307446845998,123.79975000178
5,Prevalence,167,Central Sub-Saharan Africa,3,Both,22,All ages,559,Schizophrenia,3,Rate,1992,153.97929547466,199.20111607415998,117.96631341742
5,Prevalence,167,Central Sub-Saharan Africa,1,Male,27,Age-standardized,559,Schizophrenia,2,Percent,1992,0.0020787196937442,0.00262575172873,0.0016217207801674
5,Prevalence,167,Central Sub-Saharan Africa,2,Female,27,Age-standardized,559,Schizophrenia,2,Percent,1992,0.0022241071433904,0.0028129718446109,0.0017458978135127
5,Prevalence,167,Central Sub-Saharan Africa,3,Both,27,Age-standardized,559,Schizophrenia,2,Percent,1992,0.0021539557080078,0.0027071009612415,0.0016820955446391
5,Prevalence,167,Central Sub-Saharan Africa,1,Male,27,Age-standardized,559,Schizophrenia,3,Rate,1992,207.50960746124,262.17127022225003,161.87827602532002
5,Prevalence,167,Central Sub-Saharan Africa,2,Female,27,Age-standardized,559,Schizophrenia,3,Rate,1992,222.1043451507,280.89355098818,174.33354920452
5,Prevalence,167,Central Sub-Saharan Africa,3,Both,27,Age-standardized,559,Schizophrenia,3,Rate,1992,215.05973358809,270.29532313857,167.92783924522
5,Prevalence,44639,Middle SDI,1,Male,22,All ages,559,Schizophrenia,1,Number,1992,2448480.3386872075,2911142.7230773624,2028806.367729952
5,Prevalence,44639,Middle SDI,2,Female,22,All ages,559,Schizophrenia,1,Number,1992,2098892.6500069173,2499444.186209975,1739359.6002116348
5,Prevalence,44639,Middle SDI,3,Both,22,All ages,559,Schizophrenia,1,Number,1992,4547372.988694123,5410351.061099612,3772692.4888603454
5,Prevalence,44639,Middle SDI,1,Male,22,All ages,559,Schizophrenia,2,Percent,1992,0.0027839369139355,0.0033108231148902,0.0023076807612079
5,Prevalence,44639,Middle SDI,2,Female,22,All ages,559,Schizophrenia,2,Percent,1992,0.0024504183684906,0.0029157759754465,0.0020325847152665
5,Prevalence,44639,Middle SDI,3,Both,22,All ages,559,Schizophrenia,2,Percent,1992,0.0026193823820708,0.0031159110996175,0.0021751460994982
5,Prevalence,44639,Middle SDI,1,Male,22,All ages,559,Schizophrenia,3,Rate,1992,270.0386681229,321.06490349723003,223.75355062674998
5,Prevalence,44639,Middle SDI,2,Female,22,All ages,559,Schizophrenia,3,Rate,1992,240.40672699921,286.28581653376,199.22588635496
5,Prevalence,44639,Middle SDI,3,Both,22,All ages,559,Schizophrenia,3,Rate,1992,255.50286888159002,303.9909462462,211.97595990222
5,Prevalence,44639,Middle SDI,1,Male,27,Age-standardized,559,Schizophrenia,2,Percent,1992,0.0030056076938089,0.0035334857662325,0.0025218831873155
5,Prevalence,44639,Middle SDI,2,Female,27,Age-standardized,559,Schizophrenia,2,Percent,1992,0.0026386809384728,0.0031087574506666,0.0022056355765525
5,Prevalence,44639,Middle SDI,3,Both,27,Age-standardized,559,Schizophrenia,2,Percent,1992,0.0028248942524408,0.0033179628665816,0.0023658008965646
5,Prevalence,44639,Middle SDI,1,Male,27,Age-standardized,559,Schizophrenia,3,Rate,1992,292.7502650871,344.2980979248,245.66399574566998
5,Prevalence,44639,Middle SDI,2,Female,27,Age-standardized,559,Schizophrenia,3,Rate,1992,259.43288373631003,305.86666046318004,216.68084514975
5,Prevalence,44639,Middle SDI,3,Both,27,Age-standardized,559,Schizophrenia,3,Rate,1992,276.41817589091,324.82960136455,231.40038667941
5,Prevalence,192,Southern Sub-Saharan Africa,1,Male,22,All ages,559,Schizophrenia,1,Number,1992,45967.00391318756,56401.26137801635,37022.68332860279
5,Prevalence,192,Southern Sub-Saharan Africa,2,Female,22,All ages,559,Schizophrenia,1,Number,1992,53964.65744068736,65768.87321783233,43578.04829077295
5,Prevalence,192,Southern Sub-Saharan Africa,3,Both,22,All ages,559,Schizophrenia,1,Number,1992,99931.66135387497,121941.29537922278,80698.18668800205
5,Prevalence,192,Southern Sub-Saharan Africa,1,Male,22,All ages,559,Schizophrenia,2,Percent,1992,0.0017642858954452,0.0021643123567279,0.0014197497381805
5,Prevalence,192,Southern Sub-Saharan Africa,2,Female,22,All ages,559,Schizophrenia,2,Percent,1992,0.0019284601533262,0.0023486728446543,0.0015563506159831
5,Prevalence,192,Southern Sub-Saharan Africa,3,Both,22,All ages,559,Schizophrenia,2,Percent,1992,0.0018493029142738,0.0022563225485094,0.0014930309818993
5,Prevalence,192,Southern Sub-Saharan Africa,1,Male,22,All ages,559,Schizophrenia,3,Rate,1992,173.11204695026,212.4075309795,139.42767526702002
5,Prevalence,192,Southern Sub-Saharan Africa,2,Female,22,All ages,559,Schizophrenia,3,Rate,1992,190.78999971797998,232.52335691139,154.06853699099
5,Prevalence,192,Southern Sub-Saharan Africa,3,Both,22,All ages,559,Schizophrenia,3,Rate,1992,182.2301149777,222.36572450043,147.15696346298
5,Prevalence,192,Southern Sub-Saharan Africa,1,Male,27,Age-standardized,559,Schizophrenia,2,Percent,1992,0.002188745818573,0.0026436090098767,0.0018065188835241
5,Prevalence,192,Southern Sub-Saharan Africa,2,Female,27,Age-standardized,559,Schizophrenia,2,Percent,1992,0.0023232241772449,0.0027883416039316,0.0018946685677489
5,Prevalence,192,Southern Sub-Saharan Africa,3,Both,27,Age-standardized,559,Schizophrenia,2,Percent,1992,0.0022599505112046,0.0027176700206746,0.0018528813514666
5,Prevalence,192,Southern Sub-Saharan Africa,1,Male,27,Age-standardized,559,Schizophrenia,3,Rate,1992,215.79890763284,260.56710850695,178.09366828792
5,Prevalence,192,Southern Sub-Saharan Africa,2,Female,27,Age-standardized,559,Schizophrenia,3,Rate,1992,230.43002507548002,276.54221077892,187.82320948141
5,Prevalence,192,Southern Sub-Saharan Africa,3,Both,27,Age-standardized,559,Schizophrenia,3,Rate,1992,223.50024330461002,268.76120183328,183.23260296505
6,Incidence,42,Central Europe,1,Male,22,All ages,559,Schizophrenia,1,Number,1992,8047.458614353334,9993.023542007304,6392.186475813693
6,Incidence,42,Central Europe,2,Female,22,All ages,559,Schizophrenia,1,Number,1992,7445.925218691059,9240.74520312314,5907.64822564291
6,Incidence,42,Central Europe,3,Both,22,All ages,559,Schizophrenia,1,Number,1992,15493.383833044394,19233.20702628108,12288.456023641858
6,Incidence,42,Central Europe,1,Male,22,All ages,559,Schizophrenia,2,Percent,1992,3.78636889539e-05,4.72054976374e-05,2.94902775081e-05
6,Incidence,42,Central Europe,2,Female,22,All ages,559,Schizophrenia,2,Percent,1992,3.18938781651e-05,3.96362912783e-05,2.49215108681e-05
6,Incidence,42,Central Europe,3,Both,22,All ages,559,Schizophrenia,2,Percent,1992,3.47383983179e-05,4.32409246447e-05,2.7113254496e-05
6,Incidence,42,Central Europe,1,Male,22,All ages,559,Schizophrenia,3,Rate,1992,13.145842371290001,16.32399973595,10.441889774869999
6,Incidence,42,Central Europe,2,Female,22,All ages,559,Schizophrenia,3,Rate,1992,11.64204993914,14.448334353339998,9.236882408269999
6,Incidence,42,Central Europe,3,Both,22,All ages,559,Schizophrenia,3,Rate,1992,12.37748504396,15.365186513189999,9.8171053067
6,Incidence,42,Central Europe,1,Male,27,Age-standardized,559,Schizophrenia,2,Percent,1992,3.64048364113e-05,4.55832183357e-05,2.81687718447e-05
6,Incidence,42,Central Europe,2,Female,27,Age-standardized,559,Schizophrenia,2,Percent,1992,3.30198038511e-05,4.10663643897e-05,2.54134508817e-05
6,Incidence,42,Central Europe,3,Both,27,Age-standardized,559,Schizophrenia,2,Percent,1992,3.4642028201e-05,4.32974832618e-05,2.67430271638e-05
6,Incidence,42,Central Europe,1,Male,27,Age-standardized,559,Schizophrenia,3,Rate,1992,12.824993873190001,16.11095023181,10.08993015329
6,Incidence,42,Central Europe,2,Female,27,Age-standardized,559,Schizophrenia,3,Rate,1992,12.16624313829,15.28004666104,9.56305420202
6,Incidence,42,Central Europe,3,Both,27,Age-standardized,559,Schizophrenia,3,Rate,1992,12.494342686000001,15.66532382005,9.82872825127
6,Incidence,1,Global,1,Male,22,All ages,559,Schizophrenia,1,Number,1992,490661.3944142274,589973.5203593164,401569.203378289
6,Incidence,1,Global,2,Female,22,All ages,559,Schizophrenia,1,Number,1992,419134.7384029912,506975.7885265057,341420.8515947946
6,Incidence,1,Global,3,Both,22,All ages,559,Schizophrenia,1,Number,1992,909796.1328172176,1097344.967933485,743829.0573767894
6,Incidence,1,Global,1,Male,22,All ages,559,Schizophrenia,2,Percent,1992,3.82007496469e-05,4.60169721923e-05,3.09741597855e-05
6,Incidence,1,Global,2,Female,22,All ages,559,Schizophrenia,2,Percent,1992,3.14073758584e-05,3.78054369663e-05,2.53933631389e-05
6,Incidence,1,Global,3,Both,22,All ages,559,Schizophrenia,2,Percent,1992,3.47389409642e-05,4.1872418545e-05,2.81536927567e-05
6,Incidence,1,Global,1,Male,22,All ages,559,Schizophrenia,3,Rate,1992,17.71250272793,21.29759485408,14.496342470110001
6,Incidence,1,Global,2,Female,22,All ages,559,Schizophrenia,3,Rate,1992,15.36943804261,18.59052055802,12.51971298069
6,Incidence,1,Global,3,Both,22,All ages,559,Schizophrenia,3,Rate,1992,16.550150361,19.96186130288,13.531034369590001
6,Incidence,1,Global,1,Male,27,Age-standardized,559,Schizophrenia,2,Percent,1992,3.66813801978e-05,4.42765081021e-05,3.00867755498e-05
6,Incidence,1,Global,2,Female,27,Age-standardized,559,Schizophrenia,2,Percent,1992,3.01152245892e-05,3.62329287038e-05,2.46180294729e-05
6,Incidence,1,Global,3,Both,27,Age-standardized,559,Schizophrenia,2,Percent,1992,3.33344761989e-05,4.01710788833e-05,2.73171016436e-05
6,Incidence,1,Global,1,Male,27,Age-standardized,559,Schizophrenia,3,Rate,1992,16.669078101289998,19.84045253751,13.89267599188
6,Incidence,1,Global,2,Female,27,Age-standardized,559,Schizophrenia,3,Rate,1992,14.537834921120002,17.40130334067,12.08590455419
6,Incidence,1,Global,3,Both,27,Age-standardized,559,Schizophrenia,3,Rate,1992,15.615162666789999,18.62919346004,13.00667764924
6,Incidence,5,East Asia,1,Male,22,All ages,559,Schizophrenia,1,Number,1992,141861.8980118074,164988.5762322068,121759.79940354082
6,Incidence,5,East Asia,2,Female,22,All ages,559,Schizophrenia,1,Number,1992,122776.56202433365,142617.85101407417,104728.9117331956
6,Incidence,5,East Asia,3,Both,22,All ages,559,Schizophrenia,1,Number,1992,264638.46003614133,307209.6530297883,226951.26785518427
6,Incidence,5,East Asia,1,Male,22,All ages,559,Schizophrenia,2,Percent,1992,6.51878574266e-05,7.68697811804e-05,5.48076884808e-05
6,Incidence,5,East Asia,2,Female,22,All ages,559,Schizophrenia,2,Percent,1992,5.81039728224e-05,6.83138535447e-05,4.84616905596e-05
6,Incidence,5,East Asia,3,Both,22,All ages,559,Schizophrenia,2,Percent,1992,6.16972976855e-05,7.25766862497e-05,5.18591155504e-05
6,Incidence,5,East Asia,1,Male,22,All ages,559,Schizophrenia,3,Rate,1992,22.0294435016,25.620737981490002,18.907829793050002
6,Incidence,5,East Asia,2,Female,22,All ages,559,Schizophrenia,3,Rate,1992,20.31741396404,23.60080678217,17.3308375687
6,Incidence,5,East Asia,3,Both,22,All ages,559,Schizophrenia,3,Rate,1992,21.2006349941,24.61108532622,18.18145023437
6,Incidence,5,East Asia,1,Male,27,Age-standardized,559,Schizophrenia,2,Percent,1992,5.55194862723e-05,6.51458503934e-05,4.71130076203e-05
6,Incidence,5,East Asia,2,Female,27,Age-standardized,559,Schizophrenia,2,Percent,1992,4.89440204701e-05,5.69768221144e-05,4.15509605749e-05
6,Incidence,5,East Asia,3,Both,27,Age-standardized,559,Schizophrenia,2,Percent,1992,5.22922114678e-05,6.1048941916e-05,4.44756267574e-05
6,Incidence,5,East Asia,1,Male,27,Age-standardized,559,Schizophrenia,3,Rate,1992,18.94423447603,21.862917811360003,16.325361352239998
6,Incidence,5,East Asia,2,Female,27,Age-standardized,559,Schizophrenia,3,Rate,1992,17.27901032351,19.97496794264,14.91245051477
6,Incidence,5,East Asia,3,Both,27,Age-standardized,559,Schizophrenia,3,Rate,1992,18.143284617859997,20.92542921938,15.628234115340002
6,Incidence,21,Oceania,1,Male,22,All ages,559,Schizophrenia,1,Number,1992,665.843952356444,846.3491803923224,511.81679837988986
6,Incidence,21,Oceania,2,Female,22,All ages,559,Schizophrenia,1,Number,1992,532.7564002150632,685.1543407102854,401.19851277708335
6,Incidence,21,Oceania,3,Both,22,All ages,559,Schizophrenia,1,Number,1992,1198.6003525715066,1537.8998133511432,910.2674234283216
6,Incidence,21,Oceania,1,Male,22,All ages,559,Schizophrenia,2,Percent,1992,3.27468666156e-05,4.26454561695e-05,2.47005872444e-05
6,Incidence,21,Oceania,2,Female,22,All ages,559,Schizophrenia,2,Percent,1992,2.72536692352e-05,3.49106938274e-05,2.04275647566e-05
6,Incidence,21,Oceania,3,Both,22,All ages,559,Schizophrenia,2,Percent,1992,3.00537071915e-05,3.88142915324e-05,2.26461603449e-05
6,Incidence,21,Oceania,1,Male,22,All ages,559,Schizophrenia,3,Rate,1992,18.7670182156,23.85461402626,14.425715130779999
6,Incidence,21,Oceania,2,Female,22,All ages,559,Schizophrenia,3,Rate,1992,16.08633501141,20.68792088605,12.11400497489
6,Incidence,21,Oceania,3,Both,22,All ages,559,Schizophrenia,3,Rate,1992,17.472806501460003,22.41900379861,13.26958274292
6,Incidence,21,Oceania,1,Male,27,Age-standardized,559,Schizophrenia,2,Percent,1992,3.49800592663e-05,4.50507714341e-05,2.69569029068e-05
6,Incidence,21,Oceania,2,Female,27,Age-standardized,559,Schizophrenia,2,Percent,1992,2.78832675136e-05,3.5433588722e-05,2.15990253973e-05
6,Incidence,21,Oceania,3,Both,27,Age-standardized,559,Schizophrenia,2,Percent,1992,3.14323096167e-05,4.00669119042e-05,2.4267074978e-05
6,Incidence,21,Oceania,1,Male,27,Age-standardized,559,Schizophrenia,3,Rate,1992,18.4820577193,23.16407177006,14.60761811455
6,Incidence,21,Oceania,2,Female,27,Age-standardized,559,Schizophrenia,3,Rate,1992,15.422247146370001,19.44640713976,12.01481825055
6,Incidence,21,Oceania,3,Both,27,Age-standardized,559,Schizophrenia,3,Rate,1992,16.99009839132,21.29496860415,13.37987596511
6,Incidence,9,Southeast Asia,1,Male,22,All ages,559,Schizophrenia,1,Number,1992,48497.66731793019,59468.912014623005,38513.20895748327
6,Incidence,9,Southeast Asia,2,Female,22,All ages,559,Schizophrenia,1,Number,1992,41063.677734655976,50670.26903492037,32400.318586509915
6,Incidence,9,Southeast Asia,3,Both,22,All ages,559,Schizophrenia,1,Number,1992,89561.34505258621,109963.81693894407,70931.92496887736
6,Incidence,9,Southeast Asia,1,Male,22,All ages,559,Schizophrenia,2,Percent,1992,3.79284053501e-05,4.69443165276e-05,2.95637491775e-05
6,Incidence,9,Southeast Asia,2,Female,22,All ages,559,Schizophrenia,2,Percent,1992,3.22130947385e-05,3.96311950769e-05,2.50686034181e-05
6,Incidence,9,Southeast Asia,3,Both,22,All ages,559,Schizophrenia,2,Percent,1992,3.50748946257e-05,4.32574543834e-05,2.73212281049e-05
6,Incidence,9,Southeast Asia,1,Male,22,All ages,559,Schizophrenia,3,Rate,1992,20.27592433184,24.862786743959997,16.101617949559998
6,Incidence,9,Southeast Asia,2,Female,22,All ages,559,Schizophrenia,3,Rate,1992,16.932805701579998,20.89412998902,13.360427744429998
6,Incidence,9,Southeast Asia,3,Both,22,All ages,559,Schizophrenia,3,Rate,1992,18.592840165829998,22.82837167274,14.72539233111
6,Incidence,9,Southeast Asia,1,Male,27,Age-standardized,559,Schizophrenia,2,Percent,1992,3.67917410664e-05,4.51656834022e-05,2.94164340952e-05
6,Incidence,9,Southeast Asia,2,Female,27,Age-standardized,559,Schizophrenia,2,Percent,1992,3.01176769192e-05,3.68176725904e-05,2.40100688639e-05
6,Incidence,9,Southeast Asia,3,Both,27,Age-standardized,559,Schizophrenia,2,Percent,1992,3.33930569587e-05,4.09196539261e-05,2.66690951767e-05
6,Incidence,9,Southeast Asia,1,Male,27,Age-standardized,559,Schizophrenia,3,Rate,1992,18.915499363480002,23.05894802472,15.469113158789998
6,Incidence,9,Southeast Asia,2,Female,27,Age-standardized,559,Schizophrenia,3,Rate,1992,15.434075225640001,18.77218247541,12.51749158373
6,Incidence,9,Southeast Asia,3,Both,27,Age-standardized,559,Schizophrenia,3,Rate,1992,17.1458368341,20.88488991336,13.99499784646
6,Incidence,32,Central Asia,1,Male,22,All ages,559,Schizophrenia,1,Number,1992,4614.555262628777,5927.048637566268,3490.2560621913053
6,Incidence,32,Central Asia,2,Female,22,All ages,559,Schizophrenia,1,Number,1992,4472.478070902836,5765.104203024275,3396.2816359809426
6,Incidence,32,Central Asia,3,Both,22,All ages,559,Schizophrenia,1,Number,1992,9087.033333531625,11679.580301766942,6888.323427957554
6,Incidence,32,Central Asia,1,Male,22,All ages,559,Schizophrenia,2,Percent,1992,3.87935991208e-05,5.00692468081e-05,2.90020490768e-05
6,Incidence,32,Central Asia,2,Female,22,All ages,559,Schizophrenia,2,Percent,1992,3.50256104764e-05,4.48758051654e-05,2.60106913424e-05
6,Incidence,32,Central Asia,3,Both,22,All ages,559,Schizophrenia,2,Percent,1992,3.68423628007e-05,4.75434244933e-05,2.75171498564e-05
6,Incidence,32,Central Asia,1,Male,22,All ages,559,Schizophrenia,3,Rate,1992,13.30979306891,17.09542661982,10.06696925302
6,Incidence,32,Central Asia,2,Female,22,All ages,559,Schizophrenia,3,Rate,1992,12.37864272554,15.95629180813,9.40001410866
6,Incidence,32,Central Asia,3,Both,22,All ages,559,Schizophrenia,3,Rate,1992,12.83461570119,16.4963546652,9.729136097380001
6,Incidence,32,Central Asia,1,Male,27,Age-standardized,559,Schizophrenia,2,Percent,1992,3.81570157354e-05,4.87018409373e-05,2.88509621889e-05
6,Incidence,32,Central Asia,2,Female,27,Age-standardized,559,Schizophrenia,2,Percent,1992,3.46088979328e-05,4.43694787448e-05,2.62676470413e-05
6,Incidence,32,Central Asia,3,Both,27,Age-standardized,559,Schizophrenia,2,Percent,1992,3.63173576281e-05,4.64926063217e-05,2.73891814429e-05
6,Incidence,32,Central Asia,1,Male,27,Age-standardized,559,Schizophrenia,3,Rate,1992,12.803205002219999,16.2740644225,9.87486749598
6,Incidence,32,Central Asia,2,Female,27,Age-standardized,559,Schizophrenia,3,Rate,1992,12.08337226181,15.393522524929999,9.268557167
6,Incidence,32,Central Asia,3,Both,27,Age-standardized,559,Schizophrenia,3,Rate,1992,12.43555021946,15.793508593479999,9.58791732849
6,Incidence,56,Eastern Europe,1,Male,22,All ages,559,Schizophrenia,1,Number,1992,12541.728026084003,15174.59372976599,10341.023776191583
6,Incidence,56,Eastern Europe,2,Female,22,All ages,559,Schizophrenia,1,Number,1992,12576.063420862094,15231.0476863578,10284.882410491471
6,Incidence,56,Eastern Europe,3,Both,22,All ages,559,Schizophrenia,1,Number,1992,25117.791446946107,30412.490119651546,20642.37247393792
6,Incidence,56,Eastern Europe,1,Male,22,All ages,559,Schizophrenia,2,Percent,1992,2.86878397319e-05,3.51530161353e-05,2.32354128998e-05
6,Incidence,56,Eastern Europe,2,Female,22,All ages,559,Schizophrenia,2,Percent,1992,2.38345825189e-05,2.91652217386e-05,1.92529271293e-05
6,Incidence,56,Eastern Europe,3,Both,22,All ages,559,Schizophrenia,2,Percent,1992,2.6033243563e-05,3.18807206206e-05,2.11253222441e-05
6,Incidence,56,Eastern Europe,1,Male,22,All ages,559,Schizophrenia,3,Rate,1992,11.800392504400001,14.277630780509998,9.72977082605
6,Incidence,56,Eastern Europe,2,Female,22,All ages,559,Schizophrenia,3,Rate,1992,10.414711182749999,12.61340352347,8.5172980025
6,Incidence,56,Eastern Europe,3,Both,22,All ages,559,Schizophrenia,3,Rate,1992,11.06339213298,13.39549715766,9.092147361630001
6,Incidence,56,Eastern Europe,1,Male,27,Age-standardized,559,Schizophrenia,2,Percent,1992,2.68300235831e-05,3.24134166727e-05,2.15735127203e-05
6,Incidence,56,Eastern Europe,2,Female,27,Age-standardized,559,Schizophrenia,2,Percent,1992,2.50511481358e-05,3.01676083648e-05,2.02427471311e-05
6,Incidence,56,Eastern Europe,3,Both,27,Age-standardized,559,Schizophrenia,2,Percent,1992,2.58590299562e-05,3.11739667494e-05,2.0881419098e-05
6,Incidence,56,Eastern Europe,1,Male,27,Age-standardized,559,Schizophrenia,3,Rate,1992,11.21976065014,13.574348308969999,9.24741045226
6,Incidence,56,Eastern Europe,2,Female,27,Age-standardized,559,Schizophrenia,3,Rate,1992,11.19907275148,13.58573369221,9.16452193078
6,Incidence,56,Eastern Europe,3,Both,27,Age-standardized,559,Schizophrenia,3,Rate,1992,11.198481942099999,13.55194385707,9.19642196203
6,Incidence,73,Western Europe,1,Male,22,All ages,559,Schizophrenia,1,Number,1992,30554.305345158828,36853.56856751564,25608.57584226223
6,Incidence,73,Western Europe,2,Female,22,All ages,559,Schizophrenia,1,Number,1992,25442.7466841552,30776.43061811756,21180.34350238849
6,Incidence,73,Western Europe,3,Both,22,All ages,559,Schizophrenia,1,Number,1992,55997.052029314014,67356.05756208903,46891.36583513108
6,Incidence,73,Western Europe,1,Male,22,All ages,559,Schizophrenia,2,Percent,1992,4.2362963215e-05,5.14708028323e-05,3.46510029172e-05
6,Incidence,73,Western Europe,2,Female,22,All ages,559,Schizophrenia,2,Percent,1992,2.8738997837e-05,3.48435104439e-05,2.35527494188e-05
6,Incidence,73,Western Europe,3,Both,22,All ages,559,Schizophrenia,2,Percent,1992,3.48549650308e-05,4.20844098295e-05,2.86345182037e-05
6,Incidence,73,Western Europe,1,Male,22,All ages,559,Schizophrenia,3,Rate,1992,16.18632783678,19.523400583009998,13.5662977552
6,Incidence,73,Western Europe,2,Female,22,All ages,559,Schizophrenia,3,Rate,1992,12.814976850319999,15.501441365699998,10.66809393791
6,Incidence,73,Western Europe,3,Both,22,All ages,559,Schizophrenia,3,Rate,1992,14.45811705925,17.39094701579,12.10708120773
6,Incidence,73,Western Europe,1,Male,27,Age-standardized,559,Schizophrenia,2,Percent,1992,3.83675952374e-05,4.64428862574e-05,3.12000360038e-05
6,Incidence,73,Western Europe,2,Female,27,Age-standardized,559,Schizophrenia,2,Percent,1992,2.79751888149e-05,3.38831836218e-05,2.27623544984e-05
6,Incidence,73,Western Europe,3,Both,27,Age-standardized,559,Schizophrenia,2,Percent,1992,3.28333057145e-05,3.96728251767e-05,2.67984407799e-05
6,Incidence,73,Western Europe,1,Male,27,Age-standardized,559,Schizophrenia,3,Rate,1992,15.38984914587,18.49845040872,12.784282176499998
6,Incidence,73,Western Europe,2,Female,27,Age-standardized,559,Schizophrenia,3,Rate,1992,13.02153366448,15.60580924836,10.82596263118
6,Incidence,73,Western Europe,3,Both,27,Age-standardized,559,Schizophrenia,3,Rate,1992,14.221971036069998,17.01950141819,11.84788218242
6,Incidence,96,Southern Latin America,1,Male,22,All ages,559,Schizophrenia,1,Number,1992,4043.93194239294,5157.829574360968,3015.118485643813
6,Incidence,96,Southern Latin America,2,Female,22,All ages,559,Schizophrenia,1,Number,1992,3779.8668223465866,4824.067724061928,2881.2246860174027
6,Incidence,96,Southern Latin America,3,Both,22,All ages,559,Schizophrenia,1,Number,1992,7823.798764739532,9996.323099280013,5906.672523124563
6,Incidence,96,Southern Latin America,1,Male,22,All ages,559,Schizophrenia,2,Percent,1992,3.49877509761e-05,4.48204640197e-05,2.61231391073e-05
6,Incidence,96,Southern Latin America,2,Female,22,All ages,559,Schizophrenia,2,Percent,1992,2.83603014163e-05,3.6170651201e-05,2.13317118328e-05
6,Incidence,96,Southern Latin America,3,Both,22,All ages,559,Schizophrenia,2,Percent,1992,3.14376048931e-05,4.02495120932e-05,2.34354809401e-05
6,Incidence,96,Southern Latin America,1,Male,22,All ages,559,Schizophrenia,3,Rate,1992,16.27066071894,20.7524004474,12.131255077030001
6,Incidence,96,Southern Latin America,2,Female,22,All ages,559,Schizophrenia,3,Rate,1992,14.581202977270001,18.60930926053,11.11460375312
6,Incidence,96,Southern Latin America,3,Both,22,All ages,559,Schizophrenia,3,Rate,1992,15.40815225441,19.68671139551,11.63257290862
6,Incidence,96,Southern Latin America,1,Male,27,Age-standardized,559,Schizophrenia,2,Percent,1992,3.46056009855e-05,4.43214081277e-05,2.59352955068e-05
6,Incidence,96,Southern Latin America,2,Female,27,Age-standardized,559,Schizophrenia,2,Percent,1992,2.83575958555e-05,3.60946028577e-05,2.13850151636e-05
6,Incidence,96,Southern Latin America,3,Both,27,Age-standardized,559,Schizophrenia,2,Percent,1992,3.12689937544e-05,4.00726643361e-05,2.35414757683e-05
6,Incidence,96,Southern Latin America,1,Male,27,Age-standardized,559,Schizophrenia,3,Rate,1992,15.95165134457,20.359842894139998,11.96094089561
6,Incidence,96,Southern Latin America,2,Female,27,Age-standardized,559,Schizophrenia,3,Rate,1992,14.59647879865,18.52461884901,11.07949003291
6,Incidence,96,Southern Latin America,3,Both,27,Age-standardized,559,Schizophrenia,3,Rate,1992,15.268033327980001,19.421793186349998,11.583923703550001
6,Incidence,100,High-income North America,1,Male,22,All ages,559,Schizophrenia,1,Number,1992,26893.251929722654,32257.134916959243,22264.99888485456
6,Incidence,100,High-income North America,2,Female,22,All ages,559,Schizophrenia,1,Number,1992,23689.01847461801,28568.153176381995,19697.13123478584
6,Incidence,100,High-income North America,3,Both,22,All ages,559,Schizophrenia,1,Number,1992,50582.27040434068,60883.91982849839,41988.72382447115
6,Incidence,100,High-income North America,1,Male,22,All ages,559,Schizophrenia,2,Percent,1992,3.89819324716e-05,4.69439281412e-05,3.17484486094e-05
6,Incidence,100,High-income North America,2,Female,22,All ages,559,Schizophrenia,2,Percent,1992,3.00749977082e-05,3.66772641532e-05,2.47143843859e-05
6,Incidence,100,High-income North America,3,Both,22,All ages,559,Schizophrenia,2,Percent,1992,3.42333735199e-05,4.15359500406e-05,2.8053372594e-05
6,Incidence,100,High-income North America,1,Male,22,All ages,559,Schizophrenia,3,Rate,1992,19.09941088441,22.908805351719998,15.812455970520002
6,Incidence,100,High-income North America,2,Female,22,All ages,559,Schizophrenia,3,Rate,1992,16.1201176951,19.44031543681,13.40368213655
6,Incidence,100,High-income North America,3,Both,22,All ages,559,Schizophrenia,3,Rate,1992,17.57794607758,21.157892897689997,14.591585497310001
6,Incidence,100,High-income North America,1,Male,27,Age-standardized,559,Schizophrenia,2,Percent,1992,3.67851970191e-05,4.42129823936e-05,3.0055430596e-05
6,Incidence,100,High-income North America,2,Female,27,Age-standardized,559,Schizophrenia,2,Percent,1992,2.99220952338e-05,3.57341261173e-05,2.45712919432e-05
6,Incidence,100,High-income North America,3,Both,27,Age-standardized,559,Schizophrenia,2,Percent,1992,3.32289539073e-05,3.99791833201e-05,2.71315150615e-05
6,Incidence,100,High-income North America,1,Male,27,Age-standardized,559,Schizophrenia,3,Rate,1992,18.39635833279,21.9045995969,15.21184978131
6,Incidence,100,High-income North America,2,Female,27,Age-standardized,559,Schizophrenia,3,Rate,1992,16.42827895313,19.657132607690002,13.62822577944
6,Incidence,100,High-income North America,3,Both,27,Age-standardized,559,Schizophrenia,3,Rate,1992,17.424504955059998,20.777266083919997,14.4298846209
6,Incidence,70,Australasia,1,Male,22,All ages,559,Schizophrenia,1,Number,1992,2476.197623974902,2802.369029553186,2176.826887180738
6,Incidence,70,Australasia,2,Female,22,All ages,559,Schizophrenia,1,Number,1992,1849.7848099321989,2149.4997626724157,1601.5430102115554
6,Incidence,70,Australasia,3,Both,22,All ages,559,Schizophrenia,1,Number,1992,4325.982433907098,4890.898131688455,3826.665664136025
6,Incidence,70,Australasia,1,Male,22,All ages,559,Schizophrenia,2,Percent,1992,5.54614168711e-05,6.29939763883e-05,4.8734940347e-05
6,Incidence,70,Australasia,2,Female,22,All ages,559,Schizophrenia,2,Percent,1992,3.63114376969e-05,4.21073181947e-05,3.12305625699e-05
6,Incidence,70,Australasia,3,Both,22,All ages,559,Schizophrenia,2,Percent,1992,4.5255181254e-05,5.14409168761e-05,3.95356398826e-05
6,Incidence,70,Australasia,1,Male,22,All ages,559,Schizophrenia,3,Rate,1992,24.00750797492,27.169841443299998,21.10501534612
6,Incidence,70,Australasia,2,Female,22,All ages,559,Schizophrenia,3,Rate,1992,17.65052031583,20.51037992431,15.281814017850001
6,Incidence,70,Australasia,3,Both,22,All ages,559,Schizophrenia,3,Rate,1992,20.8036717612,23.52035425563,18.40245484877
6,Incidence,70,Australasia,1,Male,27,Age-standardized,559,Schizophrenia,2,Percent,1992,5.24472996422e-05,5.97476594771e-05,4.59970337179e-05
6,Incidence,70,Australasia,2,Female,27,Age-standardized,559,Schizophrenia,2,Percent,1992,3.44733616629e-05,3.98158675318e-05,2.97465464881e-05
6,Incidence,70,Australasia,3,Both,27,Age-standardized,559,Schizophrenia,2,Percent,1992,4.3061509236e-05,4.87788276603e-05,3.77400082935e-05
6,Incidence,70,Australasia,1,Male,27,Age-standardized,559,Schizophrenia,3,Rate,1992,23.15425933241,26.00570405193,20.46745804292
6,Incidence,70,Australasia,2,Female,27,Age-standardized,559,Schizophrenia,3,Rate,1992,17.01447974515,19.64676308892,14.831619047730001
6,Incidence,70,Australasia,3,Both,27,Age-standardized,559,Schizophrenia,3,Rate,1992,20.13248973271,22.632081630640002,17.8806898425
6,Incidence,104,Caribbean,1,Male,22,All ages,559,Schizophrenia,1,Number,1992,2704.4663243865816,3438.812196520214,2068.9677667855767
6,Incidence,104,Caribbean,2,Female,22,All ages,559,Schizophrenia,1,Number,1992,2128.6341427092434,2738.301325990651,1619.603109278682
6,Incidence,104,Caribbean,3,Both,22,All ages,559,Schizophrenia,1,Number,1992,4833.100467095818,6167.77770423965,3685.333520810449
6,Incidence,104,Caribbean,1,Male,22,All ages,559,Schizophrenia,2,Percent,1992,3.43102511824e-05,4.35262180567e-05,2.60381930725e-05
6,Incidence,104,Caribbean,2,Female,22,All ages,559,Schizophrenia,2,Percent,1992,2.44647500687e-05,3.15479361319e-05,1.86471703905e-05
6,Incidence,104,Caribbean,3,Both,22,All ages,559,Schizophrenia,2,Percent,1992,2.91443374969e-05,3.73141620339e-05,2.21899015014e-05
6,Incidence,104,Caribbean,1,Male,22,All ages,559,Schizophrenia,3,Rate,1992,15.123050623910002,19.22942447652,11.56941907325
6,Incidence,104,Caribbean,2,Female,22,All ages,559,Schizophrenia,3,Rate,1992,11.58140354749,14.898460968290001,8.81188402412
6,Incidence,104,Caribbean,3,Both,22,All ages,559,Schizophrenia,3,Rate,1992,13.327972421450001,17.00853762577,10.162839333380001
6,Incidence,104,Caribbean,1,Male,27,Age-standardized,559,Schizophrenia,2,Percent,1992,3.27221840068e-05,4.13882334865e-05,2.52024407992e-05
6,Incidence,104,Caribbean,2,Female,27,Age-standardized,559,Schizophrenia,2,Percent,1992,2.27345340287e-05,2.8780546566e-05,1.74820829504e-05
6,Incidence,104,Caribbean,3,Both,27,Age-standardized,559,Schizophrenia,2,Percent,1992,2.74246195631e-05,3.4629255204e-05,2.1132095108e-05
6,Incidence,104,Caribbean,1,Male,27,Age-standardized,559,Schizophrenia,3,Rate,1992,14.1861198417,17.74747410327,11.05003470862
6,Incidence,104,Caribbean,2,Female,27,Age-standardized,559,Schizophrenia,3,Rate,1992,10.66222900396,13.43551430667,8.31686553401
6,Incidence,104,Caribbean,3,Both,27,Age-standardized,559,Schizophrenia,3,Rate,1992,12.3864642827,15.499629135730002,9.65631045734
6,Incidence,138,North Africa and Middle East,1,Male,22,All ages,559,Schizophrenia,1,Number,1992,28117.381594414772,35476.62181005118,21476.1751289308
6,Incidence,138,North Africa and Middle East,2,Female,22,All ages,559,Schizophrenia,1,Number,1992,23973.175961819205,30268.53977381577,18313.9881200216
6,Incidence,138,North Africa and Middle East,3,Both,22,All ages,559,Schizophrenia,1,Number,1992,52090.55755623394,65733.31934136705,39767.28129320258
6,Incidence,138,North Africa and Middle East,1,Male,22,All ages,559,Schizophrenia,2,Percent,1992,3.5900360315e-05,4.5548489426e-05,2.73191666662e-05
6,Incidence,138,North Africa and Middle East,2,Female,22,All ages,559,Schizophrenia,2,Percent,1992,2.9641990265e-05,3.7480436429e-05,2.24381960844e-05
6,Incidence,138,North Africa and Middle East,3,Both,22,All ages,559,Schizophrenia,2,Percent,1992,3.27206428402e-05,4.14230337774e-05,2.47944600895e-05
6,Incidence,138,North Africa and Middle East,1,Male,22,All ages,559,Schizophrenia,3,Rate,1992,15.421759708940002,19.45813962095,11.77920537136
6,Incidence,138,North Africa and Middle East,2,Female,22,All ages,559,Schizophrenia,3,Rate,1992,13.81908370553,17.44797958538,10.55690473451
6,Incidence,138,North Africa and Middle East,3,Both,22,All ages,559,Schizophrenia,3,Rate,1992,14.640340246110002,18.47471414805,11.17681507185
6,Incidence,138,North Africa and Middle East,1,Male,27,Age-standardized,559,Schizophrenia,2,Percent,1992,3.69224850952e-05,4.62621306837e-05,2.8824839156e-05
6,Incidence,138,North Africa and Middle East,2,Female,27,Age-standardized,559,Schizophrenia,2,Percent,1992,2.99082819782e-05,3.75008582645e-05,2.31616240629e-05
6,Incidence,138,North Africa and Middle East,3,Both,27,Age-standardized,559,Schizophrenia,2,Percent,1992,3.33403989798e-05,4.17886910298e-05,2.60630949556e-05
6,Incidence,138,North Africa and Middle East,1,Male,27,Age-standardized,559,Schizophrenia,3,Rate,1992,14.99612130323,18.61718351522,11.92130673833
6,Incidence,138,North Africa and Middle East,2,Female,27,Age-standardized,559,Schizophrenia,3,Rate,1992,13.36981169697,16.63833622702,10.594201382369999
6,Incidence,138,North Africa and Middle East,3,Both,27,Age-standardized,559,Schizophrenia,3,Rate,1992,14.204105773150001,17.64563800758,11.25914533265
6,Incidence,65,High-income Asia Pacific,1,Male,22,All ages,559,Schizophrenia,1,Number,1992,14667.630014540344,17928.95282072249,11908.735740368233
6,Incidence,65,High-income Asia Pacific,2,Female,22,All ages,559,Schizophrenia,1,Number,1992,13193.489468072472,15941.779276415811,10822.08286875986
6,Incidence,65,High-income Asia Pacific,3,Both,22,All ages,559,Schizophrenia,1,Number,1992,27861.11948261284,33836.64855174486,22676.482555345647
6,Incidence,65,High-income Asia Pacific,1,Male,22,All ages,559,Schizophrenia,2,Percent,1992,4.06676176539e-05,4.9515628534e-05,3.23704004041e-05
6,Incidence,65,High-income Asia Pacific,2,Female,22,All ages,559,Schizophrenia,2,Percent,1992,3.32444785179e-05,4.05597831917e-05,2.68276996918e-05
6,Incidence,65,High-income Asia Pacific,3,Both,22,All ages,559,Schizophrenia,2,Percent,1992,3.67783749952e-05,4.48340395475e-05,2.94564030026e-05
6,Incidence,65,High-income Asia Pacific,1,Male,22,All ages,559,Schizophrenia,3,Rate,1992,16.95204359092,20.721301904609998,13.7634646622
6,Incidence,65,High-income Asia Pacific,2,Female,22,All ages,559,Schizophrenia,3,Rate,1992,14.91774605701,18.02520974591,12.23642042803
6,Incidence,65,High-income Asia Pacific,3,Both,22,All ages,559,Schizophrenia,3,Rate,1992,15.92374867375,19.33900351119,12.960520457240001
6,Incidence,65,High-income Asia Pacific,1,Male,27,Age-standardized,559,Schizophrenia,2,Percent,1992,3.56693258582e-05,4.36459479575e-05,2.81968693508e-05
6,Incidence,65,High-income Asia Pacific,2,Female,27,Age-standardized,559,Schizophrenia,2,Percent,1992,3.03578183244e-05,3.75413372737e-05,2.41348514469e-05
6,Incidence,65,High-income Asia Pacific,3,Both,27,Age-standardized,559,Schizophrenia,2,Percent,1992,3.29758203441e-05,4.05308448208e-05,2.62083172962e-05
6,Incidence,65,High-income Asia Pacific,1,Male,27,Age-standardized,559,Schizophrenia,3,Rate,1992,15.680587897889998,19.31394069597,12.72858587377
6,Incidence,65,High-income Asia Pacific,2,Female,27,Age-standardized,559,Schizophrenia,3,Rate,1992,14.40581599081,17.51456140433,11.75504171309
6,Incidence,65,High-income Asia Pacific,3,Both,27,Age-standardized,559,Schizophrenia,3,Rate,1992,15.058756484019998,18.3646658877,12.292432690650001
6,Incidence,124,Central Latin America,1,Male,22,All ages,559,Schizophrenia,1,Number,1992,13614.623082000326,17046.162425303344,10628.538895686332
6,Incidence,124,Central Latin America,2,Female,22,All ages,559,Schizophrenia,1,Number,1992,11260.21072955362,14193.13729139726,8732.405109966618
6,Incidence,124,Central Latin America,3,Both,22,All ages,559,Schizophrenia,1,Number,1992,24874.83381155393,31255.284729829764,19328.999348220517
6,Incidence,124,Central Latin America,1,Male,22,All ages,559,Schizophrenia,2,Percent,1992,3.37488348719e-05,4.20646343843e-05,2.62635533191e-05
6,Incidence,124,Central Latin America,2,Female,22,All ages,559,Schizophrenia,2,Percent,1992,2.58226453681e-05,3.22517593241e-05,1.99383832158e-05
6,Incidence,124,Central Latin America,3,Both,22,All ages,559,Schizophrenia,2,Percent,1992,2.96313861743e-05,3.68887167821e-05,2.29877613751e-05
6,Incidence,124,Central Latin America,1,Male,22,All ages,559,Schizophrenia,3,Rate,1992,16.07408247646,20.1255237902,12.54856706531
6,Incidence,124,Central Latin America,2,Female,22,All ages,559,Schizophrenia,3,Rate,1992,12.9473885346,16.31977122367,10.04082823277
6,Incidence,124,Central Latin America,3,Both,22,All ages,559,Schizophrenia,3,Rate,1992,14.490065373350001,18.20679978926,11.25951096916
6,Incidence,124,Central Latin America,1,Male,27,Age-standardized,559,Schizophrenia,2,Percent,1992,3.3904138163e-05,4.16077335481e-05,2.67239263548e-05
6,Incidence,124,Central Latin America,2,Female,27,Age-standardized,559,Schizophrenia,2,Percent,1992,2.46764483441e-05,3.05095374951e-05,1.94175208366e-05
6,Incidence,124,Central Latin America,3,Both,27,Age-standardized,559,Schizophrenia,2,Percent,1992,2.90102413949e-05,3.5718436567e-05,2.28431752005e-05
6,Incidence,124,Central Latin America,1,Male,27,Age-standardized,559,Schizophrenia,3,Rate,1992,15.446219040699999,19.02048734996,12.39411814836
6,Incidence,124,Central Latin America,2,Female,27,Age-standardized,559,Schizophrenia,3,Rate,1992,12.01067466445,14.92456494347,9.608371840990001
6,Incidence,124,Central Latin America,3,Both,27,Age-standardized,559,Schizophrenia,3,Rate,1992,13.679909963499998,16.89666797104,10.96207377309
6,Incidence,167,Central Sub-Saharan Africa,1,Male,22,All ages,559,Schizophrenia,1,Number,1992,3652.129101975438,4685.30957892299,2745.92620866725
6,Incidence,167,Central Sub-Saharan Africa,2,Female,22,All ages,559,Schizophrenia,1,Number,1992,3869.53686411001,4946.842466547895,2911.3420522185406
6,Incidence,167,Central Sub-Saharan Africa,3,Both,22,All ages,559,Schizophrenia,1,Number,1992,7521.665966085451,9619.580648307168,5677.810591379923
6,Incidence,167,Central Sub-Saharan Africa,1,Male,22,All ages,559,Schizophrenia,2,Percent,1992,1.96011711206e-05,2.52399407321e-05,1.4720399933e-05
6,Incidence,167,Central Sub-Saharan Africa,2,Female,22,All ages,559,Schizophrenia,2,Percent,1992,2.07688099026e-05,2.67859433155e-05,1.55004457862e-05
6,Incidence,167,Central Sub-Saharan Africa,3,Both,22,All ages,559,Schizophrenia,2,Percent,1992,2.01845902084e-05,2.59958012658e-05,1.51450666373e-05
6,Incidence,167,Central Sub-Saharan Africa,1,Male,22,All ages,559,Schizophrenia,3,Rate,1992,12.644078427570001,16.22106451311,9.50670290378
6,Incidence,167,Central Sub-Saharan Africa,2,Female,22,All ages,559,Schizophrenia,3,Rate,1992,13.18409275431,16.85463460106,9.91937924458
6,Incidence,167,Central Sub-Saharan Africa,3,Both,22,All ages,559,Schizophrenia,3,Rate,1992,12.91624593992,16.51879650767,9.74996740472
6,Incidence,167,Central Sub-Saharan Africa,1,Male,27,Age-standardized,559,Schizophrenia,2,Percent,1992,2.39697697373e-05,3.02731863526e-05,1.84551723702e-05
6,Incidence,167,Central Sub-Saharan Africa,2,Female,27,Age-standardized,559,Schizophrenia,2,Percent,1992,2.46930140004e-05,3.14201265635e-05,1.86889267274e-05
6,Incidence,167,Central Sub-Saharan Africa,3,Both,27,Age-standardized,559,Schizophrenia,2,Percent,1992,2.43224669003e-05,3.09003645407e-05,1.85689053146e-05
6,Incidence,167,Central Sub-Saharan Africa,1,Male,27,Age-standardized,559,Schizophrenia,3,Rate,1992,13.69221691934,17.19438906548,10.690427876100001
6,Incidence,167,Central Sub-Saharan Africa,2,Female,27,Age-standardized,559,Schizophrenia,3,Rate,1992,14.102691593089999,17.78000110708,10.86629080744
6,Incidence,167,Central Sub-Saharan Africa,3,Both,27,Age-standardized,559,Schizophrenia,3,Rate,1992,13.89150487488,17.49180269019,10.79335581934
6,Incidence,120,Andean Latin America,1,Male,22,All ages,559,Schizophrenia,1,Number,1992,3061.2524356987155,3958.64205996727,2307.3935440294963
6,Incidence,120,Andean Latin America,2,Female,22,All ages,559,Schizophrenia,1,Number,1992,2447.0188497860536,3169.101676937485,1835.6768516387383
6,Incidence,120,Andean Latin America,3,Both,22,All ages,559,Schizophrenia,1,Number,1992,5508.271285484773,7113.125930104758,4148.127256374408
6,Incidence,120,Andean Latin America,1,Male,22,All ages,559,Schizophrenia,2,Percent,1992,2.9845461357e-05,3.85232559923e-05,2.23788323892e-05
6,Incidence,120,Andean Latin America,2,Female,22,All ages,559,Schizophrenia,2,Percent,1992,2.17458699437e-05,2.81742838291e-05,1.6178348922e-05
6,Incidence,120,Andean Latin America,3,Both,22,All ages,559,Schizophrenia,2,Percent,1992,2.56076537758e-05,3.29437676193e-05,1.91448636095e-05
6,Incidence,120,Andean Latin America,1,Male,22,All ages,559,Schizophrenia,3,Rate,1992,15.543473091260001,20.09995831102,11.71576347129
6,Incidence,120,Andean Latin America,2,Female,22,All ages,559,Schizophrenia,3,Rate,1992,12.268306926190002,15.88852168278,9.203299367800001
6,Incidence,120,Andean Latin America,3,Both,22,All ages,559,Schizophrenia,3,Rate,1992,13.89551776828,17.94402683293,10.46433136798
6,Incidence,120,Andean Latin America,1,Male,27,Age-standardized,559,Schizophrenia,2,Percent,1992,3.0885820985e-05,3.97102771821e-05,2.34439470392e-05
6,Incidence,120,Andean Latin America,2,Female,27,Age-standardized,559,Schizophrenia,2,Percent,1992,2.13740990361e-05,2.74022057735e-05,1.62036452241e-05
6,Incidence,120,Andean Latin America,3,Both,27,Age-standardized,559,Schizophrenia,2,Percent,1992,2.57938578663e-05,3.30384794962e-05,1.95145222677e-05
6,Incidence,120,Andean Latin America,1,Male,27,Age-standardized,559,Schizophrenia,3,Rate,1992,15.15333078778,19.27948894863,11.713586584329999
6,Incidence,120,Andean Latin America,2,Female,27,Age-standardized,559,Schizophrenia,3,Rate,1992,11.63088675323,14.80477448503,8.92436882131
6,Incidence,120,Andean Latin America,3,Both,27,Age-standardized,559,Schizophrenia,3,Rate,1992,13.35960068766,16.947952034510003,10.274711746
6,Incidence,44634,High-middle SDI,1,Male,22,All ages,559,Schizophrenia,1,Number,1992,100127.42557100556,117564.58229053508,85342.41424993379
6,Incidence,44634,High-middle SDI,2,Female,22,All ages,559,Schizophrenia,1,Number,1992,88162.11004091325,103855.26593348823,75003.19260947543
6,Incidence,44634,High-middle SDI,3,Both,22,All ages,559,Schizophrenia,1,Number,1992,188289.5356119189,221076.67259315512,160375.95707365405
6,Incidence,44634,High-middle SDI,1,Male,22,All ages,559,Schizophrenia,2,Percent,1992,4.93740725902e-05,5.83698462303e-05,4.12023231136e-05
6,Incidence,44634,High-middle SDI,2,Female,22,All ages,559,Schizophrenia,2,Percent,1992,4.02999002521e-05,4.73733147682e-05,3.37479907805e-05
6,Incidence,44634,High-middle SDI,3,Both,22,All ages,559,Schizophrenia,2,Percent,1992,4.46647198358e-05,5.26621786976e-05,3.73158140717e-05
6,Incidence,44634,High-middle SDI,1,Male,22,All ages,559,Schizophrenia,3,Rate,1992,18.502531435,21.72474091957,15.77041148709
6,Incidence,44634,High-middle SDI,2,Female,22,All ages,559,Schizophrenia,3,Rate,1992,16.165245165840002,19.04271386879,13.7524498471
6,Incidence,44634,High-middle SDI,3,Both,22,All ages,559,Schizophrenia,3,Rate,1992,17.32934368734,20.34692808695,14.76030024868
6,Incidence,44634,High-middle SDI,1,Male,27,Age-standardized,559,Schizophrenia,2,Percent,1992,4.36388433344e-05,5.14577787257e-05,3.66677486291e-05
6,Incidence,44634,High-middle SDI,2,Female,27,Age-standardized,559,Schizophrenia,2,Percent,1992,3.68043221761e-05,4.31912474078e-05,3.10482533968e-05
6,Incidence,44634,High-middle SDI,3,Both,27,Age-standardized,559,Schizophrenia,2,Percent,1992,4.01140624002e-05,4.71909868061e-05,3.37882818407e-05
6,Incidence,44634,High-middle SDI,1,Male,27,Age-standardized,559,Schizophrenia,3,Rate,1992,16.61151876564,19.38457394857,14.191333722580001
6,Incidence,44634,High-middle SDI,2,Female,27,Age-standardized,559,Schizophrenia,3,Rate,1992,15.0035630428,17.57794379895,12.877095186959998
6,Incidence,44634,High-middle SDI,3,Both,27,Age-standardized,559,Schizophrenia,3,Rate,1992,15.81418502307,18.47535032584,13.545298401519998
6,Incidence,159,South Asia,1,Male,22,All ages,559,Schizophrenia,1,Number,1992,103324.2038835548,126053.90703232292,83648.59706954041
6,Incidence,159,South Asia,2,Female,22,All ages,559,Schizophrenia,1,Number,1992,73903.00945279341,91145.9357566599,59001.57237725712
6,Incidence,159,South Asia,3,Both,22,All ages,559,Schizophrenia,1,Number,1992,177227.2133363484,217423.8046811878,142822.78981315106
6,Incidence,159,South Asia,1,Male,22,All ages,559,Schizophrenia,2,Percent,1992,3.26439952568e-05,4.00773540053e-05,2.61277887231e-05
6,Incidence,159,South Asia,2,Female,22,All ages,559,Schizophrenia,2,Percent,1992,2.35724793281e-05,2.92403497956e-05,1.85755796143e-05
6,Incidence,159,South Asia,3,Both,22,All ages,559,Schizophrenia,2,Percent,1992,2.81294589922e-05,3.46168483106e-05,2.220066838e-05
6,Incidence,159,South Asia,1,Male,22,All ages,559,Schizophrenia,3,Rate,1992,17.49650065748,21.34545618909,14.16471338385
6,Incidence,159,South Asia,2,Female,22,All ages,559,Schizophrenia,3,Rate,1992,13.55051328264,16.712096331050002,10.81825484665
6,Incidence,159,South Asia,3,Both,22,All ages,559,Schizophrenia,3,Rate,1992,15.60193319562,19.14058011698,12.57319112301
6,Incidence,159,South Asia,1,Male,27,Age-standardized,559,Schizophrenia,2,Percent,1992,3.32211945166e-05,4.02877025149e-05,2.66082747224e-05
6,Incidence,159,South Asia,2,Female,27,Age-standardized,559,Schizophrenia,2,Percent,1992,2.35112313093e-05,2.85416370276e-05,1.87087137858e-05
6,Incidence,159,South Asia,3,Both,27,Age-standardized,559,Schizophrenia,2,Percent,1992,2.83381024336e-05,3.43953722831e-05,2.2694162958e-05
6,Incidence,159,South Asia,1,Male,27,Age-standardized,559,Schizophrenia,3,Rate,1992,17.13912699031,20.72030177915,14.043710759259998
6,Incidence,159,South Asia,2,Female,27,Age-standardized,559,Schizophrenia,3,Rate,1992,13.11976147326,15.891041767779999,10.69413162999
6,Incidence,159,South Asia,3,Both,27,Age-standardized,559,Schizophrenia,3,Rate,1992,15.193622536329999,18.43092589009,12.42188827932
6,Incidence,134,Tropical Latin America,1,Male,22,All ages,559,Schizophrenia,1,Number,1992,13029.360766908403,15783.3420350892,10564.52009190778
6,Incidence,134,Tropical Latin America,2,Female,22,All ages,559,Schizophrenia,1,Number,1992,10524.19138087268,12826.490468509186,8520.059799544246
6,Incidence,134,Tropical Latin America,3,Both,22,All ages,559,Schizophrenia,1,Number,1992,23553.55214778105,28656.28565511552,19053.350020696893
6,Incidence,134,Tropical Latin America,1,Male,22,All ages,559,Schizophrenia,2,Percent,1992,2.98608690601e-05,3.61669876586e-05,2.39685374573e-05
6,Incidence,134,Tropical Latin America,2,Female,22,All ages,559,Schizophrenia,2,Percent,1992,2.25050344074e-05,2.7140568706e-05,1.80221412794e-05
6,Incidence,134,Tropical Latin America,3,Both,22,All ages,559,Schizophrenia,2,Percent,1992,2.60553400816e-05,3.14696687531e-05,2.09020804964e-05
6,Incidence,134,Tropical Latin America,1,Male,22,All ages,559,Schizophrenia,3,Rate,1992,16.7399046826,20.27817373139,13.57311862951
6,Incidence,134,Tropical Latin America,2,Female,22,All ages,559,Schizophrenia,3,Rate,1992,13.19691326221,16.08390384074,10.68381275998
6,Incidence,134,Tropical Latin America,3,Both,22,All ages,559,Schizophrenia,3,Rate,1992,14.94690085667,18.18505582173,12.09110761553
6,Incidence,134,Tropical Latin America,1,Male,27,Age-standardized,559,Schizophrenia,2,Percent,1992,2.81929684067e-05,3.38231442868e-05,2.29575589114e-05
6,Incidence,134,Tropical Latin America,2,Female,27,Age-standardized,559,Schizophrenia,2,Percent,1992,2.08237686043e-05,2.49599550948e-05,1.69281522479e-05
6,Incidence,134,Tropical Latin America,3,Both,27,Age-standardized,559,Schizophrenia,2,Percent,1992,2.43400840569e-05,2.91592070798e-05,1.97684696775e-05
6,Incidence,134,Tropical Latin America,1,Male,27,Age-standardized,559,Schizophrenia,3,Rate,1992,15.50815005362,18.655756388089998,12.77602288279
6,Incidence,134,Tropical Latin America,2,Female,27,Age-standardized,559,Schizophrenia,3,Rate,1992,12.08563704278,14.61625456837,9.93824327734
6,Incidence,134,Tropical Latin America,3,Both,27,Age-standardized,559,Schizophrenia,3,Rate,1992,13.76716301429,16.64174856079,11.30809243259
6,Incidence,174,Eastern Sub-Saharan Africa,1,Male,22,All ages,559,Schizophrenia,1,Number,1992,12416.212932291888,15505.887872206113,9713.565936290785
6,Incidence,174,Eastern Sub-Saharan Africa,2,Female,22,All ages,559,Schizophrenia,1,Number,1992,13830.009360145194,17377.51219127325,10688.34885115076
6,Incidence,174,Eastern Sub-Saharan Africa,3,Both,22,All ages,559,Schizophrenia,1,Number,1992,26246.22229243707,32920.455377811755,20330.923493928603
6,Incidence,174,Eastern Sub-Saharan Africa,1,Male,22,All ages,559,Schizophrenia,2,Percent,1992,1.82294863839e-05,2.27215642507e-05,1.41765604073e-05
6,Incidence,174,Eastern Sub-Saharan Africa,2,Female,22,All ages,559,Schizophrenia,2,Percent,1992,2.01293080772e-05,2.5264749681e-05,1.54319372921e-05
6,Incidence,174,Eastern Sub-Saharan Africa,3,Both,22,All ages,559,Schizophrenia,2,Percent,1992,1.91833864739e-05,2.40334740821e-05,1.48156769466e-05
6,Incidence,174,Eastern Sub-Saharan Africa,1,Male,22,All ages,559,Schizophrenia,3,Rate,1992,12.40073560378,15.48655913472,9.70145757026
6,Incidence,174,Eastern Sub-Saharan Africa,2,Female,22,All ages,559,Schizophrenia,3,Rate,1992,13.6103870215,17.101555048519998,10.51861648801
6,Incidence,174,Eastern Sub-Saharan Africa,3,Both,22,All ages,559,Schizophrenia,3,Rate,1992,13.01002492102,16.318384417559997,10.07786257299
6,Incidence,174,Eastern Sub-Saharan Africa,1,Male,27,Age-standardized,559,Schizophrenia,2,Percent,1992,2.27535951496e-05,2.81337639605e-05,1.81204717992e-05
6,Incidence,174,Eastern Sub-Saharan Africa,2,Female,27,Age-standardized,559,Schizophrenia,2,Percent,1992,2.30253536143e-05,2.87798652818e-05,1.82881545141e-05
6,Incidence,174,Eastern Sub-Saharan Africa,3,Both,27,Age-standardized,559,Schizophrenia,2,Percent,1992,2.29014914326e-05,2.84730421287e-05,1.82547062035e-05
6,Incidence,174,Eastern Sub-Saharan Africa,1,Male,27,Age-standardized,559,Schizophrenia,3,Rate,1992,14.08805704306,17.39352906131,11.44221026672
6,Incidence,174,Eastern Sub-Saharan Africa,2,Female,27,Age-standardized,559,Schizophrenia,3,Rate,1992,14.44938914654,17.95597071154,11.65011992282
6,Incidence,174,Eastern Sub-Saharan Africa,3,Both,27,Age-standardized,559,Schizophrenia,3,Rate,1992,14.28408486566,17.71711784196,11.56962212907
6,Incidence,44635,High SDI,1,Male,22,All ages,559,Schizophrenia,1,Number,1992,77792.80928329763,92943.46074550632,64182.10320327569
6,Incidence,44635,High SDI,2,Female,22,All ages,559,Schizophrenia,1,Number,1992,67013.07112611583,80417.8685627731,55702.980780137455
6,Incidence,44635,High SDI,3,Both,22,All ages,559,Schizophrenia,1,Number,1992,144805.88040941345,173071.55951800756,119818.61106824483
6,Incidence,44635,High SDI,1,Male,22,All ages,559,Schizophrenia,2,Percent,1992,4.22145361855e-05,5.08013358293e-05,3.4370260877e-05
6,Incidence,44635,High SDI,2,Female,22,All ages,559,Schizophrenia,2,Percent,1992,3.17916722683e-05,3.84951875196e-05,2.61312384984e-05
6,Incidence,44635,High SDI,3,Both,22,All ages,559,Schizophrenia,2,Percent,1992,3.66531870962e-05,4.43763310683e-05,3.00119301227e-05
6,Incidence,44635,High SDI,1,Male,22,All ages,559,Schizophrenia,3,Rate,1992,17.64960332515,21.086977433239998,14.56161144646
6,Incidence,44635,High SDI,2,Female,22,All ages,559,Schizophrenia,3,Rate,1992,14.79903106477,17.75931941372,12.301333592279999
6,Incidence,44635,High SDI,3,Both,22,All ages,559,Schizophrenia,3,Rate,1992,16.20508392014,19.36826832066,13.408783138270001
6,Incidence,44635,High SDI,1,Male,27,Age-standardized,559,Schizophrenia,2,Percent,1992,3.85045655753e-05,4.62909407461e-05,3.12828375893e-05
6,Incidence,44635,High SDI,2,Female,27,Age-standardized,559,Schizophrenia,2,Percent,1992,3.07762003674e-05,3.6951401391e-05,2.50972918221e-05
6,Incidence,44635,High SDI,3,Both,27,Age-standardized,559,Schizophrenia,2,Percent,1992,3.45043582155e-05,4.14598266766e-05,2.80553111397e-05
6,Incidence,44635,High SDI,1,Male,27,Age-standardized,559,Schizophrenia,3,Rate,1992,16.621501499799997,19.95378116698,13.7481444763
6,Incidence,44635,High SDI,2,Female,27,Age-standardized,559,Schizophrenia,3,Rate,1992,14.764600356,17.71868221004,12.20181490558
6,Incidence,44635,High SDI,3,Both,27,Age-standardized,559,Schizophrenia,3,Rate,1992,15.7123796694,18.83784466453,13.01086133967
6,Incidence,44636,Low-middle SDI,1,Male,22,All ages,559,Schizophrenia,1,Number,1992,101741.9986967644,125393.54613731887,81534.6010129228
6,Incidence,44636,Low-middle SDI,2,Female,22,All ages,559,Schizophrenia,1,Number,1992,81850.32659565442,101344.55016285568,64328.555331775045
6,Incidence,44636,Low-middle SDI,3,Both,22,All ages,559,Schizophrenia,1,Number,1992,183592.32529241903,227336.52213750256,145863.15634469787
6,Incidence,44636,Low-middle SDI,1,Male,22,All ages,559,Schizophrenia,2,Percent,1992,3.06300396434e-05,3.76456332261e-05,2.41930162181e-05
6,Incidence,44636,Low-middle SDI,2,Female,22,All ages,559,Schizophrenia,2,Percent,1992,2.43482340851e-05,2.9860452194e-05,1.90008394648e-05
6,Incidence,44636,Low-middle SDI,3,Both,22,All ages,559,Schizophrenia,2,Percent,1992,2.74700903109e-05,3.37083263348e-05,2.15794390807e-05
6,Incidence,44636,Low-middle SDI,1,Male,22,All ages,559,Schizophrenia,3,Rate,1992,16.57414862622,20.427073352900003,13.28228865835
6,Incidence,44636,Low-middle SDI,2,Female,22,All ages,559,Schizophrenia,3,Rate,1992,13.82699374959,17.12015724238,10.86703706006
6,Incidence,44636,Low-middle SDI,3,Both,22,All ages,559,Schizophrenia,3,Rate,1992,15.225517055160001,18.85327226806,12.09659483918
6,Incidence,44636,Low-middle SDI,1,Male,27,Age-standardized,559,Schizophrenia,2,Percent,1992,3.22902637647e-05,3.96110017081e-05,2.59647641729e-05
6,Incidence,44636,Low-middle SDI,2,Female,27,Age-standardized,559,Schizophrenia,2,Percent,1992,2.47956132272e-05,3.04045082282e-05,1.96079411021e-05
6,Incidence,44636,Low-middle SDI,3,Both,27,Age-standardized,559,Schizophrenia,2,Percent,1992,2.8460681366e-05,3.49071552563e-05,2.26447875021e-05
6,Incidence,44636,Low-middle SDI,1,Male,27,Age-standardized,559,Schizophrenia,3,Rate,1992,16.588428099639998,20.11148894107,13.55927005079
6,Incidence,44636,Low-middle SDI,2,Female,27,Age-standardized,559,Schizophrenia,3,Rate,1992,13.52241847772,16.56778898662,10.95643551852
6,Incidence,44636,Low-middle SDI,3,Both,27,Age-standardized,559,Schizophrenia,3,Rate,1992,15.065908526900001,18.333578644360003,12.279865865240001
6,Incidence,199,Western Sub-Saharan Africa,1,Male,22,All ages,559,Schizophrenia,1,Number,1992,12149.997034585416,15073.151027286018,9646.921260173782
6,Incidence,199,Western Sub-Saharan Africa,2,Female,22,All ages,559,Schizophrenia,1,Number,1992,16199.876389415876,20152.67942294859,12655.375387795546
6,Incidence,199,Western Sub-Saharan Africa,3,Both,22,All ages,559,Schizophrenia,1,Number,1992,28349.87342400129,35275.37851520046,22316.87143091959
6,Incidence,199,Western Sub-Saharan Africa,1,Male,22,All ages,559,Schizophrenia,2,Percent,1992,1.86788622761e-05,2.3104168978e-05,1.47279005646e-05
6,Incidence,199,Western Sub-Saharan Africa,2,Female,22,All ages,559,Schizophrenia,2,Percent,1992,2.38844528313e-05,2.96035155684e-05,1.85034287107e-05
6,Incidence,199,Western Sub-Saharan Africa,3,Both,22,All ages,559,Schizophrenia,2,Percent,1992,2.13360403799e-05,2.64221591321e-05,1.66527680063e-05
6,Incidence,199,Western Sub-Saharan Africa,1,Male,22,All ages,559,Schizophrenia,3,Rate,1992,11.97434525125,14.85523938081,9.5074562942
6,Incidence,199,Western Sub-Saharan Africa,2,Female,22,All ages,559,Schizophrenia,3,Rate,1992,15.78678212284,19.63878930887,12.33266533196
6,Incidence,199,Western Sub-Saharan Africa,3,Both,22,All ages,559,Schizophrenia,3,Rate,1992,13.891303337980002,17.28476794193,10.93516101342
6,Incidence,199,Western Sub-Saharan Africa,1,Male,27,Age-standardized,559,Schizophrenia,2,Percent,1992,2.26867792414e-05,2.80863172774e-05,1.81191309355e-05
6,Incidence,199,Western Sub-Saharan Africa,2,Female,27,Age-standardized,559,Schizophrenia,2,Percent,1992,2.67755115011e-05,3.31852402025e-05,2.13265530681e-05
6,Incidence,199,Western Sub-Saharan Africa,3,Both,27,Age-standardized,559,Schizophrenia,2,Percent,1992,2.48847719877e-05,3.08596670674e-05,1.98343418548e-05
6,Incidence,199,Western Sub-Saharan Africa,1,Male,27,Age-standardized,559,Schizophrenia,3,Rate,1992,13.3404404526,16.38751037422,10.89294959987
6,Incidence,199,Western Sub-Saharan Africa,2,Female,27,Age-standardized,559,Schizophrenia,3,Rate,1992,16.55000148081,20.30009535722,13.452866005050002
6,Incidence,199,Western Sub-Saharan Africa,3,Both,27,Age-standardized,559,Schizophrenia,3,Rate,1992,15.00678592073,18.47543342203,12.216463467910001
6,Incidence,192,Southern Sub-Saharan Africa,1,Male,22,All ages,559,Schizophrenia,1,Number,1992,3727.299217460863,4560.201128243798,2981.960633698762
6,Incidence,192,Southern Sub-Saharan Africa,2,Female,22,All ages,559,Schizophrenia,1,Number,1992,4176.706143000658,5124.441014921347,3315.2936761681985
6,Incidence,192,Southern Sub-Saharan Africa,3,Both,22,All ages,559,Schizophrenia,1,Number,1992,7904.005360461519,9674.69344983223,6307.824600741502
6,Incidence,192,Southern Sub-Saharan Africa,1,Male,22,All ages,559,Schizophrenia,2,Percent,1992,2.08339430435e-05,2.56128508975e-05,1.64320537937e-05
6,Incidence,192,Southern Sub-Saharan Africa,2,Female,22,All ages,559,Schizophrenia,2,Percent,1992,2.15055545473e-05,2.65621808271e-05,1.69189811121e-05
6,Incidence,192,Southern Sub-Saharan Africa,3,Both,22,All ages,559,Schizophrenia,2,Percent,1992,2.11832709829e-05,2.60483391065e-05,1.672365958e-05
6,Incidence,192,Southern Sub-Saharan Africa,1,Male,22,All ages,559,Schizophrenia,3,Rate,1992,14.03703400703,17.17374822396,11.230083870580001
6,Incidence,192,Southern Sub-Saharan Africa,2,Female,22,All ages,559,Schizophrenia,3,Rate,1992,14.76658616282,18.1172668587,11.72109505626
6,Incidence,192,Southern Sub-Saharan Africa,3,Both,22,All ages,559,Schizophrenia,3,Rate,1992,14.413327929380001,17.64226148001,11.50261675508
6,Incidence,192,Southern Sub-Saharan Africa,1,Male,27,Age-standardized,559,Schizophrenia,2,Percent,1992,2.13617492643e-05,2.60454852659e-05,1.72175113323e-05
6,Incidence,192,Southern Sub-Saharan Africa,2,Female,27,Age-standardized,559,Schizophrenia,2,Percent,1992,2.1251037228e-05,2.6078201512e-05,1.70267501146e-05
6,Incidence,192,Southern Sub-Saharan Africa,3,Both,27,Age-standardized,559,Schizophrenia,2,Percent,1992,2.12951743762e-05,2.60632742497e-05,1.71000882135e-05
6,Incidence,192,Southern Sub-Saharan Africa,1,Male,27,Age-standardized,559,Schizophrenia,3,Rate,1992,13.70741056726,16.566867432109998,11.31304226406
6,Incidence,192,Southern Sub-Saharan Africa,2,Female,27,Age-standardized,559,Schizophrenia,3,Rate,1992,14.113521658609999,17.157383066930002,11.54492457687
6,Incidence,192,Southern Sub-Saharan Africa,3,Both,27,Age-standardized,559,Schizophrenia,3,Rate,1992,13.91475368111,16.83573627269,11.43173914046
6,Incidence,44639,Middle SDI,1,Male,22,All ages,559,Schizophrenia,1,Number,1992,174446.79719184095,209290.5676520053,142521.97812749672
6,Incidence,44639,Middle SDI,2,Female,22,All ages,559,Schizophrenia,1,Number,1992,146437.3203199946,176565.98059222408,118891.50382161094
6,Incidence,44639,Middle SDI,3,Both,22,All ages,559,Schizophrenia,1,Number,1992,320884.1175118356,386083.1068818208,261986.88104770327
6,Incidence,44639,Middle SDI,1,Male,22,All ages,559,Schizophrenia,2,Percent,1992,4.37033805489e-05,5.2524274543e-05,3.5316674186e-05
6,Incidence,44639,Middle SDI,2,Female,22,All ages,559,Schizophrenia,2,Percent,1992,3.63825580731e-05,4.36843479973e-05,2.94049202361e-05
6,Incidence,44639,Middle SDI,3,Both,22,All ages,559,Schizophrenia,2,Percent,1992,4.00275298229e-05,4.81364722662e-05,3.23857748458e-05
6,Incidence,44639,Middle SDI,1,Male,22,All ages,559,Schizophrenia,3,Rate,1992,19.23943599941,23.08229526961,15.71850283773
6,Incidence,44639,Middle SDI,2,Female,22,All ages,559,Schizophrenia,3,Rate,1992,16.77290017121,20.223830643950002,13.6178080864
6,Incidence,44639,Middle SDI,3,Both,22,All ages,559,Schizophrenia,3,Rate,1992,18.02948929121,21.69281949826,14.72023515191
6,Incidence,44639,Middle SDI,1,Male,27,Age-standardized,559,Schizophrenia,2,Percent,1992,4.02902980333e-05,4.84306727755e-05,3.29628056805e-05
6,Incidence,44639,Middle SDI,2,Female,27,Age-standardized,559,Schizophrenia,2,Percent,1992,3.29091130892e-05,3.93930300253e-05,2.68626787402e-05
6,Incidence,44639,Middle SDI,3,Both,27,Age-standardized,559,Schizophrenia,2,Percent,1992,3.65672394911e-05,4.37950220973e-05,2.98879700424e-05
6,Incidence,44639,Middle SDI,1,Male,27,Age-standardized,559,Schizophrenia,3,Rate,1992,17.38949659513,20.751715826149997,14.527676093350001
6,Incidence,44639,Middle SDI,2,Female,27,Age-standardized,559,Schizophrenia,3,Rate,1992,14.960840138280002,17.88571493598,12.543792681540001
6,Incidence,44639,Middle SDI,3,Both,27,Age-standardized,559,Schizophrenia,3,Rate,1992,16.197915819669998,19.33440152899,13.56867480608
6,Incidence,44637,Low SDI,1,Male,22,All ages,559,Schizophrenia,1,Number,1992,36162.74131817984,44863.12306257197,28624.211141646592
6,Incidence,44637,Low SDI,2,Female,22,All ages,559,Schizophrenia,1,Number,1992,35336.5049824266,44113.42539029525,27447.90154448781
6,Incidence,44637,Low SDI,3,Both,22,All ages,559,Schizophrenia,1,Number,1992,71499.2463006065,88969.08419616966,55783.712306149
6,Incidence,44637,Low SDI,1,Male,22,All ages,559,Schizophrenia,2,Percent,1992,2.19393098955e-05,2.71325268279e-05,1.70842509665e-05
6,Incidence,44637,Low SDI,2,Female,22,All ages,559,Schizophrenia,2,Percent,1992,2.14126086351e-05,2.65419342028e-05,1.64729049672e-05
6,Incidence,44637,Low SDI,3,Both,22,All ages,559,Schizophrenia,2,Percent,1992,2.16757101479e-05,2.68317400846e-05,1.67969467032e-05
6,Incidence,44637,Low SDI,1,Male,22,All ages,559,Schizophrenia,3,Rate,1992,13.640552197960002,16.92232805346,10.79702566704
6,Incidence,44637,Low SDI,2,Female,22,All ages,559,Schizophrenia,3,Rate,1992,13.5258839523,16.8854580515,10.506334206210001
6,Incidence,44637,Low SDI,3,Both,22,All ages,559,Schizophrenia,3,Rate,1992,13.583638636959998,16.902610196770002,10.597954929610001
6,Incidence,44637,Low SDI,1,Male,27,Age-standardized,559,Schizophrenia,2,Percent,1992,2.63033681313e-05,3.24802289687e-05,2.10250902253e-05
6,Incidence,44637,Low SDI,2,Female,27,Age-standardized,559,Schizophrenia,2,Percent,1992,2.4262361807e-05,3.01336909905e-05,1.92993221883e-05
6,Incidence,44637,Low SDI,3,Both,27,Age-standardized,559,Schizophrenia,2,Percent,1992,2.52608273797e-05,3.13028800467e-05,2.01449102587e-05
6,Incidence,44637,Low SDI,1,Male,27,Age-standardized,559,Schizophrenia,3,Rate,1992,14.9850995922,18.34332284181,12.19219600387
6,Incidence,44637,Low SDI,2,Female,27,Age-standardized,559,Schizophrenia,3,Rate,1992,14.28240648977,17.56653740691,11.49618810974
6,Incidence,44637,Low SDI,3,Both,27,Age-standardized,559,Schizophrenia,3,Rate,1992,14.63406323746,17.90956811165,11.84494783311
