measure_id,measure_name,location_id,location_name,sex_id,sex_name,age_id,age_name,cause_id,cause_name,metric_id,metric_name,year,val,upper,lower
2,DALYs (Disability-Adjusted Life Years),1,Global,1,Male,22,All ages,559,Schizophrenia,1,Number,2018,7607625.063307141,9801681.616381528,5625433.4900892
2,DALYs (Disability-Adjusted Life Years),1,Global,2,Female,22,All ages,559,Schizophrenia,1,Number,2018,6718214.038866685,8646217.230336817,4949308.409736605
2,DALYs (Disability-Adjusted Life Years),1,Global,3,Both,22,All ages,559,Schizophrenia,1,Number,2018,14325839.10217381,18447898.846718345,10576662.033109598
2,DALYs (Disability-Adjusted Life Years),1,Global,1,Male,22,All ages,559,Schizophrenia,2,Percent,2018,0.005496941056238225,0.006962340266881561,0.004057382217753706
2,DALYs (Disability-Adjusted Life Years),1,Global,2,Female,22,All ages,559,Schizophrenia,2,Percent,2018,0.005505382195555508,0.007014839598042104,0.004034362535469648
2,DALYs (Disability-Adjusted Life Years),1,Global,3,Both,22,All ages,559,Schizophrenia,2,Percent,2018,0.005500093611913734,0.006983483954705045,0.004061410976263892
2,DALYs (Disability-Adjusted Life Years),1,Global,1,Male,22,All ages,559,Schizophrenia,3,Rate,2018,197.8047760534976,254.85212808755367,146.26609519413128
2,DALYs (Disability-Adjusted Life Years),1,Global,2,Female,22,All ages,559,Schizophrenia,3,Rate,2018,176.05382218723778,226.5780134505413,129.6988541413842
2,DALYs (Disability-Adjusted Life Years),1,Global,3,Both,22,All ages,559,Schizophrenia,3,Rate,2018,186.97191925649625,240.77047278139827,138.0399979054451
2,DALYs (Disability-Adjusted Life Years),1,Global,1,Male,27,Age-standardized,559,Schizophrenia,3,Rate,2018,189.14782876534971,243.36792260044666,140.01090121513317
2,DALYs (Disability-Adjusted Life Years),1,Global,2,Female,27,Age-standardized,559,Schizophrenia,3,Rate,2018,166.6964508442061,214.70518824201835,122.81805235592937
2,DALYs (Disability-Adjusted Life Years),1,Global,3,Both,27,Age-standardized,559,Schizophrenia,3,Rate,2018,177.98133458237098,228.88458913627028,131.40582161359185
2,DALYs (Disability-Adjusted Life Years),96,Southern Latin America,1,Male,22,All ages,559,Schizophrenia,1,Number,2018,64021.147206990114,88451.73800373363,44961.252434471084
2,DALYs (Disability-Adjusted Life Years),96,Southern Latin America,2,Female,22,All ages,559,Schizophrenia,1,Number,2018,64375.79362002779,86375.98661256651,46205.73343801213
2,DALYs (Disability-Adjusted Life Years),96,Southern Latin America,3,Both,22,All ages,559,Schizophrenia,1,Number,2018,128396.94082701801,173942.7702728744,91295.73902932831
2,DALYs (Disability-Adjusted Life Years),96,Southern Latin America,1,Male,22,All ages,559,Schizophrenia,2,Percent,2018,0.00676374427192095,0.009107153259848004,0.004786914114706603
2,DALYs (Disability-Adjusted Life Years),96,Southern Latin America,2,Female,22,All ages,559,Schizophrenia,2,Percent,2018,0.0071650280811589835,0.009472935922512034,0.005142554773682506
2,DALYs (Disability-Adjusted Life Years),96,Southern Latin America,3,Both,22,All ages,559,Schizophrenia,2,Percent,2018,0.006958212567148716,0.009188036706096076,0.0049704603435250915
2,DALYs (Disability-Adjusted Life Years),96,Southern Latin America,1,Male,22,All ages,559,Schizophrenia,3,Rate,2018,198.15849099780385,273.7761457520276,139.1642343893104
2,DALYs (Disability-Adjusted Life Years),96,Southern Latin America,2,Female,22,All ages,559,Schizophrenia,3,Rate,2018,189.98621860053618,254.91331681706322,136.36263073300924
2,DALYs (Disability-Adjusted Life Years),96,Southern Latin America,3,Both,22,All ages,559,Schizophrenia,3,Rate,2018,193.97504171007685,262.78317771062717,137.92458505709047
2,DALYs (Disability-Adjusted Life Years),96,Southern Latin America,1,Male,27,Age-standardized,559,Schizophrenia,3,Rate,2018,183.06432866329737,252.44971291338197,128.82846403140599
2,DALYs (Disability-Adjusted Life Years),96,Southern Latin America,2,Female,27,Age-standardized,559,Schizophrenia,3,Rate,2018,173.27141056938956,233.41143256705627,123.93646091483944
2,DALYs (Disability-Adjusted Life Years),96,Southern Latin America,3,Both,27,Age-standardized,559,Schizophrenia,3,Rate,2018,178.23012580758194,241.85189440351604,126.7046849528839
2,DALYs (Disability-Adjusted Life Years),120,Andean Latin America,1,Male,22,All ages,559,Schizophrenia,1,Number,2018,54021.417367836344,73443.37934872595,38026.94308813895
2,DALYs (Disability-Adjusted Life Years),120,Andean Latin America,2,Female,22,All ages,559,Schizophrenia,1,Number,2018,43585.00469223237,60144.54240132118,31010.216804618816
2,DALYs (Disability-Adjusted Life Years),120,Andean Latin America,3,Both,22,All ages,559,Schizophrenia,1,Number,2018,97606.42206006865,134240.46594485946,69764.53008272298
2,DALYs (Disability-Adjusted Life Years),120,Andean Latin America,1,Male,22,All ages,559,Schizophrenia,2,Percent,2018,0.00654714743965136,0.00890588284299073,0.004465803123618016
2,DALYs (Disability-Adjusted Life Years),120,Andean Latin America,2,Female,22,All ages,559,Schizophrenia,2,Percent,2018,0.005665085496051752,0.007687287556655095,0.003932998588625064
2,DALYs (Disability-Adjusted Life Years),120,Andean Latin America,3,Both,22,All ages,559,Schizophrenia,2,Percent,2018,0.006120529301166182,0.008345523162130417,0.0042758976877450405
2,DALYs (Disability-Adjusted Life Years),120,Andean Latin America,1,Male,22,All ages,559,Schizophrenia,3,Rate,2018,172.95610847946912,235.13787132323455,121.74786250259726
2,DALYs (Disability-Adjusted Life Years),120,Andean Latin America,2,Female,22,All ages,559,Schizophrenia,3,Rate,2018,139.68369493328981,192.75464054695217,99.38330154002554
2,DALYs (Disability-Adjusted Life Years),120,Andean Latin America,3,Both,22,All ages,559,Schizophrenia,3,Rate,2018,156.32830394020368,215.0020861167074,111.7361996560592
2,DALYs (Disability-Adjusted Life Years),120,Andean Latin America,1,Male,27,Age-standardized,559,Schizophrenia,3,Rate,2018,173.71915709058888,235.60360084356546,122.14236672163652
2,DALYs (Disability-Adjusted Life Years),120,Andean Latin America,2,Female,27,Age-standardized,559,Schizophrenia,3,Rate,2018,136.290013214177,187.68117942810161,97.25905518893208
2,DALYs (Disability-Adjusted Life Years),120,Andean Latin America,3,Both,27,Age-standardized,559,Schizophrenia,3,Rate,2018,154.73193522057585,211.82896617275978,109.9693817399171
2,DALYs (Disability-Adjusted Life Years),5,East Asia,1,Male,22,All ages,559,Schizophrenia,1,Number,2018,1835719.2284933003,2306999.3909237767,1380723.725395066
2,DALYs (Disability-Adjusted Life Years),5,East Asia,2,Female,22,All ages,559,Schizophrenia,1,Number,2018,1660302.418361409,2074014.146018445,1245023.6265546726
2,DALYs (Disability-Adjusted Life Years),5,East Asia,3,Both,22,All ages,559,Schizophrenia,1,Number,2018,3496021.646854706,4390502.21080339,2632330.4523303397
2,DALYs (Disability-Adjusted Life Years),5,East Asia,1,Male,22,All ages,559,Schizophrenia,2,Percent,2018,0.008128670344765773,0.010287784570749277,0.005781077646912212
2,DALYs (Disability-Adjusted Life Years),5,East Asia,2,Female,22,All ages,559,Schizophrenia,2,Percent,2018,0.009494463983787092,0.012039119160691628,0.006888133513462737
2,DALYs (Disability-Adjusted Life Years),5,East Asia,3,Both,22,All ages,559,Schizophrenia,2,Percent,2018,0.008709902134305619,0.010972144242642838,0.006414814302611545
2,DALYs (Disability-Adjusted Life Years),5,East Asia,1,Male,22,All ages,559,Schizophrenia,3,Rate,2018,246.6713181877091,309.99870349698614,185.53215334339944
2,DALYs (Disability-Adjusted Life Years),5,East Asia,2,Female,22,All ages,559,Schizophrenia,3,Rate,2018,232.9244966398622,290.96428195417013,174.6648672632706
2,DALYs (Disability-Adjusted Life Years),5,East Asia,3,Both,22,All ages,559,Schizophrenia,3,Rate,2018,239.94598652169302,301.337774966207,180.66739598244442
2,DALYs (Disability-Adjusted Life Years),5,East Asia,1,Male,27,Age-standardized,559,Schizophrenia,3,Rate,2018,205.09164909089023,256.74564356643094,154.79406860294827
2,DALYs (Disability-Adjusted Life Years),5,East Asia,2,Female,27,Age-standardized,559,Schizophrenia,3,Rate,2018,192.36616870070992,241.76605314199162,144.09795104569403
2,DALYs (Disability-Adjusted Life Years),5,East Asia,3,Both,27,Age-standardized,559,Schizophrenia,3,Rate,2018,198.82900447507268,249.16236691772932,150.21729674254914
2,DALYs (Disability-Adjusted Life Years),44636,Low-middle SDI,1,Male,22,All ages,559,Schizophrenia,1,Number,2018,1711741.703799475,2261203.4022690067,1251566.7543392035
2,DALYs (Disability-Adjusted Life Years),44636,Low-middle SDI,2,Female,22,All ages,559,Schizophrenia,1,Number,2018,1392685.3353641706,1825407.0624733977,1020235.6645758676
2,DALYs (Disability-Adjusted Life Years),44636,Low-middle SDI,3,Both,22,All ages,559,Schizophrenia,1,Number,2018,3104427.039163643,4093246.331260662,2280410.5106097003
2,DALYs (Disability-Adjusted Life Years),44636,Low-middle SDI,1,Male,22,All ages,559,Schizophrenia,2,Percent,2018,0.004835588699115578,0.006262838099614788,0.003527000868696067
2,DALYs (Disability-Adjusted Life Years),44636,Low-middle SDI,2,Female,22,All ages,559,Schizophrenia,2,Percent,2018,0.004297606395554571,0.005562260508868275,0.003138320429128945
2,DALYs (Disability-Adjusted Life Years),44636,Low-middle SDI,3,Both,22,All ages,559,Schizophrenia,2,Percent,2018,0.004577923649582063,0.005908519781471309,0.003343492563403833
2,DALYs (Disability-Adjusted Life Years),44636,Low-middle SDI,1,Male,22,All ages,559,Schizophrenia,3,Rate,2018,183.38329830571595,242.24854551815864,134.08357052413686
2,DALYs (Disability-Adjusted Life Years),44636,Low-middle SDI,2,Female,22,All ages,559,Schizophrenia,3,Rate,2018,151.30644317200924,198.31891881858112,110.84214480067034
2,DALYs (Disability-Adjusted Life Years),44636,Low-middle SDI,3,Both,22,All ages,559,Schizophrenia,3,Rate,2018,167.457188654588,220.7955008948383,123.00857074996767
2,DALYs (Disability-Adjusted Life Years),44636,Low-middle SDI,1,Male,27,Age-standardized,559,Schizophrenia,3,Rate,2018,193.0985267059857,252.7219566153894,141.48953704989955
2,DALYs (Disability-Adjusted Life Years),44636,Low-middle SDI,2,Female,27,Age-standardized,559,Schizophrenia,3,Rate,2018,156.31712689100036,203.8356000057397,113.85563822664001
2,DALYs (Disability-Adjusted Life Years),44636,Low-middle SDI,3,Both,27,Age-standardized,559,Schizophrenia,3,Rate,2018,174.63569711324828,228.1176195205406,127.63240539333194
2,DALYs (Disability-Adjusted Life Years),134,Tropical Latin America,1,Male,22,All ages,559,Schizophrenia,1,Number,2018,206122.87777973528,266442.9063013088,150817.770680581
2,DALYs (Disability-Adjusted Life Years),134,Tropical Latin America,2,Female,22,All ages,559,Schizophrenia,1,Number,2018,175160.69837489846,225077.11806491698,129812.24844889832
2,DALYs (Disability-Adjusted Life Years),134,Tropical Latin America,3,Both,22,All ages,559,Schizophrenia,1,Number,2018,381283.57615463395,490478.2962423996,282364.42855730094
2,DALYs (Disability-Adjusted Life Years),134,Tropical Latin America,1,Male,22,All ages,559,Schizophrenia,2,Percent,2018,0.005671397425642423,0.007203482140054141,0.004159409176072376
2,DALYs (Disability-Adjusted Life Years),134,Tropical Latin America,2,Female,22,All ages,559,Schizophrenia,2,Percent,2018,0.005660349687347258,0.007166759537044121,0.004218063476666054
2,DALYs (Disability-Adjusted Life Years),134,Tropical Latin America,3,Both,22,All ages,559,Schizophrenia,2,Percent,2018,0.005665013224861435,0.007216730652602305,0.0041869422419573595
2,DALYs (Disability-Adjusted Life Years),134,Tropical Latin America,1,Male,22,All ages,559,Schizophrenia,3,Rate,2018,190.15543972975144,245.8027393967399,139.13457745080166
2,DALYs (Disability-Adjusted Life Years),134,Tropical Latin America,2,Female,22,All ages,559,Schizophrenia,3,Rate,2018,154.7604017399239,198.86324693475072,114.69351234096982
2,DALYs (Disability-Adjusted Life Years),134,Tropical Latin America,3,Both,22,All ages,559,Schizophrenia,3,Rate,2018,172.07575745798138,221.3560447418328,127.43290286251987
2,DALYs (Disability-Adjusted Life Years),134,Tropical Latin America,1,Male,27,Age-standardized,559,Schizophrenia,3,Rate,2018,171.98322220204562,221.96656591656708,126.46589819272982
2,DALYs (Disability-Adjusted Life Years),134,Tropical Latin America,2,Female,27,Age-standardized,559,Schizophrenia,3,Rate,2018,137.31547951953777,177.01142200057078,101.94157843775777
2,DALYs (Disability-Adjusted Life Years),134,Tropical Latin America,3,Both,27,Age-standardized,559,Schizophrenia,3,Rate,2018,154.15814926924588,198.35050161753344,114.38562040664958
2,DALYs (Disability-Adjusted Life Years),65,High-income Asia Pacific,1,Male,22,All ages,559,Schizophrenia,1,Number,2018,196080.9778506955,255209.44549089746,143011.66144923406
2,DALYs (Disability-Adjusted Life Years),65,High-income Asia Pacific,2,Female,22,All ages,559,Schizophrenia,1,Number,2018,198873.20494189925,254764.10925894207,144813.48642401543
2,DALYs (Disability-Adjusted Life Years),65,High-income Asia Pacific,3,Both,22,All ages,559,Schizophrenia,1,Number,2018,394954.182792595,506126.0537225102,287539.72904771904
2,DALYs (Disability-Adjusted Life Years),65,High-income Asia Pacific,1,Male,22,All ages,559,Schizophrenia,2,Percent,2018,0.007359689435284476,0.009361625552262949,0.005456785394746692
2,DALYs (Disability-Adjusted Life Years),65,High-income Asia Pacific,2,Female,22,All ages,559,Schizophrenia,2,Percent,2018,0.008047689960352503,0.01032450572323633,0.00597230899983678
2,DALYs (Disability-Adjusted Life Years),65,High-income Asia Pacific,3,Both,22,All ages,559,Schizophrenia,2,Percent,2018,0.007689675373180709,0.009686652723193991,0.005675200372838614
2,DALYs (Disability-Adjusted Life Years),65,High-income Asia Pacific,1,Male,22,All ages,559,Schizophrenia,3,Rate,2018,213.27929640483538,277.5939388246668,155.5552551089595
2,DALYs (Disability-Adjusted Life Years),65,High-income Asia Pacific,2,Female,22,All ages,559,Schizophrenia,3,Rate,2018,209.80823781285432,268.77230060829896,152.77604847286847
2,DALYs (Disability-Adjusted Life Years),65,High-income Asia Pacific,3,Both,22,All ages,559,Schizophrenia,3,Rate,2018,211.51726040795123,271.05522860278495,153.99157268466448
2,DALYs (Disability-Adjusted Life Years),65,High-income Asia Pacific,1,Male,27,Age-standardized,559,Schizophrenia,3,Rate,2018,179.24662578360352,236.3641042432739,131.85052537080543
2,DALYs (Disability-Adjusted Life Years),65,High-income Asia Pacific,2,Female,27,Age-standardized,559,Schizophrenia,3,Rate,2018,175.79909371908107,230.70974747457254,128.90932019933948
2,DALYs (Disability-Adjusted Life Years),65,High-income Asia Pacific,3,Both,27,Age-standardized,559,Schizophrenia,3,Rate,2018,177.80151038494574,233.3229000037542,131.54634372953873
2,DALYs (Disability-Adjusted Life Years),70,Australasia,1,Male,22,All ages,559,Schizophrenia,1,Number,2018,45130.9678130893,55559.678839444176,33337.10127449082
2,DALYs (Disability-Adjusted Life Years),70,Australasia,2,Female,22,All ages,559,Schizophrenia,1,Number,2018,36151.6640553799,44672.75914064003,26786.78767073688
2,DALYs (Disability-Adjusted Life Years),70,Australasia,3,Both,22,All ages,559,Schizophrenia,1,Number,2018,81282.63186846918,99138.13004265928,60287.00815647852
2,DALYs (Disability-Adjusted Life Years),70,Australasia,1,Male,22,All ages,559,Schizophrenia,2,Percent,2018,0.011923953220881684,0.014250184979194025,0.009097545770937878
2,DALYs (Disability-Adjusted Life Years),70,Australasia,2,Female,22,All ages,559,Schizophrenia,2,Percent,2018,0.009626760551127846,0.01190844946589835,0.007427210498464767
2,DALYs (Disability-Adjusted Life Years),70,Australasia,3,Both,22,All ages,559,Schizophrenia,2,Percent,2018,0.010778442274827854,0.01294145755560936,0.008324560207033926
2,DALYs (Disability-Adjusted Life Years),70,Australasia,1,Male,22,All ages,559,Schizophrenia,3,Rate,2018,310.20772464259977,381.88947389820663,229.14257844788324
2,DALYs (Disability-Adjusted Life Years),70,Australasia,2,Female,22,All ages,559,Schizophrenia,3,Rate,2018,243.13137410593217,300.4384334377778,180.14961868127114
2,DALYs (Disability-Adjusted Life Years),70,Australasia,3,Both,22,All ages,559,Schizophrenia,3,Rate,2018,276.30408925511523,337.00029270973994,204.9336555630555
2,DALYs (Disability-Adjusted Life Years),70,Australasia,1,Male,27,Age-standardized,559,Schizophrenia,3,Rate,2018,284.3921736877486,348.43554660718615,210.6595029088168
2,DALYs (Disability-Adjusted Life Years),70,Australasia,2,Female,27,Age-standardized,559,Schizophrenia,3,Rate,2018,209.50928594405016,259.8585829405573,154.8736140488217
2,DALYs (Disability-Adjusted Life Years),70,Australasia,3,Both,27,Age-standardized,559,Schizophrenia,3,Rate,2018,246.9936453134983,302.1977334015118,184.33135843239114
2,DALYs (Disability-Adjusted Life Years),32,Central Asia,1,Male,22,All ages,559,Schizophrenia,1,Number,2018,67191.68187504058,92408.98284475486,47407.311655035104
2,DALYs (Disability-Adjusted Life Years),32,Central Asia,2,Female,22,All ages,559,Schizophrenia,1,Number,2018,66752.29270075144,91169.05262312188,46983.18882947206
2,DALYs (Disability-Adjusted Life Years),32,Central Asia,3,Both,22,All ages,559,Schizophrenia,1,Number,2018,133943.974575792,184036.12579047974,94631.30072427828
2,DALYs (Disability-Adjusted Life Years),32,Central Asia,1,Male,22,All ages,559,Schizophrenia,2,Percent,2018,0.004545992874696999,0.006092027578690328,0.003279999147351803
2,DALYs (Disability-Adjusted Life Years),32,Central Asia,2,Female,22,All ages,559,Schizophrenia,2,Percent,2018,0.005320450890798532,0.007105548331452507,0.0037634011974527586
2,DALYs (Disability-Adjusted Life Years),32,Central Asia,3,Both,22,All ages,559,Schizophrenia,2,Percent,2018,0.004900892054519714,0.00653279975817715,0.0035219813181005203
2,DALYs (Disability-Adjusted Life Years),32,Central Asia,1,Male,22,All ages,559,Schizophrenia,3,Rate,2018,147.57583683182366,202.9616255097518,104.12261598764542
2,DALYs (Disability-Adjusted Life Years),32,Central Asia,2,Female,22,All ages,559,Schizophrenia,3,Rate,2018,143.94297274066483,196.59466252871565,101.31337210046239
2,DALYs (Disability-Adjusted Life Years),32,Central Asia,3,Both,22,All ages,559,Schizophrenia,3,Rate,2018,145.74272661318105,200.24735605298733,102.96710870487226
2,DALYs (Disability-Adjusted Life Years),32,Central Asia,1,Male,27,Age-standardized,559,Schizophrenia,3,Rate,2018,142.40762832918324,193.53049912934532,101.20783905991966
2,DALYs (Disability-Adjusted Life Years),32,Central Asia,2,Female,27,Age-standardized,559,Schizophrenia,3,Rate,2018,135.3632292906741,183.8784277496246,95.17114503930695
2,DALYs (Disability-Adjusted Life Years),32,Central Asia,3,Both,27,Age-standardized,559,Schizophrenia,3,Rate,2018,138.8074870794669,189.81684748432403,98.53215998452825
2,DALYs (Disability-Adjusted Life Years),56,Eastern Europe,1,Male,22,All ages,559,Schizophrenia,1,Number,2018,155655.77224491324,201355.46422377223,113412.30653613777
2,DALYs (Disability-Adjusted Life Years),56,Eastern Europe,2,Female,22,All ages,559,Schizophrenia,1,Number,2018,174776.4183031802,223394.51496882783,128384.25459355439
2,DALYs (Disability-Adjusted Life Years),56,Eastern Europe,3,Both,22,All ages,559,Schizophrenia,1,Number,2018,330432.19054809364,426128.8982796899,239582.95585791697
2,DALYs (Disability-Adjusted Life Years),56,Eastern Europe,1,Male,22,All ages,559,Schizophrenia,2,Percent,2018,0.0032547813900980845,0.004113811478962946,0.0023742679453822146
2,DALYs (Disability-Adjusted Life Years),56,Eastern Europe,2,Female,22,All ages,559,Schizophrenia,2,Percent,2018,0.004182451460099769,0.005285051791494664,0.0030931650263801764
2,DALYs (Disability-Adjusted Life Years),56,Eastern Europe,3,Both,22,All ages,559,Schizophrenia,2,Percent,2018,0.0036864760065539104,0.004660334295267812,0.002743616622872499
2,DALYs (Disability-Adjusted Life Years),56,Eastern Europe,1,Male,22,All ages,559,Schizophrenia,3,Rate,2018,159.8143321764196,206.73495483587286,116.44227366744845
2,DALYs (Disability-Adjusted Life Years),56,Eastern Europe,2,Female,22,All ages,559,Schizophrenia,3,Rate,2018,155.87454399932656,199.23464784770218,114.49964094555209
2,DALYs (Disability-Adjusted Life Years),56,Eastern Europe,3,Both,22,All ages,559,Schizophrenia,3,Rate,2018,157.70596482738276,203.3793043364123,114.34618747978706
2,DALYs (Disability-Adjusted Life Years),56,Eastern Europe,1,Male,27,Age-standardized,559,Schizophrenia,3,Rate,2018,131.8015112118867,170.3195224322729,96.75759969895476
2,DALYs (Disability-Adjusted Life Years),56,Eastern Europe,2,Female,27,Age-standardized,559,Schizophrenia,3,Rate,2018,130.7900859693825,169.17653837774202,96.56253651111648
2,DALYs (Disability-Adjusted Life Years),56,Eastern Europe,3,Both,27,Age-standardized,559,Schizophrenia,3,Rate,2018,131.27261506366213,169.7146403146829,96.54719087126992
2,DALYs (Disability-Adjusted Life Years),44639,Middle SDI,1,Male,22,All ages,559,Schizophrenia,1,Number,2018,2543920.9161680643,3267523.26885941,1882157.043519111
2,DALYs (Disability-Adjusted Life Years),44639,Middle SDI,2,Female,22,All ages,559,Schizophrenia,1,Number,2018,2192804.228663545,2840794.3618813287,1622955.8743817615
2,DALYs (Disability-Adjusted Life Years),44639,Middle SDI,3,Both,22,All ages,559,Schizophrenia,1,Number,2018,4736725.144831609,6113526.190397657,3502925.9217566317
2,DALYs (Disability-Adjusted Life Years),44639,Middle SDI,1,Male,22,All ages,559,Schizophrenia,2,Percent,2018,0.006646213327542699,0.008393662976063527,0.0048092020506854665
2,DALYs (Disability-Adjusted Life Years),44639,Middle SDI,2,Female,22,All ages,559,Schizophrenia,2,Percent,2018,0.006900751248687759,0.008746404403726175,0.005044522972924988
2,DALYs (Disability-Adjusted Life Years),44639,Middle SDI,3,Both,22,All ages,559,Schizophrenia,2,Percent,2018,0.006759443327561117,0.008491849790831342,0.004912785775443447
2,DALYs (Disability-Adjusted Life Years),44639,Middle SDI,1,Male,22,All ages,559,Schizophrenia,3,Rate,2018,211.4702152813792,271.62159197285564,156.45932727574424
2,DALYs (Disability-Adjusted Life Years),44639,Middle SDI,2,Female,22,All ages,559,Schizophrenia,3,Rate,2018,185.15600319027916,239.87099397924936,137.0391479214987
2,DALYs (Disability-Adjusted Life Years),44639,Middle SDI,3,Both,22,All ages,559,Schizophrenia,3,Rate,2018,198.41599525984049,256.08861534607274,146.73355785594038
2,DALYs (Disability-Adjusted Life Years),44639,Middle SDI,1,Male,27,Age-standardized,559,Schizophrenia,3,Rate,2018,192.58484287665908,247.05965007524986,142.71540501166285
2,DALYs (Disability-Adjusted Life Years),44639,Middle SDI,2,Female,27,Age-standardized,559,Schizophrenia,3,Rate,2018,165.93508091998729,214.16378327310122,122.96755776784003
2,DALYs (Disability-Adjusted Life Years),44639,Middle SDI,3,Both,27,Age-standardized,559,Schizophrenia,3,Rate,2018,179.276917076592,230.82546011457208,132.97461412957924
2,DALYs (Disability-Adjusted Life Years),44634,High-middle SDI,1,Male,22,All ages,559,Schizophrenia,1,Number,2018,1476088.6936735187,1857397.4843146158,1112909.3515412067
2,DALYs (Disability-Adjusted Life Years),44634,High-middle SDI,2,Female,22,All ages,559,Schizophrenia,1,Number,2018,1342346.891533831,1700188.954658735,1001887.0595050068
2,DALYs (Disability-Adjusted Life Years),44634,High-middle SDI,3,Both,22,All ages,559,Schizophrenia,1,Number,2018,2818435.585207355,3567045.9849469494,2118227.507815905
2,DALYs (Disability-Adjusted Life Years),44634,High-middle SDI,1,Male,22,All ages,559,Schizophrenia,2,Percent,2018,0.00708041975273447,0.008762760837132788,0.005238923899994304
2,DALYs (Disability-Adjusted Life Years),44634,High-middle SDI,2,Female,22,All ages,559,Schizophrenia,2,Percent,2018,0.007520386024730454,0.009420049346742074,0.0056631830562078305
2,DALYs (Disability-Adjusted Life Years),44634,High-middle SDI,3,Both,22,All ages,559,Schizophrenia,2,Percent,2018,0.007279775519098071,0.00902599224830115,0.005397984972275657
2,DALYs (Disability-Adjusted Life Years),44634,High-middle SDI,1,Male,22,All ages,559,Schizophrenia,3,Rate,2018,228.85380474050132,287.9721814974167,172.5462301304113
2,DALYs (Disability-Adjusted Life Years),44634,High-middle SDI,2,Female,22,All ages,559,Schizophrenia,3,Rate,2018,207.8356557499915,263.24036545175295,155.12223800937343
2,DALYs (Disability-Adjusted Life Years),44634,High-middle SDI,3,Both,22,All ages,559,Schizophrenia,3,Rate,2018,218.33758712166374,276.3306770582223,164.09411144914782
2,DALYs (Disability-Adjusted Life Years),44634,High-middle SDI,1,Male,27,Age-standardized,559,Schizophrenia,3,Rate,2018,190.7424295839433,240.78942434775436,144.4286793186293
2,DALYs (Disability-Adjusted Life Years),44634,High-middle SDI,2,Female,27,Age-standardized,559,Schizophrenia,3,Rate,2018,173.72697152927475,220.45933799235192,129.91689107402433
2,DALYs (Disability-Adjusted Life Years),44634,High-middle SDI,3,Both,27,Age-standardized,559,Schizophrenia,3,Rate,2018,182.311638357027,231.068580376027,137.4672797274704
2,DALYs (Disability-Adjusted Life Years),104,Caribbean,1,Male,22,All ages,559,Schizophrenia,1,Number,2018,38945.64421323027,52878.98355436048,27838.745960051383
2,DALYs (Disability-Adjusted Life Years),104,Caribbean,2,Female,22,All ages,559,Schizophrenia,1,Number,2018,31026.42456243276,41899.90369817795,21956.18508241527
2,DALYs (Disability-Adjusted Life Years),104,Caribbean,3,Both,22,All ages,559,Schizophrenia,1,Number,2018,69972.06877566312,94475.1770078057,50041.71572791545
2,DALYs (Disability-Adjusted Life Years),104,Caribbean,1,Male,22,All ages,559,Schizophrenia,2,Percent,2018,0.004362314509856549,0.005933305906689832,0.003121504597327685
2,DALYs (Disability-Adjusted Life Years),104,Caribbean,2,Female,22,All ages,559,Schizophrenia,2,Percent,2018,0.003805267768203211,0.005154167609691337,0.0026974613414944455
2,DALYs (Disability-Adjusted Life Years),104,Caribbean,3,Both,22,All ages,559,Schizophrenia,2,Percent,2018,0.0040959398084226065,0.0055447236462539354,0.002924986552688465
2,DALYs (Disability-Adjusted Life Years),104,Caribbean,1,Male,22,All ages,559,Schizophrenia,3,Rate,2018,169.10932019272377,229.61050310017234,120.88107667565383
2,DALYs (Disability-Adjusted Life Years),104,Caribbean,2,Female,22,All ages,559,Schizophrenia,3,Rate,2018,132.0047480908321,178.26695504596117,93.41458842631975
2,DALYs (Disability-Adjusted Life Years),104,Caribbean,3,Both,22,All ages,559,Schizophrenia,3,Rate,2018,150.3679948442549,203.0244807362447,107.53823038586519
2,DALYs (Disability-Adjusted Life Years),104,Caribbean,1,Male,27,Age-standardized,559,Schizophrenia,3,Rate,2018,160.78046406349588,218.66183843536518,114.53228604102394
2,DALYs (Disability-Adjusted Life Years),104,Caribbean,2,Female,27,Age-standardized,559,Schizophrenia,3,Rate,2018,123.51529883232212,167.50694760782068,87.20415185754887
2,DALYs (Disability-Adjusted Life Years),104,Caribbean,3,Both,27,Age-standardized,559,Schizophrenia,3,Rate,2018,141.8562089247136,192.1732908097404,101.37645805982092
2,DALYs (Disability-Adjusted Life Years),73,Western Europe,1,Male,22,All ages,559,Schizophrenia,1,Number,2018,433403.15728915477,558023.0719042023,315767.1831431653
2,DALYs (Disability-Adjusted Life Years),73,Western Europe,2,Female,22,All ages,559,Schizophrenia,1,Number,2018,415915.1890390167,528889.6264809049,298502.6071568623
2,DALYs (Disability-Adjusted Life Years),73,Western Europe,3,Both,22,All ages,559,Schizophrenia,1,Number,2018,849318.3463281709,1082260.0670530703,617451.0358945418
2,DALYs (Disability-Adjusted Life Years),73,Western Europe,1,Male,22,All ages,559,Schizophrenia,2,Percent,2018,0.006746004015507189,0.008443919336400617,0.004873336828475629
2,DALYs (Disability-Adjusted Life Years),73,Western Europe,2,Female,22,All ages,559,Schizophrenia,2,Percent,2018,0.006343435684695137,0.008020637877311446,0.004673059474942693
2,DALYs (Disability-Adjusted Life Years),73,Western Europe,3,Both,22,All ages,559,Schizophrenia,2,Percent,2018,0.006541825914880108,0.008240613281484734,0.0047752299991298975
2,DALYs (Disability-Adjusted Life Years),73,Western Europe,1,Male,22,All ages,559,Schizophrenia,3,Rate,2018,202.83678223048514,261.16008250466746,147.78203223843167
2,DALYs (Disability-Adjusted Life Years),73,Western Europe,2,Female,22,All ages,559,Schizophrenia,3,Rate,2018,187.79058386807955,238.79986683848307,134.77742665193364
2,DALYs (Disability-Adjusted Life Years),73,Western Europe,3,Both,22,All ages,559,Schizophrenia,3,Rate,2018,195.17870607607142,248.71018086261967,141.89413754246277
2,DALYs (Disability-Adjusted Life Years),73,Western Europe,1,Male,27,Age-standardized,559,Schizophrenia,3,Rate,2018,172.51630451386777,225.3914711648871,127.24920992796795
2,DALYs (Disability-Adjusted Life Years),73,Western Europe,2,Female,27,Age-standardized,559,Schizophrenia,3,Rate,2018,155.20171068123122,199.16806036526705,111.20505069598238
2,DALYs (Disability-Adjusted Life Years),73,Western Europe,3,Both,27,Age-standardized,559,Schizophrenia,3,Rate,2018,164.03824993439906,213.3940571269958,118.93330008346621
2,DALYs (Disability-Adjusted Life Years),159,South Asia,1,Male,22,All ages,559,Schizophrenia,1,Number,2018,1919675.6996438953,2506025.3484902363,1421798.2839909869
2,DALYs (Disability-Adjusted Life Years),159,South Asia,2,Female,22,All ages,559,Schizophrenia,1,Number,2018,1413233.6349111756,1834377.5850844043,1043014.5417154724
2,DALYs (Disability-Adjusted Life Years),159,South Asia,3,Both,22,All ages,559,Schizophrenia,1,Number,2018,3332909.3345550667,4339954.203415748,2464915.497969199
2,DALYs (Disability-Adjusted Life Years),159,South Asia,1,Male,22,All ages,559,Schizophrenia,2,Percent,2018,0.005947635815358911,0.007659075965296784,0.004318509401009171
2,DALYs (Disability-Adjusted Life Years),159,South Asia,2,Female,22,All ages,559,Schizophrenia,2,Percent,2018,0.004693257728749372,0.006042529019197213,0.0034162731014585517
2,DALYs (Disability-Adjusted Life Years),159,South Asia,3,Both,22,All ages,559,Schizophrenia,2,Percent,2018,0.005341298397979498,0.006870370765886507,0.0038627929182016253
2,DALYs (Disability-Adjusted Life Years),159,South Asia,1,Male,22,All ages,559,Schizophrenia,3,Rate,2018,210.62642547729024,274.96058912757695,155.99941717359803
2,DALYs (Disability-Adjusted Life Years),159,South Asia,2,Female,22,All ages,559,Schizophrenia,3,Rate,2018,161.70458281947353,209.89258591210293,119.34348799541962
2,DALYs (Disability-Adjusted Life Years),159,South Asia,3,Both,22,All ages,559,Schizophrenia,3,Rate,2018,186.67862959900853,243.08393115177947,138.06167556600371
2,DALYs (Disability-Adjusted Life Years),159,South Asia,1,Male,27,Age-standardized,559,Schizophrenia,3,Rate,2018,212.98521606447295,276.2346447800427,156.89388621724902
2,DALYs (Disability-Adjusted Life Years),159,South Asia,2,Female,27,Age-standardized,559,Schizophrenia,3,Rate,2018,161.29659712694917,209.11811095059687,119.0153970806805
2,DALYs (Disability-Adjusted Life Years),159,South Asia,3,Both,27,Age-standardized,559,Schizophrenia,3,Rate,2018,187.45643162961886,242.79269113313137,138.5543107420126
2,DALYs (Disability-Adjusted Life Years),44635,High SDI,1,Male,22,All ages,559,Schizophrenia,1,Number,2018,1235076.2347978053,1576959.2673689597,920776.2047061587
2,DALYs (Disability-Adjusted Life Years),44635,High SDI,2,Female,22,All ages,559,Schizophrenia,1,Number,2018,1173019.4761931868,1495014.1940266476,868835.7543283098
2,DALYs (Disability-Adjusted Life Years),44635,High SDI,3,Both,22,All ages,559,Schizophrenia,1,Number,2018,2408095.7109909942,3057749.517873856,1791601.2358075012
2,DALYs (Disability-Adjusted Life Years),44635,High SDI,1,Male,22,All ages,559,Schizophrenia,2,Percent,2018,0.007400517427803951,0.009257930683634084,0.0054963189885447895
2,DALYs (Disability-Adjusted Life Years),44635,High SDI,2,Female,22,All ages,559,Schizophrenia,2,Percent,2018,0.007497887569197316,0.009425030542281467,0.005691426992202101
2,DALYs (Disability-Adjusted Life Years),44635,High SDI,3,Both,22,All ages,559,Schizophrenia,2,Percent,2018,0.007446696030963677,0.009283541774599334,0.005542629192266503
2,DALYs (Disability-Adjusted Life Years),44635,High SDI,1,Male,22,All ages,559,Schizophrenia,3,Rate,2018,228.79194955305582,292.12414179936724,170.56937623876615
2,DALYs (Disability-Adjusted Life Years),44635,High SDI,2,Female,22,All ages,559,Schizophrenia,3,Rate,2018,216.22197409031807,275.57506664301076,160.15197170535146
2,DALYs (Disability-Adjusted Life Years),44635,High SDI,3,Both,22,All ages,559,Schizophrenia,3,Rate,2018,222.49138761607242,282.51490591051294,165.53156221745033
2,DALYs (Disability-Adjusted Life Years),44635,High SDI,1,Male,27,Age-standardized,559,Schizophrenia,3,Rate,2018,194.26692070242834,250.21594301138813,145.44575340492653
2,DALYs (Disability-Adjusted Life Years),44635,High SDI,2,Female,27,Age-standardized,559,Schizophrenia,3,Rate,2018,184.1279189872146,237.04424815219352,136.48156041395416
2,DALYs (Disability-Adjusted Life Years),44635,High SDI,3,Both,27,Age-standardized,559,Schizophrenia,3,Rate,2018,189.4843107411484,243.52566356902923,141.4011341110152
2,DALYs (Disability-Adjusted Life Years),167,Central Sub-Saharan Africa,1,Male,22,All ages,559,Schizophrenia,1,Number,2018,62972.4668606468,86798.01078451893,43530.73980806394
2,DALYs (Disability-Adjusted Life Years),167,Central Sub-Saharan Africa,2,Female,22,All ages,559,Schizophrenia,1,Number,2018,66795.69483458911,91257.43887917933,47187.94747718249
2,DALYs (Disability-Adjusted Life Years),167,Central Sub-Saharan Africa,3,Both,22,All ages,559,Schizophrenia,1,Number,2018,129768.16169523587,177506.5130590421,91106.76640611878
2,DALYs (Disability-Adjusted Life Years),167,Central Sub-Saharan Africa,1,Male,22,All ages,559,Schizophrenia,2,Percent,2018,0.0018902876032213163,0.0026628725101299888,0.0013050163399930986
2,DALYs (Disability-Adjusted Life Years),167,Central Sub-Saharan Africa,2,Female,22,All ages,559,Schizophrenia,2,Percent,2018,0.0022594223712606182,0.003123763895033558,0.0015477105006119166
2,DALYs (Disability-Adjusted Life Years),167,Central Sub-Saharan Africa,3,Both,22,All ages,559,Schizophrenia,2,Percent,2018,0.0020636949261309736,0.002877895078137286,0.0014456645002112528
2,DALYs (Disability-Adjusted Life Years),167,Central Sub-Saharan Africa,1,Male,22,All ages,559,Schizophrenia,3,Rate,2018,99.53887769338583,137.19927152653204,68.80786479662737
2,DALYs (Disability-Adjusted Life Years),167,Central Sub-Saharan Africa,2,Female,22,All ages,559,Schizophrenia,3,Rate,2018,105.28021567876523,143.835659937122,74.37541147133092
2,DALYs (Disability-Adjusted Life Years),167,Central Sub-Saharan Africa,3,Both,22,All ages,559,Schizophrenia,3,Rate,2018,102.41365721603687,140.08899366808325,71.90189814579408
2,DALYs (Disability-Adjusted Life Years),167,Central Sub-Saharan Africa,1,Male,27,Age-standardized,559,Schizophrenia,3,Rate,2018,131.75407602483804,180.27792271193064,89.86570326359332
2,DALYs (Disability-Adjusted Life Years),167,Central Sub-Saharan Africa,2,Female,27,Age-standardized,559,Schizophrenia,3,Rate,2018,137.62541372179393,184.69874991375886,97.28992836218441
2,DALYs (Disability-Adjusted Life Years),167,Central Sub-Saharan Africa,3,Both,27,Age-standardized,559,Schizophrenia,3,Rate,2018,134.74261081677736,182.57569953495286,93.8957878659844
2,DALYs (Disability-Adjusted Life Years),192,Southern Sub-Saharan Africa,1,Male,22,All ages,559,Schizophrenia,1,Number,2018,51732.874998814936,68138.04561850493,37536.94364967017
2,DALYs (Disability-Adjusted Life Years),192,Southern Sub-Saharan Africa,2,Female,22,All ages,559,Schizophrenia,1,Number,2018,57584.52456626139,75129.50002525438,41682.44625283581
2,DALYs (Disability-Adjusted Life Years),192,Southern Sub-Saharan Africa,3,Both,22,All ages,559,Schizophrenia,1,Number,2018,109317.39956507643,142433.60981577158,79606.9480794657
2,DALYs (Disability-Adjusted Life Years),192,Southern Sub-Saharan Africa,1,Male,22,All ages,559,Schizophrenia,2,Percent,2018,0.002509140265528894,0.0032620169915659057,0.0018393766124558141
2,DALYs (Disability-Adjusted Life Years),192,Southern Sub-Saharan Africa,2,Female,22,All ages,559,Schizophrenia,2,Percent,2018,0.003073799271802566,0.003954458513625846,0.0022488487375658082
2,DALYs (Disability-Adjusted Life Years),192,Southern Sub-Saharan Africa,3,Both,22,All ages,559,Schizophrenia,2,Percent,2018,0.0027777103855827134,0.003596623749500892,0.0020501585862521673
2,DALYs (Disability-Adjusted Life Years),192,Southern Sub-Saharan Africa,1,Male,22,All ages,559,Schizophrenia,3,Rate,2018,135.94268693696102,179.05188923339287,98.63888251434595
2,DALYs (Disability-Adjusted Life Years),192,Southern Sub-Saharan Africa,2,Female,22,All ages,559,Schizophrenia,3,Rate,2018,144.16539723437245,188.0900171833055,104.35384275554478
2,DALYs (Disability-Adjusted Life Years),192,Southern Sub-Saharan Africa,3,Both,22,All ages,559,Schizophrenia,3,Rate,2018,140.15358432776242,182.61119477635083,102.06242697979053
2,DALYs (Disability-Adjusted Life Years),192,Southern Sub-Saharan Africa,1,Male,27,Age-standardized,559,Schizophrenia,3,Rate,2018,138.05079159312396,180.4498349928225,100.59328870772245
2,DALYs (Disability-Adjusted Life Years),192,Southern Sub-Saharan Africa,2,Female,27,Age-standardized,559,Schizophrenia,3,Rate,2018,143.9083123576562,187.6647736517618,104.89391549924828
2,DALYs (Disability-Adjusted Life Years),192,Southern Sub-Saharan Africa,3,Both,27,Age-standardized,559,Schizophrenia,3,Rate,2018,141.10659986833602,184.7824023312698,103.61318778045136
2,DALYs (Disability-Adjusted Life Years),21,Oceania,1,Male,22,All ages,559,Schizophrenia,1,Number,2018,11511.18285759481,15742.304298266128,8100.381604118722
2,DALYs (Disability-Adjusted Life Years),21,Oceania,2,Female,22,All ages,559,Schizophrenia,1,Number,2018,9137.652766979241,12561.541569554962,6417.4768640794155
2,DALYs (Disability-Adjusted Life Years),21,Oceania,3,Both,22,All ages,559,Schizophrenia,1,Number,2018,20648.83562457407,28253.335229367116,14574.734849715696
2,DALYs (Disability-Adjusted Life Years),21,Oceania,1,Male,22,All ages,559,Schizophrenia,2,Percent,2018,0.0040856979756841655,0.00562065671011245,0.0028117162452590085
2,DALYs (Disability-Adjusted Life Years),21,Oceania,2,Female,22,All ages,559,Schizophrenia,2,Percent,2018,0.003856432485905378,0.005303880812825654,0.0026817137784500827
2,DALYs (Disability-Adjusted Life Years),21,Oceania,3,Both,22,All ages,559,Schizophrenia,2,Percent,2018,0.003980671622693632,0.005419355819218945,0.0027459912032368854
2,DALYs (Disability-Adjusted Life Years),21,Oceania,1,Male,22,All ages,559,Schizophrenia,3,Rate,2018,171.81302084560676,234.96567555360855,120.90425898217526
2,DALYs (Disability-Adjusted Life Years),21,Oceania,2,Female,22,All ages,559,Schizophrenia,3,Rate,2018,145.71566822015672,200.31549352559665,102.33776149997733
2,DALYs (Disability-Adjusted Life Years),21,Oceania,3,Both,22,All ages,559,Schizophrenia,3,Rate,2018,159.19587574576929,217.82411978838516,112.3665140421561
2,DALYs (Disability-Adjusted Life Years),21,Oceania,1,Male,27,Age-standardized,559,Schizophrenia,3,Rate,2018,193.20942206027414,262.32955739244557,136.19173187163622
2,DALYs (Disability-Adjusted Life Years),21,Oceania,2,Female,27,Age-standardized,559,Schizophrenia,3,Rate,2018,158.91883722347015,216.59244875678138,112.47742517972691
2,DALYs (Disability-Adjusted Life Years),21,Oceania,3,Both,27,Age-standardized,559,Schizophrenia,3,Rate,2018,176.4256269638389,239.76096845464994,124.36882956609512
2,DALYs (Disability-Adjusted Life Years),42,Central Europe,1,Male,22,All ages,559,Schizophrenia,1,Number,2018,101507.69529292437,134130.60685612867,71171.31224248465
2,DALYs (Disability-Adjusted Life Years),42,Central Europe,2,Female,22,All ages,559,Schizophrenia,1,Number,2018,99714.91152525255,131735.29279604479,71094.5979590425
2,DALYs (Disability-Adjusted Life Years),42,Central Europe,3,Both,22,All ages,559,Schizophrenia,1,Number,2018,201222.60681817698,265621.01862649375,142089.16203114984
2,DALYs (Disability-Adjusted Life Years),42,Central Europe,1,Male,22,All ages,559,Schizophrenia,2,Percent,2018,0.004432921811368239,0.005746905522705469,0.0031640370559077764
2,DALYs (Disability-Adjusted Life Years),42,Central Europe,2,Female,22,All ages,559,Schizophrenia,2,Percent,2018,0.004942593185046904,0.0063416818978623305,0.0035868156584412713
2,DALYs (Disability-Adjusted Life Years),42,Central Europe,3,Both,22,All ages,559,Schizophrenia,2,Percent,2018,0.004671146059941301,0.0060836384233658135,0.003374891379522125
2,DALYs (Disability-Adjusted Life Years),42,Central Europe,1,Male,22,All ages,559,Schizophrenia,3,Rate,2018,178.47578249251913,235.83497729666888,125.13687368077078
2,DALYs (Disability-Adjusted Life Years),42,Central Europe,2,Female,22,All ages,559,Schizophrenia,3,Rate,2018,166.61035260439394,220.11215020367024,118.78961584621118
2,DALYs (Disability-Adjusted Life Years),42,Central Europe,3,Both,22,All ages,559,Schizophrenia,3,Rate,2018,172.39188822475842,227.56344168914006,121.73094925142804
2,DALYs (Disability-Adjusted Life Years),42,Central Europe,1,Male,27,Age-standardized,559,Schizophrenia,3,Rate,2018,146.7790795103667,195.56920642012452,103.80917889254758
2,DALYs (Disability-Adjusted Life Years),42,Central Europe,2,Female,27,Age-standardized,559,Schizophrenia,3,Rate,2018,140.65344772829616,187.61960637706056,100.6122168450335
2,DALYs (Disability-Adjusted Life Years),42,Central Europe,3,Both,27,Age-standardized,559,Schizophrenia,3,Rate,2018,143.73193978406948,191.77758975083242,101.86901694092339
2,DALYs (Disability-Adjusted Life Years),100,High-income North America,1,Male,22,All ages,559,Schizophrenia,1,Number,2018,447988.34743821376,561061.4318276177,340822.02651585673
2,DALYs (Disability-Adjusted Life Years),100,High-income North America,2,Female,22,All ages,559,Schizophrenia,1,Number,2018,451695.7615436761,566311.8179015284,337837.7767641434
2,DALYs (Disability-Adjusted Life Years),100,High-income North America,3,Both,22,All ages,559,Schizophrenia,1,Number,2018,899684.1089818893,1126930.3941765684,680032.6873767206
2,DALYs (Disability-Adjusted Life Years),100,High-income North America,1,Male,22,All ages,559,Schizophrenia,2,Percent,2018,0.007276976043616694,0.008958310469067964,0.005522067373109651
2,DALYs (Disability-Adjusted Life Years),100,High-income North America,2,Female,22,All ages,559,Schizophrenia,2,Percent,2018,0.007741719458160354,0.009538707521576081,0.005913371276137515
2,DALYs (Disability-Adjusted Life Years),100,High-income North America,3,Both,22,All ages,559,Schizophrenia,2,Percent,2018,0.007502345239187131,0.009232170968966232,0.0057092988583278695
2,DALYs (Disability-Adjusted Life Years),100,High-income North America,1,Male,22,All ages,559,Schizophrenia,3,Rate,2018,249.6946032868045,312.71798126187906,189.96346933782414
2,DALYs (Disability-Adjusted Life Years),100,High-income North America,2,Female,22,All ages,559,Schizophrenia,3,Rate,2018,243.862947022592,305.74222874091464,182.39293540348697
2,DALYs (Disability-Adjusted Life Years),100,High-income North America,3,Both,22,All ages,559,Schizophrenia,3,Rate,2018,246.7323097590514,309.05307353656974,186.4943861884869
2,DALYs (Disability-Adjusted Life Years),100,High-income North America,1,Male,27,Age-standardized,559,Schizophrenia,3,Rate,2018,223.4086701992599,281.8886633504835,168.6247618855173
2,DALYs (Disability-Adjusted Life Years),100,High-income North America,2,Female,27,Age-standardized,559,Schizophrenia,3,Rate,2018,216.090598401345,273.44758263713214,161.50981187602744
2,DALYs (Disability-Adjusted Life Years),100,High-income North America,3,Both,27,Age-standardized,559,Schizophrenia,3,Rate,2018,219.8408371883907,277.84282773035153,165.71195155735361
2,DALYs (Disability-Adjusted Life Years),124,Central Latin America,1,Male,22,All ages,559,Schizophrenia,1,Number,2018,215985.24227519837,285735.9166529564,156830.65790460818
2,DALYs (Disability-Adjusted Life Years),124,Central Latin America,2,Female,22,All ages,559,Schizophrenia,1,Number,2018,187306.9666125683,247287.09951508333,136522.4738106252
2,DALYs (Disability-Adjusted Life Years),124,Central Latin America,3,Both,22,All ages,559,Schizophrenia,1,Number,2018,403292.20888776693,530793.5188502235,294198.72004751593
2,DALYs (Disability-Adjusted Life Years),124,Central Latin America,1,Male,22,All ages,559,Schizophrenia,2,Percent,2018,0.005680130725328369,0.007331240859501155,0.004099733718110005
2,DALYs (Disability-Adjusted Life Years),124,Central Latin America,2,Female,22,All ages,559,Schizophrenia,2,Percent,2018,0.005946579149517414,0.007680432449506166,0.004269848535604359
2,DALYs (Disability-Adjusted Life Years),124,Central Latin America,3,Both,22,All ages,559,Schizophrenia,2,Percent,2018,0.005799670713671733,0.007489581846198849,0.0042047450451204674
2,DALYs (Disability-Adjusted Life Years),124,Central Latin America,1,Male,22,All ages,559,Schizophrenia,3,Rate,2018,176.74421062660844,233.82231352709582,128.33705924261022
2,DALYs (Disability-Adjusted Life Years),124,Central Latin America,2,Female,22,All ages,559,Schizophrenia,3,Rate,2018,146.7634884553342,193.76063811819643,106.9715391336377
2,DALYs (Disability-Adjusted Life Years),124,Central Latin America,3,Both,22,All ages,559,Schizophrenia,3,Rate,2018,161.42846065718936,212.46425987527553,117.76088269982564
2,DALYs (Disability-Adjusted Life Years),124,Central Latin America,1,Male,27,Age-standardized,559,Schizophrenia,3,Rate,2018,173.67375030579032,228.9965174791221,125.30689074556791
2,DALYs (Disability-Adjusted Life Years),124,Central Latin America,2,Female,27,Age-standardized,559,Schizophrenia,3,Rate,2018,139.43086532167948,183.9849254270504,101.6781894382414
2,DALYs (Disability-Adjusted Life Years),124,Central Latin America,3,Both,27,Age-standardized,559,Schizophrenia,3,Rate,2018,155.898335426406,205.17655602696965,113.2749987280292
2,DALYs (Disability-Adjusted Life Years),9,Southeast Asia,1,Male,22,All ages,559,Schizophrenia,1,Number,2018,759339.7017113474,998310.3245883058,553158.6661885679
2,DALYs (Disability-Adjusted Life Years),9,Southeast Asia,2,Female,22,All ages,559,Schizophrenia,1,Number,2018,631948.7505773618,835860.1121057209,462793.2063971517
2,DALYs (Disability-Adjusted Life Years),9,Southeast Asia,3,Both,22,All ages,559,Schizophrenia,1,Number,2018,1391288.4522887086,1836343.658796194,1017020.7760097889
2,DALYs (Disability-Adjusted Life Years),9,Southeast Asia,1,Male,22,All ages,559,Schizophrenia,2,Percent,2018,0.006797439302721617,0.008919421285177713,0.00490052250764874
2,DALYs (Disability-Adjusted Life Years),9,Southeast Asia,2,Female,22,All ages,559,Schizophrenia,2,Percent,2018,0.006827348152088511,0.008921565512030806,0.0048834552456793415
2,DALYs (Disability-Adjusted Life Years),9,Southeast Asia,3,Both,22,All ages,559,Schizophrenia,2,Percent,2018,0.006808161831128036,0.008932920330908325,0.004992826519562121
2,DALYs (Disability-Adjusted Life Years),9,Southeast Asia,1,Male,22,All ages,559,Schizophrenia,3,Rate,2018,224.04933597329702,294.5595559078535,163.2139496566655
2,DALYs (Disability-Adjusted Life Years),9,Southeast Asia,2,Female,22,All ages,559,Schizophrenia,3,Rate,2018,186.71197917250313,246.95846886321868,136.73424535621868
2,DALYs (Disability-Adjusted Life Years),9,Southeast Asia,3,Both,22,All ages,559,Schizophrenia,3,Rate,2018,205.39318309481806,271.09580958260324,150.14078073787203
2,DALYs (Disability-Adjusted Life Years),9,Southeast Asia,1,Male,27,Age-standardized,559,Schizophrenia,3,Rate,2018,208.8077911471222,273.85383817438225,152.3483139030185
2,DALYs (Disability-Adjusted Life Years),9,Southeast Asia,2,Female,27,Age-standardized,559,Schizophrenia,3,Rate,2018,172.42846157194813,228.18308715675857,126.47772572476953
2,DALYs (Disability-Adjusted Life Years),9,Southeast Asia,3,Both,27,Age-standardized,559,Schizophrenia,3,Rate,2018,190.51627590330963,251.27233143957443,139.47613663660294
2,DALYs (Disability-Adjusted Life Years),44637,Low SDI,1,Male,22,All ages,559,Schizophrenia,1,Number,2018,635335.7554189083,840810.6373595541,463084.99768413184
2,DALYs (Disability-Adjusted Life Years),44637,Low SDI,2,Female,22,All ages,559,Schizophrenia,1,Number,2018,612572.2481645214,816604.003595375,440128.8070519484
2,DALYs (Disability-Adjusted Life Years),44637,Low SDI,3,Both,22,All ages,559,Schizophrenia,1,Number,2018,1247908.0035834296,1655132.6345686256,901211.7505699467
2,DALYs (Disability-Adjusted Life Years),44637,Low SDI,1,Male,22,All ages,559,Schizophrenia,2,Percent,2018,0.0023540603480222406,0.003146937202863781,0.0016815014717973674
2,DALYs (Disability-Adjusted Life Years),44637,Low SDI,2,Female,22,All ages,559,Schizophrenia,2,Percent,2018,0.0025320202995961104,0.003363434687102703,0.0018237957643559535
2,DALYs (Disability-Adjusted Life Years),44637,Low SDI,3,Both,22,All ages,559,Schizophrenia,2,Percent,2018,0.0024380074052654656,0.003245056450893463,0.001747606262719591
2,DALYs (Disability-Adjusted Life Years),44637,Low SDI,1,Male,22,All ages,559,Schizophrenia,3,Rate,2018,121.7664498044152,161.14711850516704,88.75341210491626
2,DALYs (Disability-Adjusted Life Years),44637,Low SDI,2,Female,22,All ages,559,Schizophrenia,3,Rate,2018,117.84729508837681,157.09913935932656,84.67244403735349
2,DALYs (Disability-Adjusted Life Years),44637,Low SDI,3,Both,22,All ages,559,Schizophrenia,3,Rate,2018,119.81056774342535,158.9078522366257,86.52456045059152
2,DALYs (Disability-Adjusted Life Years),44637,Low SDI,1,Male,27,Age-standardized,559,Schizophrenia,3,Rate,2018,160.31633150381884,208.76209633446987,115.92005502731296
2,DALYs (Disability-Adjusted Life Years),44637,Low SDI,2,Female,27,Age-standardized,559,Schizophrenia,3,Rate,2018,150.58654199723935,197.42183563053575,108.70569675262139
2,DALYs (Disability-Adjusted Life Years),44637,Low SDI,3,Both,27,Age-standardized,559,Schizophrenia,3,Rate,2018,155.40255386144835,202.52750873096326,112.22147617692525
2,DALYs (Disability-Adjusted Life Years),138,North Africa and Middle East,1,Male,22,All ages,559,Schizophrenia,1,Number,2018,529552.5287576399,714970.1645110406,377235.3376770334
2,DALYs (Disability-Adjusted Life Years),138,North Africa and Middle East,2,Female,22,All ages,559,Schizophrenia,1,Number,2018,423799.05756450037,571750.6734481254,303776.18351834815
2,DALYs (Disability-Adjusted Life Years),138,North Africa and Middle East,3,Both,22,All ages,559,Schizophrenia,1,Number,2018,953351.5863221397,1288251.9954352349,681352.3850638265
2,DALYs (Disability-Adjusted Life Years),138,North Africa and Middle East,1,Male,22,All ages,559,Schizophrenia,2,Percent,2018,0.005758489818332692,0.007564104452468114,0.00416531094151293
2,DALYs (Disability-Adjusted Life Years),138,North Africa and Middle East,2,Female,22,All ages,559,Schizophrenia,2,Percent,2018,0.005460011259842312,0.0072142819075764015,0.003921453954618241
2,DALYs (Disability-Adjusted Life Years),138,North Africa and Middle East,3,Both,22,All ages,559,Schizophrenia,2,Percent,2018,0.0056209045709759145,0.00738011011019779,0.004057512086864577
2,DALYs (Disability-Adjusted Life Years),138,North Africa and Middle East,1,Male,22,All ages,559,Schizophrenia,3,Rate,2018,171.06609887385193,230.9632193449051,121.86171167035396
2,DALYs (Disability-Adjusted Life Years),138,North Africa and Middle East,2,Female,22,All ages,559,Schizophrenia,3,Rate,2018,147.6609754048105,199.21059432006476,105.84234854331437
2,DALYs (Disability-Adjusted Life Years),138,North Africa and Middle East,3,Both,22,All ages,559,Schizophrenia,3,Rate,2018,159.8059279744196,215.9437384371867,114.21195677951752
2,DALYs (Disability-Adjusted Life Years),138,North Africa and Middle East,1,Male,27,Age-standardized,559,Schizophrenia,3,Rate,2018,165.76916218182964,223.0956993776464,119.83347077056689
2,DALYs (Disability-Adjusted Life Years),138,North Africa and Middle East,2,Female,27,Age-standardized,559,Schizophrenia,3,Rate,2018,146.11005326205853,196.86548917108672,105.14078933172462
2,DALYs (Disability-Adjusted Life Years),138,North Africa and Middle East,3,Both,27,Age-standardized,559,Schizophrenia,3,Rate,2018,156.4012840571635,211.18761016669288,112.45829779762073
2,DALYs (Disability-Adjusted Life Years),174,Eastern Sub-Saharan Africa,1,Male,22,All ages,559,Schizophrenia,1,Number,2018,197218.63362650617,262220.8391389317,142903.04190437816
2,DALYs (Disability-Adjusted Life Years),174,Eastern Sub-Saharan Africa,2,Female,22,All ages,559,Schizophrenia,1,Number,2018,218584.82189084715,293246.69818370766,156701.71409601357
2,DALYs (Disability-Adjusted Life Years),174,Eastern Sub-Saharan Africa,3,Both,22,All ages,559,Schizophrenia,1,Number,2018,415803.4555173537,554386.9219734205,298850.80286085093
2,DALYs (Disability-Adjusted Life Years),174,Eastern Sub-Saharan Africa,1,Male,22,All ages,559,Schizophrenia,2,Percent,2018,0.0020749317927023034,0.002773204336237593,0.0014594144104394069
2,DALYs (Disability-Adjusted Life Years),174,Eastern Sub-Saharan Africa,2,Female,22,All ages,559,Schizophrenia,2,Percent,2018,0.0026005656119200255,0.003478401058208784,0.0018699887511591546
2,DALYs (Disability-Adjusted Life Years),174,Eastern Sub-Saharan Africa,3,Both,22,All ages,559,Schizophrenia,2,Percent,2018,0.002321404241843553,0.0030921793555893076,0.001653290771639243
2,DALYs (Disability-Adjusted Life Years),174,Eastern Sub-Saharan Africa,1,Male,22,All ages,559,Schizophrenia,3,Rate,2018,100.08118839857846,133.0674121472549,72.51802731098451
2,DALYs (Disability-Adjusted Life Years),174,Eastern Sub-Saharan Africa,2,Female,22,All ages,559,Schizophrenia,3,Rate,2018,109.16706267036088,146.45518568751868,78.26099587012908
2,DALYs (Disability-Adjusted Life Years),174,Eastern Sub-Saharan Africa,3,Both,22,All ages,559,Schizophrenia,3,Rate,2018,104.66038548473671,139.54272912244537,75.22265583609207
2,DALYs (Disability-Adjusted Life Years),174,Eastern Sub-Saharan Africa,1,Male,27,Age-standardized,559,Schizophrenia,3,Rate,2018,134.86187130145942,177.76619233356945,96.1376114893922
2,DALYs (Disability-Adjusted Life Years),174,Eastern Sub-Saharan Africa,2,Female,27,Age-standardized,559,Schizophrenia,3,Rate,2018,141.87205565774852,188.07429500967186,102.54705299330425
2,DALYs (Disability-Adjusted Life Years),174,Eastern Sub-Saharan Africa,3,Both,27,Age-standardized,559,Schizophrenia,3,Rate,2018,138.46510559071098,182.6180281804374,99.79414485749292
2,DALYs (Disability-Adjusted Life Years),199,Western Sub-Saharan Africa,1,Male,22,All ages,559,Schizophrenia,1,Number,2018,213847.81771036913,284111.7064162725,153778.99884168152
2,DALYs (Disability-Adjusted Life Years),199,Western Sub-Saharan Africa,2,Female,22,All ages,559,Schizophrenia,1,Number,2018,291493.15342224366,382960.3073376529,210557.7128314189
2,DALYs (Disability-Adjusted Life Years),199,Western Sub-Saharan Africa,3,Both,22,All ages,559,Schizophrenia,1,Number,2018,505340.9711326131,668667.4802465446,362573.7899465539
2,DALYs (Disability-Adjusted Life Years),199,Western Sub-Saharan Africa,1,Male,22,All ages,559,Schizophrenia,2,Percent,2018,0.0015794604701171193,0.0021258105741077536,0.0011184225119023638
2,DALYs (Disability-Adjusted Life Years),199,Western Sub-Saharan Africa,2,Female,22,All ages,559,Schizophrenia,2,Percent,2018,0.002347504486344651,0.0031294667892567797,0.0016867983222075803
2,DALYs (Disability-Adjusted Life Years),199,Western Sub-Saharan Africa,3,Both,22,All ages,559,Schizophrenia,2,Percent,2018,0.001946556983986713,0.0025793260637318504,0.0013882192888461744
2,DALYs (Disability-Adjusted Life Years),199,Western Sub-Saharan Africa,1,Male,22,All ages,559,Schizophrenia,3,Rate,2018,97.06263436255944,128.95446384846758,69.79820929211584
2,DALYs (Disability-Adjusted Life Years),199,Western Sub-Saharan Africa,2,Female,22,All ages,559,Schizophrenia,3,Rate,2018,126.86581192004596,166.67482495948826,91.64048925599036
2,DALYs (Disability-Adjusted Life Years),199,Western Sub-Saharan Africa,3,Both,22,All ages,559,Schizophrenia,3,Rate,2018,112.27694997883174,148.56492847561165,80.55685488201156
2,DALYs (Disability-Adjusted Life Years),199,Western Sub-Saharan Africa,1,Male,27,Age-standardized,559,Schizophrenia,3,Rate,2018,134.55444235917156,176.4816047179517,96.69766596441224
2,DALYs (Disability-Adjusted Life Years),199,Western Sub-Saharan Africa,2,Female,27,Age-standardized,559,Schizophrenia,3,Rate,2018,166.82887697262098,219.891350610327,119.81773067181413
2,DALYs (Disability-Adjusted Life Years),199,Western Sub-Saharan Africa,3,Both,27,Age-standardized,559,Schizophrenia,3,Rate,2018,151.41917731998925,198.8621395326266,108.40499121644166
5,Prevalence,21,Oceania,1,Male,22,All ages,559,Schizophrenia,1,Number,2018,17580.475505628874,22429.822089584617,13333.088885547866
5,Prevalence,21,Oceania,2,Female,22,All ages,559,Schizophrenia,1,Number,2018,14248.262539267063,18255.88307094933,10732.034956924526
5,Prevalence,21,Oceania,3,Both,22,All ages,559,Schizophrenia,1,Number,2018,31828.73804489594,40481.28871494654,24281.02151709168
5,Prevalence,21,Oceania,1,Male,22,All ages,559,Schizophrenia,2,Percent,2018,0.002704575565042,0.0034597143260777,0.002049895813749
5,Prevalence,21,Oceania,2,Female,22,All ages,559,Schizophrenia,2,Percent,2018,0.0023114006332172,0.0029605809498566,0.001741938296779
5,Prevalence,21,Oceania,3,Both,22,All ages,559,Schizophrenia,2,Percent,2018,0.0025131989314583,0.0032000380254286,0.0019171261748523
5,Prevalence,21,Oceania,1,Male,22,All ages,559,Schizophrenia,3,Rate,2018,262.40175678656,334.78188453052,199.00633210057
5,Prevalence,21,Oceania,2,Female,22,All ages,559,Schizophrenia,3,Rate,2018,227.21317496198,291.12161169501,171.14084820136
5,Prevalence,21,Oceania,3,Both,22,All ages,559,Schizophrenia,3,Rate,2018,245.38932456364,312.09770494873004,187.19885976596998
5,Prevalence,21,Oceania,1,Male,27,Age-standardized,559,Schizophrenia,2,Percent,2018,0.0030484576842177,0.0038494847398727,0.0023563848109852
5,Prevalence,21,Oceania,2,Female,27,Age-standardized,559,Schizophrenia,2,Percent,2018,0.0025334783944396,0.00317367306742,0.0019709988923577
5,Prevalence,21,Oceania,3,Both,27,Age-standardized,559,Schizophrenia,2,Percent,2018,0.0027955693917033,0.0035017587015103,0.002162515840075
5,Prevalence,21,Oceania,1,Male,27,Age-standardized,559,Schizophrenia,3,Rate,2018,297.59989196658,375.28953960112,230.44222921784
5,Prevalence,21,Oceania,2,Female,27,Age-standardized,559,Schizophrenia,3,Rate,2018,249.96948747249,313.26393321276004,194.35384756701998
5,Prevalence,21,Oceania,3,Both,27,Age-standardized,559,Schizophrenia,3,Rate,2018,274.3159824386,343.23919607657,212.50419354887998
5,Prevalence,5,East Asia,1,Male,22,All ages,559,Schizophrenia,1,Number,2018,2802702.304013336,3192483.1554218074,2439352.637125166
5,Prevalence,5,East Asia,2,Female,22,All ages,559,Schizophrenia,1,Number,2018,2577189.7141443063,2925086.8259523064,2235323.9987569507
5,Prevalence,5,East Asia,3,Both,22,All ages,559,Schizophrenia,1,Number,2018,5379892.018157636,6107388.727871614,4683779.031552505
5,Prevalence,5,East Asia,1,Male,22,All ages,559,Schizophrenia,2,Percent,2018,0.0039884068990879,0.0045481203790198,0.0034743198627511
5,Prevalence,5,East Asia,2,Female,22,All ages,559,Schizophrenia,2,Percent,2018,0.0037295775162709,0.0042325383956135,0.0032356812682856
5,Prevalence,5,East Asia,3,Both,22,All ages,559,Schizophrenia,2,Percent,2018,0.0038600765154037,0.0043839596639934,0.003359496299012
5,Prevalence,5,East Asia,1,Male,22,All ages,559,Schizophrenia,3,Rate,2018,376.60784998484,428.98391868254,327.78342198779
5,Prevalence,5,East Asia,2,Female,22,All ages,559,Schizophrenia,3,Rate,2018,361.55498556999,410.36161185336,313.59450632573
5,Prevalence,5,East Asia,3,Both,22,All ages,559,Schizophrenia,3,Rate,2018,369.24356542196,419.17458225666996,321.46653936956
5,Prevalence,5,East Asia,1,Male,27,Age-standardized,559,Schizophrenia,2,Percent,2018,0.0033840826131741,0.0038616818505439,0.0029312821209915
5,Prevalence,5,East Asia,2,Female,27,Age-standardized,559,Schizophrenia,2,Percent,2018,0.0031225317638025,0.0035633283654383,0.0027110855647684
5,Prevalence,5,East Asia,3,Both,27,Age-standardized,559,Schizophrenia,2,Percent,2018,0.0032554840316606,0.003715475254758,0.0028222703922885
5,Prevalence,5,East Asia,1,Male,27,Age-standardized,559,Schizophrenia,3,Rate,2018,311.6252856018,356.06314794391,269.37428199019
5,Prevalence,5,East Asia,2,Female,27,Age-standardized,559,Schizophrenia,3,Rate,2018,296.57770006235,338.23652170994,257.23481048665
5,Prevalence,5,East Asia,3,Both,27,Age-standardized,559,Schizophrenia,3,Rate,2018,304.22008132818,347.59718635103997,262.89172130771
5,Prevalence,1,Global,1,Male,22,All ages,559,Schizophrenia,1,Number,2018,11704724.058804885,13825503.29797867,9682655.432448264
5,Prevalence,1,Global,2,Female,22,All ages,559,Schizophrenia,1,Number,2018,10611541.8830488,12553563.615432728,8779788.630416622
5,Prevalence,1,Global,3,Both,22,All ages,559,Schizophrenia,1,Number,2018,22316265.941853657,26387454.75748893,18447704.83075216
5,Prevalence,1,Global,1,Male,22,All ages,559,Schizophrenia,2,Percent,2018,0.0031860128741374,0.0037715980887216,0.0026361151180958
5,Prevalence,1,Global,2,Female,22,All ages,559,Schizophrenia,2,Percent,2018,0.0028509301157521,0.0033712262912393,0.0023597756364378
5,Prevalence,1,Global,3,Both,22,All ages,559,Schizophrenia,2,Percent,2018,0.0030173751775122,0.0035743087449335,0.0024949338391118
5,Prevalence,1,Global,1,Male,22,All ages,559,Schizophrenia,3,Rate,2018,304.33286366684,359.47494269581,251.75734522673
5,Prevalence,1,Global,2,Female,22,All ages,559,Schizophrenia,3,Rate,2018,278.08023040091,328.97178383742,230.07831209879
5,Prevalence,1,Global,3,Both,22,All ages,559,Schizophrenia,3,Rate,2018,291.25798803321,344.39260591395004,240.76794060598002
5,Prevalence,1,Global,1,Male,27,Age-standardized,559,Schizophrenia,2,Percent,2018,0.0030545165091739,0.0036178518463171,0.0025309734717139
5,Prevalence,1,Global,2,Female,27,Age-standardized,559,Schizophrenia,2,Percent,2018,0.0027045802964489,0.0032050362820341,0.0022368446384767
5,Prevalence,1,Global,3,Both,27,Age-standardized,559,Schizophrenia,2,Percent,2018,0.0028793575210951,0.0034139984611429,0.0023828287078006
5,Prevalence,1,Global,1,Male,27,Age-standardized,559,Schizophrenia,3,Rate,2018,291.07964895411004,343.96603430877,241.11450356086
5,Prevalence,1,Global,2,Female,27,Age-standardized,559,Schizophrenia,3,Rate,2018,262.9386337808,311.70973756205996,217.37254053348002
5,Prevalence,1,Global,3,Both,27,Age-standardized,559,Schizophrenia,3,Rate,2018,277.09411894106,327.90691286622,229.19390280041
5,Prevalence,65,High-income Asia Pacific,1,Male,22,All ages,559,Schizophrenia,1,Number,2018,302656.933903558,362844.6297759153,250752.49324002856
5,Prevalence,65,High-income Asia Pacific,2,Female,22,All ages,559,Schizophrenia,1,Number,2018,313211.4519013553,371078.82506589714,261099.93354101293
5,Prevalence,65,High-income Asia Pacific,3,Both,22,All ages,559,Schizophrenia,1,Number,2018,615868.3858049127,733203.5863619114,512986.33628593385
5,Prevalence,65,High-income Asia Pacific,1,Male,22,All ages,559,Schizophrenia,2,Percent,2018,0.0035123591968009,0.0042162706736314,0.002906397489041
5,Prevalence,65,High-income Asia Pacific,2,Female,22,All ages,559,Schizophrenia,2,Percent,2018,0.0034182040891167,0.0040426113823481,0.0028502866538171
5,Prevalence,65,High-income Asia Pacific,3,Both,22,All ages,559,Schizophrenia,2,Percent,2018,0.0034638336662352,0.0041226468888131,0.002875676016802
5,Prevalence,65,High-income Asia Pacific,1,Male,22,All ages,559,Schizophrenia,3,Rate,2018,329.20305999364,394.66983585630993,272.74606601927997
5,Prevalence,65,High-income Asia Pacific,2,Female,22,All ages,559,Schizophrenia,3,Rate,2018,330.43336735799,391.48257503812,275.45649986028
5,Prevalence,65,High-income Asia Pacific,3,Both,22,All ages,559,Schizophrenia,3,Rate,2018,329.82760890452,392.66634122469003,274.72924507522
5,Prevalence,65,High-income Asia Pacific,1,Male,27,Age-standardized,559,Schizophrenia,2,Percent,2018,0.0030868272760097,0.0037568820054129,0.0025078592684848
5,Prevalence,65,High-income Asia Pacific,2,Female,27,Age-standardized,559,Schizophrenia,2,Percent,2018,0.002951901879842,0.0035576994815314,0.0024313713838076
5,Prevalence,65,High-income Asia Pacific,3,Both,27,Age-standardized,559,Schizophrenia,2,Percent,2018,0.0030242473349893,0.003668065728595,0.002476526579472
5,Prevalence,65,High-income Asia Pacific,1,Male,27,Age-standardized,559,Schizophrenia,3,Rate,2018,273.6748877815,334.29863516797,222.5654469063
5,Prevalence,65,High-income Asia Pacific,2,Female,27,Age-standardized,559,Schizophrenia,3,Rate,2018,273.20488110101,328.9644289201,224.759136785
5,Prevalence,65,High-income Asia Pacific,3,Both,27,Age-standardized,559,Schizophrenia,3,Rate,2018,273.84247625522,332.44190214029004,224.4539098378
5,Prevalence,32,Central Asia,1,Male,22,All ages,559,Schizophrenia,1,Number,2018,102612.66622966564,131190.42824854044,79560.99986042635
5,Prevalence,32,Central Asia,2,Female,22,All ages,559,Schizophrenia,1,Number,2018,104613.35634287322,133396.53426061317,81259.37456540743
5,Prevalence,32,Central Asia,3,Both,22,All ages,559,Schizophrenia,1,Number,2018,207226.02257253887,263124.0381684427,161074.6654052614
5,Prevalence,32,Central Asia,1,Male,22,All ages,559,Schizophrenia,2,Percent,2018,0.0023873430378749,0.0030495195328099,0.0018494292802758
5,Prevalence,32,Central Asia,2,Female,22,All ages,559,Schizophrenia,2,Percent,2018,0.0023330455747252,0.0029748578507398,0.0018119515905267
5,Prevalence,32,Central Asia,3,Both,22,All ages,559,Schizophrenia,2,Percent,2018,0.0023596151058655,0.0029991926576982,0.0018330128886086
5,Prevalence,32,Central Asia,1,Male,22,All ages,559,Schizophrenia,3,Rate,2018,225.37239232304998,288.13889893557,174.74307542137
5,Prevalence,32,Central Asia,2,Female,22,All ages,559,Schizophrenia,3,Rate,2018,225.58562247259,287.65294670633,175.22568086804
5,Prevalence,32,Central Asia,3,Both,22,All ages,559,Schizophrenia,3,Rate,2018,225.47998631948,286.30190257972,175.26328450993
5,Prevalence,32,Central Asia,1,Male,27,Age-standardized,559,Schizophrenia,2,Percent,2018,0.0023088461998921,0.0029204419399665,0.0018006453548922
5,Prevalence,32,Central Asia,2,Female,27,Age-standardized,559,Schizophrenia,2,Percent,2018,0.0022003185865805,0.0027883330493545,0.0017138267362089
5,Prevalence,32,Central Asia,3,Both,27,Age-standardized,559,Schizophrenia,2,Percent,2018,0.0022538367366044,0.0028586167981566,0.0017579447935077
5,Prevalence,32,Central Asia,1,Male,27,Age-standardized,559,Schizophrenia,3,Rate,2018,218.45067452028002,276.23645549017,170.65660149133
5,Prevalence,32,Central Asia,2,Female,27,Age-standardized,559,Schizophrenia,3,Rate,2018,212.4699160476,269.26657659849,165.534079572
5,Prevalence,32,Central Asia,3,Both,27,Age-standardized,559,Schizophrenia,3,Rate,2018,215.39161908065,272.56383045585,168.03765246972
5,Prevalence,42,Central Europe,1,Male,22,All ages,559,Schizophrenia,1,Number,2018,158070.7407177164,193543.4768825777,127888.28149408736
5,Prevalence,42,Central Europe,2,Female,22,All ages,559,Schizophrenia,1,Number,2018,158235.3174440782,191947.39484927905,128194.0998197374
5,Prevalence,42,Central Europe,3,Both,22,All ages,559,Schizophrenia,1,Number,2018,316306.05816179444,384766.9733270377,256114.19087737377
5,Prevalence,42,Central Europe,1,Male,22,All ages,559,Schizophrenia,2,Percent,2018,0.002893444400887,0.0035432614935304,0.0023396130355907
5,Prevalence,42,Central Europe,2,Female,22,All ages,559,Schizophrenia,2,Percent,2018,0.0027097856245675,0.0032846604394776,0.0021966888158502
5,Prevalence,42,Central Europe,3,Both,22,All ages,559,Schizophrenia,2,Percent,2018,0.0027985548214211,0.0034070896178282,0.002266219841723
5,Prevalence,42,Central Europe,1,Male,22,All ages,559,Schizophrenia,3,Rate,2018,277.92768870729003,340.29758417092,224.85941627788
5,Prevalence,42,Central Europe,2,Female,22,All ages,559,Schizophrenia,3,Rate,2018,264.39016623054,320.71856303291,214.19528780668003
5,Prevalence,42,Central Europe,3,Both,22,All ages,559,Schizophrenia,3,Rate,2018,270.9864437484,329.63843430529,219.41873065187
5,Prevalence,42,Central Europe,1,Male,27,Age-standardized,559,Schizophrenia,2,Percent,2018,0.0024195118895402,0.0029628063807321,0.0019262592325932
5,Prevalence,42,Central Europe,2,Female,27,Age-standardized,559,Schizophrenia,2,Percent,2018,0.0023110261317379,0.0028500922265877,0.0018346244705077
5,Prevalence,42,Central Europe,3,Both,27,Age-standardized,559,Schizophrenia,2,Percent,2018,0.0023652789065234,0.0029022904839042,0.0018810387903698
5,Prevalence,42,Central Europe,1,Male,27,Age-standardized,559,Schizophrenia,3,Rate,2018,226.53276158876002,276.98208795456003,181.04015937067
5,Prevalence,42,Central Europe,2,Female,27,Age-standardized,559,Schizophrenia,3,Rate,2018,220.32212718698,272.25023437473,174.92363060089
5,Prevalence,42,Central Europe,3,Both,27,Age-standardized,559,Schizophrenia,3,Rate,2018,223.41904942775997,274.72474051681,178.01336401193
5,Prevalence,70,Australasia,1,Male,22,All ages,559,Schizophrenia,1,Number,2018,70159.03252260096,75971.13801980647,64870.70196989516
5,Prevalence,70,Australasia,2,Female,22,All ages,559,Schizophrenia,1,Number,2018,58073.714233545885,64481.41444101825,52289.97648834076
5,Prevalence,70,Australasia,3,Both,22,All ages,559,Schizophrenia,1,Number,2018,128232.74675614692,139394.03445432393,117596.20504247105
5,Prevalence,70,Australasia,1,Male,22,All ages,559,Schizophrenia,2,Percent,2018,0.0051832229417462,0.0056151621095908,0.0047931247192406
5,Prevalence,70,Australasia,2,Female,22,All ages,559,Schizophrenia,2,Percent,2018,0.00412199698133,0.0045763651562903,0.0037078106270106
5,Prevalence,70,Australasia,3,Both,22,All ages,559,Schizophrenia,2,Percent,2018,0.0046419748328981,0.0050540469781543,0.0042557723840003
5,Prevalence,70,Australasia,1,Male,22,All ages,559,Schizophrenia,3,Rate,2018,482.23813706139003,522.1876464346001,445.88879497091006
5,Prevalence,70,Australasia,2,Female,22,All ages,559,Schizophrenia,3,Rate,2018,390.56409462667,433.65790502265,351.66662912395
5,Prevalence,70,Australasia,3,Both,22,All ages,559,Schizophrenia,3,Rate,2018,435.90163717229,473.84220776491,399.74483585492
5,Prevalence,70,Australasia,1,Male,27,Age-standardized,559,Schizophrenia,2,Percent,2018,0.0048690764005361,0.0052994045325448,0.0044912683832864
5,Prevalence,70,Australasia,2,Female,27,Age-standardized,559,Schizophrenia,2,Percent,2018,0.0036439671843026,0.0040546831082485,0.0032807291496093
5,Prevalence,70,Australasia,3,Both,27,Age-standardized,559,Schizophrenia,2,Percent,2018,0.0042531896370296,0.0046620960586929,0.003884785493327
5,Prevalence,70,Australasia,1,Male,27,Age-standardized,559,Schizophrenia,3,Rate,2018,439.42222465573,476.66153589357,406.26862078946004
5,Prevalence,70,Australasia,2,Female,27,Age-standardized,559,Schizophrenia,3,Rate,2018,334.25887953306,372.53665863742,301.06857727086003
5,Prevalence,70,Australasia,3,Both,27,Age-standardized,559,Schizophrenia,3,Rate,2018,386.95579671169,423.1746945303,353.9284481046
5,Prevalence,9,Southeast Asia,1,Male,22,All ages,559,Schizophrenia,1,Number,2018,1154226.5923402354,1406863.2386763352,934577.713246222
5,Prevalence,9,Southeast Asia,2,Female,22,All ages,559,Schizophrenia,1,Number,2018,980996.7983518768,1193726.3218880356,791808.9828818208
5,Prevalence,9,Southeast Asia,3,Both,22,All ages,559,Schizophrenia,1,Number,2018,2135223.390692112,2601712.910412736,1726480.162833068
5,Prevalence,9,Southeast Asia,1,Male,22,All ages,559,Schizophrenia,2,Percent,2018,0.0035626575240436,0.0043518320021165,0.0028849982880804
5,Prevalence,9,Southeast Asia,2,Female,22,All ages,559,Schizophrenia,2,Percent,2018,0.0029718717957335,0.0036162222744081,0.0023953001613029
5,Prevalence,9,Southeast Asia,3,Both,22,All ages,559,Schizophrenia,2,Percent,2018,0.0032645004639932,0.0039850696410764,0.0026332444195191
5,Prevalence,9,Southeast Asia,1,Male,22,All ages,559,Schizophrenia,3,Rate,2018,340.56391492994,415.10640589485996,275.75473216578
5,Prevalence,9,Southeast Asia,2,Female,22,All ages,559,Schizophrenia,3,Rate,2018,289.83972769124,352.69158131319,233.94337307473
5,Prevalence,9,Southeast Asia,3,Both,22,All ages,559,Schizophrenia,3,Rate,2018,315.21883769776,384.08576976937,254.87687733697
5,Prevalence,9,Southeast Asia,1,Male,27,Age-standardized,559,Schizophrenia,2,Percent,2018,0.0033379510646593,0.0040608130739077,0.0027095002496694
5,Prevalence,9,Southeast Asia,2,Female,27,Age-standardized,559,Schizophrenia,2,Percent,2018,0.00275792129457,0.0033541885852175,0.0022264024042204
5,Prevalence,9,Southeast Asia,3,Both,27,Age-standardized,559,Schizophrenia,2,Percent,2018,0.0030440563559565,0.0037109923405859,0.0024603463659437
5,Prevalence,9,Southeast Asia,1,Male,27,Age-standardized,559,Schizophrenia,3,Rate,2018,318.34088452252,387.03602256834,258.52520229039
5,Prevalence,9,Southeast Asia,2,Female,27,Age-standardized,559,Schizophrenia,3,Rate,2018,267.97535936904,325.88612664891,216.67500388056
5,Prevalence,9,Southeast Asia,3,Both,27,Age-standardized,559,Schizophrenia,3,Rate,2018,292.98780342716,356.59191568038,237.46416621157002
5,Prevalence,100,High-income North America,1,Male,22,All ages,559,Schizophrenia,1,Number,2018,708915.8662990542,822528.3572769612,607211.9033766726
5,Prevalence,100,High-income North America,2,Female,22,All ages,559,Schizophrenia,1,Number,2018,733367.7628812144,844696.7525228729,629942.2686291009
5,Prevalence,100,High-income North America,3,Both,22,All ages,559,Schizophrenia,1,Number,2018,1442283.6291802677,1668143.3707244303,1235966.3980579616
5,Prevalence,100,High-income North America,1,Male,22,All ages,559,Schizophrenia,2,Percent,2018,0.0042403949875302,0.004924108032657,0.0036117059676918
5,Prevalence,100,High-income North America,2,Female,22,All ages,559,Schizophrenia,2,Percent,2018,0.0041320278876088,0.0047648007524839,0.0035450968559593
5,Prevalence,100,High-income North America,3,Both,22,All ages,559,Schizophrenia,2,Percent,2018,0.0041845876980243,0.0048446298431546,0.0035757293399241
5,Prevalence,100,High-income North America,1,Male,22,All ages,559,Schizophrenia,3,Rate,2018,395.12738894101,458.45141516932,338.44080139958
5,Prevalence,100,High-income North America,2,Female,22,All ages,559,Schizophrenia,3,Rate,2018,395.93292462249997,456.0375742882,340.09523923136
5,Prevalence,100,High-income North America,3,Both,22,All ages,559,Schizophrenia,3,Rate,2018,395.53657511858,457.47708863486,338.95546351542
5,Prevalence,100,High-income North America,1,Male,27,Age-standardized,559,Schizophrenia,2,Percent,2018,0.0038861239795757,0.0045262322868496,0.0032991651642461
5,Prevalence,100,High-income North America,2,Female,27,Age-standardized,559,Schizophrenia,2,Percent,2018,0.003733164895412,0.0043411539657466,0.003186663809511
5,Prevalence,100,High-income North America,3,Both,27,Age-standardized,559,Schizophrenia,2,Percent,2018,0.0038113852814741,0.0044418835406385,0.003243410421503
5,Prevalence,100,High-income North America,1,Male,27,Age-standardized,559,Schizophrenia,3,Rate,2018,350.68461147649,408.99622230428,298.01623548069
5,Prevalence,100,High-income North America,2,Female,27,Age-standardized,559,Schizophrenia,3,Rate,2018,347.60409914032,403.24059047766,296.00190907160004
5,Prevalence,100,High-income North America,3,Both,27,Age-standardized,559,Schizophrenia,3,Rate,2018,349.32062203473,406.55574725615,297.45446958349
5,Prevalence,134,Tropical Latin America,1,Male,22,All ages,559,Schizophrenia,1,Number,2018,320745.9182245251,382959.3668088618,267597.164045846
5,Prevalence,134,Tropical Latin America,2,Female,22,All ages,559,Schizophrenia,1,Number,2018,280844.3051619008,335144.2856681044,232055.6981578226
5,Prevalence,134,Tropical Latin America,3,Both,22,All ages,559,Schizophrenia,1,Number,2018,601590.2233864258,718460.6664210078,500190.6863432178
5,Prevalence,134,Tropical Latin America,1,Male,22,All ages,559,Schizophrenia,2,Percent,2018,0.0030740353324309,0.0036720270457849,0.0025592167102002
5,Prevalence,134,Tropical Latin America,2,Female,22,All ages,559,Schizophrenia,2,Percent,2018,0.0025297845866773,0.0030218731387839,0.0020914998041716
5,Prevalence,134,Tropical Latin America,3,Both,22,All ages,559,Schizophrenia,2,Percent,2018,0.0027934727003806,0.0033401459343277,0.0023221485140884
5,Prevalence,134,Tropical Latin America,1,Male,22,All ages,559,Schizophrenia,3,Rate,2018,295.89913443127,353.29317918792,246.8675818409
5,Prevalence,134,Tropical Latin America,2,Female,22,All ages,559,Schizophrenia,3,Rate,2018,248.13544303299997,296.11131248074,205.02905849392002
5,Prevalence,134,Tropical Latin America,3,Both,22,All ages,559,Schizophrenia,3,Rate,2018,271.50158003803,324.24597100406004,225.73930955533
5,Prevalence,134,Tropical Latin America,1,Male,27,Age-standardized,559,Schizophrenia,2,Percent,2018,0.0028005099318853,0.0033417602352761,0.0023368289736515
5,Prevalence,134,Tropical Latin America,2,Female,27,Age-standardized,559,Schizophrenia,2,Percent,2018,0.0022561221711948,0.0026995973929564,0.0018626983436715
5,Prevalence,134,Tropical Latin America,3,Both,27,Age-standardized,559,Schizophrenia,2,Percent,2018,0.0025187020823846,0.0030076822699906,0.002094679753764
5,Prevalence,134,Tropical Latin America,1,Male,27,Age-standardized,559,Schizophrenia,3,Rate,2018,267.9086128396,319.58754193633996,224.11250815729
5,Prevalence,134,Tropical Latin America,2,Female,27,Age-standardized,559,Schizophrenia,3,Rate,2018,219.92384906932,262.81720234094996,181.46884919375
5,Prevalence,134,Tropical Latin America,3,Both,27,Age-standardized,559,Schizophrenia,3,Rate,2018,243.20551464561,290.79470905918,202.11560106514
5,Prevalence,56,Eastern Europe,1,Male,22,All ages,559,Schizophrenia,1,Number,2018,242938.36990951665,291466.50134834845,201955.9163491321
5,Prevalence,56,Eastern Europe,2,Female,22,All ages,559,Schizophrenia,1,Number,2018,279524.96270777646,329417.3886854431,233930.14879400036
5,Prevalence,56,Eastern Europe,3,Both,22,All ages,559,Schizophrenia,1,Number,2018,522463.3326172933,620000.0321561815,436575.337432169
5,Prevalence,56,Eastern Europe,1,Male,22,All ages,559,Schizophrenia,2,Percent,2018,0.0026366847782936,0.0031635829753969,0.0021928805586784
5,Prevalence,56,Eastern Europe,2,Female,22,All ages,559,Schizophrenia,2,Percent,2018,0.0025656851710969,0.003022346546018,0.002145219505929
5,Prevalence,56,Eastern Europe,3,Both,22,All ages,559,Schizophrenia,2,Percent,2018,0.0025982134148506,0.0030824072919172,0.0021678565287243
5,Prevalence,56,Eastern Europe,1,Male,22,All ages,559,Schizophrenia,3,Rate,2018,249.42880554425,299.25343334837004,207.3514488729
5,Prevalence,56,Eastern Europe,2,Female,22,All ages,559,Schizophrenia,3,Rate,2018,249.29465039683998,293.79126626637,208.63086464962998
5,Prevalence,56,Eastern Europe,3,Both,22,All ages,559,Schizophrenia,3,Rate,2018,249.35701276763,295.90852846998,208.36509510582
5,Prevalence,56,Eastern Europe,1,Male,27,Age-standardized,559,Schizophrenia,2,Percent,2018,0.002222101855711,0.0026751068893093,0.0018288520620017
5,Prevalence,56,Eastern Europe,2,Female,27,Age-standardized,559,Schizophrenia,2,Percent,2018,0.0021796579295413,0.0026172521156403,0.0017973763798839
5,Prevalence,56,Eastern Europe,3,Both,27,Age-standardized,559,Schizophrenia,2,Percent,2018,0.0022014669445968,0.0026446704346005,0.001812127961936
5,Prevalence,56,Eastern Europe,1,Male,27,Age-standardized,559,Schizophrenia,3,Rate,2018,204.67943631845,246.36796782308,168.80335567723
5,Prevalence,56,Eastern Europe,2,Female,27,Age-standardized,559,Schizophrenia,3,Rate,2018,206.59834129137002,247.94276396858,170.44609195364
5,Prevalence,56,Eastern Europe,3,Both,27,Age-standardized,559,Schizophrenia,3,Rate,2018,205.65814596739997,246.16457649134,169.51355225260002
5,Prevalence,96,Southern Latin America,1,Male,22,All ages,559,Schizophrenia,1,Number,2018,98668.24209441838,124656.8680531513,77954.81671125768
5,Prevalence,96,Southern Latin America,2,Female,22,All ages,559,Schizophrenia,1,Number,2018,102350.15982677226,127696.0545654931,80985.56401896238
5,Prevalence,96,Southern Latin America,3,Both,22,All ages,559,Schizophrenia,1,Number,2018,201018.40192119044,252440.4006913774,159389.86226459045
5,Prevalence,96,Southern Latin America,1,Male,22,All ages,559,Schizophrenia,2,Percent,2018,0.0032247027578328,0.0040626446740132,0.0025483460808036
5,Prevalence,96,Southern Latin America,2,Female,22,All ages,559,Schizophrenia,2,Percent,2018,0.0031272398003819,0.0039015190409904,0.0024732496945024
5,Prevalence,96,Southern Latin America,3,Both,22,All ages,559,Schizophrenia,2,Percent,2018,0.0031743195138983,0.0039764155281493,0.0025222565941577
5,Prevalence,96,Southern Latin America,1,Male,22,All ages,559,Schizophrenia,3,Rate,2018,305.39830690038997,385.83839783532,241.28603624626
5,Prevalence,96,Southern Latin America,2,Female,22,All ages,559,Schizophrenia,3,Rate,2018,302.05639022366,376.85734299915003,239.00507013567
5,Prevalence,96,Southern Latin America,3,Both,22,All ages,559,Schizophrenia,3,Rate,2018,303.6875539713,381.37308364214,240.79744409634998
5,Prevalence,96,Southern Latin America,1,Male,27,Age-standardized,559,Schizophrenia,2,Percent,2018,0.0030054758825719,0.0037917859861813,0.0023646381449826
5,Prevalence,96,Southern Latin America,2,Female,27,Age-standardized,559,Schizophrenia,2,Percent,2018,0.0028761372511971,0.0036046651782636,0.0022686527844012
5,Prevalence,96,Southern Latin America,3,Both,27,Age-standardized,559,Schizophrenia,2,Percent,2018,0.0029426503237169,0.0036997122824738,0.0023273459266255
5,Prevalence,96,Southern Latin America,1,Male,27,Age-standardized,559,Schizophrenia,3,Rate,2018,281.85794819213,356.95801462876,221.6742713929
5,Prevalence,96,Southern Latin America,2,Female,27,Age-standardized,559,Schizophrenia,3,Rate,2018,274.5425365954,344.59536729501,216.65957737696
5,Prevalence,96,Southern Latin America,3,Both,27,Age-standardized,559,Schizophrenia,3,Rate,2018,278.40829699102,350.25841791766004,220.43843929385997
5,Prevalence,73,Western Europe,1,Male,22,All ages,559,Schizophrenia,1,Number,2018,674302.867738443,793619.2618243059,574822.215885947
5,Prevalence,73,Western Europe,2,Female,22,All ages,559,Schizophrenia,1,Number,2018,667989.3689045954,787869.4816040429,564445.9601241108
5,Prevalence,73,Western Europe,3,Both,22,All ages,559,Schizophrenia,1,Number,2018,1342292.23664304,1577802.3658538214,1138456.505033135
5,Prevalence,73,Western Europe,1,Male,22,All ages,559,Schizophrenia,2,Percent,2018,0.0033725584702597,0.0039679663822187,0.0028786446622477
5,Prevalence,73,Western Europe,2,Female,22,All ages,559,Schizophrenia,2,Percent,2018,0.0031143443634151,0.0036728189096604,0.0026337906266347
5,Prevalence,73,Western Europe,3,Both,22,All ages,559,Schizophrenia,2,Percent,2018,0.0032389159321024,0.00381324666391,0.0027419562468962
5,Prevalence,73,Western Europe,1,Male,22,All ages,559,Schizophrenia,3,Rate,2018,315.5801282029,371.42133064152,269.0222409873
5,Prevalence,73,Western Europe,2,Female,22,All ages,559,Schizophrenia,3,Rate,2018,301.60503129039,355.73230759885,254.85396832608
5,Prevalence,73,Western Europe,3,Both,22,All ages,559,Schizophrenia,3,Rate,2018,308.46721144854,362.58892268426,261.62447630725
5,Prevalence,73,Western Europe,1,Male,27,Age-standardized,559,Schizophrenia,2,Percent,2018,0.0029703142421205,0.0035286264350265,0.0024870257193498
5,Prevalence,73,Western Europe,2,Female,27,Age-standardized,559,Schizophrenia,2,Percent,2018,0.0026210212945118,0.0031379249784426,0.0021651325444469
5,Prevalence,73,Western Europe,3,Both,27,Age-standardized,559,Schizophrenia,2,Percent,2018,0.0027962105543134,0.0033215807076784,0.0023365932510651
5,Prevalence,73,Western Europe,1,Male,27,Age-standardized,559,Schizophrenia,3,Rate,2018,265.94130508581003,315.8909203131,223.37787363512
5,Prevalence,73,Western Europe,2,Female,27,Age-standardized,559,Schizophrenia,3,Rate,2018,246.38629231199,294.56798086523,203.88499757905
5,Prevalence,73,Western Europe,3,Both,27,Age-standardized,559,Schizophrenia,3,Rate,2018,256.46085914945,305.47330622469,213.94557095833
5,Prevalence,124,Central Latin America,1,Male,22,All ages,559,Schizophrenia,1,Number,2018,333516.94182854524,409292.5681786102,271348.3622237914
5,Prevalence,124,Central Latin America,2,Female,22,All ages,559,Schizophrenia,1,Number,2018,295818.82317618706,360715.3058179445,240066.9917457348
5,Prevalence,124,Central Latin America,3,Both,22,All ages,559,Schizophrenia,1,Number,2018,629335.7650047311,769823.3522989536,509561.0231741209
5,Prevalence,124,Central Latin America,1,Male,22,All ages,559,Schizophrenia,2,Percent,2018,0.0028987490803109,0.003554300748915,0.0023602249399918
5,Prevalence,124,Central Latin America,2,Female,22,All ages,559,Schizophrenia,2,Percent,2018,0.0023896381902595,0.0029181353609903,0.0019412225384153
5,Prevalence,124,Central Latin America,3,Both,22,All ages,559,Schizophrenia,2,Percent,2018,0.0026348802709456,0.0032208676358323,0.0021348471338246
5,Prevalence,124,Central Latin America,1,Male,22,All ages,559,Schizophrenia,3,Rate,2018,272.92229780671,334.93071617316,222.04874546456
5,Prevalence,124,Central Latin America,2,Female,22,All ages,559,Schizophrenia,3,Rate,2018,231.78744082641998,282.63677309225,188.10335679857
5,Prevalence,124,Central Latin America,3,Both,22,All ages,559,Schizophrenia,3,Rate,2018,251.9084215919,308.14232459958,203.96538730256
5,Prevalence,124,Central Latin America,1,Male,27,Age-standardized,559,Schizophrenia,2,Percent,2018,0.0028594224336961,0.0034972127467521,0.002333316904425
5,Prevalence,124,Central Latin America,2,Female,27,Age-standardized,559,Schizophrenia,2,Percent,2018,0.0022822908744544,0.0027819711957252,0.0018580268482504
5,Prevalence,124,Central Latin America,3,Both,27,Age-standardized,559,Schizophrenia,2,Percent,2018,0.0025572951531393,0.0031191518603229,0.0020783912844545
5,Prevalence,124,Central Latin America,1,Male,27,Age-standardized,559,Schizophrenia,3,Rate,2018,268.84994603624,328.22211362301005,219.09695567472997
5,Prevalence,124,Central Latin America,2,Female,27,Age-standardized,559,Schizophrenia,3,Rate,2018,220.44497917072002,268.28437695806997,179.26140597299
5,Prevalence,124,Central Latin America,3,Both,27,Age-standardized,559,Schizophrenia,3,Rate,2018,243.70681793746,297.48848195685,197.84058368646
5,Prevalence,104,Caribbean,1,Male,22,All ages,559,Schizophrenia,1,Number,2018,60175.33224423092,75132.52150593435,47550.05859681357
5,Prevalence,104,Caribbean,2,Female,22,All ages,559,Schizophrenia,1,Number,2018,49293.462308347895,61766.19359053728,38872.45151566831
5,Prevalence,104,Caribbean,3,Both,22,All ages,559,Schizophrenia,1,Number,2018,109468.79455257893,136790.70561277162,86502.74784851885
5,Prevalence,104,Caribbean,1,Male,22,All ages,559,Schizophrenia,2,Percent,2018,0.0026936602596111,0.0033654261807813,0.0021270679347021
5,Prevalence,104,Caribbean,2,Female,22,All ages,559,Schizophrenia,2,Percent,2018,0.0021401484817203,0.0026799641141796,0.0016868336757561
5,Prevalence,104,Caribbean,3,Both,22,All ages,559,Schizophrenia,2,Percent,2018,0.0024126763496306,0.0030144056038857,0.0019047434858694
5,Prevalence,104,Caribbean,1,Male,22,All ages,559,Schizophrenia,3,Rate,2018,261.2926229305,326.23955497229,206.47130755895
5,Prevalence,104,Caribbean,2,Female,22,All ages,559,Schizophrenia,3,Rate,2018,209.72352329688,262.78989411241,165.38638410214
5,Prevalence,104,Caribbean,3,Both,22,All ages,559,Schizophrenia,3,Rate,2018,235.24534036091998,293.95935372825,185.89195617757
5,Prevalence,104,Caribbean,1,Male,27,Age-standardized,559,Schizophrenia,2,Percent,2018,0.0025669203161013,0.0032140399617075,0.0020279373718534
5,Prevalence,104,Caribbean,2,Female,27,Age-standardized,559,Schizophrenia,2,Percent,2018,0.002007514845757,0.0025216405070894,0.0015816661235604
5,Prevalence,104,Caribbean,3,Both,27,Age-standardized,559,Schizophrenia,2,Percent,2018,0.0022815873488833,0.0028566312687549,0.0018028591091913
5,Prevalence,104,Caribbean,1,Male,27,Age-standardized,559,Schizophrenia,3,Rate,2018,248.33906539603998,310.74689776827,196.30621286572003
5,Prevalence,104,Caribbean,2,Female,27,Age-standardized,559,Schizophrenia,3,Rate,2018,195.96719255068,246.21086948427,154.54107126298
5,Prevalence,104,Caribbean,3,Both,27,Age-standardized,559,Schizophrenia,3,Rate,2018,221.72392071366002,277.71047327357996,175.16728173799
5,Prevalence,120,Andean Latin America,1,Male,22,All ages,559,Schizophrenia,1,Number,2018,82604.95728770095,104807.32056052558,64080.847356268
5,Prevalence,120,Andean Latin America,2,Female,22,All ages,559,Schizophrenia,1,Number,2018,68216.58961418197,87180.28835924566,53068.75709387653
5,Prevalence,120,Andean Latin America,3,Both,22,All ages,559,Schizophrenia,1,Number,2018,150821.54690188286,191539.25563299173,116938.47171335932
5,Prevalence,120,Andean Latin America,1,Male,22,All ages,559,Schizophrenia,2,Percent,2018,0.0027482370926832,0.0034982839311739,0.0021265392620703
5,Prevalence,120,Andean Latin America,2,Female,22,All ages,559,Schizophrenia,2,Percent,2018,0.0022361875480831,0.0028566037080252,0.0017368506407598
5,Prevalence,120,Andean Latin America,3,Both,22,All ages,559,Schizophrenia,2,Percent,2018,0.0024903149821447,0.0031632086487977,0.0019254057944119
5,Prevalence,120,Andean Latin America,1,Male,22,All ages,559,Schizophrenia,3,Rate,2018,264.46977235549997,335.55332657933997,205.16259155772
5,Prevalence,120,Andean Latin America,2,Female,22,All ages,559,Schizophrenia,3,Rate,2018,218.62439525571,279.40033250792,170.07776249502
5,Prevalence,120,Andean Latin America,3,Both,22,All ages,559,Schizophrenia,3,Rate,2018,241.55866107149,306.77291861643,187.29088273575
5,Prevalence,120,Andean Latin America,1,Male,27,Age-standardized,559,Schizophrenia,2,Percent,2018,0.0027663904926511,0.0034922911728891,0.002147806736914
5,Prevalence,120,Andean Latin America,2,Female,27,Age-standardized,559,Schizophrenia,2,Percent,2018,0.0021891444717413,0.0027738337984786,0.0017061230427948
5,Prevalence,120,Andean Latin America,3,Both,27,Age-standardized,559,Schizophrenia,2,Percent,2018,0.0024720063470282,0.0031201058848945,0.0019239522355868
5,Prevalence,120,Andean Latin America,1,Male,27,Age-standardized,559,Schizophrenia,3,Rate,2018,266.45873227230004,335.26430576177,207.91785121489002
5,Prevalence,120,Andean Latin America,2,Female,27,Age-standardized,559,Schizophrenia,3,Rate,2018,213.78975399048,271.24595864324,166.72744049323
5,Prevalence,120,Andean Latin America,3,Both,27,Age-standardized,559,Schizophrenia,3,Rate,2018,239.73313176997,302.23502260751997,187.07495561076
5,Prevalence,199,Western Sub-Saharan Africa,1,Male,22,All ages,559,Schizophrenia,1,Number,2018,325734.8831918607,404539.0418274178,257626.51832671545
5,Prevalence,199,Western Sub-Saharan Africa,2,Female,22,All ages,559,Schizophrenia,1,Number,2018,459406.678802431,569618.7742148568,366809.945424776
5,Prevalence,199,Western Sub-Saharan Africa,3,Both,22,All ages,559,Schizophrenia,1,Number,2018,785141.5619942927,976432.81997016,624251.4125409266
5,Prevalence,199,Western Sub-Saharan Africa,1,Male,22,All ages,559,Schizophrenia,2,Percent,2018,0.0015127948287742,0.0018783131650717,0.0011950602225097
5,Prevalence,199,Western Sub-Saharan Africa,2,Female,22,All ages,559,Schizophrenia,2,Percent,2018,0.0020310375982493,0.0025184457445622,0.0016206896996572
5,Prevalence,199,Western Sub-Saharan Africa,3,Both,22,All ages,559,Schizophrenia,2,Percent,2018,0.0017782973015567,0.0022092128363967,0.0014128316323303
5,Prevalence,199,Western Sub-Saharan Africa,1,Male,22,All ages,559,Schizophrenia,3,Rate,2018,147.84666126078002,183.61480384829,116.93319491486
5,Prevalence,199,Western Sub-Saharan Africa,2,Female,22,All ages,559,Schizophrenia,3,Rate,2018,199.94638166796003,247.91370715657,159.6457446781
5,Prevalence,199,Western Sub-Saharan Africa,3,Both,22,All ages,559,Schizophrenia,3,Rate,2018,174.44320749366,216.94441010742003,138.69654079894
5,Prevalence,199,Western Sub-Saharan Africa,1,Male,27,Age-standardized,559,Schizophrenia,2,Percent,2018,0.0021006614104457,0.0025613210191959,0.0017059427153689
5,Prevalence,199,Western Sub-Saharan Africa,2,Female,27,Age-standardized,559,Schizophrenia,2,Percent,2018,0.0026821049886426,0.0032642917942976,0.002172809255419
5,Prevalence,199,Western Sub-Saharan Africa,3,Both,27,Age-standardized,559,Schizophrenia,2,Percent,2018,0.0024052479479128,0.0029304584514323,0.0019553893767798
5,Prevalence,199,Western Sub-Saharan Africa,1,Male,27,Age-standardized,559,Schizophrenia,3,Rate,2018,206.8307487388,252.07372611312,168.02839171589
5,Prevalence,199,Western Sub-Saharan Africa,2,Female,27,Age-standardized,559,Schizophrenia,3,Rate,2018,265.46828746555997,322.79524110437,215.05384031257
5,Prevalence,199,Western Sub-Saharan Africa,3,Both,27,Age-standardized,559,Schizophrenia,3,Rate,2018,237.45919158705001,289.31427194386,193.12391798749002
5,Prevalence,44636,Low-middle SDI,1,Male,22,All ages,559,Schizophrenia,1,Number,2018,2630740.080024414,3166656.340207885,2123014.010447196
5,Prevalence,44636,Low-middle SDI,2,Female,22,All ages,559,Schizophrenia,1,Number,2018,2209025.3115054914,2667894.833098208,1778955.068910407
5,Prevalence,44636,Low-middle SDI,3,Both,22,All ages,559,Schizophrenia,1,Number,2018,4839765.391529902,5833809.231436949,3908269.809174209
5,Prevalence,44636,Low-middle SDI,1,Male,22,All ages,559,Schizophrenia,2,Percent,2018,0.0029277598416243,0.0035265690096968,0.00236132231257
5,Prevalence,44636,Low-middle SDI,2,Female,22,All ages,559,Schizophrenia,2,Percent,2018,0.0024486537873836,0.0029567291845439,0.0019722637391811
5,Prevalence,44636,Low-middle SDI,3,Both,22,All ages,559,Schizophrenia,2,Percent,2018,0.0026877281951799,0.0032395839053741,0.0021706849343357
5,Prevalence,44636,Low-middle SDI,1,Male,22,All ages,559,Schizophrenia,3,Rate,2018,281.83796176085997,339.25205127563,227.44395998583
5,Prevalence,44636,Low-middle SDI,2,Female,22,All ages,559,Schizophrenia,3,Rate,2018,239.99661249641002,289.84988044518,193.27220385304
5,Prevalence,44636,Low-middle SDI,3,Both,22,All ages,559,Schizophrenia,3,Rate,2018,261.06379566636,314.68392741057,210.81760546842
5,Prevalence,44636,Low-middle SDI,1,Male,27,Age-standardized,559,Schizophrenia,2,Percent,2018,0.0030881120677403,0.0037056355459459,0.0025145873812724
5,Prevalence,44636,Low-middle SDI,2,Female,27,Age-standardized,559,Schizophrenia,2,Percent,2018,0.0025394119860634,0.0030458078434349,0.0020683878812183
5,Prevalence,44636,Low-middle SDI,3,Both,27,Age-standardized,559,Schizophrenia,2,Percent,2018,0.0028109887825571,0.003376798657436,0.0022902192581355
5,Prevalence,44636,Low-middle SDI,1,Male,27,Age-standardized,559,Schizophrenia,3,Rate,2018,298.49938229103,357.80449620509,242.66366266211
5,Prevalence,44636,Low-middle SDI,2,Female,27,Age-standardized,559,Schizophrenia,3,Rate,2018,249.20227189208998,298.70281851224996,202.83392866802998
5,Prevalence,44636,Low-middle SDI,3,Both,27,Age-standardized,559,Schizophrenia,3,Rate,2018,273.74566260745,328.38181266348,222.74436564586998
5,Prevalence,44635,High SDI,1,Male,22,All ages,559,Schizophrenia,1,Number,2018,1925509.554982485,2267775.393774421,1607949.5098105422
5,Prevalence,44635,High SDI,2,Female,22,All ages,559,Schizophrenia,1,Number,2018,1878631.3985728296,2205057.364569218,1585611.5205149269
5,Prevalence,44635,High SDI,3,Both,22,All ages,559,Schizophrenia,1,Number,2018,3804140.953555315,4457666.068222524,3189503.869183275
5,Prevalence,44635,High SDI,1,Male,22,All ages,559,Schizophrenia,2,Percent,2018,0.0038039640898238,0.0044798283404625,0.0031779307770617
5,Prevalence,44635,High SDI,2,Female,22,All ages,559,Schizophrenia,2,Percent,2018,0.0035890252952035,0.0042113344569141,0.0030333841109891
5,Prevalence,44635,High SDI,3,Both,22,All ages,559,Schizophrenia,2,Percent,2018,0.0036946915381216,0.0043304424831865,0.0031020661591479
5,Prevalence,44635,High SDI,1,Male,22,All ages,559,Schizophrenia,3,Rate,2018,356.69141106872,420.09451633163997,297.86493559457
5,Prevalence,44635,High SDI,2,Female,22,All ages,559,Schizophrenia,3,Rate,2018,346.2869950853,406.45689694501004,292.27481731055
5,Prevalence,44635,High SDI,3,Both,22,All ages,559,Schizophrenia,3,Rate,2018,351.47631200063,411.85751235765997,294.68809666595996
5,Prevalence,44635,High SDI,1,Male,27,Age-standardized,559,Schizophrenia,2,Percent,2018,0.0033326375630032,0.0039400308549316,0.0027687252821428
5,Prevalence,44635,High SDI,2,Female,27,Age-standardized,559,Schizophrenia,2,Percent,2018,0.0031184642645094,0.0036756040142156,0.0026045860219892
5,Prevalence,44635,High SDI,3,Both,27,Age-standardized,559,Schizophrenia,2,Percent,2018,0.0032295188071591,0.0038125512797979,0.0026832652562526
5,Prevalence,44635,High SDI,1,Male,27,Age-standardized,559,Schizophrenia,3,Rate,2018,300.61902409002,356.33217286091997,249.65832256993002
5,Prevalence,44635,High SDI,2,Female,27,Age-standardized,559,Schizophrenia,3,Rate,2018,291.99432836107,344.76244037805003,243.70408616537
5,Prevalence,44635,High SDI,3,Both,27,Age-standardized,559,Schizophrenia,3,Rate,2018,296.68986481233003,350.48550762915,246.4306153535
5,Prevalence,44637,Low SDI,1,Male,22,All ages,559,Schizophrenia,1,Number,2018,975561.009103418,1201788.4331227103,779774.7610138357
5,Prevalence,44637,Low SDI,2,Female,22,All ages,559,Schizophrenia,1,Number,2018,968302.5538002658,1192897.761878394,771385.7965154096
5,Prevalence,44637,Low SDI,3,Both,22,All ages,559,Schizophrenia,1,Number,2018,1943863.5629036832,2397337.55969146,1552189.8978100235
5,Prevalence,44637,Low SDI,1,Male,22,All ages,559,Schizophrenia,2,Percent,2018,0.0019158622810236,0.0023587127785566,0.0015320265770902
5,Prevalence,44637,Low SDI,2,Female,22,All ages,559,Schizophrenia,2,Percent,2018,0.0018932665479983,0.0023334752259982,0.0015073857733383
5,Prevalence,44637,Low SDI,3,Both,22,All ages,559,Schizophrenia,2,Percent,2018,0.0019045395306073,0.0023482580117667,0.0015212340868391
5,Prevalence,44637,Low SDI,1,Male,22,All ages,559,Schizophrenia,3,Rate,2018,186.97295033837,230.33098589087,149.44917468580002
5,Prevalence,44637,Low SDI,2,Female,22,All ages,559,Schizophrenia,3,Rate,2018,186.28306642105,229.49092939742,148.40001299653002
5,Prevalence,44637,Low SDI,3,Both,22,All ages,559,Schizophrenia,3,Rate,2018,186.62865885824002,230.16630494754003,149.02440914571
5,Prevalence,44637,Low SDI,1,Male,27,Age-standardized,559,Schizophrenia,2,Percent,2018,0.0025289174475808,0.003064280912227,0.0020600992107437
5,Prevalence,44637,Low SDI,2,Female,27,Age-standardized,559,Schizophrenia,2,Percent,2018,0.0024303767935639,0.0029615199480212,0.0019721868395273
5,Prevalence,44637,Low SDI,3,Both,27,Age-standardized,559,Schizophrenia,2,Percent,2018,0.0024791260897761,0.0030104627925997,0.0020157181271567
5,Prevalence,44637,Low SDI,1,Male,27,Age-standardized,559,Schizophrenia,3,Rate,2018,248.50506855004,301.00990738386,202.50147591454999
5,Prevalence,44637,Low SDI,2,Female,27,Age-standardized,559,Schizophrenia,3,Rate,2018,240.3250754978,292.75824951115004,195.02138906945
5,Prevalence,44637,Low SDI,3,Both,27,Age-standardized,559,Schizophrenia,3,Rate,2018,244.37958987216,296.85884418769,198.73289932773
5,Prevalence,44634,High-middle SDI,1,Male,22,All ages,559,Schizophrenia,1,Number,2018,2265569.854545339,2601566.513894847,1957820.111705592
5,Prevalence,44634,High-middle SDI,2,Female,22,All ages,559,Schizophrenia,1,Number,2018,2106445.153565561,2399228.02497908,1825386.1334288127
5,Prevalence,44634,High-middle SDI,3,Both,22,All ages,559,Schizophrenia,1,Number,2018,4372015.008110902,5003308.960213736,3780773.9649426606
5,Prevalence,44634,High-middle SDI,1,Male,22,All ages,559,Schizophrenia,2,Percent,2018,0.0037086960164261,0.0042662019722566,0.0032041248358436
5,Prevalence,44634,High-middle SDI,2,Female,22,All ages,559,Schizophrenia,2,Percent,2018,0.0033563122586013,0.003825576539539,0.0029083283011258
5,Prevalence,44634,High-middle SDI,3,Both,22,All ages,559,Schizophrenia,2,Percent,2018,0.0035301222621582,0.0040431301396387,0.0030530224622282
5,Prevalence,44634,High-middle SDI,1,Male,22,All ages,559,Schizophrenia,3,Rate,2018,351.25550608190997,403.34865888621,303.54177461127
5,Prevalence,44634,High-middle SDI,2,Female,22,All ages,559,Schizophrenia,3,Rate,2018,326.14103891762,371.4726297727,282.6246527115
5,Prevalence,44634,High-middle SDI,3,Both,22,All ages,559,Schizophrenia,3,Rate,2018,338.68973722186,387.59459741809,292.88768183689
5,Prevalence,44634,High-middle SDI,1,Male,27,Age-standardized,559,Schizophrenia,2,Percent,2018,0.0031535234629887,0.003638898348009,0.0027093310720262
5,Prevalence,44634,High-middle SDI,2,Female,27,Age-standardized,559,Schizophrenia,2,Percent,2018,0.0028400105289619,0.0032664579929479,0.0024434889781779
5,Prevalence,44634,High-middle SDI,3,Both,27,Age-standardized,559,Schizophrenia,2,Percent,2018,0.0029972931086574,0.0034493526899846,0.0025759081285443
5,Prevalence,44634,High-middle SDI,1,Male,27,Age-standardized,559,Schizophrenia,3,Rate,2018,291.61127495081,335.39484426973996,250.42014320456
5,Prevalence,44634,High-middle SDI,2,Female,27,Age-standardized,559,Schizophrenia,3,Rate,2018,270.64315202643,311.31940583206,232.63349659578
5,Prevalence,44634,High-middle SDI,3,Both,27,Age-standardized,559,Schizophrenia,3,Rate,2018,281.21601915573,323.72277456878004,241.15586863682
5,Prevalence,174,Eastern Sub-Saharan Africa,1,Male,22,All ages,559,Schizophrenia,1,Number,2018,301991.4758421894,377414.8998460684,237078.48731725005
5,Prevalence,174,Eastern Sub-Saharan Africa,2,Female,22,All ages,559,Schizophrenia,1,Number,2018,343392.11916267365,428264.1160984584,267417.037964768
5,Prevalence,174,Eastern Sub-Saharan Africa,3,Both,22,All ages,559,Schizophrenia,1,Number,2018,645383.5950048624,804545.0821247868,504525.9288712253
5,Prevalence,174,Eastern Sub-Saharan Africa,1,Male,22,All ages,559,Schizophrenia,2,Percent,2018,0.00157528107922,0.0019661096810198,0.0012351301218953
5,Prevalence,174,Eastern Sub-Saharan Africa,2,Female,22,All ages,559,Schizophrenia,2,Percent,2018,0.0017451948194477,0.0021761954541968,0.0013580451749775
5,Prevalence,174,Eastern Sub-Saharan Africa,3,Both,22,All ages,559,Schizophrenia,2,Percent,2018,0.0016613435011322,0.0020684457917763,0.0012974715808052
5,Prevalence,174,Eastern Sub-Saharan Africa,1,Male,22,All ages,559,Schizophrenia,3,Rate,2018,153.24954459305,191.52415266935,120.30859517758002
5,Prevalence,174,Eastern Sub-Saharan Africa,2,Female,22,All ages,559,Schizophrenia,3,Rate,2018,171.49914009976,213.88646840690998,133.55516769229
5,Prevalence,174,Eastern Sub-Saharan Africa,3,Both,22,All ages,559,Schizophrenia,3,Rate,2018,162.44717291897,202.50913578931,126.99239869713001
5,Prevalence,174,Eastern Sub-Saharan Africa,1,Male,27,Age-standardized,559,Schizophrenia,2,Percent,2018,0.0021254449748016,0.0026114475978995,0.0017158612842739
5,Prevalence,174,Eastern Sub-Saharan Africa,2,Female,27,Age-standardized,559,Schizophrenia,2,Percent,2018,0.0022773032968864,0.0027958041044482,0.001830880860686
5,Prevalence,174,Eastern Sub-Saharan Africa,3,Both,27,Age-standardized,559,Schizophrenia,2,Percent,2018,0.0022038668485082,0.0027141858942934,0.0017807535483435
5,Prevalence,174,Eastern Sub-Saharan Africa,1,Male,27,Age-standardized,559,Schizophrenia,3,Rate,2018,208.56236238046,256.02469468014,168.38553205989
5,Prevalence,174,Eastern Sub-Saharan Africa,2,Female,27,Age-standardized,559,Schizophrenia,3,Rate,2018,225.03997632686,276.5158836829,180.91854023173
5,Prevalence,174,Eastern Sub-Saharan Africa,3,Both,27,Age-standardized,559,Schizophrenia,3,Rate,2018,217.02420969349,267.42346148654997,175.30921716669
5,Prevalence,138,North Africa and Middle East,1,Male,22,All ages,559,Schizophrenia,1,Number,2018,811357.8242407416,1010052.101066308,635291.339232566
5,Prevalence,138,North Africa and Middle East,2,Female,22,All ages,559,Schizophrenia,1,Number,2018,674691.4683111272,842818.9821539321,534107.9791859176
5,Prevalence,138,North Africa and Middle East,3,Both,22,All ages,559,Schizophrenia,1,Number,2018,1486049.2925518698,1854575.628994278,1170425.8117239086
5,Prevalence,138,North Africa and Middle East,1,Male,22,All ages,559,Schizophrenia,2,Percent,2018,0.0027722728688136,0.0034507416137054,0.002173083267663
5,Prevalence,138,North Africa and Middle East,2,Female,22,All ages,559,Schizophrenia,2,Percent,2018,0.0024259808035372,0.0030310667665222,0.0019213438289422
5,Prevalence,138,North Africa and Middle East,3,Both,22,All ages,559,Schizophrenia,2,Percent,2018,0.0026035415780448,0.003246419863836,0.0020542590542868
5,Prevalence,138,North Africa and Middle East,1,Male,22,All ages,559,Schizophrenia,3,Rate,2018,262.10018883162,326.28618164492997,205.22385438479
5,Prevalence,138,North Africa and Middle East,2,Female,22,All ages,559,Schizophrenia,3,Rate,2018,235.07744656313,293.65679506165003,186.09504615539998
5,Prevalence,138,North Africa and Middle East,3,Both,22,All ages,559,Schizophrenia,3,Rate,2018,249.09958678322,310.87395630558,196.19307887169
5,Prevalence,138,North Africa and Middle East,1,Male,27,Age-standardized,559,Schizophrenia,2,Percent,2018,0.0026933053843617,0.0033256225014169,0.0021282349841531
5,Prevalence,138,North Africa and Middle East,2,Female,27,Age-standardized,559,Schizophrenia,2,Percent,2018,0.0024065422098718,0.0029761367893761,0.0019141018853361
5,Prevalence,138,North Africa and Middle East,3,Both,27,Age-standardized,559,Schizophrenia,2,Percent,2018,0.0025544545103573,0.0031541443864275,0.0020284877919904
5,Prevalence,138,North Africa and Middle East,1,Male,27,Age-standardized,559,Schizophrenia,3,Rate,2018,255.40032304736,314.99776134212,201.90635885762998
5,Prevalence,138,North Africa and Middle East,2,Female,27,Age-standardized,559,Schizophrenia,3,Rate,2018,233.67385260947,289.0438244756,185.74069482566
5,Prevalence,138,North Africa and Middle East,3,Both,27,Age-standardized,559,Schizophrenia,3,Rate,2018,245.03759755696998,302.94717388844,194.41943234865
5,Prevalence,159,South Asia,1,Male,22,All ages,559,Schizophrenia,1,Number,2018,2957911.164201332,3518975.352981031,2427753.857209972
5,Prevalence,159,South Asia,2,Female,22,All ages,559,Schizophrenia,1,Number,2018,2251129.86647476,2681170.374140678,1855334.00472495
5,Prevalence,159,South Asia,3,Both,22,All ages,559,Schizophrenia,1,Number,2018,5209041.030676096,6197494.531985523,4272731.736737284
5,Prevalence,159,South Asia,1,Male,22,All ages,559,Schizophrenia,2,Percent,2018,0.0033497415650403,0.0039877164172673,0.0027551826633471
5,Prevalence,159,South Asia,2,Female,22,All ages,559,Schizophrenia,2,Percent,2018,0.0026150061587993,0.0031124391241303,0.0021557256943265
5,Prevalence,159,South Asia,3,Both,22,All ages,559,Schizophrenia,2,Percent,2018,0.0029870436939267,0.0035538115334175,0.0024521501678769
5,Prevalence,159,South Asia,1,Male,22,All ages,559,Schizophrenia,3,Rate,2018,324.54140848408,386.10125662296,266.37265709916
5,Prevalence,159,South Asia,2,Female,22,All ages,559,Schizophrenia,3,Rate,2018,257.57808683461997,306.78404908301,212.29045489261
5,Prevalence,159,South Asia,3,Both,22,All ages,559,Schizophrenia,3,Rate,2018,291.76210437222,347.12609016496,239.31875283513
5,Prevalence,159,South Asia,1,Male,27,Age-standardized,559,Schizophrenia,2,Percent,2018,0.003397967554055,0.0040283747869465,0.0028105858371339
5,Prevalence,159,South Asia,2,Female,27,Age-standardized,559,Schizophrenia,2,Percent,2018,0.0026219807265952,0.0031031772631463,0.0021755617280261
5,Prevalence,159,South Asia,3,Both,27,Age-standardized,559,Schizophrenia,2,Percent,2018,0.0030123056659351,0.0035699373154632,0.0024939974270559
5,Prevalence,159,South Asia,1,Male,27,Age-standardized,559,Schizophrenia,3,Rate,2018,329.93785974549996,390.77537605211,273.02230876043996
5,Prevalence,159,South Asia,2,Female,27,Age-standardized,559,Schizophrenia,3,Rate,2018,258.21551359645997,305.65328870516,214.15335537351
5,Prevalence,159,South Asia,3,Both,27,Age-standardized,559,Schizophrenia,3,Rate,2018,294.50930688505997,348.54072273444,243.71484452632998
5,Prevalence,167,Central Sub-Saharan Africa,1,Male,22,All ages,559,Schizophrenia,1,Number,2018,97109.65098817497,125186.31173383696,74029.1102539647
5,Prevalence,167,Central Sub-Saharan Africa,2,Female,22,All ages,559,Schizophrenia,1,Number,2018,105967.60539928802,135336.1038326199,81559.85565620981
5,Prevalence,167,Central Sub-Saharan Africa,3,Both,22,All ages,559,Schizophrenia,1,Number,2018,203077.25638746293,259526.13340764656,155904.94770942614
5,Prevalence,167,Central Sub-Saharan Africa,1,Male,22,All ages,559,Schizophrenia,2,Percent,2018,0.001557095250294,0.0020061259961421,0.0011875744878102
5,Prevalence,167,Central Sub-Saharan Africa,2,Female,22,All ages,559,Schizophrenia,2,Percent,2018,0.00168552111831,0.0021519814567573,0.0012971123434336
5,Prevalence,167,Central Sub-Saharan Africa,3,Both,22,All ages,559,Schizophrenia,2,Percent,2018,0.0016215664002947,0.0020706072428357,0.0012451409751197
5,Prevalence,167,Central Sub-Saharan Africa,1,Male,22,All ages,559,Schizophrenia,3,Rate,2018,153.49860271394,197.87862209901002,117.01581530266999
5,Prevalence,167,Central Sub-Saharan Africa,2,Female,22,All ages,559,Schizophrenia,3,Rate,2018,167.02112881715,213.31036732091,128.55078782365
5,Prevalence,167,Central Sub-Saharan Africa,3,Both,22,All ages,559,Schizophrenia,3,Rate,2018,160.26954726293,204.81927244862,123.04093442038
5,Prevalence,167,Central Sub-Saharan Africa,1,Male,27,Age-standardized,559,Schizophrenia,2,Percent,2018,0.0020728429632328,0.0026168077410181,0.0016089812612368
5,Prevalence,167,Central Sub-Saharan Africa,2,Female,27,Age-standardized,559,Schizophrenia,2,Percent,2018,0.0022144732633802,0.0028278262330821,0.0017599821959814
5,Prevalence,167,Central Sub-Saharan Africa,3,Both,27,Age-standardized,559,Schizophrenia,2,Percent,2018,0.0021448139329213,0.002715350586561,0.001684813273141
5,Prevalence,167,Central Sub-Saharan Africa,1,Male,27,Age-standardized,559,Schizophrenia,3,Rate,2018,205.31504979773,259.33508757445,159.33755727374
5,Prevalence,167,Central Sub-Saharan Africa,2,Female,27,Age-standardized,559,Schizophrenia,3,Rate,2018,220.13772279324,280.99156360149,174.92852240865
5,Prevalence,167,Central Sub-Saharan Africa,3,Both,27,Age-standardized,559,Schizophrenia,3,Rate,2018,212.82602804125,269.51716116853004,167.03855985658998
5,Prevalence,44639,Middle SDI,1,Male,22,All ages,559,Schizophrenia,1,Number,2018,3898926.895585543,4623637.377895197,3229861.202000173
5,Prevalence,44639,Middle SDI,2,Female,22,All ages,559,Schizophrenia,1,Number,2018,3441576.9874924007,4077428.688157055,2849851.5064589204
5,Prevalence,44639,Middle SDI,3,Both,22,All ages,559,Schizophrenia,1,Number,2018,7340503.88307796,8719404.729523078,6079712.708459094
5,Prevalence,44639,Middle SDI,1,Male,22,All ages,559,Schizophrenia,2,Percent,2018,0.0034021132823996,0.0040431489543923,0.0028213019515122
5,Prevalence,44639,Middle SDI,2,Female,22,All ages,559,Schizophrenia,2,Percent,2018,0.002981024354395,0.0035291611653372,0.0024701516032716
5,Prevalence,44639,Middle SDI,3,Both,22,All ages,559,Schizophrenia,2,Percent,2018,0.0031907928048258,0.0037883718011221,0.0026450465724328
5,Prevalence,44639,Middle SDI,1,Male,22,All ages,559,Schizophrenia,3,Rate,2018,324.10870351182,384.35219643515,268.49083215400003
5,Prevalence,44639,Middle SDI,2,Female,22,All ages,559,Schizophrenia,3,Rate,2018,290.59987724672,344.28992306927,240.63576115197
5,Prevalence,44639,Middle SDI,3,Both,22,All ages,559,Schizophrenia,3,Rate,2018,307.48530664879996,365.24588499069,254.6722072863
5,Prevalence,44639,Middle SDI,1,Male,27,Age-standardized,559,Schizophrenia,2,Percent,2018,0.0031191341531733,0.0037120528543517,0.0025946549268942
5,Prevalence,44639,Middle SDI,2,Female,27,Age-standardized,559,Schizophrenia,2,Percent,2018,0.0026861414559058,0.0031842429308976,0.0022261070887978
5,Prevalence,44639,Middle SDI,3,Both,27,Age-standardized,559,Schizophrenia,2,Percent,2018,0.0029013868995226,0.0034471066567045,0.002409265320824
5,Prevalence,44639,Middle SDI,1,Male,27,Age-standardized,559,Schizophrenia,3,Rate,2018,295.26900256534,350.34416510509004,245.35018800364
5,Prevalence,44639,Middle SDI,2,Female,27,Age-standardized,559,Schizophrenia,3,Rate,2018,260.18753764656003,308.59368550286,215.41830176438
5,Prevalence,44639,Middle SDI,3,Both,27,Age-standardized,559,Schizophrenia,3,Rate,2018,277.74756095960004,330.09796244401,230.29957370051002
5,Prevalence,192,Southern Sub-Saharan Africa,1,Male,22,All ages,559,Schizophrenia,1,Number,2018,80741.81948142187,98384.84765907963,65189.64846686285
5,Prevalence,192,Southern Sub-Saharan Africa,2,Female,22,All ages,559,Schizophrenia,1,Number,2018,92980.09536023533,112777.22014553144,75075.88106379582
5,Prevalence,192,Southern Sub-Saharan Africa,3,Both,22,All ages,559,Schizophrenia,1,Number,2018,173721.91484165716,210633.2265657904,140187.19684676384
5,Prevalence,192,Southern Sub-Saharan Africa,1,Male,22,All ages,559,Schizophrenia,2,Percent,2018,0.002210087651258,0.0026890167659544,0.0017874459721115
5,Prevalence,192,Southern Sub-Saharan Africa,2,Female,22,All ages,559,Schizophrenia,2,Percent,2018,0.0023764059282471,0.0028812628392823,0.0019225203047877
5,Prevalence,192,Southern Sub-Saharan Africa,3,Both,22,All ages,559,Schizophrenia,2,Percent,2018,0.0022960956945264,0.0027822536438984,0.001855584999909
5,Prevalence,192,Southern Sub-Saharan Africa,1,Male,22,All ages,559,Schizophrenia,3,Rate,2018,212.17185182023,258.53387318924,171.30414602444
5,Prevalence,192,Southern Sub-Saharan Africa,2,Female,22,All ages,559,Schizophrenia,3,Rate,2018,232.77976997228998,282.34274509915997,187.95577974822
5,Prevalence,192,Southern Sub-Saharan Africa,3,Both,22,All ages,559,Schizophrenia,3,Rate,2018,222.72528561975,270.04851742875996,179.73111502014999
5,Prevalence,192,Southern Sub-Saharan Africa,1,Male,27,Age-standardized,559,Schizophrenia,2,Percent,2018,0.0022533219190055,0.0027097415219792,0.0018469467479002
5,Prevalence,192,Southern Sub-Saharan Africa,2,Female,27,Age-standardized,559,Schizophrenia,2,Percent,2018,0.0023803068227714,0.0028702509155554,0.0019528061931752
5,Prevalence,192,Southern Sub-Saharan Africa,3,Both,27,Age-standardized,559,Schizophrenia,2,Percent,2018,0.0023206832945335,0.0027944778076256,0.0019053838743835
5,Prevalence,192,Southern Sub-Saharan Africa,1,Male,27,Age-standardized,559,Schizophrenia,3,Rate,2018,217.22513461353998,261.39223626892,177.8909087562
5,Prevalence,192,Southern Sub-Saharan Africa,2,Female,27,Age-standardized,559,Schizophrenia,3,Rate,2018,233.32332188482002,281.3894659147,191.29413469234
5,Prevalence,192,Southern Sub-Saharan Africa,3,Both,27,Age-standardized,559,Schizophrenia,3,Rate,2018,225.59062420331,271.87826502238,185.00428077418
6,Incidence,42,Central Europe,1,Male,22,All ages,559,Schizophrenia,1,Number,2018,6914.332027178086,8568.053341740933,5485.333998967373
6,Incidence,42,Central Europe,2,Female,22,All ages,559,Schizophrenia,1,Number,2018,6221.8268078644805,7700.405812961808,5005.963929228634
6,Incidence,42,Central Europe,3,Both,22,All ages,559,Schizophrenia,1,Number,2018,13136.158835042572,16268.45915470274,10493.37822470266
6,Incidence,42,Central Europe,1,Male,22,All ages,559,Schizophrenia,2,Percent,2018,3.71778771365e-05,4.63560898851e-05,2.93439135459e-05
6,Incidence,42,Central Europe,2,Female,22,All ages,559,Schizophrenia,2,Percent,2018,2.95939168306e-05,3.68871109556e-05,2.34173708057e-05
6,Incidence,42,Central Europe,3,Both,22,All ages,559,Schizophrenia,2,Percent,2018,3.3153421345e-05,4.13120419225e-05,2.62108747957e-05
6,Incidence,42,Central Europe,1,Male,22,All ages,559,Schizophrenia,3,Rate,2018,12.15711592507,15.06476942651,9.64458187011
6,Incidence,42,Central Europe,2,Female,22,All ages,559,Schizophrenia,3,Rate,2018,10.39584493879,12.86635376865,8.36429980848
6,Incidence,42,Central Europe,3,Both,22,All ages,559,Schizophrenia,3,Rate,2018,11.25403979901,13.93755123508,8.98991079888
6,Incidence,42,Central Europe,1,Male,27,Age-standardized,559,Schizophrenia,2,Percent,2018,3.88155831824e-05,4.84617118251e-05,2.99931914891e-05
6,Incidence,42,Central Europe,2,Female,27,Age-standardized,559,Schizophrenia,2,Percent,2018,3.46090598278e-05,4.32576125133e-05,2.65846085063e-05
6,Incidence,42,Central Europe,3,Both,27,Age-standardized,559,Schizophrenia,2,Percent,2018,3.66606813241e-05,4.58331472681e-05,2.82425357551e-05
6,Incidence,42,Central Europe,1,Male,27,Age-standardized,559,Schizophrenia,3,Rate,2018,12.910006041410002,16.159811965779998,10.2200119676
6,Incidence,42,Central Europe,2,Female,27,Age-standardized,559,Schizophrenia,3,Rate,2018,12.2090372744,15.26750865126,9.63208487328
6,Incidence,42,Central Europe,3,Both,27,Age-standardized,559,Schizophrenia,3,Rate,2018,12.56402739577,15.70916122572,9.91679889371
6,Incidence,1,Global,1,Male,22,All ages,559,Schizophrenia,1,Number,2018,647780.186958378,776737.6339856951,535516.1118009494
6,Incidence,1,Global,2,Female,22,All ages,559,Schizophrenia,1,Number,2018,554982.7480142572,669497.7471503557,457501.7710045153
6,Incidence,1,Global,3,Both,22,All ages,559,Schizophrenia,1,Number,2018,1202762.934972636,1446128.8681796158,993056.3624701612
6,Incidence,1,Global,1,Male,22,All ages,559,Schizophrenia,2,Percent,2018,3.99069075291e-05,4.8013232811e-05,3.24970908728e-05
6,Incidence,1,Global,2,Female,22,All ages,559,Schizophrenia,2,Percent,2018,3.21320505036e-05,3.87519210525e-05,2.61527235052e-05
6,Incidence,1,Global,3,Both,22,All ages,559,Schizophrenia,2,Percent,2018,3.58986784831e-05,4.3241338656e-05,2.9159456705e-05
6,Incidence,1,Global,1,Male,22,All ages,559,Schizophrenia,3,Rate,2018,16.84284040642,20.195844624870002,13.92387817306
6,Incidence,1,Global,2,Female,22,All ages,559,Schizophrenia,3,Rate,2018,14.54357266241,17.544489748260002,11.98903979194
6,Incidence,1,Global,3,Both,22,All ages,559,Schizophrenia,3,Rate,2018,15.69771185886,18.87397227117,12.96075243458
6,Incidence,1,Global,1,Male,27,Age-standardized,559,Schizophrenia,2,Percent,2018,3.85480823573e-05,4.63924806571e-05,3.14231079309e-05
6,Incidence,1,Global,2,Female,27,Age-standardized,559,Schizophrenia,2,Percent,2018,3.14792246569e-05,3.79686491878e-05,2.55848190329e-05
6,Incidence,1,Global,3,Both,27,Age-standardized,559,Schizophrenia,2,Percent,2018,3.49214804534e-05,4.21034228483e-05,2.84231618081e-05
6,Incidence,1,Global,1,Male,27,Age-standardized,559,Schizophrenia,3,Rate,2018,16.431635377779997,19.7613184561,13.54783973531
6,Incidence,1,Global,2,Female,27,Age-standardized,559,Schizophrenia,3,Rate,2018,14.400974013919999,17.40590252194,11.847945131
6,Incidence,1,Global,3,Both,27,Age-standardized,559,Schizophrenia,3,Rate,2018,15.42707125745,18.596799453150002,12.707311423219998
6,Incidence,5,East Asia,1,Male,22,All ages,559,Schizophrenia,1,Number,2018,136560.89929656865,159816.5505569852,116918.7211049244
6,Incidence,5,East Asia,2,Female,22,All ages,559,Schizophrenia,1,Number,2018,115518.21234818494,135800.23244714318,98935.64578281174
6,Incidence,5,East Asia,3,Both,22,All ages,559,Schizophrenia,1,Number,2018,252079.1116447537,295679.73041908233,215730.0586783798
6,Incidence,5,East Asia,1,Male,22,All ages,559,Schizophrenia,2,Percent,2018,5.96714125079e-05,7.01673395592e-05,5.04627646599e-05
6,Incidence,5,East Asia,2,Female,22,All ages,559,Schizophrenia,2,Percent,2018,5.05453416257e-05,5.94392310253e-05,4.27008392385e-05
6,Incidence,5,East Asia,3,Both,22,All ages,559,Schizophrenia,2,Percent,2018,5.5110937808e-05,6.48354094561e-05,4.6601513978e-05
6,Incidence,5,East Asia,1,Male,22,All ages,559,Schizophrenia,3,Rate,2018,18.350113960519998,21.47504835282,15.7107332146
6,Incidence,5,East Asia,2,Female,22,All ages,559,Schizophrenia,3,Rate,2018,16.20609665225,19.05146944105,13.87972169337
6,Incidence,5,East Asia,3,Both,22,All ages,559,Schizophrenia,3,Rate,2018,17.3012004029,20.29368573095,14.80641911886
6,Incidence,5,East Asia,1,Male,27,Age-standardized,559,Schizophrenia,2,Percent,2018,5.86095842443e-05,6.86345217875e-05,4.96530916675e-05
6,Incidence,5,East Asia,2,Female,27,Age-standardized,559,Schizophrenia,2,Percent,2018,5.19834674023e-05,6.04991381865e-05,4.39343484309e-05
6,Incidence,5,East Asia,3,Both,27,Age-standardized,559,Schizophrenia,2,Percent,2018,5.53225805462e-05,6.45348028153e-05,4.68304071278e-05
6,Incidence,5,East Asia,1,Male,27,Age-standardized,559,Schizophrenia,3,Rate,2018,18.67438638526,21.5342571304,16.10032330796
6,Incidence,5,East Asia,2,Female,27,Age-standardized,559,Schizophrenia,3,Rate,2018,17.20418374219,19.87477336695,14.81338615462
6,Incidence,5,East Asia,3,Both,27,Age-standardized,559,Schizophrenia,3,Rate,2018,17.95446239127,20.714488708799998,15.482735246699999
6,Incidence,21,Oceania,1,Male,22,All ages,559,Schizophrenia,1,Number,2018,1288.391872287911,1647.0161442545611,985.9568910782432
6,Incidence,21,Oceania,2,Female,22,All ages,559,Schizophrenia,1,Number,2018,1032.1538449469392,1319.729628017525,791.214900966907
6,Incidence,21,Oceania,3,Both,22,All ages,559,Schizophrenia,1,Number,2018,2320.545717234851,2957.189234537872,1782.9207107499426
6,Incidence,21,Oceania,1,Male,22,All ages,559,Schizophrenia,2,Percent,2018,3.70618510765e-05,4.7400427945e-05,2.77732499319e-05
6,Incidence,21,Oceania,2,Female,22,All ages,559,Schizophrenia,2,Percent,2018,3.00022109612e-05,3.84028480743e-05,2.26963906726e-05
6,Incidence,21,Oceania,3,Both,22,All ages,559,Schizophrenia,2,Percent,2018,3.35496110437e-05,4.28517434602e-05,2.52502462595e-05
6,Incidence,21,Oceania,1,Male,22,All ages,559,Schizophrenia,3,Rate,2018,19.230213119640002,24.582948826939997,14.71614463738
6,Incidence,21,Oceania,2,Female,22,All ages,559,Schizophrenia,3,Rate,2018,16.4594771828,21.045370131749998,12.617289247050001
6,Incidence,21,Oceania,3,Both,22,All ages,559,Schizophrenia,3,Rate,2018,17.890660489520002,22.79897707054,13.74574475256
6,Incidence,21,Oceania,1,Male,27,Age-standardized,559,Schizophrenia,2,Percent,2018,3.7429543323e-05,4.72163331006e-05,2.84023541578e-05
6,Incidence,21,Oceania,2,Female,27,Age-standardized,559,Schizophrenia,2,Percent,2018,2.9276196696e-05,3.71019690831e-05,2.25294729007e-05
6,Incidence,21,Oceania,3,Both,27,Age-standardized,559,Schizophrenia,2,Percent,2018,3.32945174451e-05,4.20295318361e-05,2.55517569647e-05
6,Incidence,21,Oceania,1,Male,27,Age-standardized,559,Schizophrenia,3,Rate,2018,18.526232613810002,23.2044642901,14.492788180189999
6,Incidence,21,Oceania,2,Female,27,Age-standardized,559,Schizophrenia,3,Rate,2018,15.4460426348,19.49238226018,12.120645911659999
6,Incidence,21,Oceania,3,Both,27,Age-standardized,559,Schizophrenia,3,Rate,2018,17.01505382688,21.35373170383,13.23679872882
6,Incidence,9,Southeast Asia,1,Male,22,All ages,559,Schizophrenia,1,Number,2018,69881.29578806486,84825.34505965865,57077.501272509806
6,Incidence,9,Southeast Asia,2,Female,22,All ages,559,Schizophrenia,1,Number,2018,56877.377649114926,69324.38318959957,46223.76310495811
6,Incidence,9,Southeast Asia,3,Both,22,All ages,559,Schizophrenia,1,Number,2018,126758.67343717984,154124.19312991493,103398.97704916378
6,Incidence,9,Southeast Asia,1,Male,22,All ages,559,Schizophrenia,2,Percent,2018,4.53247103425e-05,5.5080498357e-05,3.60810940846e-05
6,Incidence,9,Southeast Asia,2,Female,22,All ages,559,Schizophrenia,2,Percent,2018,3.65528920247e-05,4.47908053853e-05,2.89542655043e-05
6,Incidence,9,Southeast Asia,3,Both,22,All ages,559,Schizophrenia,2,Percent,2018,4.09183638283e-05,4.99573372644e-05,3.25465668356e-05
6,Incidence,9,Southeast Asia,1,Male,22,All ages,559,Schizophrenia,3,Rate,2018,20.61904294347,25.02840585246,16.841179554150003
6,Incidence,9,Southeast Asia,2,Female,22,All ages,559,Schizophrenia,3,Rate,2018,16.80466610829,20.482187485,13.657009822770002
6,Incidence,9,Southeast Asia,3,Both,22,All ages,559,Schizophrenia,3,Rate,2018,18.71313413067,22.75305208405,15.26458800828
6,Incidence,9,Southeast Asia,1,Male,27,Age-standardized,559,Schizophrenia,2,Percent,2018,4.13680163087e-05,5.04127740286e-05,3.29722955704e-05
6,Incidence,9,Southeast Asia,2,Female,27,Age-standardized,559,Schizophrenia,2,Percent,2018,3.38305370302e-05,4.14206258331e-05,2.68396409526e-05
6,Incidence,9,Southeast Asia,3,Both,27,Age-standardized,559,Schizophrenia,2,Percent,2018,3.75875755785e-05,4.58725533359e-05,2.99166250108e-05
6,Incidence,9,Southeast Asia,1,Male,27,Age-standardized,559,Schizophrenia,3,Rate,2018,19.11913774703,23.19600849659,15.62879581644
6,Incidence,9,Southeast Asia,2,Female,27,Age-standardized,559,Schizophrenia,3,Rate,2018,15.86154023964,19.30599362406,12.94350044317
6,Incidence,9,Southeast Asia,3,Both,27,Age-standardized,559,Schizophrenia,3,Rate,2018,17.5029419818,21.28994906244,14.29945210901
6,Incidence,32,Central Asia,1,Male,22,All ages,559,Schizophrenia,1,Number,2018,6307.682615882536,8097.440351740815,4851.188144727658
6,Incidence,32,Central Asia,2,Female,22,All ages,559,Schizophrenia,1,Number,2018,5930.581395603895,7616.840383375091,4531.674256922759
6,Incidence,32,Central Asia,3,Both,22,All ages,559,Schizophrenia,1,Number,2018,12238.264011486435,15742.409266450357,9390.610135294162
6,Incidence,32,Central Asia,1,Male,22,All ages,559,Schizophrenia,2,Percent,2018,4.52498367394e-05,5.84683265167e-05,3.41770070282e-05
6,Incidence,32,Central Asia,2,Female,22,All ages,559,Schizophrenia,2,Percent,2018,3.89604366808e-05,5.03797414687e-05,2.94949399534e-05
6,Incidence,32,Central Asia,3,Both,22,All ages,559,Schizophrenia,2,Percent,2018,4.19662015169e-05,5.41809969462e-05,3.15950943813e-05
6,Incidence,32,Central Asia,1,Male,22,All ages,559,Schizophrenia,3,Rate,2018,13.853821106,17.784739163490002,10.654862776289999
6,Incidence,32,Central Asia,2,Female,22,All ages,559,Schizophrenia,3,Rate,2018,12.78855724088,16.4247639042,9.77198891067
6,Incidence,32,Central Asia,3,Both,22,All ages,559,Schizophrenia,3,Rate,2018,13.31629863676,17.12911429737,10.21780285386
6,Incidence,32,Central Asia,1,Male,27,Age-standardized,559,Schizophrenia,2,Percent,2018,4.15755768086e-05,5.31811913085e-05,3.13952644288e-05
6,Incidence,32,Central Asia,2,Female,27,Age-standardized,559,Schizophrenia,2,Percent,2018,3.68638289111e-05,4.72016265039e-05,2.79598584476e-05
6,Incidence,32,Central Asia,3,Both,27,Age-standardized,559,Schizophrenia,2,Percent,2018,3.91282655656e-05,5.01430860429e-05,2.96308055246e-05
6,Incidence,32,Central Asia,1,Male,27,Age-standardized,559,Schizophrenia,3,Rate,2018,12.79763720683,16.25621455992,9.899306585309999
6,Incidence,32,Central Asia,2,Female,27,Age-standardized,559,Schizophrenia,3,Rate,2018,12.08753447315,15.41208468371,9.28780446593
6,Incidence,32,Central Asia,3,Both,27,Age-standardized,559,Schizophrenia,3,Rate,2018,12.43927855453,15.85436149823,9.60007181567
6,Incidence,56,Eastern Europe,1,Male,22,All ages,559,Schizophrenia,1,Number,2018,11377.551341007902,13850.876858468568,9371.976275333956
6,Incidence,56,Eastern Europe,2,Female,22,All ages,559,Schizophrenia,1,Number,2018,11093.176127787325,13628.626998246737,9068.488675073244
6,Incidence,56,Eastern Europe,3,Both,22,All ages,559,Schizophrenia,1,Number,2018,22470.727468795216,27481.30851281304,18449.451030434564
6,Incidence,56,Eastern Europe,1,Male,22,All ages,559,Schizophrenia,2,Percent,2018,2.97711741119e-05,3.65786410741e-05,2.40831911518e-05
6,Incidence,56,Eastern Europe,2,Female,22,All ages,559,Schizophrenia,2,Percent,2018,2.32172042473e-05,2.82084463215e-05,1.87902753726e-05
6,Incidence,56,Eastern Europe,3,Both,22,All ages,559,Schizophrenia,2,Percent,2018,2.61293449704e-05,3.19274968944e-05,2.10483109346e-05
6,Incidence,56,Eastern Europe,1,Male,22,All ages,559,Schizophrenia,3,Rate,2018,11.68151841169,14.22092225215,9.62236162536
6,Incidence,56,Eastern Europe,2,Female,22,All ages,559,Schizophrenia,3,Rate,2018,9.893461527649999,12.15470622016,8.087741760090001
6,Incidence,56,Eastern Europe,3,Both,22,All ages,559,Schizophrenia,3,Rate,2018,10.724644442059999,13.116053452730002,8.80540261669
6,Incidence,56,Eastern Europe,1,Male,27,Age-standardized,559,Schizophrenia,2,Percent,2018,2.97411723355e-05,3.58819646876e-05,2.40646517201e-05
6,Incidence,56,Eastern Europe,2,Female,27,Age-standardized,559,Schizophrenia,2,Percent,2018,2.67368596434e-05,3.21340393611e-05,2.1512510422e-05
6,Incidence,56,Eastern Europe,3,Both,27,Age-standardized,559,Schizophrenia,2,Percent,2018,2.8124049588e-05,3.38852679877e-05,2.26325902847e-05
6,Incidence,56,Eastern Europe,1,Male,27,Age-standardized,559,Schizophrenia,3,Rate,2018,11.87359764478,14.399727275680002,9.80387631759
6,Incidence,56,Eastern Europe,2,Female,27,Age-standardized,559,Schizophrenia,3,Rate,2018,11.609675530179999,14.12575195343,9.55210401619
6,Incidence,56,Eastern Europe,3,Both,27,Age-standardized,559,Schizophrenia,3,Rate,2018,11.732425976470001,14.22999201856,9.682124898709999
6,Incidence,73,Western Europe,1,Male,22,All ages,559,Schizophrenia,1,Number,2018,29490.77616938353,35640.44277125457,24612.275099007828
6,Incidence,73,Western Europe,2,Female,22,All ages,559,Schizophrenia,1,Number,2018,24733.662827095177,30042.01118563903,20528.93914572789
6,Incidence,73,Western Europe,3,Both,22,All ages,559,Schizophrenia,1,Number,2018,54224.43899647872,65504.14811487806,45139.07996832122
6,Incidence,73,Western Europe,1,Male,22,All ages,559,Schizophrenia,2,Percent,2018,3.6434858883e-05,4.39991304431e-05,3.0090286995e-05
6,Incidence,73,Western Europe,2,Female,22,All ages,559,Schizophrenia,2,Percent,2018,2.55225577842e-05,3.06378453108e-05,2.08522149685e-05
6,Incidence,73,Western Europe,3,Both,22,All ages,559,Schizophrenia,2,Percent,2018,3.04885063858e-05,3.69885053788e-05,2.51259909174e-05
6,Incidence,73,Western Europe,1,Male,22,All ages,559,Schizophrenia,3,Rate,2018,13.80196254474,16.680064755889997,11.51877784112
6,Incidence,73,Western Europe,2,Female,22,All ages,559,Schizophrenia,3,Rate,2018,11.167538733619999,13.564320250369999,9.26905669705
6,Incidence,73,Western Europe,3,Both,22,All ages,559,Schizophrenia,3,Rate,2018,12.46111765604,15.05326586544,10.37324492019
6,Incidence,73,Western Europe,1,Male,27,Age-standardized,559,Schizophrenia,2,Percent,2018,3.84782956103e-05,4.71013975756e-05,3.10964450141e-05
6,Incidence,73,Western Europe,2,Female,27,Age-standardized,559,Schizophrenia,2,Percent,2018,2.80962151237e-05,3.40153837471e-05,2.26657832866e-05
6,Incidence,73,Western Europe,3,Both,27,Age-standardized,559,Schizophrenia,2,Percent,2018,3.29904210741e-05,4.00944100016e-05,2.66485825607e-05
6,Incidence,73,Western Europe,1,Male,27,Age-standardized,559,Schizophrenia,3,Rate,2018,15.24941072544,18.4625661578,12.525533820369999
6,Incidence,73,Western Europe,2,Female,27,Age-standardized,559,Schizophrenia,3,Rate,2018,12.83842132056,15.47147923991,10.55960812375
6,Incidence,73,Western Europe,3,Both,27,Age-standardized,559,Schizophrenia,3,Rate,2018,14.06628359085,16.935278843269998,11.54657316018
6,Incidence,96,Southern Latin America,1,Male,22,All ages,559,Schizophrenia,1,Number,2018,5342.388537640964,6756.707857104439,4084.928356353962
6,Incidence,96,Southern Latin America,2,Female,22,All ages,559,Schizophrenia,1,Number,2018,4980.413920753278,6377.02713050873,3792.591731537407
6,Incidence,96,Southern Latin America,3,Both,22,All ages,559,Schizophrenia,1,Number,2018,10322.802458394246,13140.944626020017,7896.531890751992
6,Incidence,96,Southern Latin America,1,Male,22,All ages,559,Schizophrenia,2,Percent,2018,3.93198311908e-05,5.01158223622e-05,2.96413509328e-05
6,Incidence,96,Southern Latin America,2,Female,22,All ages,559,Schizophrenia,2,Percent,2018,3.13461771485e-05,3.99689404414e-05,2.39629410004e-05
6,Incidence,96,Southern Latin America,3,Both,22,All ages,559,Schizophrenia,2,Percent,2018,3.50203442407e-05,4.45508530347e-05,2.66536461369e-05
6,Incidence,96,Southern Latin America,1,Male,22,All ages,559,Schizophrenia,3,Rate,2018,16.53578070883,20.91338708361,12.64368531716
6,Incidence,96,Southern Latin America,2,Female,22,All ages,559,Schizophrenia,3,Rate,2018,14.69822668834,18.81991976035,11.19271889715
6,Incidence,96,Southern Latin America,3,Both,22,All ages,559,Schizophrenia,3,Rate,2018,15.595122629350001,19.8526169356,11.92964639973
6,Incidence,96,Southern Latin America,1,Male,27,Age-standardized,559,Schizophrenia,2,Percent,2018,3.67368455492e-05,4.6869894605e-05,2.77008425803e-05
6,Incidence,96,Southern Latin America,2,Female,27,Age-standardized,559,Schizophrenia,2,Percent,2018,3.02782289855e-05,3.86024595744e-05,2.30280769778e-05
6,Incidence,96,Southern Latin America,3,Both,27,Age-standardized,559,Schizophrenia,2,Percent,2018,3.33117720149e-05,4.2451267774e-05,2.51558201674e-05
6,Incidence,96,Southern Latin America,1,Male,27,Age-standardized,559,Schizophrenia,3,Rate,2018,15.837304224299999,20.062527716359998,12.06418731975
6,Incidence,96,Southern Latin America,2,Female,27,Age-standardized,559,Schizophrenia,3,Rate,2018,14.55060309565,18.63080673475,11.09254576138
6,Incidence,96,Southern Latin America,3,Both,27,Age-standardized,559,Schizophrenia,3,Rate,2018,15.194756399660001,19.27102724115,11.68655843196
6,Incidence,100,High-income North America,1,Male,22,All ages,559,Schizophrenia,1,Number,2018,28609.21730857124,33981.79473062167,23983.91734736717
6,Incidence,100,High-income North America,2,Female,22,All ages,559,Schizophrenia,1,Number,2018,26185.08525081382,31171.30622216272,21924.98411031512
6,Incidence,100,High-income North America,3,Both,22,All ages,559,Schizophrenia,1,Number,2018,54794.30255938502,65345.81526234408,45949.60357547994
6,Incidence,100,High-income North America,1,Male,22,All ages,559,Schizophrenia,2,Percent,2018,3.70878094793e-05,4.43364857451e-05,3.05816872422e-05
6,Incidence,100,High-income North America,2,Female,22,All ages,559,Schizophrenia,2,Percent,2018,2.92699220465e-05,3.53317183426e-05,2.42050311241e-05
6,Incidence,100,High-income North America,3,Both,22,All ages,559,Schizophrenia,2,Percent,2018,3.28893625262e-05,3.93820589336e-05,2.71634127463e-05
6,Incidence,100,High-income North America,1,Male,22,All ages,559,Schizophrenia,3,Rate,2018,15.945877179750001,18.94038271923,13.36788057448
6,Incidence,100,High-income North America,2,Female,22,All ages,559,Schizophrenia,3,Rate,2018,14.136887261190001,16.828864127259997,11.8369302831
6,Incidence,100,High-income North America,3,Both,22,All ages,559,Schizophrenia,3,Rate,2018,15.0269685739,17.92064989456,12.60136942456
6,Incidence,100,High-income North America,1,Male,27,Age-standardized,559,Schizophrenia,2,Percent,2018,3.88452245096e-05,4.66038883988e-05,3.19127751459e-05
6,Incidence,100,High-income North America,2,Female,27,Age-standardized,559,Schizophrenia,2,Percent,2018,3.22909402534e-05,3.86518420437e-05,2.64449918664e-05
6,Incidence,100,High-income North America,3,Both,27,Age-standardized,559,Schizophrenia,2,Percent,2018,3.53958402907e-05,4.23692704194e-05,2.90011825823e-05
6,Incidence,100,High-income North America,1,Male,27,Age-standardized,559,Schizophrenia,3,Rate,2018,17.28885365136,20.581853524,14.36383810634
6,Incidence,100,High-income North America,2,Female,27,Age-standardized,559,Schizophrenia,3,Rate,2018,16.17107804256,19.22757701415,13.413861186400002
6,Incidence,100,High-income North America,3,Both,27,Age-standardized,559,Schizophrenia,3,Rate,2018,16.73491256832,19.852237171309998,13.883538205179999
6,Incidence,70,Australasia,1,Male,22,All ages,559,Schizophrenia,1,Number,2018,3023.9887297454143,3391.9353785887315,2677.143778286832
6,Incidence,70,Australasia,2,Female,22,All ages,559,Schizophrenia,1,Number,2018,2342.3600083981923,2730.3076388560758,2025.8009800080708
6,Incidence,70,Australasia,3,Both,22,All ages,559,Schizophrenia,1,Number,2018,5366.348738143606,6093.294048138399,4740.6657090985045
6,Incidence,70,Australasia,1,Male,22,All ages,559,Schizophrenia,2,Percent,2018,5.02563422319e-05,5.73689600613e-05,4.40796631382e-05
6,Incidence,70,Australasia,2,Female,22,All ages,559,Schizophrenia,2,Percent,2018,3.37492266745e-05,3.93277262719e-05,2.87473284546e-05
6,Incidence,70,Australasia,3,Both,22,All ages,559,Schizophrenia,2,Percent,2018,4.14133529112e-05,4.74401425665e-05,3.60301305404e-05
6,Incidence,70,Australasia,1,Male,22,All ages,559,Schizophrenia,3,Rate,2018,20.785387698399997,23.31446913091,18.401348790980002
6,Incidence,70,Australasia,2,Female,22,All ages,559,Schizophrenia,3,Rate,2018,15.75311185178,18.36218235902,13.62415227083
6,Incidence,70,Australasia,3,Both,22,All ages,559,Schizophrenia,3,Rate,2018,18.24183182352,20.7129373623,16.11494720465
6,Incidence,70,Australasia,1,Male,27,Age-standardized,559,Schizophrenia,2,Percent,2018,5.44764763082e-05,6.16932808906e-05,4.79298410199e-05
6,Incidence,70,Australasia,2,Female,27,Age-standardized,559,Schizophrenia,2,Percent,2018,3.53742645053e-05,4.10428654986e-05,3.0489228813e-05
6,Incidence,70,Australasia,3,Both,27,Age-standardized,559,Schizophrenia,2,Percent,2018,4.45533438186e-05,5.07015253907e-05,3.8715719318e-05
6,Incidence,70,Australasia,1,Male,27,Age-standardized,559,Schizophrenia,3,Rate,2018,23.18310697057,25.78773348769,20.67125338969
6,Incidence,70,Australasia,2,Female,27,Age-standardized,559,Schizophrenia,3,Rate,2018,17.04785176802,19.647903468299997,14.96022180189
6,Incidence,70,Australasia,3,Both,27,Age-standardized,559,Schizophrenia,3,Rate,2018,20.216861164490002,22.55935914595,17.91606959925
6,Incidence,104,Caribbean,1,Male,22,All ages,559,Schizophrenia,1,Number,2018,3358.448932952712,4245.636848933596,2624.2121525692382
6,Incidence,104,Caribbean,2,Female,22,All ages,559,Schizophrenia,1,Number,2018,2552.459942910797,3224.888093469719,1992.6234102894705
6,Incidence,104,Caribbean,3,Both,22,All ages,559,Schizophrenia,1,Number,2018,5910.90887586351,7455.822556960219,4609.159705370128
6,Incidence,104,Caribbean,1,Male,22,All ages,559,Schizophrenia,2,Percent,2018,3.47860242599e-05,4.4047160074e-05,2.66029515883e-05
6,Incidence,104,Caribbean,2,Female,22,All ages,559,Schizophrenia,2,Percent,2018,2.403251343e-05,3.06909931728e-05,1.84578314718e-05
6,Incidence,104,Caribbean,3,Both,22,All ages,559,Schizophrenia,2,Percent,2018,2.91526427729e-05,3.68961958076e-05,2.2387226158e-05
6,Incidence,104,Caribbean,1,Male,22,All ages,559,Schizophrenia,3,Rate,2018,14.583017624359998,18.43535460287,11.39482327555
6,Incidence,104,Caribbean,2,Female,22,All ages,559,Schizophrenia,3,Rate,2018,10.85967321493,13.72058000247,8.47779771678
6,Incidence,104,Caribbean,3,Both,22,All ages,559,Schizophrenia,3,Rate,2018,12.70237583256,16.02235159573,9.90495371854
6,Incidence,104,Caribbean,1,Male,27,Age-standardized,559,Schizophrenia,2,Percent,2018,3.30172215001e-05,4.17993014764e-05,2.52619281192e-05
6,Incidence,104,Caribbean,2,Female,27,Age-standardized,559,Schizophrenia,2,Percent,2018,2.30892549582e-05,2.933193428e-05,1.76740746625e-05
6,Incidence,104,Caribbean,3,Both,27,Age-standardized,559,Schizophrenia,2,Percent,2018,2.78333970521e-05,3.53156154318e-05,2.13618366558e-05
6,Incidence,104,Caribbean,1,Male,27,Age-standardized,559,Schizophrenia,3,Rate,2018,14.05547664362,17.73414742902,10.99365331037
6,Incidence,104,Caribbean,2,Female,27,Age-standardized,559,Schizophrenia,3,Rate,2018,10.58586651417,13.36596045342,8.2933693413
6,Incidence,104,Caribbean,3,Both,27,Age-standardized,559,Schizophrenia,3,Rate,2018,12.31138998401,15.496473453419998,9.58050911738
6,Incidence,138,North Africa and Middle East,1,Male,22,All ages,559,Schizophrenia,1,Number,2018,49563.132926363774,62110.1564803605,38842.63070343947
6,Incidence,138,North Africa and Middle East,2,Female,22,All ages,559,Schizophrenia,1,Number,2018,40839.52947615176,51121.06493365818,32197.31376576172
6,Incidence,138,North Africa and Middle East,3,Both,22,All ages,559,Schizophrenia,1,Number,2018,90402.66240251546,113296.95410839532,70866.22457527324
6,Incidence,138,North Africa and Middle East,1,Male,22,All ages,559,Schizophrenia,2,Percent,2018,4.2177199477e-05,5.29246442222e-05,3.2642616489e-05
6,Incidence,138,North Africa and Middle East,2,Female,22,All ages,559,Schizophrenia,2,Percent,2018,3.35241121101e-05,4.19915172659e-05,2.60700351976e-05
6,Incidence,138,North Africa and Middle East,3,Both,22,All ages,559,Schizophrenia,2,Percent,2018,3.77722303085e-05,4.73647197497e-05,2.9173715813e-05
6,Incidence,138,North Africa and Middle East,1,Male,22,All ages,559,Schizophrenia,3,Rate,2018,16.010822982129998,20.064000439129998,12.547683078810001
6,Incidence,138,North Africa and Middle East,2,Female,22,All ages,559,Schizophrenia,3,Rate,2018,14.229396337439999,17.81171094437,11.21825702819
6,Incidence,138,North Africa and Middle East,3,Both,22,All ages,559,Schizophrenia,3,Rate,2018,15.15378121132,18.99144570348,11.87897827283
6,Incidence,138,North Africa and Middle East,1,Male,27,Age-standardized,559,Schizophrenia,2,Percent,2018,3.91901322859e-05,4.92783250286e-05,3.04060051748e-05
6,Incidence,138,North Africa and Middle East,2,Female,27,Age-standardized,559,Schizophrenia,2,Percent,2018,3.14246386883e-05,3.93613337094e-05,2.45225793574e-05
6,Incidence,138,North Africa and Middle East,3,Both,27,Age-standardized,559,Schizophrenia,2,Percent,2018,3.52640346832e-05,4.4343910549e-05,2.73552752882e-05
6,Incidence,138,North Africa and Middle East,1,Male,27,Age-standardized,559,Schizophrenia,3,Rate,2018,14.82347435064,18.543899337739997,11.65095576337
6,Incidence,138,North Africa and Middle East,2,Female,27,Age-standardized,559,Schizophrenia,3,Rate,2018,13.24136352271,16.521774463179998,10.48937223797
6,Incidence,138,North Africa and Middle East,3,Both,27,Age-standardized,559,Schizophrenia,3,Rate,2018,14.065250780609999,17.558465822349998,11.072646200429999
6,Incidence,65,High-income Asia Pacific,1,Male,22,All ages,559,Schizophrenia,1,Number,2018,12249.63838076622,14920.933167738523,10001.578217166549
6,Incidence,65,High-income Asia Pacific,2,Female,22,All ages,559,Schizophrenia,1,Number,2018,11589.92742870854,14217.608456367308,9565.869100176222
6,Incidence,65,High-income Asia Pacific,3,Both,22,All ages,559,Schizophrenia,1,Number,2018,23839.565809474792,29045.541366044105,19661.724843638327
6,Incidence,65,High-income Asia Pacific,1,Male,22,All ages,559,Schizophrenia,2,Percent,2018,3.30805385565e-05,4.07388890116e-05,2.674849958e-05
6,Incidence,65,High-income Asia Pacific,2,Female,22,All ages,559,Schizophrenia,2,Percent,2018,2.85580856667e-05,3.512059252e-05,2.31093720067e-05
6,Incidence,65,High-income Asia Pacific,3,Both,22,All ages,559,Schizophrenia,2,Percent,2018,3.07155266039e-05,3.76667739151e-05,2.49030071378e-05
6,Incidence,65,High-income Asia Pacific,1,Male,22,All ages,559,Schizophrenia,3,Rate,2018,13.32405766077,16.22965247624,10.87881949833
6,Incidence,65,High-income Asia Pacific,2,Female,22,All ages,559,Schizophrenia,3,Rate,2018,12.22719898795,14.99936292078,10.09184791708
6,Incidence,65,High-income Asia Pacific,3,Both,22,All ages,559,Schizophrenia,3,Rate,2018,12.767252175120001,15.55530642408,10.52981422912
6,Incidence,65,High-income Asia Pacific,1,Male,27,Age-standardized,559,Schizophrenia,2,Percent,2018,3.548363748e-05,4.39669348556e-05,2.81519994106e-05
6,Incidence,65,High-income Asia Pacific,2,Female,27,Age-standardized,559,Schizophrenia,2,Percent,2018,3.16649911954e-05,3.89536276057e-05,2.49219679743e-05
6,Incidence,65,High-income Asia Pacific,3,Both,27,Age-standardized,559,Schizophrenia,2,Percent,2018,3.3575868069e-05,4.15903626331e-05,2.65486067558e-05
6,Incidence,65,High-income Asia Pacific,1,Male,27,Age-standardized,559,Schizophrenia,3,Rate,2018,15.5251760105,19.11197579561,12.53290300336
6,Incidence,65,High-income Asia Pacific,2,Female,27,Age-standardized,559,Schizophrenia,3,Rate,2018,14.94485353904,18.34487509254,12.15853414898
6,Incidence,65,High-income Asia Pacific,3,Both,27,Age-standardized,559,Schizophrenia,3,Rate,2018,15.248539106329998,18.7015252437,12.3427506112
6,Incidence,124,Central Latin America,1,Male,22,All ages,559,Schizophrenia,1,Number,2018,19940.20570712945,24660.690722424857,15942.201335675947
6,Incidence,124,Central Latin America,2,Female,22,All ages,559,Schizophrenia,1,Number,2018,16336.2497755264,20296.40491890382,13032.457234359685
6,Incidence,124,Central Latin America,3,Both,22,All ages,559,Schizophrenia,1,Number,2018,36276.45548265585,44951.78456294186,28949.29679070531
6,Incidence,124,Central Latin America,1,Male,22,All ages,559,Schizophrenia,2,Percent,2018,3.96157177447e-05,4.90540859089e-05,3.11129035804e-05
6,Incidence,124,Central Latin America,2,Female,22,All ages,559,Schizophrenia,2,Percent,2018,2.90228435591e-05,3.57239679871e-05,2.2847629813e-05
6,Incidence,124,Central Latin America,3,Both,22,All ages,559,Schizophrenia,2,Percent,2018,3.4023101541e-05,4.19624797633e-05,2.6790662878e-05
6,Incidence,124,Central Latin America,1,Male,22,All ages,559,Schizophrenia,3,Rate,2018,16.31739224547,20.18024134115,13.045760724400001
6,Incidence,124,Central Latin America,2,Female,22,All ages,559,Schizophrenia,3,Rate,2018,12.80019130464,15.90315215109,10.211520273109999
6,Incidence,124,Central Latin America,3,Both,22,All ages,559,Schizophrenia,3,Rate,2018,14.52061864228,17.993150439969998,11.58772799236
6,Incidence,124,Central Latin America,1,Male,27,Age-standardized,559,Schizophrenia,2,Percent,2018,3.67780466829e-05,4.54094113951e-05,2.90775118241e-05
6,Incidence,124,Central Latin America,2,Female,27,Age-standardized,559,Schizophrenia,2,Percent,2018,2.69039137766e-05,3.29991369125e-05,2.11607313901e-05
6,Incidence,124,Central Latin America,3,Both,27,Age-standardized,559,Schizophrenia,2,Percent,2018,3.15462202513e-05,3.88474983402e-05,2.4860840134e-05
6,Incidence,124,Central Latin America,1,Male,27,Age-standardized,559,Schizophrenia,3,Rate,2018,15.271368379619998,18.912159513709998,12.2953924538
6,Incidence,124,Central Latin America,2,Female,27,Age-standardized,559,Schizophrenia,3,Rate,2018,11.99214369493,14.8788761015,9.589522869209999
6,Incidence,124,Central Latin America,3,Both,27,Age-standardized,559,Schizophrenia,3,Rate,2018,13.594449876779999,16.85081170246,10.89369022394
6,Incidence,167,Central Sub-Saharan Africa,1,Male,22,All ages,559,Schizophrenia,1,Number,2018,8219.519772498346,10492.134454959934,6258.201009186113
6,Incidence,167,Central Sub-Saharan Africa,2,Female,22,All ages,559,Schizophrenia,1,Number,2018,8593.711285673924,10999.670728751258,6560.541625605925
6,Incidence,167,Central Sub-Saharan Africa,3,Both,22,All ages,559,Schizophrenia,1,Number,2018,16813.231058172274,21471.420659789863,12840.753999720757
6,Incidence,167,Central Sub-Saharan Africa,1,Male,22,All ages,559,Schizophrenia,2,Percent,2018,2.3321157935e-05,2.97473884171e-05,1.78231587463e-05
6,Incidence,167,Central Sub-Saharan Africa,2,Female,22,All ages,559,Schizophrenia,2,Percent,2018,2.41067172042e-05,3.12059883846e-05,1.82263146903e-05
6,Incidence,167,Central Sub-Saharan Africa,3,Both,22,All ages,559,Schizophrenia,2,Percent,2018,2.37156869605e-05,3.03489216492e-05,1.80901058591e-05
6,Incidence,167,Central Sub-Saharan Africa,1,Male,22,All ages,559,Schizophrenia,3,Rate,2018,12.99237292297,16.5846335759,9.89216932239
6,Incidence,167,Central Sub-Saharan Africa,2,Female,22,All ages,559,Schizophrenia,3,Rate,2018,13.54500136389,17.33716086921,10.340415486709999
6,Incidence,167,Central Sub-Saharan Africa,3,Both,22,All ages,559,Schizophrenia,3,Rate,2018,13.26908279959,16.94534843267,10.13398480292
6,Incidence,167,Central Sub-Saharan Africa,1,Male,27,Age-standardized,559,Schizophrenia,2,Percent,2018,2.57291745586e-05,3.2378222743e-05,2.00839722331e-05
6,Incidence,167,Central Sub-Saharan Africa,2,Female,27,Age-standardized,559,Schizophrenia,2,Percent,2018,2.61333229046e-05,3.3314144171e-05,2.02035235202e-05
6,Incidence,167,Central Sub-Saharan Africa,3,Both,27,Age-standardized,559,Schizophrenia,2,Percent,2018,2.59344458572e-05,3.28322509166e-05,2.01751333434e-05
6,Incidence,167,Central Sub-Saharan Africa,1,Male,27,Age-standardized,559,Schizophrenia,3,Rate,2018,13.63102592679,17.14710155361,10.713985568590001
6,Incidence,167,Central Sub-Saharan Africa,2,Female,27,Age-standardized,559,Schizophrenia,3,Rate,2018,14.018743758,17.85697426854,10.945945515370001
6,Incidence,167,Central Sub-Saharan Africa,3,Both,27,Age-standardized,559,Schizophrenia,3,Rate,2018,13.823042664310002,17.616579856719998,10.90349258442
6,Incidence,120,Andean Latin America,1,Male,22,All ages,559,Schizophrenia,1,Number,2018,5058.875883753561,6467.671836130397,3864.022351569898
6,Incidence,120,Andean Latin America,2,Female,22,All ages,559,Schizophrenia,1,Number,2018,3909.070457388624,4993.444925778487,2978.5520362112684
6,Incidence,120,Andean Latin America,3,Both,22,All ages,559,Schizophrenia,1,Number,2018,8967.946341142177,11463.960292076254,6843.792407130579
6,Incidence,120,Andean Latin America,1,Male,22,All ages,559,Schizophrenia,2,Percent,2018,3.82499145419e-05,4.88785521226e-05,2.87802448653e-05
6,Incidence,120,Andean Latin America,2,Female,22,All ages,559,Schizophrenia,2,Percent,2018,2.67300868058e-05,3.42301496851e-05,2.01542424794e-05
6,Incidence,120,Andean Latin America,3,Both,22,All ages,559,Schizophrenia,2,Percent,2018,3.22002627982e-05,4.11226357904e-05,2.42814873179e-05
6,Incidence,120,Andean Latin America,1,Male,22,All ages,559,Schizophrenia,3,Rate,2018,16.19660365771,20.70703447269,12.37113540458
6,Incidence,120,Andean Latin America,2,Female,22,All ages,559,Schizophrenia,3,Rate,2018,12.52801070226,16.00327549816,9.54583249232
6,Incidence,120,Andean Latin America,3,Both,22,All ages,559,Schizophrenia,3,Rate,2018,14.363233604389999,18.36089707084,10.96114822103
6,Incidence,120,Andean Latin America,1,Male,27,Age-standardized,559,Schizophrenia,2,Percent,2018,3.56122397791e-05,4.53715260025e-05,2.67894035425e-05
6,Incidence,120,Andean Latin America,2,Female,27,Age-standardized,559,Schizophrenia,2,Percent,2018,2.47572825143e-05,3.15737013982e-05,1.8784523221e-05
6,Incidence,120,Andean Latin America,3,Both,27,Age-standardized,559,Schizophrenia,2,Percent,2018,2.98824827372e-05,3.80009419954e-05,2.2610884043e-05
6,Incidence,120,Andean Latin America,1,Male,27,Age-standardized,559,Schizophrenia,3,Rate,2018,15.12921839282,19.255869569239998,11.60156280995
6,Incidence,120,Andean Latin America,2,Female,27,Age-standardized,559,Schizophrenia,3,Rate,2018,11.64857879363,14.771270174300001,8.924545400829999
6,Incidence,120,Andean Latin America,3,Both,27,Age-standardized,559,Schizophrenia,3,Rate,2018,13.38467526333,16.94901505259,10.27733382738
6,Incidence,44634,High-middle SDI,1,Male,22,All ages,559,Schizophrenia,1,Number,2018,111663.75309454548,131420.9926733025,95806.08833756205
6,Incidence,44634,High-middle SDI,2,Female,22,All ages,559,Schizophrenia,1,Number,2018,93802.62567851826,110751.19458151796,80503.25523663194
6,Incidence,44634,High-middle SDI,3,Both,22,All ages,559,Schizophrenia,1,Number,2018,205466.37877306392,242319.6732956556,176270.3123037569
6,Incidence,44634,High-middle SDI,1,Male,22,All ages,559,Schizophrenia,2,Percent,2018,4.94990380751e-05,5.88719063407e-05,4.15383785424e-05
6,Incidence,44634,High-middle SDI,2,Female,22,All ages,559,Schizophrenia,2,Percent,2018,3.83285932005e-05,4.52453129134e-05,3.22935595473e-05
6,Incidence,44634,High-middle SDI,3,Both,22,All ages,559,Schizophrenia,2,Percent,2018,4.36861270352e-05,5.17061340672e-05,3.66867529782e-05
6,Incidence,44634,High-middle SDI,1,Male,22,All ages,559,Schizophrenia,3,Rate,2018,17.31242496254,20.37560095471,14.853841728699999
6,Incidence,44634,High-middle SDI,2,Female,22,All ages,559,Schizophrenia,3,Rate,2018,14.52346658075,17.14761459658,12.464324197889999
6,Incidence,44634,High-middle SDI,3,Both,22,All ages,559,Schizophrenia,3,Rate,2018,15.916997930119999,18.77193612554,13.65524721287
6,Incidence,44634,High-middle SDI,1,Male,27,Age-standardized,559,Schizophrenia,2,Percent,2018,4.74390249496e-05,5.58009336563e-05,3.99621073802e-05
6,Incidence,44634,High-middle SDI,2,Female,27,Age-standardized,559,Schizophrenia,2,Percent,2018,3.9334142737e-05,4.63062488211e-05,3.31809523346e-05
6,Incidence,44634,High-middle SDI,3,Both,27,Age-standardized,559,Schizophrenia,2,Percent,2018,4.33213643282e-05,5.09101265931e-05,3.6506437301e-05
6,Incidence,44634,High-middle SDI,1,Male,27,Age-standardized,559,Schizophrenia,3,Rate,2018,17.21671914025,20.080243231879997,14.740060872589998
6,Incidence,44634,High-middle SDI,2,Female,27,Age-standardized,559,Schizophrenia,3,Rate,2018,15.39021268163,18.0614880708,13.17183065922
6,Incidence,44634,High-middle SDI,3,Both,27,Age-standardized,559,Schizophrenia,3,Rate,2018,16.32485488728,19.095702980909998,13.95465514208
6,Incidence,159,South Asia,1,Male,22,All ages,559,Schizophrenia,1,Number,2018,173368.0846189471,212253.83381701092,139700.1862972604
6,Incidence,159,South Asia,2,Female,22,All ages,559,Schizophrenia,1,Number,2018,129175.30509371826,157659.4680505519,103611.77544206264
6,Incidence,159,South Asia,3,Both,22,All ages,559,Schizophrenia,1,Number,2018,302543.3897126648,370139.7885574354,243062.29981599175
6,Incidence,159,South Asia,1,Male,22,All ages,559,Schizophrenia,2,Percent,2018,4.10938990906e-05,5.0247666996e-05,3.29449756468e-05
6,Incidence,159,South Asia,2,Female,22,All ages,559,Schizophrenia,2,Percent,2018,2.92082925264e-05,3.58030603172e-05,2.3363591171e-05
6,Incidence,159,South Asia,3,Both,22,All ages,559,Schizophrenia,2,Percent,2018,3.50106998201e-05,4.28426327482e-05,2.80328764254e-05
6,Incidence,159,South Asia,1,Male,22,All ages,559,Schizophrenia,3,Rate,2018,19.02191081645,23.288447272120003,15.32787589266
6,Incidence,159,South Asia,2,Female,22,All ages,559,Schizophrenia,3,Rate,2018,14.78045689315,18.03966299617,11.8554345928
6,Incidence,159,South Asia,3,Both,22,All ages,559,Schizophrenia,3,Rate,2018,16.94567109889,20.73179362294,13.61409281866
6,Incidence,159,South Asia,1,Male,27,Age-standardized,559,Schizophrenia,2,Percent,2018,3.6707539245e-05,4.48456403129e-05,2.97618834767e-05
6,Incidence,159,South Asia,2,Female,27,Age-standardized,559,Schizophrenia,2,Percent,2018,2.60547452395e-05,3.17908672064e-05,2.10155253945e-05
6,Incidence,159,South Asia,3,Both,27,Age-standardized,559,Schizophrenia,2,Percent,2018,3.12347431972e-05,3.8031134356e-05,2.52150060903e-05
6,Incidence,159,South Asia,1,Male,27,Age-standardized,559,Schizophrenia,3,Rate,2018,17.14923747613,20.83261474906,13.971735240480001
6,Incidence,159,South Asia,2,Female,27,Age-standardized,559,Schizophrenia,3,Rate,2018,13.302708452810002,16.12494529983,10.80660481969
6,Incidence,159,South Asia,3,Both,27,Age-standardized,559,Schizophrenia,3,Rate,2018,15.26224064529,18.53963358908,12.414177334649999
6,Incidence,134,Tropical Latin America,1,Male,22,All ages,559,Schizophrenia,1,Number,2018,18017.6705768379,21687.14973699804,14798.661756197416
6,Incidence,134,Tropical Latin America,2,Female,22,All ages,559,Schizophrenia,1,Number,2018,14418.944443165865,17559.78451149085,11873.038031302996
6,Incidence,134,Tropical Latin America,3,Both,22,All ages,559,Schizophrenia,1,Number,2018,32436.6150200038,39197.39858167662,26662.06057717609
6,Incidence,134,Tropical Latin America,1,Male,22,All ages,559,Schizophrenia,2,Percent,2018,3.39875211852e-05,4.09267727392e-05,2.77403503213e-05
6,Incidence,134,Tropical Latin America,2,Female,22,All ages,559,Schizophrenia,2,Percent,2018,2.42424179073e-05,2.9182371576e-05,1.97583289891e-05
6,Incidence,134,Tropical Latin America,3,Both,22,All ages,559,Schizophrenia,2,Percent,2018,2.88346582173e-05,3.4583840906e-05,2.35128991631e-05
6,Incidence,134,Tropical Latin America,1,Male,22,All ages,559,Schizophrenia,3,Rate,2018,16.6219204212,20.00714107596,13.65227413848
6,Incidence,134,Tropical Latin America,2,Female,22,All ages,559,Schizophrenia,3,Rate,2018,12.739625129339998,15.51466356709,10.49023070041
6,Incidence,134,Tropical Latin America,3,Both,22,All ages,559,Schizophrenia,3,Rate,2018,14.63885529828,17.69004088597,12.03276132551
6,Incidence,134,Tropical Latin America,1,Male,27,Age-standardized,559,Schizophrenia,2,Percent,2018,3.07366043129e-05,3.69858560562e-05,2.50127639932e-05
6,Incidence,134,Tropical Latin America,2,Female,27,Age-standardized,559,Schizophrenia,2,Percent,2018,2.25673272705e-05,2.71539062103e-05,1.82857963283e-05
6,Incidence,134,Tropical Latin America,3,Both,27,Age-standardized,559,Schizophrenia,2,Percent,2018,2.64558572849e-05,3.18530401509e-05,2.14950460222e-05
6,Incidence,134,Tropical Latin America,1,Male,27,Age-standardized,559,Schizophrenia,3,Rate,2018,15.406091529230002,18.49236391182,12.723074130919999
6,Incidence,134,Tropical Latin America,2,Female,27,Age-standardized,559,Schizophrenia,3,Rate,2018,12.10735212773,14.64015525228,9.93452526807
6,Incidence,134,Tropical Latin America,3,Both,27,Age-standardized,559,Schizophrenia,3,Rate,2018,13.73878795221,16.55448824189,11.319461419160001
6,Incidence,174,Eastern Sub-Saharan Africa,1,Male,22,All ages,559,Schizophrenia,1,Number,2018,26483.172472083304,32982.381159989134,20642.20724303865
6,Incidence,174,Eastern Sub-Saharan Africa,2,Female,22,All ages,559,Schizophrenia,1,Number,2018,29207.1091945799,36777.22848301064,22443.52464935109
6,Incidence,174,Eastern Sub-Saharan Africa,3,Both,22,All ages,559,Schizophrenia,1,Number,2018,55690.28166666327,69709.2941173336,43078.10626758661
6,Incidence,174,Eastern Sub-Saharan Africa,1,Male,22,All ages,559,Schizophrenia,2,Percent,2018,2.38930103709e-05,2.9803364706e-05,1.86257380286e-05
6,Incidence,174,Eastern Sub-Saharan Africa,2,Female,22,All ages,559,Schizophrenia,2,Percent,2018,2.53783158071e-05,3.17820751336e-05,1.95916198953e-05
6,Incidence,174,Eastern Sub-Saharan Africa,3,Both,22,All ages,559,Schizophrenia,2,Percent,2018,2.46493713148e-05,3.07572963227e-05,1.90893709744e-05
6,Incidence,174,Eastern Sub-Saharan Africa,1,Male,22,All ages,559,Schizophrenia,3,Rate,2018,13.43923403601,16.73734292753,10.475159441399999
6,Incidence,174,Eastern Sub-Saharan Africa,2,Female,22,All ages,559,Schizophrenia,3,Rate,2018,14.586805672429998,18.36752420372,11.2088920024
6,Incidence,174,Eastern Sub-Saharan Africa,3,Both,22,All ages,559,Schizophrenia,3,Rate,2018,14.01759958857,17.54627456164,10.84303448683
6,Incidence,174,Eastern Sub-Saharan Africa,1,Male,27,Age-standardized,559,Schizophrenia,2,Percent,2018,2.56376813345e-05,3.17741841902e-05,2.05750884517e-05
6,Incidence,174,Eastern Sub-Saharan Africa,2,Female,27,Age-standardized,559,Schizophrenia,2,Percent,2018,2.56280788169e-05,3.19627318495e-05,2.03459633807e-05
6,Incidence,174,Eastern Sub-Saharan Africa,3,Both,27,Age-standardized,559,Schizophrenia,2,Percent,2018,2.56360479131e-05,3.19336872616e-05,2.04546576653e-05
6,Incidence,174,Eastern Sub-Saharan Africa,1,Male,27,Age-standardized,559,Schizophrenia,3,Rate,2018,13.962188417190001,17.31327716609,11.36368278506
6,Incidence,174,Eastern Sub-Saharan Africa,2,Female,27,Age-standardized,559,Schizophrenia,3,Rate,2018,14.434790440649998,18.02622219477,11.56297823711
6,Incidence,174,Eastern Sub-Saharan Africa,3,Both,27,Age-standardized,559,Schizophrenia,3,Rate,2018,14.209167021519999,17.720094494450002,11.5024634783
6,Incidence,44635,High SDI,1,Male,22,All ages,559,Schizophrenia,1,Number,2018,82999.0135548052,99830.83132610106,68797.98718607024
6,Incidence,44635,High SDI,2,Female,22,All ages,559,Schizophrenia,1,Number,2018,71566.41973960125,86278.14897740225,59966.89888999217
6,Incidence,44635,High SDI,3,Both,22,All ages,559,Schizophrenia,1,Number,2018,154565.43329440648,186300.9147818117,128896.72914454446
6,Incidence,44635,High SDI,1,Male,22,All ages,559,Schizophrenia,2,Percent,2018,3.91350940434e-05,4.72266720572e-05,3.2202137057e-05
6,Incidence,44635,High SDI,2,Female,22,All ages,559,Schizophrenia,2,Percent,2018,2.99595569168e-05,3.60602260981e-05,2.48223030071e-05
6,Incidence,44635,High SDI,3,Both,22,All ages,559,Schizophrenia,2,Percent,2018,3.42745557059e-05,4.12463507112e-05,2.82908538967e-05
6,Incidence,44635,High SDI,1,Male,22,All ages,559,Schizophrenia,3,Rate,2018,15.37516923017,18.493182753480003,12.744497197940001
6,Incidence,44635,High SDI,2,Female,22,All ages,559,Schizophrenia,3,Rate,2018,13.1917950799,15.90359927636,11.05366238261
6,Incidence,44635,High SDI,3,Both,22,All ages,559,Schizophrenia,3,Rate,2018,14.28077695342,17.212915938000002,11.90916623274
6,Incidence,44635,High SDI,1,Male,27,Age-standardized,559,Schizophrenia,2,Percent,2018,3.99041977381e-05,4.79417347011e-05,3.23529643854e-05
6,Incidence,44635,High SDI,2,Female,27,Age-standardized,559,Schizophrenia,2,Percent,2018,3.24660463616e-05,3.89660909294e-05,2.64043179331e-05
6,Incidence,44635,High SDI,3,Both,27,Age-standardized,559,Schizophrenia,2,Percent,2018,3.60879800261e-05,4.33697338494e-05,2.92655753788e-05
6,Incidence,44635,High SDI,1,Male,27,Age-standardized,559,Schizophrenia,3,Rate,2018,16.40729935447,19.68648592737,13.599535683430002
6,Incidence,44635,High SDI,2,Female,27,Age-standardized,559,Schizophrenia,3,Rate,2018,14.924470814240001,17.872623845350002,12.32187746246
6,Incidence,44635,High SDI,3,Both,27,Age-standardized,559,Schizophrenia,3,Rate,2018,15.689316249629998,18.78611665365,12.98456685616
6,Incidence,44636,Low-middle SDI,1,Male,22,All ages,559,Schizophrenia,1,Number,2018,165101.7312986289,203084.4615201933,132118.8039382667
6,Incidence,44636,Low-middle SDI,2,Female,22,All ages,559,Schizophrenia,1,Number,2018,136617.98092649208,168304.82273637215,108793.52537068604
6,Incidence,44636,Low-middle SDI,3,Both,22,All ages,559,Schizophrenia,1,Number,2018,301719.7122251209,371384.7209102204,240770.60586663437
6,Incidence,44636,Low-middle SDI,1,Male,22,All ages,559,Schizophrenia,2,Percent,2018,3.85023674221e-05,4.7129520333e-05,3.05488495443e-05
6,Incidence,44636,Low-middle SDI,2,Female,22,All ages,559,Schizophrenia,2,Percent,2018,3.00023831791e-05,3.6836558049e-05,2.3723870931e-05
6,Incidence,44636,Low-middle SDI,3,Both,22,All ages,559,Schizophrenia,2,Percent,2018,3.41245253287e-05,4.16825779252e-05,2.70311467116e-05
6,Incidence,44636,Low-middle SDI,1,Male,22,All ages,559,Schizophrenia,3,Rate,2018,17.68777378872,21.756961523770002,14.15422781406
6,Incidence,44636,Low-middle SDI,2,Female,22,All ages,559,Schizophrenia,3,Rate,2018,14.84267855949,18.28525328033,11.819727648439999
6,Incidence,44636,Low-middle SDI,3,Both,22,All ages,559,Schizophrenia,3,Rate,2018,16.275188346670003,20.0330175225,12.987507279259999
6,Incidence,44636,Low-middle SDI,1,Male,27,Age-standardized,559,Schizophrenia,2,Percent,2018,3.57298696386e-05,4.37516613369e-05,2.86684360284e-05
6,Incidence,44636,Low-middle SDI,2,Female,27,Age-standardized,559,Schizophrenia,2,Percent,2018,2.7595157281e-05,3.3822028152e-05,2.19840883667e-05
6,Incidence,44636,Low-middle SDI,3,Both,27,Age-standardized,559,Schizophrenia,2,Percent,2018,3.15124777926e-05,3.85067616717e-05,2.51663612354e-05
6,Incidence,44636,Low-middle SDI,1,Male,27,Age-standardized,559,Schizophrenia,3,Rate,2018,16.40408932412,19.88552641355,13.326617357790001
6,Incidence,44636,Low-middle SDI,2,Female,27,Age-standardized,559,Schizophrenia,3,Rate,2018,13.67792762346,16.69270290148,11.0794082444
6,Incidence,44636,Low-middle SDI,3,Both,27,Age-standardized,559,Schizophrenia,3,Rate,2018,15.045270808229999,18.30503835959,12.20287467409
6,Incidence,199,Western Sub-Saharan Africa,1,Male,22,All ages,559,Schizophrenia,1,Number,2018,26983.059973716383,33352.24057919806,21301.021032793964
6,Incidence,199,Western Sub-Saharan Africa,2,Female,22,All ages,559,Schizophrenia,1,Number,2018,37318.443509107856,46264.90855330301,29457.97122331995
6,Incidence,199,Western Sub-Saharan Africa,3,Both,22,All ages,559,Schizophrenia,1,Number,2018,64301.50348282426,79755.65393711787,50761.03457111021
6,Incidence,199,Western Sub-Saharan Africa,1,Male,22,All ages,559,Schizophrenia,2,Percent,2018,2.30424343605e-05,2.84127871733e-05,1.79536383253e-05
6,Incidence,199,Western Sub-Saharan Africa,2,Female,22,All ages,559,Schizophrenia,2,Percent,2018,2.96153561064e-05,3.67853427248e-05,2.31319560723e-05
6,Incidence,199,Western Sub-Saharan Africa,3,Both,22,All ages,559,Schizophrenia,2,Percent,2018,2.64491283813e-05,3.27181259506e-05,2.05947917903e-05
6,Incidence,199,Western Sub-Saharan Africa,1,Male,22,All ages,559,Schizophrenia,3,Rate,2018,12.247246253210001,15.13813125226,9.66824556917
6,Incidence,199,Western Sub-Saharan Africa,2,Female,22,All ages,559,Schizophrenia,3,Rate,2018,16.24200973433,20.13575659706,12.82091669353
6,Incidence,199,Western Sub-Saharan Africa,3,Both,22,All ages,559,Schizophrenia,3,Rate,2018,14.286545327839999,17.72015743658,11.27811609385
6,Incidence,199,Western Sub-Saharan Africa,1,Male,27,Age-standardized,559,Schizophrenia,2,Percent,2018,2.61297966287e-05,3.22072348466e-05,2.0867682611e-05
6,Incidence,199,Western Sub-Saharan Africa,2,Female,27,Age-standardized,559,Schizophrenia,2,Percent,2018,3.09336814897e-05,3.81911399566e-05,2.45224330529e-05
6,Incidence,199,Western Sub-Saharan Africa,3,Both,27,Age-standardized,559,Schizophrenia,2,Percent,2018,2.87133115246e-05,3.54869571735e-05,2.28377773941e-05
6,Incidence,199,Western Sub-Saharan Africa,1,Male,27,Age-standardized,559,Schizophrenia,3,Rate,2018,13.28337457412,16.294550379780002,10.80635231171
6,Incidence,199,Western Sub-Saharan Africa,2,Female,27,Age-standardized,559,Schizophrenia,3,Rate,2018,16.52680145521,20.28475713062,13.430925260950001
6,Incidence,199,Western Sub-Saharan Africa,3,Both,27,Age-standardized,559,Schizophrenia,3,Rate,2018,14.98525547464,18.39962008913,12.221816411499999
6,Incidence,192,Southern Sub-Saharan Africa,1,Male,22,All ages,559,Schizophrenia,1,Number,2018,5741.854026997817,7070.187041534743,4660.292776783648
6,Incidence,192,Southern Sub-Saharan Africa,2,Female,22,All ages,559,Schizophrenia,1,Number,2018,6127.147226762791,7521.935265505075,4951.038610288432
6,Incidence,192,Southern Sub-Saharan Africa,3,Both,22,All ages,559,Schizophrenia,1,Number,2018,11869.001253760602,14582.367516097143,9636.91977308266
6,Incidence,192,Southern Sub-Saharan Africa,1,Male,22,All ages,559,Schizophrenia,2,Percent,2018,2.58623393733e-05,3.20238644831e-05,2.04582777605e-05
6,Incidence,192,Southern Sub-Saharan Africa,2,Female,22,All ages,559,Schizophrenia,2,Percent,2018,2.58189457719e-05,3.15557897699e-05,2.06280150876e-05
6,Incidence,192,Southern Sub-Saharan Africa,3,Both,22,All ages,559,Schizophrenia,2,Percent,2018,2.58394779264e-05,3.17530402836e-05,2.05914300374e-05
6,Incidence,192,Southern Sub-Saharan Africa,1,Male,22,All ages,559,Schizophrenia,3,Rate,2018,15.08833724102,18.57890603596,12.246230699589999
6,Incidence,192,Southern Sub-Saharan Africa,2,Female,22,All ages,559,Schizophrenia,3,Rate,2018,15.339583343140001,18.83149672052,12.395143545089999
6,Incidence,192,Southern Sub-Saharan Africa,3,Both,22,All ages,559,Schizophrenia,3,Rate,2018,15.21700181968,18.695752766680002,12.355296169230002
6,Incidence,192,Southern Sub-Saharan Africa,1,Male,27,Age-standardized,559,Schizophrenia,2,Percent,2018,2.35470212389e-05,2.89058750289e-05,1.89090652976e-05
6,Incidence,192,Southern Sub-Saharan Africa,2,Female,27,Age-standardized,559,Schizophrenia,2,Percent,2018,2.38852151257e-05,2.90990052666e-05,1.92100802608e-05
6,Incidence,192,Southern Sub-Saharan Africa,3,Both,27,Age-standardized,559,Schizophrenia,2,Percent,2018,2.36971989604e-05,2.89825214591e-05,1.91127164633e-05
6,Incidence,192,Southern Sub-Saharan Africa,1,Male,27,Age-standardized,559,Schizophrenia,3,Rate,2018,13.63084217449,16.59982901902,11.22970623322
6,Incidence,192,Southern Sub-Saharan Africa,2,Female,27,Age-standardized,559,Schizophrenia,3,Rate,2018,14.14200585136,17.15848308459,11.59005719478
6,Incidence,192,Southern Sub-Saharan Africa,3,Both,27,Age-standardized,559,Schizophrenia,3,Rate,2018,13.88058866705,16.81990125934,11.422728679099999
6,Incidence,44639,Middle SDI,1,Male,22,All ages,559,Schizophrenia,1,Number,2018,212485.14864028603,254397.9647442593,174769.88644868555
6,Incidence,44639,Middle SDI,2,Female,22,All ages,559,Schizophrenia,1,Number,2018,177579.30089091734,213657.58441594665,145299.42751712567
6,Incidence,44639,Middle SDI,3,Both,22,All ages,559,Schizophrenia,1,Number,2018,390064.4495312035,468828.4076496727,319784.48592848383
6,Incidence,44639,Middle SDI,1,Male,22,All ages,559,Schizophrenia,2,Percent,2018,4.43432327386e-05,5.31519886012e-05,3.5977975081e-05
6,Incidence,44639,Middle SDI,2,Female,22,All ages,559,Schizophrenia,2,Percent,2018,3.53077908633e-05,4.24159250929e-05,2.8551600491e-05
6,Incidence,44639,Middle SDI,3,Both,22,All ages,559,Schizophrenia,2,Percent,2018,3.97159484529e-05,4.75402499059e-05,3.21686975395e-05
6,Incidence,44639,Middle SDI,1,Male,22,All ages,559,Schizophrenia,3,Rate,2018,17.66339505346,21.14750974753,14.528213230650001
6,Incidence,44639,Middle SDI,2,Female,22,All ages,559,Schizophrenia,3,Rate,2018,14.994440986790002,18.04081908664,12.268793042819999
6,Incidence,44639,Middle SDI,3,Both,22,All ages,559,Schizophrenia,3,Rate,2018,16.33935337237,19.638685434680003,13.395406130620001
6,Incidence,44639,Middle SDI,1,Male,27,Age-standardized,559,Schizophrenia,2,Percent,2018,4.17077580784e-05,5.02331702415e-05,3.37342922236e-05
6,Incidence,44639,Middle SDI,2,Female,27,Age-standardized,559,Schizophrenia,2,Percent,2018,3.35858420932e-05,4.04241953244e-05,2.72010720611e-05
6,Incidence,44639,Middle SDI,3,Both,27,Age-standardized,559,Schizophrenia,2,Percent,2018,3.75546245195e-05,4.51639139122e-05,3.04185798735e-05
6,Incidence,44639,Middle SDI,1,Male,27,Age-standardized,559,Schizophrenia,3,Rate,2018,16.92106858574,20.31838102487,13.994475663600001
6,Incidence,44639,Middle SDI,2,Female,27,Age-standardized,559,Schizophrenia,3,Rate,2018,14.513437443270002,17.536484892849998,12.012604612350001
6,Incidence,44639,Middle SDI,3,Both,27,Age-standardized,559,Schizophrenia,3,Rate,2018,15.730435061469999,18.94116844142,13.014321543590002
6,Incidence,44637,Low SDI,1,Male,22,All ages,559,Schizophrenia,1,Number,2018,75062.06541339608,93470.50314704014,59291.128102044415
6,Incidence,44637,Low SDI,2,Female,22,All ages,559,Schizophrenia,1,Number,2018,75025.30905682717,93996.39276925789,58155.48264685621
6,Incidence,44637,Low SDI,3,Both,22,All ages,559,Schizophrenia,1,Number,2018,150087.37447022347,187451.72618233936,117182.89233974884
6,Incidence,44637,Low SDI,1,Male,22,All ages,559,Schizophrenia,2,Percent,2018,2.7177069222e-05,3.36523740467e-05,2.12379044094e-05
6,Incidence,44637,Low SDI,2,Female,22,All ages,559,Schizophrenia,2,Percent,2018,2.64340590048e-05,3.27766928468e-05,2.04850916608e-05
6,Incidence,44637,Low SDI,3,Both,22,All ages,559,Schizophrenia,2,Percent,2018,2.68003450355e-05,3.31678852294e-05,2.08628540813e-05
6,Incidence,44637,Low SDI,1,Male,22,All ages,559,Schizophrenia,3,Rate,2018,14.38615903861,17.91426223468,11.3635508663
6,Incidence,44637,Low SDI,2,Female,22,All ages,559,Schizophrenia,3,Rate,2018,14.43344807409,18.0831251646,11.18801307931
6,Incidence,44637,Low SDI,3,Both,22,All ages,559,Schizophrenia,3,Rate,2018,14.409758968410001,17.99707804894,11.25062810778
6,Incidence,44637,Low SDI,1,Male,27,Age-standardized,559,Schizophrenia,2,Percent,2018,2.88159773494e-05,3.55854573851e-05,2.30673380539e-05
6,Incidence,44637,Low SDI,2,Female,27,Age-standardized,559,Schizophrenia,2,Percent,2018,2.68068483872e-05,3.33939659363e-05,2.12431224959e-05
6,Incidence,44637,Low SDI,3,Both,27,Age-standardized,559,Schizophrenia,2,Percent,2018,2.7779240318e-05,3.44153724151e-05,2.207615372e-05
6,Incidence,44637,Low SDI,1,Male,27,Age-standardized,559,Schizophrenia,3,Rate,2018,14.78659664074,18.049837563620002,11.947697743780001
6,Incidence,44637,Low SDI,2,Female,27,Age-standardized,559,Schizophrenia,3,Rate,2018,14.362981473340001,17.769175073819998,11.59760377749
6,Incidence,44637,Low SDI,3,Both,27,Age-standardized,559,Schizophrenia,3,Rate,2018,14.574189317500002,17.90399163509,11.77115817143
