measure_id,measure_name,location_id,location_name,sex_id,sex_name,age_id,age_name,cause_id,cause_name,metric_id,metric_name,year,val,upper,lower
2,DALYs (Disability-Adjusted Life Years),1,Global,3,Both,22,All ages,559,Schizophrenia,1,Number,1990,8762311.798113562,11263749.704158926,6477261.1717657
2,DALYs (Disability-Adjusted Life Years),1,Global,3,Both,22,All ages,559,Schizophrenia,3,Rate,1990,164.2844104064559,211.1838201776873,121.44204145774079
2,DALYs (Disability-Adjusted Life Years),1,Global,3,Both,27,Age-standardized,559,Schizophrenia,3,Rate,1990,176.6127774209845,226.01956600484394,130.8525308888481
2,DALYs (Disability-Adjusted Life Years),134,Tropical Latin America,3,Both,22,All ages,559,Schizophrenia,1,Number,1990,207296.8636061295,266944.7769628833,153327.28699922495
2,DALYs (Disability-Adjusted Life Years),134,Tropical Latin America,3,Both,22,All ages,559,Schizophrenia,3,Rate,1990,135.88640030247535,174.98655884131182,100.50848206780657
2,DALYs (Disability-Adjusted Life Years),134,Tropical Latin America,3,Both,27,Age-standardized,559,Schizophrenia,3,Rate,1990,152.15209369741987,195.7486347391421,112.3123138595575
2,DALYs (Disability-Adjusted Life Years),124,Central Latin America,3,Both,22,All ages,559,Schizophrenia,1,Number,1990,206522.37909447734,274689.1078902343,150230.73839595125
2,DALYs (Disability-Adjusted Life Years),124,Central Latin America,3,Both,22,All ages,559,Schizophrenia,3,Rate,1990,125.6157923815873,167.07772831939943,91.37679570815583
2,DALYs (Disability-Adjusted Life Years),124,Central Latin America,3,Both,27,Age-standardized,559,Schizophrenia,3,Rate,1990,154.8190916610677,204.8026580070968,111.5000760519767
2,DALYs (Disability-Adjusted Life Years),100,High-income North America,3,Both,22,All ages,559,Schizophrenia,1,Number,1990,718244.9536602908,907333.0414844919,533903.9623259195
2,DALYs (Disability-Adjusted Life Years),100,High-income North America,3,Both,22,All ages,559,Schizophrenia,3,Rate,1990,255.2313695092596,322.42461795091106,189.72502179989715
2,DALYs (Disability-Adjusted Life Years),100,High-income North America,3,Both,27,Age-standardized,559,Schizophrenia,3,Rate,1990,230.04631524326228,290.8668578601438,170.4740052920328
2,DALYs (Disability-Adjusted Life Years),5,East Asia,3,Both,22,All ages,559,Schizophrenia,1,Number,1990,2406751.2149349647,3020636.238132297,1820500.071219271
2,DALYs (Disability-Adjusted Life Years),5,East Asia,3,Both,22,All ages,559,Schizophrenia,3,Rate,1990,197.68954420219598,248.11380478856293,149.53511898782963
2,DALYs (Disability-Adjusted Life Years),5,East Asia,3,Both,27,Age-standardized,559,Schizophrenia,3,Rate,1990,195.28363086425912,244.06499374098803,147.49411169716146
2,DALYs (Disability-Adjusted Life Years),5,East Asia,3,Both,22,All ages,559,Schizophrenia,1,Number,1991,2469630.2873780015,3104638.58463946,1869330.976574011
2,DALYs (Disability-Adjusted Life Years),5,East Asia,3,Both,22,All ages,559,Schizophrenia,3,Rate,1991,200.08225661362454,251.52878030334628,151.44775396635328
2,DALYs (Disability-Adjusted Life Years),5,East Asia,3,Both,27,Age-standardized,559,Schizophrenia,3,Rate,1991,195.25912380203644,243.6070876595423,147.8531762968242
2,DALYs (Disability-Adjusted Life Years),21,Oceania,3,Both,22,All ages,559,Schizophrenia,1,Number,1990,9356.715259649816,12927.58954490296,6534.732367149789
2,DALYs (Disability-Adjusted Life Years),21,Oceania,3,Both,22,All ages,559,Schizophrenia,3,Rate,1990,142.85175586816757,197.36935605983902,99.76770339496595
2,DALYs (Disability-Adjusted Life Years),21,Oceania,3,Both,27,Age-standardized,559,Schizophrenia,3,Rate,1990,176.00908769910075,239.71842247294822,123.115059990455
2,DALYs (Disability-Adjusted Life Years),174,Eastern Sub-Saharan Africa,3,Both,22,All ages,559,Schizophrenia,1,Number,1990,179220.9202266536,238903.5654756445,128318.13317842594
2,DALYs (Disability-Adjusted Life Years),174,Eastern Sub-Saharan Africa,3,Both,22,All ages,559,Schizophrenia,3,Rate,1990,93.91904705686004,125.19517910957453,67.2439175794429
2,DALYs (Disability-Adjusted Life Years),174,Eastern Sub-Saharan Africa,3,Both,27,Age-standardized,559,Schizophrenia,3,Rate,1990,135.56038099331565,180.06777559226944,96.62111868624147
2,DALYs (Disability-Adjusted Life Years),138,North Africa and Middle East,3,Both,22,All ages,559,Schizophrenia,1,Number,1990,418311.12118721195,560220.3327741993,300207.09612119815
2,DALYs (Disability-Adjusted Life Years),138,North Africa and Middle East,3,Both,22,All ages,559,Schizophrenia,3,Rate,1990,123.32582011154352,165.1632683980673,88.50657909207786
2,DALYs (Disability-Adjusted Life Years),138,North Africa and Middle East,3,Both,27,Age-standardized,559,Schizophrenia,3,Rate,1990,155.4720307547709,207.69819168927356,111.33083147013834
2,DALYs (Disability-Adjusted Life Years),199,Western Sub-Saharan Africa,3,Both,22,All ages,559,Schizophrenia,1,Number,1990,207224.6480798009,275372.67218593706,148970.40086209396
2,DALYs (Disability-Adjusted Life Years),199,Western Sub-Saharan Africa,3,Both,22,All ages,559,Schizophrenia,3,Rate,1990,107.28203052705013,142.56286449279148,77.1232922386701
2,DALYs (Disability-Adjusted Life Years),199,Western Sub-Saharan Africa,3,Both,27,Age-standardized,559,Schizophrenia,3,Rate,1990,147.3845422957126,194.73399683744464,105.47939763270838
2,DALYs (Disability-Adjusted Life Years),65,High-income Asia Pacific,3,Both,22,All ages,559,Schizophrenia,1,Number,1991,355416.90880426386,459589.55281965644,261473.03928357462
2,DALYs (Disability-Adjusted Life Years),65,High-income Asia Pacific,3,Both,22,All ages,559,Schizophrenia,3,Rate,1991,204.0070772358141,263.80152175170804,150.08388514679265
2,DALYs (Disability-Adjusted Life Years),65,High-income Asia Pacific,3,Both,27,Age-standardized,559,Schizophrenia,3,Rate,1991,178.73012211004848,232.25268690471412,131.5787121023837
2,DALYs (Disability-Adjusted Life Years),192,Southern Sub-Saharan Africa,3,Both,22,All ages,559,Schizophrenia,1,Number,1990,60025.247699266736,78352.4727577231,43878.51216317616
2,DALYs (Disability-Adjusted Life Years),192,Southern Sub-Saharan Africa,3,Both,22,All ages,559,Schizophrenia,3,Rate,1990,114.51237053250993,149.47589117038146,83.70864987378064
2,DALYs (Disability-Adjusted Life Years),192,Southern Sub-Saharan Africa,3,Both,27,Age-standardized,559,Schizophrenia,3,Rate,1990,141.6635625124908,184.10494820863093,103.60332890917103
2,DALYs (Disability-Adjusted Life Years),9,Southeast Asia,3,Both,22,All ages,559,Schizophrenia,1,Number,1990,743647.5258223285,992006.2621998929,543820.8548920695
2,DALYs (Disability-Adjusted Life Years),9,Southeast Asia,3,Both,22,All ages,559,Schizophrenia,3,Rate,1990,159.75001680632303,213.10232543726988,116.82334397948783
2,DALYs (Disability-Adjusted Life Years),9,Southeast Asia,3,Both,27,Age-standardized,559,Schizophrenia,3,Rate,1990,181.45565051420678,237.19256123195123,132.1598571762224
2,DALYs (Disability-Adjusted Life Years),167,Central Sub-Saharan Africa,3,Both,22,All ages,559,Schizophrenia,1,Number,1990,53272.7519426088,72947.04968636553,36839.10723191792
2,DALYs (Disability-Adjusted Life Years),167,Central Sub-Saharan Africa,3,Both,22,All ages,559,Schizophrenia,3,Rate,1990,96.92528245460524,132.72100909482046,67.0256508932712
2,DALYs (Disability-Adjusted Life Years),167,Central Sub-Saharan Africa,3,Both,27,Age-standardized,559,Schizophrenia,3,Rate,1990,134.53912061292178,182.49060881266888,93.38900606529766
2,DALYs (Disability-Adjusted Life Years),65,High-income Asia Pacific,3,Both,22,All ages,559,Schizophrenia,1,Number,1990,351503.76784151164,455383.3420504089,257850.5889615569
2,DALYs (Disability-Adjusted Life Years),65,High-income Asia Pacific,3,Both,22,All ages,559,Schizophrenia,3,Rate,1990,202.73596780806244,262.65033556023434,148.71985305878883
2,DALYs (Disability-Adjusted Life Years),65,High-income Asia Pacific,3,Both,27,Age-standardized,559,Schizophrenia,3,Rate,1990,178.60132123225472,232.88290625483762,130.93510675811615
2,DALYs (Disability-Adjusted Life Years),44639,Middle SDI,3,Both,22,All ages,559,Schizophrenia,1,Number,1990,2801552.418652457,3596383.47398396,2077439.1790063067
2,DALYs (Disability-Adjusted Life Years),44639,Middle SDI,3,Both,22,All ages,559,Schizophrenia,3,Rate,1990,162.60614158592642,208.73928200465613,120.57756514873051
2,DALYs (Disability-Adjusted Life Years),44639,Middle SDI,3,Both,27,Age-standardized,559,Schizophrenia,3,Rate,1990,178.26261651087907,227.98466340754374,132.35193275950604
2,DALYs (Disability-Adjusted Life Years),70,Australasia,3,Both,22,All ages,559,Schizophrenia,1,Number,1991,55065.82912310049,67613.87328817259,41562.34808131876
2,DALYs (Disability-Adjusted Life Years),70,Australasia,3,Both,22,All ages,559,Schizophrenia,3,Rate,1991,268.10519590552553,329.1992699017081,202.35927892277962
2,DALYs (Disability-Adjusted Life Years),70,Australasia,3,Both,27,Age-standardized,559,Schizophrenia,3,Rate,1991,245.88121971632913,302.2738459561987,185.46902363534815
2,DALYs (Disability-Adjusted Life Years),32,Central Asia,3,Both,22,All ages,559,Schizophrenia,1,Number,1991,84597.05814370449,116563.22076583529,59378.62684999197
2,DALYs (Disability-Adjusted Life Years),32,Central Asia,3,Both,22,All ages,559,Schizophrenia,3,Rate,1991,120.66488353206285,166.2597703331404,84.69461291404599
2,DALYs (Disability-Adjusted Life Years),32,Central Asia,3,Both,27,Age-standardized,559,Schizophrenia,3,Rate,1991,137.14120070699968,187.42741971740574,97.75084853821808
2,DALYs (Disability-Adjusted Life Years),44636,Low-middle SDI,3,Both,22,All ages,559,Schizophrenia,1,Number,1990,1609237.2653018958,2103025.302168764,1180195.0618789212
2,DALYs (Disability-Adjusted Life Years),44636,Low-middle SDI,3,Both,22,All ages,559,Schizophrenia,3,Rate,1990,138.5588934733403,181.0751373323903,101.6174093047527
2,DALYs (Disability-Adjusted Life Years),44636,Low-middle SDI,3,Both,27,Age-standardized,559,Schizophrenia,3,Rate,1990,171.40020042615174,223.05312096509078,125.35487566937104
2,DALYs (Disability-Adjusted Life Years),42,Central Europe,3,Both,22,All ages,559,Schizophrenia,1,Number,1991,191156.58997838083,254660.0181915608,136070.92824525438
2,DALYs (Disability-Adjusted Life Years),42,Central Europe,3,Both,22,All ages,559,Schizophrenia,3,Rate,1991,152.7688426821542,203.51961844967533,108.74539158218376
2,DALYs (Disability-Adjusted Life Years),42,Central Europe,3,Both,27,Age-standardized,559,Schizophrenia,3,Rate,1991,140.2355765923358,188.03410602385836,99.80935771787708
2,DALYs (Disability-Adjusted Life Years),1,Global,3,Both,22,All ages,559,Schizophrenia,1,Number,1991,8955370.494530078,11493331.772385934,6617352.793389881
2,DALYs (Disability-Adjusted Life Years),1,Global,3,Both,22,All ages,559,Schizophrenia,3,Rate,1991,165.33457891359856,212.1905699001933,122.16995804764326
2,DALYs (Disability-Adjusted Life Years),1,Global,3,Both,27,Age-standardized,559,Schizophrenia,3,Rate,1991,176.6693942785131,226.26713001068416,130.8755173458903
2,DALYs (Disability-Adjusted Life Years),96,Southern Latin America,3,Both,22,All ages,559,Schizophrenia,1,Number,1990,84968.56864981657,114349.50812537472,59895.24411057033
2,DALYs (Disability-Adjusted Life Years),96,Southern Latin America,3,Both,22,All ages,559,Schizophrenia,3,Rate,1990,171.5205897203827,230.83000431292191,120.90668060598757
2,DALYs (Disability-Adjusted Life Years),96,Southern Latin America,3,Both,27,Age-standardized,559,Schizophrenia,3,Rate,1990,177.36254216670514,238.438863826665,124.80653975832064
2,DALYs (Disability-Adjusted Life Years),44634,High-middle SDI,3,Both,22,All ages,559,Schizophrenia,1,Number,1990,1899957.684486301,2407953.2076317808,1421043.176490305
2,DALYs (Disability-Adjusted Life Years),44634,High-middle SDI,3,Both,22,All ages,559,Schizophrenia,3,Rate,1990,178.6459997029723,226.41094142665926,133.61543836374253
2,DALYs (Disability-Adjusted Life Years),44634,High-middle SDI,3,Both,27,Age-standardized,559,Schizophrenia,3,Rate,1990,171.34892518853516,216.45838043862358,127.9205932025986
2,DALYs (Disability-Adjusted Life Years),159,South Asia,3,Both,22,All ages,559,Schizophrenia,1,Number,1990,1654224.2013866694,2138134.1153938407,1222741.940741364
2,DALYs (Disability-Adjusted Life Years),159,South Asia,3,Both,22,All ages,559,Schizophrenia,3,Rate,1990,151.28995152999877,195.54677438004646,111.82799090557948
2,DALYs (Disability-Adjusted Life Years),159,South Asia,3,Both,27,Age-standardized,559,Schizophrenia,3,Rate,1990,181.72457780003296,234.54461543597438,134.3810761953066
2,DALYs (Disability-Adjusted Life Years),56,Eastern Europe,3,Both,22,All ages,559,Schizophrenia,1,Number,1991,312849.55023806705,403145.7487207221,230123.18206524928
2,DALYs (Disability-Adjusted Life Years),56,Eastern Europe,3,Both,22,All ages,559,Schizophrenia,3,Rate,1991,137.86052156328128,177.6505132974159,101.40625703049828
2,DALYs (Disability-Adjusted Life Years),56,Eastern Europe,3,Both,27,Age-standardized,559,Schizophrenia,3,Rate,1991,123.93428624796105,159.41317862923356,90.97405606561657
2,DALYs (Disability-Adjusted Life Years),42,Central Europe,3,Both,22,All ages,559,Schizophrenia,1,Number,1990,190571.02392016363,254061.3053891884,136791.25317965233
2,DALYs (Disability-Adjusted Life Years),42,Central Europe,3,Both,22,All ages,559,Schizophrenia,3,Rate,1990,152.34469812727667,203.0995692794962,109.35252245292202
2,DALYs (Disability-Adjusted Life Years),42,Central Europe,3,Both,27,Age-standardized,559,Schizophrenia,3,Rate,1990,140.16025306226226,187.75705646799545,99.73526664508458
2,DALYs (Disability-Adjusted Life Years),56,Eastern Europe,3,Both,22,All ages,559,Schizophrenia,1,Number,1990,311677.19354905776,402512.7840094811,228697.86374078068
2,DALYs (Disability-Adjusted Life Years),56,Eastern Europe,3,Both,22,All ages,559,Schizophrenia,3,Rate,1990,137.61128033336513,177.716883700615,100.9743622255786
2,DALYs (Disability-Adjusted Life Years),56,Eastern Europe,3,Both,27,Age-standardized,559,Schizophrenia,3,Rate,1990,123.93505451408677,160.78523439846234,91.09991262795087
2,DALYs (Disability-Adjusted Life Years),32,Central Asia,3,Both,22,All ages,559,Schizophrenia,1,Number,1990,83394.32988789893,114805.59627495724,58566.93468004669
2,DALYs (Disability-Adjusted Life Years),32,Central Asia,3,Both,22,All ages,559,Schizophrenia,3,Rate,1990,120.31761629357314,165.63638918297193,84.49775882601261
2,DALYs (Disability-Adjusted Life Years),32,Central Asia,3,Both,27,Age-standardized,559,Schizophrenia,3,Rate,1990,137.24380898240815,186.75098851830913,96.79658335190297
2,DALYs (Disability-Adjusted Life Years),96,Southern Latin America,3,Both,22,All ages,559,Schizophrenia,1,Number,1991,86359.43422351507,118212.46779314158,60592.9635526637
2,DALYs (Disability-Adjusted Life Years),96,Southern Latin America,3,Both,22,All ages,559,Schizophrenia,3,Rate,1991,172.13963710462073,235.63205908095352,120.77951703635506
2,DALYs (Disability-Adjusted Life Years),96,Southern Latin America,3,Both,27,Age-standardized,559,Schizophrenia,3,Rate,1991,177.71430308167592,242.68787547596673,124.41463366160937
2,DALYs (Disability-Adjusted Life Years),120,Andean Latin America,3,Both,22,All ages,559,Schizophrenia,1,Number,1990,47049.492754527855,65165.16057903261,33025.24810185435
2,DALYs (Disability-Adjusted Life Years),120,Andean Latin America,3,Both,22,All ages,559,Schizophrenia,3,Rate,1990,123.83592585639646,171.51700308413297,86.92361885106087
2,DALYs (Disability-Adjusted Life Years),120,Andean Latin America,3,Both,27,Age-standardized,559,Schizophrenia,3,Rate,1990,152.2208472637085,206.79861004797434,106.12131891300474
2,DALYs (Disability-Adjusted Life Years),70,Australasia,3,Both,22,All ages,559,Schizophrenia,1,Number,1990,54185.09446789688,66507.07347321964,40430.803083806066
2,DALYs (Disability-Adjusted Life Years),70,Australasia,3,Both,22,All ages,559,Schizophrenia,3,Rate,1990,267.2340240354186,328.0044640615636,199.3996007420536
2,DALYs (Disability-Adjusted Life Years),70,Australasia,3,Both,27,Age-standardized,559,Schizophrenia,3,Rate,1990,246.10367439329255,302.08609104359607,183.50469852860454
2,DALYs (Disability-Adjusted Life Years),70,Australasia,3,Both,22,All ages,559,Schizophrenia,1,Number,1992,55988.497349983,68185.19146267769,42504.214731394786
2,DALYs (Disability-Adjusted Life Years),70,Australasia,3,Both,22,All ages,559,Schizophrenia,3,Rate,1992,269.24897154981767,327.90293623157845,204.40298712471397
2,DALYs (Disability-Adjusted Life Years),70,Australasia,3,Both,27,Age-standardized,559,Schizophrenia,3,Rate,1992,245.90281887249435,299.45421203426764,186.55008172823855
2,DALYs (Disability-Adjusted Life Years),159,South Asia,3,Both,22,All ages,559,Schizophrenia,1,Number,1991,1694514.3314838246,2191292.182919001,1250275.4935909712
2,DALYs (Disability-Adjusted Life Years),159,South Asia,3,Both,22,All ages,559,Schizophrenia,3,Rate,1991,152.04955202475492,196.62565761625828,112.18779633546646
2,DALYs (Disability-Adjusted Life Years),159,South Asia,3,Both,27,Age-standardized,559,Schizophrenia,3,Rate,1991,181.77987153577845,234.41528921595852,133.70683322751768
2,DALYs (Disability-Adjusted Life Years),120,Andean Latin America,3,Both,22,All ages,559,Schizophrenia,1,Number,1991,48357.71465820678,67436.29150715531,34199.4510970736
2,DALYs (Disability-Adjusted Life Years),120,Andean Latin America,3,Both,22,All ages,559,Schizophrenia,3,Rate,1991,124.59762928204333,173.7551517633263,88.11769868697435
2,DALYs (Disability-Adjusted Life Years),120,Andean Latin America,3,Both,27,Age-standardized,559,Schizophrenia,3,Rate,1991,152.07022802228195,209.92845962391885,106.78042903935281
2,DALYs (Disability-Adjusted Life Years),134,Tropical Latin America,3,Both,22,All ages,559,Schizophrenia,1,Number,1991,212858.60008921957,274411.2754930939,157544.79450142148
2,DALYs (Disability-Adjusted Life Years),134,Tropical Latin America,3,Both,22,All ages,559,Schizophrenia,3,Rate,1991,137.29860096693113,177.00146575689644,101.6199480105636
2,DALYs (Disability-Adjusted Life Years),134,Tropical Latin America,3,Both,27,Age-standardized,559,Schizophrenia,3,Rate,1991,152.2181462618973,195.39899078947144,113.15286170670998
2,DALYs (Disability-Adjusted Life Years),44634,High-middle SDI,3,Both,22,All ages,559,Schizophrenia,1,Number,1991,1939204.0722818817,2449992.3440067787,1453131.4804681977
2,DALYs (Disability-Adjusted Life Years),44634,High-middle SDI,3,Both,22,All ages,559,Schizophrenia,3,Rate,1991,180.31196661349168,227.80631706081022,135.11574090439964
2,DALYs (Disability-Adjusted Life Years),44634,High-middle SDI,3,Both,27,Age-standardized,559,Schizophrenia,3,Rate,1991,171.69191101434916,216.68623492745436,128.60171248522752
2,DALYs (Disability-Adjusted Life Years),44636,Low-middle SDI,3,Both,22,All ages,559,Schizophrenia,1,Number,1991,1648220.5205378865,2154210.2404186223,1204020.1456636046
2,DALYs (Disability-Adjusted Life Years),44636,Low-middle SDI,3,Both,22,All ages,559,Schizophrenia,3,Rate,1991,139.25820733372055,182.00929582088952,101.7277026887645
2,DALYs (Disability-Adjusted Life Years),44636,Low-middle SDI,3,Both,27,Age-standardized,559,Schizophrenia,3,Rate,1991,171.36070575217562,223.24064504418837,125.04596917172483
2,DALYs (Disability-Adjusted Life Years),96,Southern Latin America,3,Both,22,All ages,559,Schizophrenia,1,Number,1992,87728.85983767227,118658.57448376212,60964.42481406259
2,DALYs (Disability-Adjusted Life Years),96,Southern Latin America,3,Both,22,All ages,559,Schizophrenia,3,Rate,1992,172.77280131195192,233.68563493445785,120.06304966218688
2,DALYs (Disability-Adjusted Life Years),96,Southern Latin America,3,Both,27,Age-standardized,559,Schizophrenia,3,Rate,1992,178.02106596988716,240.85636890555253,123.40482905881315
2,DALYs (Disability-Adjusted Life Years),21,Oceania,3,Both,22,All ages,559,Schizophrenia,1,Number,1991,9618.613267236859,13152.856056130184,6776.137078695419
2,DALYs (Disability-Adjusted Life Years),21,Oceania,3,Both,22,All ages,559,Schizophrenia,3,Rate,1991,143.48224620266407,196.20305739311704,101.08061750856481
2,DALYs (Disability-Adjusted Life Years),21,Oceania,3,Both,27,Age-standardized,559,Schizophrenia,3,Rate,1991,176.0921205482717,238.01588884957053,123.15363341882271
2,DALYs (Disability-Adjusted Life Years),120,Andean Latin America,3,Both,22,All ages,559,Schizophrenia,1,Number,1992,49812.83186887374,69472.16922549055,35118.87937306297
2,DALYs (Disability-Adjusted Life Years),120,Andean Latin America,3,Both,22,All ages,559,Schizophrenia,3,Rate,1992,125.66103854519758,175.25494149466107,88.59313331511638
2,DALYs (Disability-Adjusted Life Years),120,Andean Latin America,3,Both,27,Age-standardized,559,Schizophrenia,3,Rate,1992,152.26940450317434,209.36641759964945,107.22548864009177
2,DALYs (Disability-Adjusted Life Years),104,Caribbean,3,Both,22,All ages,559,Schizophrenia,1,Number,1990,45978.49903947025,63107.599439806145,32483.555628404447
2,DALYs (Disability-Adjusted Life Years),104,Caribbean,3,Both,22,All ages,559,Schizophrenia,3,Rate,1990,130.2783008511575,178.8129451280177,92.04090001371534
2,DALYs (Disability-Adjusted Life Years),104,Caribbean,3,Both,27,Age-standardized,559,Schizophrenia,3,Rate,1990,142.95537922922583,195.00511730897804,99.85684583258669
2,DALYs (Disability-Adjusted Life Years),100,High-income North America,3,Both,22,All ages,559,Schizophrenia,1,Number,1991,728730.0641455064,922592.2662923909,542297.7983964388
2,DALYs (Disability-Adjusted Life Years),100,High-income North America,3,Both,22,All ages,559,Schizophrenia,3,Rate,1991,256.05980478970184,324.17874221276554,190.55158449940214
2,DALYs (Disability-Adjusted Life Years),100,High-income North America,3,Both,27,Age-standardized,559,Schizophrenia,3,Rate,1991,230.26927836843248,291.974237102791,170.87219793726385
2,DALYs (Disability-Adjusted Life Years),9,Southeast Asia,3,Both,22,All ages,559,Schizophrenia,1,Number,1991,763150.1907779064,1022537.4752692834,557749.3591665955
2,DALYs (Disability-Adjusted Life Years),9,Southeast Asia,3,Both,22,All ages,559,Schizophrenia,3,Rate,1991,161.13023977351557,215.89683205031665,117.76225579453775
2,DALYs (Disability-Adjusted Life Years),9,Southeast Asia,3,Both,27,Age-standardized,559,Schizophrenia,3,Rate,1991,181.21367698915952,238.46806201803906,131.88652038207047
2,DALYs (Disability-Adjusted Life Years),44639,Middle SDI,3,Both,22,All ages,559,Schizophrenia,1,Number,1991,2877620.35981691,3694341.6234147176,2132059.359296103
2,DALYs (Disability-Adjusted Life Years),44639,Middle SDI,3,Both,22,All ages,559,Schizophrenia,3,Rate,1991,164.20436134302707,210.80856089521544,121.66074800114167
2,DALYs (Disability-Adjusted Life Years),44639,Middle SDI,3,Both,27,Age-standardized,559,Schizophrenia,3,Rate,1991,178.18785582389165,228.00223042549064,132.80715900750258
2,DALYs (Disability-Adjusted Life Years),1,Global,3,Both,22,All ages,559,Schizophrenia,1,Number,1992,9146346.654129367,11714735.207974654,6760529.198544881
2,DALYs (Disability-Adjusted Life Years),1,Global,3,Both,22,All ages,559,Schizophrenia,3,Rate,1992,166.38168367567425,213.1033779304157,122.98115008407429
2,DALYs (Disability-Adjusted Life Years),1,Global,3,Both,27,Age-standardized,559,Schizophrenia,3,Rate,1992,176.71094292813666,226.15019996977682,130.9681268516107
2,DALYs (Disability-Adjusted Life Years),134,Tropical Latin America,3,Both,22,All ages,559,Schizophrenia,1,Number,1992,218599.30686540063,281647.1431725437,162301.45073658804
2,DALYs (Disability-Adjusted Life Years),134,Tropical Latin America,3,Both,22,All ages,559,Schizophrenia,3,Rate,1992,138.72141860191914,178.73108477022868,102.9952373142341
2,DALYs (Disability-Adjusted Life Years),134,Tropical Latin America,3,Both,27,Age-standardized,559,Schizophrenia,3,Rate,1992,152.3519606830511,195.07952411388453,112.86671460903894
2,DALYs (Disability-Adjusted Life Years),42,Central Europe,3,Both,22,All ages,559,Schizophrenia,1,Number,1992,191735.30263236983,255989.94616127168,137001.86352187823
2,DALYs (Disability-Adjusted Life Years),42,Central Europe,3,Both,22,All ages,559,Schizophrenia,3,Rate,1992,153.1751143782214,204.50740549386776,109.44920328641824
2,DALYs (Disability-Adjusted Life Years),42,Central Europe,3,Both,27,Age-standardized,559,Schizophrenia,3,Rate,1992,140.23282902698472,187.70728205267173,100.55048963811281
2,DALYs (Disability-Adjusted Life Years),5,East Asia,3,Both,22,All ages,559,Schizophrenia,1,Number,1992,2531003.5372815956,3170603.8878066805,1916006.5207017944
2,DALYs (Disability-Adjusted Life Years),5,East Asia,3,Both,22,All ages,559,Schizophrenia,3,Rate,1992,202.7629776691342,254.00244441835005,153.4945256489975
2,DALYs (Disability-Adjusted Life Years),5,East Asia,3,Both,27,Age-standardized,559,Schizophrenia,3,Rate,1992,195.39309646652117,243.17243468575631,147.85758164986666
2,DALYs (Disability-Adjusted Life Years),104,Caribbean,3,Both,22,All ages,559,Schizophrenia,1,Number,1991,46877.68584299448,64208.508841656156,33318.1757785416
2,DALYs (Disability-Adjusted Life Years),104,Caribbean,3,Both,22,All ages,559,Schizophrenia,3,Rate,1991,131.0260763416172,179.46681518037244,93.12639403199155
2,DALYs (Disability-Adjusted Life Years),104,Caribbean,3,Both,27,Age-standardized,559,Schizophrenia,3,Rate,1991,142.58996184936876,193.17566085574884,99.27765450415293
2,DALYs (Disability-Adjusted Life Years),124,Central Latin America,3,Both,22,All ages,559,Schizophrenia,1,Number,1991,213580.60987972125,285024.3698977685,156192.17253397932
2,DALYs (Disability-Adjusted Life Years),124,Central Latin America,3,Both,22,All ages,559,Schizophrenia,3,Rate,1991,127.1262594308272,169.65061581262984,92.96783382068826
2,DALYs (Disability-Adjusted Life Years),124,Central Latin America,3,Both,27,Age-standardized,559,Schizophrenia,3,Rate,1991,155.27633273366294,205.61659115983238,112.1141197420738
2,DALYs (Disability-Adjusted Life Years),73,Western Europe,3,Both,22,All ages,559,Schizophrenia,1,Number,1991,736360.3776063723,953700.3607808505,539386.8511989961
2,DALYs (Disability-Adjusted Life Years),73,Western Europe,3,Both,22,All ages,559,Schizophrenia,3,Rate,1991,190.84648575691455,247.1756599829193,139.79579584311045
2,DALYs (Disability-Adjusted Life Years),73,Western Europe,3,Both,27,Age-standardized,559,Schizophrenia,3,Rate,1991,166.07291336068945,217.34316082323048,121.68007694894605
2,DALYs (Disability-Adjusted Life Years),32,Central Asia,3,Both,22,All ages,559,Schizophrenia,1,Number,1992,85608.1958079231,116788.90648930837,59615.06728211214
2,DALYs (Disability-Adjusted Life Years),32,Central Asia,3,Both,22,All ages,559,Schizophrenia,3,Rate,1992,120.91386195461642,164.95380592721108,84.20091029528906
2,DALYs (Disability-Adjusted Life Years),32,Central Asia,3,Both,27,Age-standardized,559,Schizophrenia,3,Rate,1992,136.87555700821545,185.6953190539713,97.76174831080804
2,DALYs (Disability-Adjusted Life Years),138,North Africa and Middle East,3,Both,22,All ages,559,Schizophrenia,1,Number,1991,432193.07828302734,579427.4961466977,309569.7690387672
2,DALYs (Disability-Adjusted Life Years),138,North Africa and Middle East,3,Both,22,All ages,559,Schizophrenia,3,Rate,1991,124.4045588495049,166.78523017945767,89.1080687904745
2,DALYs (Disability-Adjusted Life Years),138,North Africa and Middle East,3,Both,27,Age-standardized,559,Schizophrenia,3,Rate,1991,155.39924620787943,207.2646814850482,111.32109940114911
2,DALYs (Disability-Adjusted Life Years),65,High-income Asia Pacific,3,Both,22,All ages,559,Schizophrenia,1,Number,1992,359028.4410970402,465354.41226595186,264566.7593034521
2,DALYs (Disability-Adjusted Life Years),65,High-income Asia Pacific,3,Both,22,All ages,559,Schizophrenia,3,Rate,1992,205.19917250007586,265.9687350240389,151.2105278183842
2,DALYs (Disability-Adjusted Life Years),65,High-income Asia Pacific,3,Both,27,Age-standardized,559,Schizophrenia,3,Rate,1992,178.72914947589658,233.24398935535874,131.4115309362352
2,DALYs (Disability-Adjusted Life Years),56,Eastern Europe,3,Both,22,All ages,559,Schizophrenia,1,Number,1992,313863.2968133877,403960.132376284,228708.7999009167
2,DALYs (Disability-Adjusted Life Years),56,Eastern Europe,3,Both,22,All ages,559,Schizophrenia,3,Rate,1992,138.24434907556747,177.9284361052356,100.73716643891379
2,DALYs (Disability-Adjusted Life Years),56,Eastern Europe,3,Both,27,Age-standardized,559,Schizophrenia,3,Rate,1992,123.94446197832427,159.96033223329906,90.49441806588894
2,DALYs (Disability-Adjusted Life Years),104,Caribbean,3,Both,22,All ages,559,Schizophrenia,1,Number,1992,47909.67491014064,65975.01340020765,34052.57172354227
2,DALYs (Disability-Adjusted Life Years),104,Caribbean,3,Both,22,All ages,559,Schizophrenia,3,Rate,1992,132.11784656045603,181.93562602086695,93.90488360436827
2,DALYs (Disability-Adjusted Life Years),104,Caribbean,3,Both,27,Age-standardized,559,Schizophrenia,3,Rate,1992,142.56560385508925,195.75584618646974,100.94596590647546
2,DALYs (Disability-Adjusted Life Years),44635,High SDI,3,Both,22,All ages,559,Schizophrenia,1,Number,1990,1884298.8354156446,2411617.8602136727,1399687.3095294582
2,DALYs (Disability-Adjusted Life Years),44635,High SDI,3,Both,22,All ages,559,Schizophrenia,3,Rate,1990,214.23839698017224,274.19278449374184,159.13970747688535
2,DALYs (Disability-Adjusted Life Years),44635,High SDI,3,Both,27,Age-standardized,559,Schizophrenia,3,Rate,1990,191.77660980990717,245.66351827422184,142.73389278992124
2,DALYs (Disability-Adjusted Life Years),70,Australasia,3,Both,22,All ages,559,Schizophrenia,1,Number,1993,56876.77155166264,69222.35420133185,43105.15469889988
2,DALYs (Disability-Adjusted Life Years),70,Australasia,3,Both,22,All ages,559,Schizophrenia,3,Rate,1993,270.268172432507,328.93215720720275,204.82793001551127
2,DALYs (Disability-Adjusted Life Years),70,Australasia,3,Both,27,Age-standardized,559,Schizophrenia,3,Rate,1993,245.94969251373627,299.37798755341487,185.83164588057284
2,DALYs (Disability-Adjusted Life Years),44634,High-middle SDI,3,Both,22,All ages,559,Schizophrenia,1,Number,1992,1979943.1719985525,2494997.314926883,1486028.7588402159
2,DALYs (Disability-Adjusted Life Years),44634,High-middle SDI,3,Both,22,All ages,559,Schizophrenia,3,Rate,1992,182.22529253937347,229.62861865301826,136.76757450984994
2,DALYs (Disability-Adjusted Life Years),44634,High-middle SDI,3,Both,27,Age-standardized,559,Schizophrenia,3,Rate,1992,172.14493477523436,216.6140799357316,129.1994148644368
2,DALYs (Disability-Adjusted Life Years),174,Eastern Sub-Saharan Africa,3,Both,22,All ages,559,Schizophrenia,1,Number,1991,184200.20770968572,247828.17733550287,133278.45006535598
2,DALYs (Disability-Adjusted Life Years),174,Eastern Sub-Saharan Africa,3,Both,22,All ages,559,Schizophrenia,3,Rate,1991,93.84626930253108,126.26342912511328,67.90266673732779
2,DALYs (Disability-Adjusted Life Years),174,Eastern Sub-Saharan Africa,3,Both,27,Age-standardized,559,Schizophrenia,3,Rate,1991,135.46770642511999,179.83027950560515,96.43670492080105
2,DALYs (Disability-Adjusted Life Years),44636,Low-middle SDI,3,Both,22,All ages,559,Schizophrenia,1,Number,1992,1686990.670741853,2187888.055248039,1232813.5519897547
2,DALYs (Disability-Adjusted Life Years),44636,Low-middle SDI,3,Both,22,All ages,559,Schizophrenia,3,Rate,1992,139.90402479169768,181.44400560809035,102.23860791433394
2,DALYs (Disability-Adjusted Life Years),44636,Low-middle SDI,3,Both,27,Age-standardized,559,Schizophrenia,3,Rate,1992,171.253894370851,222.63013803552775,124.73473195334937
2,DALYs (Disability-Adjusted Life Years),199,Western Sub-Saharan Africa,3,Both,22,All ages,559,Schizophrenia,1,Number,1991,213101.8156738068,283301.60703039577,153712.2524968607
2,DALYs (Disability-Adjusted Life Years),199,Western Sub-Saharan Africa,3,Both,22,All ages,559,Schizophrenia,3,Rate,1991,107.41973956398625,142.80584493867565,77.48282237201039
2,DALYs (Disability-Adjusted Life Years),199,Western Sub-Saharan Africa,3,Both,27,Age-standardized,559,Schizophrenia,3,Rate,1991,147.38406216398258,195.5295697691406,105.79589790787195
2,DALYs (Disability-Adjusted Life Years),96,Southern Latin America,3,Both,22,All ages,559,Schizophrenia,1,Number,1993,88950.29711004948,120094.65776900711,61939.71864180546
2,DALYs (Disability-Adjusted Life Years),96,Southern Latin America,3,Both,22,All ages,559,Schizophrenia,3,Rate,1993,173.179478604771,233.81518546164992,120.59193198695013
2,DALYs (Disability-Adjusted Life Years),96,Southern Latin America,3,Both,27,Age-standardized,559,Schizophrenia,3,Rate,1993,178.02629609179692,239.95225054068294,123.67408166257873
2,DALYs (Disability-Adjusted Life Years),120,Andean Latin America,3,Both,22,All ages,559,Schizophrenia,1,Number,1993,51161.1409891469,69799.64503907823,36103.31930929095
2,DALYs (Disability-Adjusted Life Years),120,Andean Latin America,3,Both,22,All ages,559,Schizophrenia,3,Rate,1993,126.37913459995471,172.42028940077847,89.18304326836538
2,DALYs (Disability-Adjusted Life Years),120,Andean Latin America,3,Both,27,Age-standardized,559,Schizophrenia,3,Rate,1993,152.11277191380145,204.46747050808625,106.61370027811203
2,DALYs (Disability-Adjusted Life Years),1,Global,3,Both,22,All ages,559,Schizophrenia,1,Number,1993,9332793.01015644,11972016.417054843,6915214.347706096
2,DALYs (Disability-Adjusted Life Years),1,Global,3,Both,22,All ages,559,Schizophrenia,3,Rate,1993,167.39030038454646,214.72665493370235,124.02930244208268
2,DALYs (Disability-Adjusted Life Years),1,Global,3,Both,27,Age-standardized,559,Schizophrenia,3,Rate,1993,176.71103296433517,226.28023666274103,131.16718858355802
2,DALYs (Disability-Adjusted Life Years),134,Tropical Latin America,3,Both,22,All ages,559,Schizophrenia,1,Number,1993,224360.63084284856,287980.2178912534,165399.9522012401
2,DALYs (Disability-Adjusted Life Years),134,Tropical Latin America,3,Both,22,All ages,559,Schizophrenia,3,Rate,1993,140.05724540993126,179.77180710751404,103.25100981047792
2,DALYs (Disability-Adjusted Life Years),134,Tropical Latin America,3,Both,27,Age-standardized,559,Schizophrenia,3,Rate,1993,152.4109540061167,195.8244822011768,112.9883968148983
2,DALYs (Disability-Adjusted Life Years),73,Western Europe,3,Both,22,All ages,559,Schizophrenia,1,Number,1990,728885.2851031623,936539.1490733199,532945.7433402329
2,DALYs (Disability-Adjusted Life Years),73,Western Europe,3,Both,22,All ages,559,Schizophrenia,3,Rate,1990,189.61007273874856,243.62853772434812,138.63893705337426
2,DALYs (Disability-Adjusted Life Years),73,Western Europe,3,Both,27,Age-standardized,559,Schizophrenia,3,Rate,1990,165.75686431890384,213.89447984390443,122.23628159183434
2,DALYs (Disability-Adjusted Life Years),5,East Asia,3,Both,22,All ages,559,Schizophrenia,1,Number,1993,2587179.232325144,3245512.6740763653,1950551.4284408684
2,DALYs (Disability-Adjusted Life Years),5,East Asia,3,Both,22,All ages,559,Schizophrenia,3,Rate,1993,205.36595798608153,257.6233649141697,154.83150826890076
2,DALYs (Disability-Adjusted Life Years),5,East Asia,3,Both,27,Age-standardized,559,Schizophrenia,3,Rate,1993,195.40628409950932,243.18340371637953,148.33327085867043
2,DALYs (Disability-Adjusted Life Years),65,High-income Asia Pacific,3,Both,22,All ages,559,Schizophrenia,1,Number,1993,362867.84064889466,470555.9141472602,266579.8232459557
2,DALYs (Disability-Adjusted Life Years),65,High-income Asia Pacific,3,Both,22,All ages,559,Schizophrenia,3,Rate,1993,206.59680799097382,267.9084199642886,151.77575521414616
2,DALYs (Disability-Adjusted Life Years),65,High-income Asia Pacific,3,Both,27,Age-standardized,559,Schizophrenia,3,Rate,1993,178.82884525056178,232.14224595901854,131.14201432864178
2,DALYs (Disability-Adjusted Life Years),44635,High SDI,3,Both,22,All ages,559,Schizophrenia,1,Number,1991,1909940.2622430609,2440369.262735695,1417126.9016411381
2,DALYs (Disability-Adjusted Life Years),44635,High SDI,3,Both,22,All ages,559,Schizophrenia,3,Rate,1991,215.4089430056134,275.2323587398074,159.82793494746977
2,DALYs (Disability-Adjusted Life Years),44635,High SDI,3,Both,27,Age-standardized,559,Schizophrenia,3,Rate,1991,192.0413647315545,245.4001724557197,142.8119798486904
2,DALYs (Disability-Adjusted Life Years),21,Oceania,3,Both,22,All ages,559,Schizophrenia,1,Number,1992,9859.057285548352,13705.546186763662,6897.335606743642
2,DALYs (Disability-Adjusted Life Years),21,Oceania,3,Both,22,All ages,559,Schizophrenia,3,Rate,1992,143.72213379353363,199.79499922927394,100.54711745557908
2,DALYs (Disability-Adjusted Life Years),21,Oceania,3,Both,27,Age-standardized,559,Schizophrenia,3,Rate,1992,175.81927293829335,241.38565607413187,120.53897873200597
2,DALYs (Disability-Adjusted Life Years),9,Southeast Asia,3,Both,22,All ages,559,Schizophrenia,1,Number,1992,782715.4411685677,1040819.0712308288,570606.0433837313
2,DALYs (Disability-Adjusted Life Years),9,Southeast Asia,3,Both,22,All ages,559,Schizophrenia,3,Rate,1992,162.49089475413484,216.07293438464566,118.45720892271383
2,DALYs (Disability-Adjusted Life Years),9,Southeast Asia,3,Both,27,Age-standardized,559,Schizophrenia,3,Rate,1992,180.93856679890064,237.12519861311807,131.89759074977832
2,DALYs (Disability-Adjusted Life Years),73,Western Europe,3,Both,22,All ages,559,Schizophrenia,1,Number,1992,743051.7834138032,954312.7035772866,540770.2678377791
2,DALYs (Disability-Adjusted Life Years),73,Western Europe,3,Both,22,All ages,559,Schizophrenia,3,Rate,1992,191.85170069421793,246.39805631613606,139.62377573861357
2,DALYs (Disability-Adjusted Life Years),73,Western Europe,3,Both,27,Age-standardized,559,Schizophrenia,3,Rate,1992,166.14048567781785,214.85958013020868,121.22243572895998
2,DALYs (Disability-Adjusted Life Years),44639,Middle SDI,3,Both,22,All ages,559,Schizophrenia,1,Number,1992,2951283.3795969086,3787280.1677052383,2188419.013835148
2,DALYs (Disability-Adjusted Life Years),44639,Middle SDI,3,Both,22,All ages,559,Schizophrenia,3,Rate,1992,165.82351442126406,212.79559660333678,122.96051758676766
2,DALYs (Disability-Adjusted Life Years),44639,Middle SDI,3,Both,27,Age-standardized,559,Schizophrenia,3,Rate,1992,178.10470754898162,227.2861742751049,132.84415878309295
2,DALYs (Disability-Adjusted Life Years),32,Central Asia,3,Both,22,All ages,559,Schizophrenia,1,Number,1993,86537.87236965622,118426.85134347032,60790.935890350076
2,DALYs (Disability-Adjusted Life Years),32,Central Asia,3,Both,22,All ages,559,Schizophrenia,3,Rate,1993,121.22568187582861,165.8970276643123,85.15835267705864
2,DALYs (Disability-Adjusted Life Years),32,Central Asia,3,Both,27,Age-standardized,559,Schizophrenia,3,Rate,1993,136.65814853073724,184.25328977779037,96.52235414062764
2,DALYs (Disability-Adjusted Life Years),44637,Low SDI,3,Both,22,All ages,559,Schizophrenia,1,Number,1990,560005.1349049949,743413.446727219,400560.24579717295
2,DALYs (Disability-Adjusted Life Years),44637,Low SDI,3,Both,22,All ages,559,Schizophrenia,3,Rate,1990,111.71044989075779,148.29694481788198,79.90420529616401
2,DALYs (Disability-Adjusted Life Years),44637,Low SDI,3,Both,27,Age-standardized,559,Schizophrenia,3,Rate,1990,153.19464336428257,201.1147992865689,110.13952352828274
2,DALYs (Disability-Adjusted Life Years),70,Australasia,3,Both,22,All ages,559,Schizophrenia,1,Number,1994,57757.91841753832,70045.85767492684,43926.61400755151
2,DALYs (Disability-Adjusted Life Years),70,Australasia,3,Both,22,All ages,559,Schizophrenia,3,Rate,1994,271.2632716603624,328.9742608415593,206.30378232315417
2,DALYs (Disability-Adjusted Life Years),70,Australasia,3,Both,27,Age-standardized,559,Schizophrenia,3,Rate,1994,246.1253848262776,298.8193891633598,186.93066612311154
2,DALYs (Disability-Adjusted Life Years),138,North Africa and Middle East,3,Both,22,All ages,559,Schizophrenia,1,Number,1992,446872.0926405106,600033.4508039725,320876.08517456264
2,DALYs (Disability-Adjusted Life Years),138,North Africa and Middle East,3,Both,22,All ages,559,Schizophrenia,3,Rate,1992,125.59588128212268,168.6427308699794,90.18400424543147
2,DALYs (Disability-Adjusted Life Years),138,North Africa and Middle East,3,Both,27,Age-standardized,559,Schizophrenia,3,Rate,1992,155.43608141200002,207.73130860579826,113.023572742986
2,DALYs (Disability-Adjusted Life Years),167,Central Sub-Saharan Africa,3,Both,22,All ages,559,Schizophrenia,1,Number,1991,54840.552073857994,74857.96977437043,38328.52743264827
2,DALYs (Disability-Adjusted Life Years),167,Central Sub-Saharan Africa,3,Both,22,All ages,559,Schizophrenia,3,Rate,1991,96.9436295442618,132.32914359557407,67.75472572565462
2,DALYs (Disability-Adjusted Life Years),167,Central Sub-Saharan Africa,3,Both,27,Age-standardized,559,Schizophrenia,3,Rate,1991,134.37827511036056,181.31244294119423,94.09270786141741
2,DALYs (Disability-Adjusted Life Years),56,Eastern Europe,3,Both,22,All ages,559,Schizophrenia,1,Number,1993,314203.71490423306,405579.98668120045,230503.90922976093
2,DALYs (Disability-Adjusted Life Years),56,Eastern Europe,3,Both,22,All ages,559,Schizophrenia,3,Rate,1993,138.60145948077857,178.90933627994434,101.67982337512265
2,DALYs (Disability-Adjusted Life Years),56,Eastern Europe,3,Both,27,Age-standardized,559,Schizophrenia,3,Rate,1993,123.86497372764546,159.85843289636753,91.27940889484442
2,DALYs (Disability-Adjusted Life Years),192,Southern Sub-Saharan Africa,3,Both,22,All ages,559,Schizophrenia,1,Number,1991,61910.99514967284,80819.94637666536,45214.49296804887
2,DALYs (Disability-Adjusted Life Years),192,Southern Sub-Saharan Africa,3,Both,22,All ages,559,Schizophrenia,3,Rate,1991,115.42915205811994,150.68370096600705,84.29957508229928
2,DALYs (Disability-Adjusted Life Years),192,Southern Sub-Saharan Africa,3,Both,27,Age-standardized,559,Schizophrenia,3,Rate,1991,141.62916882940814,183.81552439149795,103.17261916349767
2,DALYs (Disability-Adjusted Life Years),44634,High-middle SDI,3,Both,22,All ages,559,Schizophrenia,1,Number,1993,2018313.071432183,2542131.8421191135,1510529.6390336603
2,DALYs (Disability-Adjusted Life Years),44634,High-middle SDI,3,Both,22,All ages,559,Schizophrenia,3,Rate,1993,184.04640043978787,231.81250798390363,137.74252704239035
2,DALYs (Disability-Adjusted Life Years),44634,High-middle SDI,3,Both,27,Age-standardized,559,Schizophrenia,3,Rate,1993,172.4323106020399,216.81228837991247,129.20113103543858
2,DALYs (Disability-Adjusted Life Years),96,Southern Latin America,3,Both,22,All ages,559,Schizophrenia,1,Number,1994,90330.00984052502,122297.7500905587,63512.56534406285
2,DALYs (Disability-Adjusted Life Years),96,Southern Latin America,3,Both,22,All ages,559,Schizophrenia,3,Rate,1994,173.9334294980137,235.4883734729623,122.29555079217461
2,DALYs (Disability-Adjusted Life Years),96,Southern Latin America,3,Both,27,Age-standardized,559,Schizophrenia,3,Rate,1994,178.2975060903461,240.6684267166171,125.26928388632088
2,DALYs (Disability-Adjusted Life Years),44636,Low-middle SDI,3,Both,22,All ages,559,Schizophrenia,1,Number,1993,1727214.6333226396,2256519.2395702037,1270220.1669041016
2,DALYs (Disability-Adjusted Life Years),44636,Low-middle SDI,3,Both,22,All ages,559,Schizophrenia,3,Rate,1993,140.628424303168,183.7239790286468,103.4203029221692
2,DALYs (Disability-Adjusted Life Years),44636,Low-middle SDI,3,Both,27,Age-standardized,559,Schizophrenia,3,Rate,1993,171.24256488637263,222.0680961954331,125.74505206170677
2,DALYs (Disability-Adjusted Life Years),159,South Asia,3,Both,22,All ages,559,Schizophrenia,1,Number,1992,1735236.0016722623,2241731.82537838,1276765.578180895
2,DALYs (Disability-Adjusted Life Years),159,South Asia,3,Both,22,All ages,559,Schizophrenia,3,Rate,1992,152.75891138319668,197.34751522435621,112.3981519669325
2,DALYs (Disability-Adjusted Life Years),159,South Asia,3,Both,27,Age-standardized,559,Schizophrenia,3,Rate,1992,181.79401787123882,234.08094902256605,133.81296701315
2,DALYs (Disability-Adjusted Life Years),104,Caribbean,3,Both,22,All ages,559,Schizophrenia,1,Number,1993,48835.981584068664,66669.08313246757,34886.24787243323
2,DALYs (Disability-Adjusted Life Years),104,Caribbean,3,Both,22,All ages,559,Schizophrenia,3,Rate,1993,132.90403215349525,181.43568903244952,94.94071499251287
2,DALYs (Disability-Adjusted Life Years),104,Caribbean,3,Both,27,Age-standardized,559,Schizophrenia,3,Rate,1993,142.30012744756337,192.42581333278764,100.0972529286784
2,DALYs (Disability-Adjusted Life Years),5,East Asia,3,Both,22,All ages,559,Schizophrenia,1,Number,1994,2639558.413233768,3304277.9912363174,1985619.816351192
2,DALYs (Disability-Adjusted Life Years),5,East Asia,3,Both,22,All ages,559,Schizophrenia,3,Rate,1994,207.94077627863942,260.3064691022818,156.4243942987708
2,DALYs (Disability-Adjusted Life Years),5,East Asia,3,Both,27,Age-standardized,559,Schizophrenia,3,Rate,1994,195.5144330106087,243.62921946691978,147.56341956748483
2,DALYs (Disability-Adjusted Life Years),120,Andean Latin America,3,Both,22,All ages,559,Schizophrenia,1,Number,1994,52640.880923882134,72398.81228855449,37164.45404763846
2,DALYs (Disability-Adjusted Life Years),120,Andean Latin America,3,Both,22,All ages,559,Schizophrenia,3,Rate,1994,127.37905917460728,175.18879685942326,89.92959669826512
2,DALYs (Disability-Adjusted Life Years),120,Andean Latin America,3,Both,27,Age-standardized,559,Schizophrenia,3,Rate,1994,152.288917425605,207.22836705659944,105.47803658033702
2,DALYs (Disability-Adjusted Life Years),1,Global,3,Both,22,All ages,559,Schizophrenia,1,Number,1994,9516002.507299505,12212874.836931735,7017499.129508518
2,DALYs (Disability-Adjusted Life Years),1,Global,3,Both,22,All ages,559,Schizophrenia,3,Rate,1994,168.41113807469043,216.13951329602023,124.19343247672839
2,DALYs (Disability-Adjusted Life Years),1,Global,3,Both,27,Age-standardized,559,Schizophrenia,3,Rate,1994,176.73757018057313,225.92973243164752,130.4011114081365
2,DALYs (Disability-Adjusted Life Years),134,Tropical Latin America,3,Both,22,All ages,559,Schizophrenia,1,Number,1994,230333.75967114698,296963.01848232734,170686.96603321127
2,DALYs (Disability-Adjusted Life Years),134,Tropical Latin America,3,Both,22,All ages,559,Schizophrenia,3,Rate,1994,141.42200780435985,182.33152785494508,104.7996328324384
2,DALYs (Disability-Adjusted Life Years),134,Tropical Latin America,3,Both,27,Age-standardized,559,Schizophrenia,3,Rate,1994,152.56263942182105,194.91703286527314,112.98501820325568
2,DALYs (Disability-Adjusted Life Years),44636,Low-middle SDI,3,Both,22,All ages,559,Schizophrenia,1,Number,1994,1768098.1618057822,2314868.1280495143,1294230.7683372532
2,DALYs (Disability-Adjusted Life Years),44636,Low-middle SDI,3,Both,22,All ages,559,Schizophrenia,3,Rate,1994,141.35351945699242,185.06594489325704,103.46941026574827
2,DALYs (Disability-Adjusted Life Years),44636,Low-middle SDI,3,Both,27,Age-standardized,559,Schizophrenia,3,Rate,1994,171.21760220845434,222.43268644129287,126.0797642348084
2,DALYs (Disability-Adjusted Life Years),174,Eastern Sub-Saharan Africa,3,Both,22,All ages,559,Schizophrenia,1,Number,1992,189175.73204265075,251679.57153390782,136122.0784771561
2,DALYs (Disability-Adjusted Life Years),174,Eastern Sub-Saharan Africa,3,Both,22,All ages,559,Schizophrenia,3,Rate,1992,93.7727708355646,124.75538236649359,67.47453456567706
2,DALYs (Disability-Adjusted Life Years),174,Eastern Sub-Saharan Africa,3,Both,27,Age-standardized,559,Schizophrenia,3,Rate,1992,135.35908072625563,179.9007348080135,97.20557021513584
2,DALYs (Disability-Adjusted Life Years),44637,Low SDI,3,Both,22,All ages,559,Schizophrenia,1,Number,1991,572955.8314970979,759471.6554400324,411613.0742204622
2,DALYs (Disability-Adjusted Life Years),44637,Low SDI,3,Both,22,All ages,559,Schizophrenia,3,Rate,1991,111.61854978058382,147.95403086861697,80.18707881053925
2,DALYs (Disability-Adjusted Life Years),44637,Low SDI,3,Both,27,Age-standardized,559,Schizophrenia,3,Rate,1991,153.1193803555547,201.2883916115826,110.18851657878479
2,DALYs (Disability-Adjusted Life Years),44635,High SDI,3,Both,22,All ages,559,Schizophrenia,1,Number,1992,1933391.025434532,2471319.34427631,1432892.183267973
2,DALYs (Disability-Adjusted Life Years),44635,High SDI,3,Both,22,All ages,559,Schizophrenia,3,Rate,1992,216.3638916392352,276.56292171459194,160.3535575539459
2,DALYs (Disability-Adjusted Life Years),44635,High SDI,3,Both,27,Age-standardized,559,Schizophrenia,3,Rate,1992,192.16620893473282,245.93707261044523,142.62143779432074
2,DALYs (Disability-Adjusted Life Years),199,Western Sub-Saharan Africa,3,Both,22,All ages,559,Schizophrenia,1,Number,1992,219520.9634221987,290380.8810790383,158140.84872477956
2,DALYs (Disability-Adjusted Life Years),199,Western Sub-Saharan Africa,3,Both,22,All ages,559,Schizophrenia,3,Rate,1992,107.56422952362368,142.2852526461682,77.48826482952981
2,DALYs (Disability-Adjusted Life Years),199,Western Sub-Saharan Africa,3,Both,27,Age-standardized,559,Schizophrenia,3,Rate,1992,147.4000084675079,194.82974973282668,106.09896801686354
2,DALYs (Disability-Adjusted Life Years),65,High-income Asia Pacific,3,Both,22,All ages,559,Schizophrenia,1,Number,1994,366337.8069082562,475063.0016617166,270498.503201676
2,DALYs (Disability-Adjusted Life Years),65,High-income Asia Pacific,3,Both,22,All ages,559,Schizophrenia,3,Rate,1994,207.78790750176887,269.4571654503533,153.4275657677693
2,DALYs (Disability-Adjusted Life Years),65,High-income Asia Pacific,3,Both,27,Age-standardized,559,Schizophrenia,3,Rate,1994,178.81874973414918,232.0341387517094,131.74001537144875
2,DALYs (Disability-Adjusted Life Years),44639,Middle SDI,3,Both,22,All ages,559,Schizophrenia,1,Number,1993,3021732.9810524583,3900890.657689741,2240159.0103654186
2,DALYs (Disability-Adjusted Life Years),44639,Middle SDI,3,Both,22,All ages,559,Schizophrenia,3,Rate,1993,167.42778746982097,216.1400415172385,124.1224386925914
2,DALYs (Disability-Adjusted Life Years),44639,Middle SDI,3,Both,27,Age-standardized,559,Schizophrenia,3,Rate,1993,178.00435400850523,227.78092788641302,132.56696517801814
2,DALYs (Disability-Adjusted Life Years),73,Western Europe,3,Both,22,All ages,559,Schizophrenia,1,Number,1993,749688.2374779647,965006.2898317707,547659.5273711426
2,DALYs (Disability-Adjusted Life Years),73,Western Europe,3,Both,22,All ages,559,Schizophrenia,3,Rate,1993,192.88970805817772,248.28958520964756,140.90908869702562
2,DALYs (Disability-Adjusted Life Years),73,Western Europe,3,Both,27,Age-standardized,559,Schizophrenia,3,Rate,1993,166.26828415254178,216.53140329413932,122.01954679168367
2,DALYs (Disability-Adjusted Life Years),44634,High-middle SDI,3,Both,22,All ages,559,Schizophrenia,1,Number,1994,2055693.953261181,2597773.813982835,1531885.292059173
2,DALYs (Disability-Adjusted Life Years),44634,High-middle SDI,3,Both,22,All ages,559,Schizophrenia,3,Rate,1994,185.9284050285814,234.95712535059315,138.5522337055382
2,DALYs (Disability-Adjusted Life Years),44634,High-middle SDI,3,Both,27,Age-standardized,559,Schizophrenia,3,Rate,1994,172.80505197819934,217.6744228901588,128.89114321626562
2,DALYs (Disability-Adjusted Life Years),42,Central Europe,3,Both,22,All ages,559,Schizophrenia,1,Number,1993,192731.12597508187,256889.74686549522,138812.98743719506
2,DALYs (Disability-Adjusted Life Years),42,Central Europe,3,Both,22,All ages,559,Schizophrenia,3,Rate,1993,153.91427025895484,205.15107627671043,110.85547057211524
2,DALYs (Disability-Adjusted Life Years),42,Central Europe,3,Both,27,Age-standardized,559,Schizophrenia,3,Rate,1993,140.34674682519545,188.1596880089749,101.11209519941167
2,DALYs (Disability-Adjusted Life Years),124,Central Latin America,3,Both,22,All ages,559,Schizophrenia,1,Number,1992,220395.61775998308,292419.60558695404,161873.06741026786
2,DALYs (Disability-Adjusted Life Years),124,Central Latin America,3,Both,22,All ages,559,Schizophrenia,3,Rate,1992,128.38465308099305,170.34000039985534,94.29415073604419
2,DALYs (Disability-Adjusted Life Years),124,Central Latin America,3,Both,27,Age-standardized,559,Schizophrenia,3,Rate,1992,155.37257025475338,204.62581246313334,112.51737618541385
2,DALYs (Disability-Adjusted Life Years),9,Southeast Asia,3,Both,22,All ages,559,Schizophrenia,1,Number,1993,802791.7370404522,1074947.0067989514,584754.8173941538
2,DALYs (Disability-Adjusted Life Years),9,Southeast Asia,3,Both,22,All ages,559,Schizophrenia,3,Rate,1993,163.9312771246169,219.50579152131564,119.40781101408555
2,DALYs (Disability-Adjusted Life Years),9,Southeast Asia,3,Both,27,Age-standardized,559,Schizophrenia,3,Rate,1993,180.76371892598817,238.75122839068408,132.2097332153201
2,DALYs (Disability-Adjusted Life Years),44637,Low SDI,3,Both,22,All ages,559,Schizophrenia,1,Number,1992,587131.7202530373,776852.3964363572,423738.7021137689
2,DALYs (Disability-Adjusted Life Years),44637,Low SDI,3,Both,22,All ages,559,Schizophrenia,3,Rate,1992,111.5450236591979,147.58871978991792,80.50313400241406
2,DALYs (Disability-Adjusted Life Years),44637,Low SDI,3,Both,27,Age-standardized,559,Schizophrenia,3,Rate,1992,153.07422971207586,201.3088128037339,110.31497541457601
2,DALYs (Disability-Adjusted Life Years),167,Central Sub-Saharan Africa,3,Both,22,All ages,559,Schizophrenia,1,Number,1992,56510.582889533194,77333.00536537179,39158.31081941453
2,DALYs (Disability-Adjusted Life Years),167,Central Sub-Saharan Africa,3,Both,22,All ages,559,Schizophrenia,3,Rate,1992,97.04028204664465,132.79665981927658,67.24286553218307
2,DALYs (Disability-Adjusted Life Years),167,Central Sub-Saharan Africa,3,Both,27,Age-standardized,559,Schizophrenia,3,Rate,1992,134.30952370333242,180.12703453493788,92.50338949411494
2,DALYs (Disability-Adjusted Life Years),192,Southern Sub-Saharan Africa,3,Both,22,All ages,559,Schizophrenia,1,Number,1992,63784.073903778866,83767.21558822796,46638.75066383617
2,DALYs (Disability-Adjusted Life Years),192,Southern Sub-Saharan Africa,3,Both,22,All ages,559,Schizophrenia,3,Rate,1992,116.31327813186059,152.7534829422031,85.0479695898493
2,DALYs (Disability-Adjusted Life Years),192,Southern Sub-Saharan Africa,3,Both,27,Age-standardized,559,Schizophrenia,3,Rate,1992,141.5066509067329,184.03144024783657,103.80207089853918
2,DALYs (Disability-Adjusted Life Years),134,Tropical Latin America,3,Both,22,All ages,559,Schizophrenia,1,Number,1995,236159.51706546565,303188.47942988656,175377.10560992378
2,DALYs (Disability-Adjusted Life Years),134,Tropical Latin America,3,Both,22,All ages,559,Schizophrenia,3,Rate,1995,142.59101276014502,183.06250316023298,105.89113415628174
2,DALYs (Disability-Adjusted Life Years),134,Tropical Latin America,3,Both,27,Age-standardized,559,Schizophrenia,3,Rate,1995,152.55211976038478,195.87150330187083,113.23841151223489
2,DALYs (Disability-Adjusted Life Years),100,High-income North America,3,Both,22,All ages,559,Schizophrenia,1,Number,1992,737947.3634661468,934802.3747694825,547234.1876703143
2,DALYs (Disability-Adjusted Life Years),100,High-income North America,3,Both,22,All ages,559,Schizophrenia,3,Rate,1992,256.4455659940194,324.85504516788046,190.17044837619926
2,DALYs (Disability-Adjusted Life Years),100,High-income North America,3,Both,27,Age-standardized,559,Schizophrenia,3,Rate,1992,230.39569920137467,292.1552462657738,171.30448717684496
2,DALYs (Disability-Adjusted Life Years),159,South Asia,3,Both,22,All ages,559,Schizophrenia,1,Number,1993,1777658.1782913324,2305375.508898587,1315673.5840689293
2,DALYs (Disability-Adjusted Life Years),159,South Asia,3,Both,22,All ages,559,Schizophrenia,3,Rate,1993,153.50936916512606,199.08030935391383,113.61476822938569
2,DALYs (Disability-Adjusted Life Years),159,South Asia,3,Both,27,Age-standardized,559,Schizophrenia,3,Rate,1993,181.8728992310542,234.80365530104157,134.1665029466902
2,DALYs (Disability-Adjusted Life Years),96,Southern Latin America,3,Both,22,All ages,559,Schizophrenia,1,Number,1995,91580.39683879075,124477.93740227283,64725.38995891447
2,DALYs (Disability-Adjusted Life Years),96,Southern Latin America,3,Both,22,All ages,559,Schizophrenia,3,Rate,1995,174.46331210866646,237.13408101827747,123.3037451195474
2,DALYs (Disability-Adjusted Life Years),96,Southern Latin America,3,Both,27,Age-standardized,559,Schizophrenia,3,Rate,1995,178.23368083305462,241.90637288254808,125.80663483778864
2,DALYs (Disability-Adjusted Life Years),1,Global,3,Both,22,All ages,559,Schizophrenia,1,Number,1995,9695008.494197903,12465852.479844764,7150553.260808021
2,DALYs (Disability-Adjusted Life Years),1,Global,3,Both,22,All ages,559,Schizophrenia,3,Rate,1995,169.37289972525713,217.77985891628424,124.92097775342354
2,DALYs (Disability-Adjusted Life Years),1,Global,3,Both,27,Age-standardized,559,Schizophrenia,3,Rate,1995,176.71620180799067,225.99782150233065,130.6690894073668
2,DALYs (Disability-Adjusted Life Years),44636,Low-middle SDI,3,Both,22,All ages,559,Schizophrenia,1,Number,1995,1809306.595993968,2366235.071407593,1321164.0060068422
2,DALYs (Disability-Adjusted Life Years),44636,Low-middle SDI,3,Both,22,All ages,559,Schizophrenia,3,Rate,1995,142.0569017145696,185.7838929658312,103.73060362775938
2,DALYs (Disability-Adjusted Life Years),44636,Low-middle SDI,3,Both,27,Age-standardized,559,Schizophrenia,3,Rate,1995,171.15997938262808,223.25803089306524,125.66020728798104
2,DALYs (Disability-Adjusted Life Years),120,Andean Latin America,3,Both,22,All ages,559,Schizophrenia,1,Number,1995,54168.16349145248,74790.57001310532,38026.40073044643
2,DALYs (Disability-Adjusted Life Years),120,Andean Latin America,3,Both,22,All ages,559,Schizophrenia,3,Rate,1995,128.46233187267632,177.36933295673268,90.1813869198061
2,DALYs (Disability-Adjusted Life Years),120,Andean Latin America,3,Both,27,Age-standardized,559,Schizophrenia,3,Rate,1995,152.4741830638435,209.14672310998117,106.33053628881046
2,DALYs (Disability-Adjusted Life Years),44635,High SDI,3,Both,22,All ages,559,Schizophrenia,1,Number,1993,1955699.2237831624,2495234.0310015455,1450172.9094548323
2,DALYs (Disability-Adjusted Life Years),44635,High SDI,3,Both,22,All ages,559,Schizophrenia,3,Rate,1993,217.2657133788235,277.20459015367317,161.10496331120996
2,DALYs (Disability-Adjusted Life Years),44635,High SDI,3,Both,27,Age-standardized,559,Schizophrenia,3,Rate,1993,192.2693451009474,246.4519617870411,143.11134352006724
2,DALYs (Disability-Adjusted Life Years),5,East Asia,3,Both,22,All ages,559,Schizophrenia,1,Number,1995,2687677.3418466593,3363618.2766701616,2023110.2810012344
2,DALYs (Disability-Adjusted Life Years),5,East Asia,3,Both,22,All ages,559,Schizophrenia,3,Rate,1995,210.41838820689097,263.3378364658461,158.38940108807057
2,DALYs (Disability-Adjusted Life Years),5,East Asia,3,Both,27,Age-standardized,559,Schizophrenia,3,Rate,1995,195.59009091659178,243.591219651414,146.80789525821086
2,DALYs (Disability-Adjusted Life Years),21,Oceania,3,Both,22,All ages,559,Schizophrenia,1,Number,1993,10131.178140382286,13963.136931611652,7110.377628993753
2,DALYs (Disability-Adjusted Life Years),21,Oceania,3,Both,22,All ages,559,Schizophrenia,3,Rate,1993,144.31163570351484,198.89524221484095,101.28241867742443
2,DALYs (Disability-Adjusted Life Years),21,Oceania,3,Both,27,Age-standardized,559,Schizophrenia,3,Rate,1993,175.9975851513875,239.94212560533404,123.03812122740874
2,DALYs (Disability-Adjusted Life Years),44639,Middle SDI,3,Both,22,All ages,559,Schizophrenia,1,Number,1994,3090202.339762078,3969333.142594403,2286636.465788503
2,DALYs (Disability-Adjusted Life Years),44639,Middle SDI,3,Both,22,All ages,559,Schizophrenia,3,Rate,1994,169.0380291724647,217.1276110045155,125.08194581217569
2,DALYs (Disability-Adjusted Life Years),44639,Middle SDI,3,Both,27,Age-standardized,559,Schizophrenia,3,Rate,1994,177.95154079094405,226.7605966891407,131.5318426108331
2,DALYs (Disability-Adjusted Life Years),65,High-income Asia Pacific,3,Both,22,All ages,559,Schizophrenia,1,Number,1995,369374.14691079553,479264.67275545234,272965.7872937162
2,DALYs (Disability-Adjusted Life Years),65,High-income Asia Pacific,3,Both,22,All ages,559,Schizophrenia,3,Rate,1995,208.75123550688494,270.8556985084967,154.26619817665272
2,DALYs (Disability-Adjusted Life Years),65,High-income Asia Pacific,3,Both,27,Age-standardized,559,Schizophrenia,3,Rate,1995,178.67897315972294,232.51191051385217,130.9377475494783
2,DALYs (Disability-Adjusted Life Years),42,Central Europe,3,Both,22,All ages,559,Schizophrenia,1,Number,1994,193298.1689516169,257576.05002519896,139425.88886107015
2,DALYs (Disability-Adjusted Life Years),42,Central Europe,3,Both,22,All ages,559,Schizophrenia,3,Rate,1994,154.6478113189478,206.07320079967917,111.54740197751377
2,DALYs (Disability-Adjusted Life Years),42,Central Europe,3,Both,27,Age-standardized,559,Schizophrenia,3,Rate,1994,140.358345164822,187.36149992210045,101.27039488573894
2,DALYs (Disability-Adjusted Life Years),73,Western Europe,3,Both,22,All ages,559,Schizophrenia,1,Number,1994,755612.2635207811,971128.9474341095,548418.6443184153
2,DALYs (Disability-Adjusted Life Years),73,Western Europe,3,Both,22,All ages,559,Schizophrenia,3,Rate,1994,193.79338094473732,249.067373760781,140.6540210985764
2,DALYs (Disability-Adjusted Life Years),73,Western Europe,3,Both,27,Age-standardized,559,Schizophrenia,3,Rate,1994,166.31659749433166,215.19722851013427,122.07959640897236
2,DALYs (Disability-Adjusted Life Years),167,Central Sub-Saharan Africa,3,Both,22,All ages,559,Schizophrenia,1,Number,1993,58132.81023130947,79396.010937805,40921.84360386675
2,DALYs (Disability-Adjusted Life Years),167,Central Sub-Saharan Africa,3,Both,22,All ages,559,Schizophrenia,3,Rate,1993,96.9645409376758,132.43119887434239,68.25694067745611
2,DALYs (Disability-Adjusted Life Years),167,Central Sub-Saharan Africa,3,Both,27,Age-standardized,559,Schizophrenia,3,Rate,1993,134.07587696891812,180.6351600152808,92.96714949143427
2,DALYs (Disability-Adjusted Life Years),5,East Asia,3,Both,22,All ages,559,Schizophrenia,1,Number,1996,2729776.726294617,3421500.9809930767,2052278.666358214
2,DALYs (Disability-Adjusted Life Years),5,East Asia,3,Both,22,All ages,559,Schizophrenia,3,Rate,1996,212.62408541249633,266.50293769963656,159.85332069202263
2,DALYs (Disability-Adjusted Life Years),5,East Asia,3,Both,27,Age-standardized,559,Schizophrenia,3,Rate,1996,195.53136995937334,244.11613094893377,147.11746284664417
2,DALYs (Disability-Adjusted Life Years),44637,Low SDI,3,Both,22,All ages,559,Schizophrenia,1,Number,1993,602045.6662764282,799434.5689955608,432161.85940070404
2,DALYs (Disability-Adjusted Life Years),44637,Low SDI,3,Both,22,All ages,559,Schizophrenia,3,Rate,1993,111.3957303582455,147.9183435330982,79.9623494653892
2,DALYs (Disability-Adjusted Life Years),44637,Low SDI,3,Both,27,Age-standardized,559,Schizophrenia,3,Rate,1993,152.95365295958737,199.80882414848548,110.62226822247351
2,DALYs (Disability-Adjusted Life Years),134,Tropical Latin America,3,Both,22,All ages,559,Schizophrenia,1,Number,1996,242069.19818515753,311783.9864437082,178922.46655947823
2,DALYs (Disability-Adjusted Life Years),134,Tropical Latin America,3,Both,22,All ages,559,Schizophrenia,3,Rate,1996,143.72035522455644,185.11114020687316,106.22913053115056
2,DALYs (Disability-Adjusted Life Years),134,Tropical Latin America,3,Both,27,Age-standardized,559,Schizophrenia,3,Rate,1996,152.5555014921606,196.0081192791304,113.66586391766495
2,DALYs (Disability-Adjusted Life Years),32,Central Asia,3,Both,22,All ages,559,Schizophrenia,1,Number,1994,87422.10786708897,120497.9897838863,61157.87779060705
2,DALYs (Disability-Adjusted Life Years),32,Central Asia,3,Both,22,All ages,559,Schizophrenia,3,Rate,1994,121.60433586447,167.61295715896938,85.07073660262265
2,DALYs (Disability-Adjusted Life Years),32,Central Asia,3,Both,27,Age-standardized,559,Schizophrenia,3,Rate,1994,136.42886982716163,186.24029140988318,96.71226264768693
2,DALYs (Disability-Adjusted Life Years),70,Australasia,3,Both,22,All ages,559,Schizophrenia,1,Number,1995,58552.923059148416,71326.51855518422,44129.450401379676
2,DALYs (Disability-Adjusted Life Years),70,Australasia,3,Both,22,All ages,559,Schizophrenia,3,Rate,1995,271.82151515005455,331.1206568536879,204.86311261907264
2,DALYs (Disability-Adjusted Life Years),70,Australasia,3,Both,27,Age-standardized,559,Schizophrenia,3,Rate,1995,245.97552111811902,299.39583045881693,185.2028980273921
2,DALYs (Disability-Adjusted Life Years),1,Global,3,Both,22,All ages,559,Schizophrenia,1,Number,1996,9869365.768526204,12698619.674934685,7281992.9089472955
2,DALYs (Disability-Adjusted Life Years),1,Global,3,Both,22,All ages,559,Schizophrenia,3,Rate,1996,170.2085998626168,219.00234784603322,125.58636961192602
2,DALYs (Disability-Adjusted Life Years),1,Global,3,Both,27,Age-standardized,559,Schizophrenia,3,Rate,1996,176.61974672965718,226.08648315209905,130.73007789216936
2,DALYs (Disability-Adjusted Life Years),56,Eastern Europe,3,Both,22,All ages,559,Schizophrenia,1,Number,1994,314070.23035592074,403715.21356339194,229734.926316628
2,DALYs (Disability-Adjusted Life Years),56,Eastern Europe,3,Both,22,All ages,559,Schizophrenia,3,Rate,1994,139.00465016430746,178.6807108836511,101.67860553665436
2,DALYs (Disability-Adjusted Life Years),56,Eastern Europe,3,Both,27,Age-standardized,559,Schizophrenia,3,Rate,1994,123.81965690631029,160.41434592535853,90.69298807317777
2,DALYs (Disability-Adjusted Life Years),159,South Asia,3,Both,22,All ages,559,Schizophrenia,1,Number,1994,1821040.3370627433,2365853.5352893323,1346541.4855094873
2,DALYs (Disability-Adjusted Life Years),159,South Asia,3,Both,22,All ages,559,Schizophrenia,3,Rate,1994,154.23902064474598,200.38377231144472,114.0497746016426
2,DALYs (Disability-Adjusted Life Years),159,South Asia,3,Both,27,Age-standardized,559,Schizophrenia,3,Rate,1994,181.91270306442993,234.22920513896278,134.25628914325304
2,DALYs (Disability-Adjusted Life Years),44639,Middle SDI,3,Both,22,All ages,559,Schizophrenia,1,Number,1995,3155699.902307604,4069140.7774454765,2339857.2080889763
2,DALYs (Disability-Adjusted Life Years),44639,Middle SDI,3,Both,22,All ages,559,Schizophrenia,3,Rate,1995,170.5360933926756,219.89903765657365,126.44741886653917
2,DALYs (Disability-Adjusted Life Years),44639,Middle SDI,3,Both,27,Age-standardized,559,Schizophrenia,3,Rate,1995,177.82387925680257,226.79733405132177,131.97849007891483
2,DALYs (Disability-Adjusted Life Years),192,Southern Sub-Saharan Africa,3,Both,22,All ages,559,Schizophrenia,1,Number,1993,65680.85870483003,86324.69888621834,47570.37676423477
2,DALYs (Disability-Adjusted Life Years),192,Southern Sub-Saharan Africa,3,Both,22,All ages,559,Schizophrenia,3,Rate,1993,117.2290116365049,154.07470806264118,84.9049230051754
2,DALYs (Disability-Adjusted Life Years),192,Southern Sub-Saharan Africa,3,Both,27,Age-standardized,559,Schizophrenia,3,Rate,1993,141.40503598564774,185.7092342749975,103.59944554454906
2,DALYs (Disability-Adjusted Life Years),44635,High SDI,3,Both,22,All ages,559,Schizophrenia,1,Number,1994,1976749.2873769547,2523647.1265178607,1468718.6423884353
2,DALYs (Disability-Adjusted Life Years),44635,High SDI,3,Both,22,All ages,559,Schizophrenia,3,Rate,1994,218.0890179721216,278.4266710224908,162.03946977053334
2,DALYs (Disability-Adjusted Life Years),44635,High SDI,3,Both,27,Age-standardized,559,Schizophrenia,3,Rate,1994,192.3095169569159,246.0883600716085,143.29917541775907
2,DALYs (Disability-Adjusted Life Years),65,High-income Asia Pacific,3,Both,22,All ages,559,Schizophrenia,1,Number,1996,372417.8094169273,482771.746458958,272532.77879394643
2,DALYs (Disability-Adjusted Life Years),65,High-income Asia Pacific,3,Both,22,All ages,559,Schizophrenia,3,Rate,1996,209.6509791976587,271.7742460612948,153.42113747746242
2,DALYs (Disability-Adjusted Life Years),65,High-income Asia Pacific,3,Both,27,Age-standardized,559,Schizophrenia,3,Rate,1996,178.72445594533843,232.11475668586024,130.0380956563586
2,DALYs (Disability-Adjusted Life Years),73,Western Europe,3,Both,22,All ages,559,Schizophrenia,1,Number,1995,761411.5696979635,977260.1042563324,549373.3264421452
2,DALYs (Disability-Adjusted Life Years),73,Western Europe,3,Both,22,All ages,559,Schizophrenia,3,Rate,1995,194.67833294936776,249.86666282207497,140.464221473586
2,DALYs (Disability-Adjusted Life Years),73,Western Europe,3,Both,27,Age-standardized,559,Schizophrenia,3,Rate,1995,166.38593396667295,214.38624753335293,121.06240732088834
2,DALYs (Disability-Adjusted Life Years),124,Central Latin America,3,Both,22,All ages,559,Schizophrenia,1,Number,1993,227701.441678531,303698.5275898966,165860.21103776176
2,DALYs (Disability-Adjusted Life Years),124,Central Latin America,3,Both,22,All ages,559,Schizophrenia,3,Rate,1993,129.85716336965564,173.1979781140029,94.58937265607553
2,DALYs (Disability-Adjusted Life Years),124,Central Latin America,3,Both,27,Age-standardized,559,Schizophrenia,3,Rate,1993,155.67582488006286,204.7867984968955,111.68033953174975
2,DALYs (Disability-Adjusted Life Years),44634,High-middle SDI,3,Both,22,All ages,559,Schizophrenia,1,Number,1995,2092202.4057689966,2640543.53144861,1561074.4826239615
2,DALYs (Disability-Adjusted Life Years),44634,High-middle SDI,3,Both,22,All ages,559,Schizophrenia,3,Rate,1995,187.81342564460704,237.03706908930312,140.13498190210984
2,DALYs (Disability-Adjusted Life Years),44634,High-middle SDI,3,Both,27,Age-standardized,559,Schizophrenia,3,Rate,1995,173.16461386158744,217.7622888499601,128.9117525351577
2,DALYs (Disability-Adjusted Life Years),100,High-income North America,3,Both,22,All ages,559,Schizophrenia,1,Number,1993,746018.2258637445,939206.2092688638,555174.0130857998
2,DALYs (Disability-Adjusted Life Years),100,High-income North America,3,Both,22,All ages,559,Schizophrenia,3,Rate,1993,256.5078723693465,322.9328427957698,190.88877450213934
2,DALYs (Disability-Adjusted Life Years),100,High-income North America,3,Both,27,Age-standardized,559,Schizophrenia,3,Rate,1993,230.352565220962,290.7118032355624,171.10708051881787
2,DALYs (Disability-Adjusted Life Years),104,Caribbean,3,Both,22,All ages,559,Schizophrenia,1,Number,1994,49782.734874508205,67591.15556159084,35086.39765415102
2,DALYs (Disability-Adjusted Life Years),104,Caribbean,3,Both,22,All ages,559,Schizophrenia,3,Rate,1994,133.72127033950778,181.55642128129494,94.24547843297964
2,DALYs (Disability-Adjusted Life Years),104,Caribbean,3,Both,27,Age-standardized,559,Schizophrenia,3,Rate,1994,142.04918902095068,193.63381064289354,99.2899433825442
2,DALYs (Disability-Adjusted Life Years),5,East Asia,3,Both,22,All ages,559,Schizophrenia,1,Number,1997,2770938.4216459757,3475397.8217331017,2083408.9570340822
2,DALYs (Disability-Adjusted Life Years),5,East Asia,3,Both,22,All ages,559,Schizophrenia,3,Rate,1997,214.89531171089564,269.52843570484845,161.5751594281773
2,DALYs (Disability-Adjusted Life Years),5,East Asia,3,Both,27,Age-standardized,559,Schizophrenia,3,Rate,1997,195.57337171589765,243.71926765585556,147.48450951746096
2,DALYs (Disability-Adjusted Life Years),174,Eastern Sub-Saharan Africa,3,Both,22,All ages,559,Schizophrenia,1,Number,1993,194127.974994494,258375.05555072273,140733.70801349974
2,DALYs (Disability-Adjusted Life Years),174,Eastern Sub-Saharan Africa,3,Both,22,All ages,559,Schizophrenia,3,Rate,1993,93.71397526322959,124.72882161987614,67.9382517221115
2,DALYs (Disability-Adjusted Life Years),174,Eastern Sub-Saharan Africa,3,Both,27,Age-standardized,559,Schizophrenia,3,Rate,1993,135.25273274564475,178.2486572600973,96.28603622191558
2,DALYs (Disability-Adjusted Life Years),44635,High SDI,3,Both,22,All ages,559,Schizophrenia,1,Number,1995,1997225.604322103,2542645.8753896058,1469927.1827576347
2,DALYs (Disability-Adjusted Life Years),44635,High SDI,3,Both,22,All ages,559,Schizophrenia,3,Rate,1995,218.88321110821542,278.65780045676786,161.09466109435803
2,DALYs (Disability-Adjusted Life Years),44635,High SDI,3,Both,27,Age-standardized,559,Schizophrenia,3,Rate,1995,192.33766625681466,245.65401955300905,142.4687638563826
2,DALYs (Disability-Adjusted Life Years),44639,Middle SDI,3,Both,22,All ages,559,Schizophrenia,1,Number,1996,3218474.312200291,4141934.684385478,2374260.3275833623
2,DALYs (Disability-Adjusted Life Years),44639,Middle SDI,3,Both,22,All ages,559,Schizophrenia,3,Rate,1996,171.91656312554932,221.24370324498813,126.8224120777358
2,DALYs (Disability-Adjusted Life Years),44639,Middle SDI,3,Both,27,Age-standardized,559,Schizophrenia,3,Rate,1996,177.6550566508795,227.6883549783889,131.80542388175022
2,DALYs (Disability-Adjusted Life Years),42,Central Europe,3,Both,22,All ages,559,Schizophrenia,1,Number,1995,193764.35547579775,258484.76741854748,138306.70413541707
2,DALYs (Disability-Adjusted Life Years),42,Central Europe,3,Both,22,All ages,559,Schizophrenia,3,Rate,1995,155.48825755864513,207.42383702446102,110.98567836116364
2,DALYs (Disability-Adjusted Life Years),42,Central Europe,3,Both,27,Age-standardized,559,Schizophrenia,3,Rate,1995,140.45511890860016,188.47371394984802,100.59141131520825
2,DALYs (Disability-Adjusted Life Years),159,South Asia,3,Both,22,All ages,559,Schizophrenia,1,Number,1995,1864973.9812643614,2410591.5416023512,1377252.440624291
2,DALYs (Disability-Adjusted Life Years),159,South Asia,3,Both,22,All ages,559,Schizophrenia,3,Rate,1995,154.92934564571507,200.25553917184027,114.41275940494707
2,DALYs (Disability-Adjusted Life Years),159,South Asia,3,Both,27,Age-standardized,559,Schizophrenia,3,Rate,1995,181.90394878473526,234.60896521114412,134.304957323804
2,DALYs (Disability-Adjusted Life Years),32,Central Asia,3,Both,22,All ages,559,Schizophrenia,1,Number,1995,88517.480770396,122375.85660686053,61760.04410778915
2,DALYs (Disability-Adjusted Life Years),32,Central Asia,3,Both,22,All ages,559,Schizophrenia,3,Rate,1995,122.35504497318571,169.15645710256416,85.36904697904302
2,DALYs (Disability-Adjusted Life Years),32,Central Asia,3,Both,27,Age-standardized,559,Schizophrenia,3,Rate,1995,136.50107575688162,186.16042108965976,96.09103344643835
2,DALYs (Disability-Adjusted Life Years),56,Eastern Europe,3,Both,22,All ages,559,Schizophrenia,1,Number,1995,313723.8457581199,405421.7970756127,231272.4161012945
2,DALYs (Disability-Adjusted Life Years),56,Eastern Europe,3,Both,22,All ages,559,Schizophrenia,3,Rate,1995,139.42363443968964,180.1755945352435,102.78096878664226
2,DALYs (Disability-Adjusted Life Years),56,Eastern Europe,3,Both,27,Age-standardized,559,Schizophrenia,3,Rate,1995,123.70594739917347,160.13207118766485,91.33630225831406
2,DALYs (Disability-Adjusted Life Years),96,Southern Latin America,3,Both,22,All ages,559,Schizophrenia,1,Number,1996,92843.13964899724,125872.07016430909,65912.44787540009
2,DALYs (Disability-Adjusted Life Years),96,Southern Latin America,3,Both,22,All ages,559,Schizophrenia,3,Rate,1996,175.02513512085756,237.2902959953724,124.25619317865208
2,DALYs (Disability-Adjusted Life Years),96,Southern Latin America,3,Both,27,Age-standardized,559,Schizophrenia,3,Rate,1996,178.19561925964226,241.76977574549642,126.2934355856644
2,DALYs (Disability-Adjusted Life Years),138,North Africa and Middle East,3,Both,22,All ages,559,Schizophrenia,1,Number,1993,460888.3438982164,618411.601752904,330838.3994939737
2,DALYs (Disability-Adjusted Life Years),138,North Africa and Middle East,3,Both,22,All ages,559,Schizophrenia,3,Rate,1993,126.59539512239839,169.8633999072745,90.87367571797594
2,DALYs (Disability-Adjusted Life Years),138,North Africa and Middle East,3,Both,27,Age-standardized,559,Schizophrenia,3,Rate,1993,155.28802102835712,207.79628136793175,111.57284506687361
2,DALYs (Disability-Adjusted Life Years),44636,Low-middle SDI,3,Both,22,All ages,559,Schizophrenia,1,Number,1996,1850828.0115371689,2425106.513321981,1355376.8052431764
2,DALYs (Disability-Adjusted Life Years),44636,Low-middle SDI,3,Both,22,All ages,559,Schizophrenia,3,Rate,1996,142.74664600024883,187.0383519225869,104.53456064472937
2,DALYs (Disability-Adjusted Life Years),44636,Low-middle SDI,3,Both,27,Age-standardized,559,Schizophrenia,3,Rate,1996,171.10069085469618,223.82028255306324,125.42515320976729
2,DALYs (Disability-Adjusted Life Years),70,Australasia,3,Both,22,All ages,559,Schizophrenia,1,Number,1996,59367.47085573795,72186.29705918033,44966.281538303694
2,DALYs (Disability-Adjusted Life Years),70,Australasia,3,Both,22,All ages,559,Schizophrenia,3,Rate,1996,272.39148733260174,331.20718362356655,206.31554842210736
2,DALYs (Disability-Adjusted Life Years),70,Australasia,3,Both,27,Age-standardized,559,Schizophrenia,3,Rate,1996,246.01589557386328,298.892056259341,186.0225442191902
2,DALYs (Disability-Adjusted Life Years),65,High-income Asia Pacific,3,Both,22,All ages,559,Schizophrenia,1,Number,1997,374988.9258949085,484527.1046269642,275313.307032546
2,DALYs (Disability-Adjusted Life Years),65,High-income Asia Pacific,3,Both,22,All ages,559,Schizophrenia,3,Rate,1997,210.28251768957313,271.7082356676081,154.3874268235615
2,DALYs (Disability-Adjusted Life Years),65,High-income Asia Pacific,3,Both,27,Age-standardized,559,Schizophrenia,3,Rate,1997,178.67036165221992,231.99158845065267,130.49008926003543
2,DALYs (Disability-Adjusted Life Years),44637,Low SDI,3,Both,22,All ages,559,Schizophrenia,1,Number,1994,617302.8056151093,816002.6048675412,444089.71915819123
2,DALYs (Disability-Adjusted Life Years),44637,Low SDI,3,Both,22,All ages,559,Schizophrenia,3,Rate,1994,111.39299541820586,147.2486008461926,80.1364963863529
2,DALYs (Disability-Adjusted Life Years),44637,Low SDI,3,Both,27,Age-standardized,559,Schizophrenia,3,Rate,1994,152.94064778472253,200.23555665339143,110.40654158345998
2,DALYs (Disability-Adjusted Life Years),199,Western Sub-Saharan Africa,3,Both,22,All ages,559,Schizophrenia,1,Number,1993,226269.41553440248,299585.18057738926,163425.7042355397
2,DALYs (Disability-Adjusted Life Years),199,Western Sub-Saharan Africa,3,Both,22,All ages,559,Schizophrenia,3,Rate,1993,107.68368760890858,142.57533180682628,77.77578971776715
2,DALYs (Disability-Adjusted Life Years),199,Western Sub-Saharan Africa,3,Both,27,Age-standardized,559,Schizophrenia,3,Rate,1993,147.3553421395319,194.45864055950358,106.01941855844068
2,DALYs (Disability-Adjusted Life Years),120,Andean Latin America,3,Both,22,All ages,559,Schizophrenia,1,Number,1996,55647.41795293672,77171.34219596608,39269.776553370706
2,DALYs (Disability-Adjusted Life Years),120,Andean Latin America,3,Both,22,All ages,559,Schizophrenia,3,Rate,1996,129.405310382594,179.45812864051052,91.31991762568154
2,DALYs (Disability-Adjusted Life Years),120,Andean Latin America,3,Both,27,Age-standardized,559,Schizophrenia,3,Rate,1996,152.46585806598688,207.7516871764249,106.18148890717879
2,DALYs (Disability-Adjusted Life Years),44634,High-middle SDI,3,Both,22,All ages,559,Schizophrenia,1,Number,1996,2127117.915132946,2681247.966634413,1587551.7863815925
2,DALYs (Disability-Adjusted Life Years),44634,High-middle SDI,3,Both,22,All ages,559,Schizophrenia,3,Rate,1996,189.5722531641804,238.95723631992158,141.48523079895543
2,DALYs (Disability-Adjusted Life Years),44634,High-middle SDI,3,Both,27,Age-standardized,559,Schizophrenia,3,Rate,1996,173.43944668962357,217.9333222162708,129.67369820813926
2,DALYs (Disability-Adjusted Life Years),73,Western Europe,3,Both,22,All ages,559,Schizophrenia,1,Number,1996,767121.275910337,983551.7393962084,554558.9805143937
2,DALYs (Disability-Adjusted Life Years),73,Western Europe,3,Both,22,All ages,559,Schizophrenia,3,Rate,1996,195.52891028159473,250.6941286193525,141.3496360378948
2,DALYs (Disability-Adjusted Life Years),73,Western Europe,3,Both,27,Age-standardized,559,Schizophrenia,3,Rate,1996,166.48327647158177,215.26450256769405,121.72835765617603
2,DALYs (Disability-Adjusted Life Years),192,Southern Sub-Saharan Africa,3,Both,22,All ages,559,Schizophrenia,1,Number,1994,67559.03693652982,89253.1170871638,48961.733330909
2,DALYs (Disability-Adjusted Life Years),192,Southern Sub-Saharan Africa,3,Both,22,All ages,559,Schizophrenia,3,Rate,1994,118.0950932437862,156.01695439515487,85.58648443321167
2,DALYs (Disability-Adjusted Life Years),192,Southern Sub-Saharan Africa,3,Both,27,Age-standardized,559,Schizophrenia,3,Rate,1994,141.25305612252922,186.2505977888641,103.40428079247297
2,DALYs (Disability-Adjusted Life Years),104,Caribbean,3,Both,22,All ages,559,Schizophrenia,1,Number,1995,50764.90752720248,68935.07383493157,36131.754554681145
2,DALYs (Disability-Adjusted Life Years),104,Caribbean,3,Both,22,All ages,559,Schizophrenia,3,Rate,1995,134.59148011415814,182.7654982775362,95.79503955621598
2,DALYs (Disability-Adjusted Life Years),104,Caribbean,3,Both,27,Age-standardized,559,Schizophrenia,3,Rate,1995,141.89012365992835,192.5752268504654,99.78268986985816
2,DALYs (Disability-Adjusted Life Years),44637,Low SDI,3,Both,22,All ages,559,Schizophrenia,1,Number,1995,632446.8446549902,835951.3243280565,452417.0068022047
2,DALYs (Disability-Adjusted Life Years),44637,Low SDI,3,Both,22,All ages,559,Schizophrenia,3,Rate,1995,111.32423475899182,147.14539611206894,79.63511479242798
2,DALYs (Disability-Adjusted Life Years),44637,Low SDI,3,Both,27,Age-standardized,559,Schizophrenia,3,Rate,1995,152.83683860819286,199.22069285473856,110.63413777556109
2,DALYs (Disability-Adjusted Life Years),167,Central Sub-Saharan Africa,3,Both,22,All ages,559,Schizophrenia,1,Number,1994,59789.33315486744,81138.52131600578,42569.01197741711
2,DALYs (Disability-Adjusted Life Years),167,Central Sub-Saharan Africa,3,Both,22,All ages,559,Schizophrenia,3,Rate,1994,96.86282514711336,131.44997591075781,68.96472240581006
2,DALYs (Disability-Adjusted Life Years),167,Central Sub-Saharan Africa,3,Both,27,Age-standardized,559,Schizophrenia,3,Rate,1994,133.72422375275252,180.823766851307,94.6159791832918
2,DALYs (Disability-Adjusted Life Years),70,Australasia,3,Both,22,All ages,559,Schizophrenia,1,Number,1997,60128.47952614485,72835.0426199981,45512.70196828291
2,DALYs (Disability-Adjusted Life Years),70,Australasia,3,Both,22,All ages,559,Schizophrenia,3,Rate,1997,272.73252674016226,330.36732951715635,206.43785281788917
2,DALYs (Disability-Adjusted Life Years),70,Australasia,3,Both,27,Age-standardized,559,Schizophrenia,3,Rate,1997,245.91915132675504,296.93800150455854,186.61159131160167
2,DALYs (Disability-Adjusted Life Years),42,Central Europe,3,Both,22,All ages,559,Schizophrenia,1,Number,1996,194348.904700901,260035.95421266218,138959.0067734704
2,DALYs (Disability-Adjusted Life Years),42,Central Europe,3,Both,22,All ages,559,Schizophrenia,3,Rate,1996,156.41597540659282,209.2822569880378,111.83705212773926
2,DALYs (Disability-Adjusted Life Years),42,Central Europe,3,Both,27,Age-standardized,559,Schizophrenia,3,Rate,1996,140.61582493098766,188.52007491960094,100.2481311379438
2,DALYs (Disability-Adjusted Life Years),32,Central Asia,3,Both,22,All ages,559,Schizophrenia,1,Number,1996,89337.60435257085,122027.75528434769,63114.163425150655
2,DALYs (Disability-Adjusted Life Years),32,Central Asia,3,Both,22,All ages,559,Schizophrenia,3,Rate,1996,122.79362533414465,167.72590412898955,86.74977343606052
2,DALYs (Disability-Adjusted Life Years),32,Central Asia,3,Both,27,Age-standardized,559,Schizophrenia,3,Rate,1996,136.16690068258265,184.3589903920654,96.53763184817267
2,DALYs (Disability-Adjusted Life Years),134,Tropical Latin America,3,Both,22,All ages,559,Schizophrenia,1,Number,1997,248099.7035007954,319794.02006619493,182792.1770912446
2,DALYs (Disability-Adjusted Life Years),134,Tropical Latin America,3,Both,22,All ages,559,Schizophrenia,3,Rate,1997,144.84356943873425,186.69956754463186,106.7162556898752
2,DALYs (Disability-Adjusted Life Years),134,Tropical Latin America,3,Both,27,Age-standardized,559,Schizophrenia,3,Rate,1997,152.60288429190308,197.6378950204169,113.32174954406331
2,DALYs (Disability-Adjusted Life Years),159,South Asia,3,Both,22,All ages,559,Schizophrenia,1,Number,1996,1909447.3710314503,2474953.3976652967,1402490.9118980556
2,DALYs (Disability-Adjusted Life Years),159,South Asia,3,Both,22,All ages,559,Schizophrenia,3,Rate,1996,155.5811322261789,201.65837386122612,114.27448974001172
2,DALYs (Disability-Adjusted Life Years),159,South Asia,3,Both,27,Age-standardized,559,Schizophrenia,3,Rate,1996,181.86203746617292,234.70547865186577,133.2765748768976
2,DALYs (Disability-Adjusted Life Years),1,Global,3,Both,22,All ages,559,Schizophrenia,1,Number,1997,10045330.620484876,12914161.009622706,7400161.1524569355
2,DALYs (Disability-Adjusted Life Years),1,Global,3,Both,22,All ages,559,Schizophrenia,3,Rate,1997,171.0403541798759,219.88750360465437,126.00144607717237
2,DALYs (Disability-Adjusted Life Years),1,Global,3,Both,27,Age-standardized,559,Schizophrenia,3,Rate,1997,176.54364621876118,226.21716727259914,130.19373106924758
2,DALYs (Disability-Adjusted Life Years),96,Southern Latin America,3,Both,22,All ages,559,Schizophrenia,1,Number,1997,94048.42568704854,127816.62472669364,67042.89675150898
2,DALYs (Disability-Adjusted Life Years),96,Southern Latin America,3,Both,22,All ages,559,Schizophrenia,3,Rate,1997,175.46837817869613,238.47050794553073,125.08352240296
2,DALYs (Disability-Adjusted Life Years),96,Southern Latin America,3,Both,27,Age-standardized,559,Schizophrenia,3,Rate,1997,178.05199927629172,241.67281618405414,126.91164039635332
2,DALYs (Disability-Adjusted Life Years),44637,Low SDI,3,Both,22,All ages,559,Schizophrenia,1,Number,1996,649207.5399673185,861247.3364250895,465295.6188185418
2,DALYs (Disability-Adjusted Life Years),44637,Low SDI,3,Both,22,All ages,559,Schizophrenia,3,Rate,1996,111.23347280524948,147.5638009066506,79.72249916391836
2,DALYs (Disability-Adjusted Life Years),44637,Low SDI,3,Both,27,Age-standardized,559,Schizophrenia,3,Rate,1996,152.73869704627654,199.41284758815723,110.12175341825916
2,DALYs (Disability-Adjusted Life Years),44636,Low-middle SDI,3,Both,22,All ages,559,Schizophrenia,1,Number,1997,1894028.1966057564,2471339.1359573384,1385233.69110448
2,DALYs (Disability-Adjusted Life Years),44636,Low-middle SDI,3,Both,22,All ages,559,Schizophrenia,3,Rate,1997,143.50913696884507,187.25156636746294,104.95814786011381
2,DALYs (Disability-Adjusted Life Years),44636,Low-middle SDI,3,Both,27,Age-standardized,559,Schizophrenia,3,Rate,1997,171.129714260115,223.13238437068773,125.95481791674891
2,DALYs (Disability-Adjusted Life Years),100,High-income North America,3,Both,22,All ages,559,Schizophrenia,1,Number,1994,753866.5154128122,951124.4440228418,563622.057397478
2,DALYs (Disability-Adjusted Life Years),100,High-income North America,3,Both,22,All ages,559,Schizophrenia,3,Rate,1994,256.5745239365621,323.71022779272363,191.8258180995289
2,DALYs (Disability-Adjusted Life Years),100,High-income North America,3,Both,27,Age-standardized,559,Schizophrenia,3,Rate,1994,230.20444897372266,291.14783378578176,171.87261927487847
2,DALYs (Disability-Adjusted Life Years),124,Central Latin America,3,Both,22,All ages,559,Schizophrenia,1,Number,1994,234713.4034416917,312052.7022826613,170964.85215429508
2,DALYs (Disability-Adjusted Life Years),124,Central Latin America,3,Both,22,All ages,559,Schizophrenia,3,Rate,1994,131.12729645836458,174.33442914996292,95.51290434917958
2,DALYs (Disability-Adjusted Life Years),124,Central Latin America,3,Both,27,Age-standardized,559,Schizophrenia,3,Rate,1994,155.70932716503071,205.2813412432918,111.91262240564399
2,DALYs (Disability-Adjusted Life Years),56,Eastern Europe,3,Both,22,All ages,559,Schizophrenia,1,Number,1996,313395.1543647668,403584.5489968509,230275.79080042546
2,DALYs (Disability-Adjusted Life Years),56,Eastern Europe,3,Both,22,All ages,559,Schizophrenia,3,Rate,1996,139.84019927407147,180.08365148481923,102.75146895234225
2,DALYs (Disability-Adjusted Life Years),56,Eastern Europe,3,Both,27,Age-standardized,559,Schizophrenia,3,Rate,1996,123.54568855008432,158.9111076069612,90.95637473554805
2,DALYs (Disability-Adjusted Life Years),21,Oceania,3,Both,22,All ages,559,Schizophrenia,1,Number,1994,10383.80991766671,14490.221801949981,7399.840547830559
2,DALYs (Disability-Adjusted Life Years),21,Oceania,3,Both,22,All ages,559,Schizophrenia,3,Rate,1994,144.47306752572538,201.60680997194785,102.95620505604872
2,DALYs (Disability-Adjusted Life Years),21,Oceania,3,Both,27,Age-standardized,559,Schizophrenia,3,Rate,1994,175.71551581162106,239.95315437203013,123.85861645796861
2,DALYs (Disability-Adjusted Life Years),120,Andean Latin America,3,Both,22,All ages,559,Schizophrenia,1,Number,1997,57056.73724448079,78229.60701662955,40392.31676004759
2,DALYs (Disability-Adjusted Life Years),120,Andean Latin America,3,Both,22,All ages,559,Schizophrenia,3,Rate,1997,130.16511400949094,178.46736788690555,92.14811028626863
2,DALYs (Disability-Adjusted Life Years),120,Andean Latin America,3,Both,27,Age-standardized,559,Schizophrenia,3,Rate,1997,152.22097478235295,206.64012180382818,108.09071486374656
2,DALYs (Disability-Adjusted Life Years),44634,High-middle SDI,3,Both,22,All ages,559,Schizophrenia,1,Number,1997,2160744.3317393153,2723178.0578217544,1615872.9565646278
2,DALYs (Disability-Adjusted Life Years),44634,High-middle SDI,3,Both,22,All ages,559,Schizophrenia,3,Rate,1997,191.22684103126167,241.00247767107197,143.00548031194728
2,DALYs (Disability-Adjusted Life Years),44634,High-middle SDI,3,Both,27,Age-standardized,559,Schizophrenia,3,Rate,1997,173.59495444630082,218.52043094629892,130.11814097543697
2,DALYs (Disability-Adjusted Life Years),70,Australasia,3,Both,22,All ages,559,Schizophrenia,1,Number,1998,60920.752154191374,74273.06866855199,46064.62524218629
2,DALYs (Disability-Adjusted Life Years),70,Australasia,3,Both,22,All ages,559,Schizophrenia,3,Rate,1998,273.3518532784615,333.26379355659765,206.69230492524503
2,DALYs (Disability-Adjusted Life Years),70,Australasia,3,Both,27,Age-standardized,559,Schizophrenia,3,Rate,1998,246.21487260704663,299.80756725250274,186.7487303795089
2,DALYs (Disability-Adjusted Life Years),138,North Africa and Middle East,3,Both,22,All ages,559,Schizophrenia,1,Number,1994,475727.077134767,640483.3045328008,342558.1031792855
2,DALYs (Disability-Adjusted Life Years),138,North Africa and Middle East,3,Both,22,All ages,559,Schizophrenia,3,Rate,1994,127.8815670341358,172.17016348147288,92.08403124465896
2,DALYs (Disability-Adjusted Life Years),138,North Africa and Middle East,3,Both,27,Age-standardized,559,Schizophrenia,3,Rate,1994,155.35761239212454,209.35167331184323,113.43769381315255
2,DALYs (Disability-Adjusted Life Years),104,Caribbean,3,Both,22,All ages,559,Schizophrenia,1,Number,1996,51735.34318448254,70223.57954347003,36562.029425996865
2,DALYs (Disability-Adjusted Life Years),104,Caribbean,3,Both,22,All ages,559,Schizophrenia,3,Rate,1996,135.39440886650786,183.77920113285583,95.68496227889156
2,DALYs (Disability-Adjusted Life Years),104,Caribbean,3,Both,27,Age-standardized,559,Schizophrenia,3,Rate,1996,141.71254825317678,191.25767943240817,99.60635580997725
2,DALYs (Disability-Adjusted Life Years),199,Western Sub-Saharan Africa,3,Both,22,All ages,559,Schizophrenia,1,Number,1994,233413.6625561652,309128.68143171555,168270.5247014221
2,DALYs (Disability-Adjusted Life Years),199,Western Sub-Saharan Africa,3,Both,22,All ages,559,Schizophrenia,3,Rate,1994,107.89455300574656,142.8935244795499,77.78239220394272
2,DALYs (Disability-Adjusted Life Years),199,Western Sub-Saharan Africa,3,Both,27,Age-standardized,559,Schizophrenia,3,Rate,1994,147.42005452756942,194.6993763553218,106.49305341173246
2,DALYs (Disability-Adjusted Life Years),44636,Low-middle SDI,3,Both,22,All ages,559,Schizophrenia,1,Number,1998,1937314.467298478,2539675.840882968,1425692.4655607066
2,DALYs (Disability-Adjusted Life Years),44636,Low-middle SDI,3,Both,22,All ages,559,Schizophrenia,3,Rate,1998,144.22443219554776,189.06755320052213,106.13645322005635
2,DALYs (Disability-Adjusted Life Years),44636,Low-middle SDI,3,Both,27,Age-standardized,559,Schizophrenia,3,Rate,1998,171.06096861533447,223.49360049109197,125.94367940868501
2,DALYs (Disability-Adjusted Life Years),9,Southeast Asia,3,Both,22,All ages,559,Schizophrenia,1,Number,1994,823826.7644850325,1100050.4895369725,600017.606866258
2,DALYs (Disability-Adjusted Life Years),9,Southeast Asia,3,Both,22,All ages,559,Schizophrenia,3,Rate,1994,165.54884359388575,221.05628790971625,120.57416101887794
2,DALYs (Disability-Adjusted Life Years),9,Southeast Asia,3,Both,27,Age-standardized,559,Schizophrenia,3,Rate,1994,180.7448367788514,237.74140146576786,131.8679282805076
2,DALYs (Disability-Adjusted Life Years),5,East Asia,3,Both,22,All ages,559,Schizophrenia,1,Number,1998,2810696.3054614346,3526824.615736047,2117115.357315283
2,DALYs (Disability-Adjusted Life Years),5,East Asia,3,Both,22,All ages,559,Schizophrenia,3,Rate,1998,217.12890939014673,272.4504888475925,163.5491346730647
2,DALYs (Disability-Adjusted Life Years),5,East Asia,3,Both,27,Age-standardized,559,Schizophrenia,3,Rate,1998,195.56164404767193,243.72494579778177,147.59207289255315
2,DALYs (Disability-Adjusted Life Years),134,Tropical Latin America,3,Both,22,All ages,559,Schizophrenia,1,Number,1998,253855.3884643634,326833.6423246749,187137.14067090466
2,DALYs (Disability-Adjusted Life Years),134,Tropical Latin America,3,Both,22,All ages,559,Schizophrenia,3,Rate,1998,145.75618825196818,187.65812372912958,107.44856144108417
2,DALYs (Disability-Adjusted Life Years),134,Tropical Latin America,3,Both,27,Age-standardized,559,Schizophrenia,3,Rate,1998,152.43187685616832,196.77933988455467,112.91329771487247
2,DALYs (Disability-Adjusted Life Years),120,Andean Latin America,3,Both,22,All ages,559,Schizophrenia,1,Number,1998,58489.07589593468,80664.86385309906,41981.03608845356
2,DALYs (Disability-Adjusted Life Years),120,Andean Latin America,3,Both,22,All ages,559,Schizophrenia,3,Rate,1998,130.9680719833092,180.62384357778498,94.00345743449562
2,DALYs (Disability-Adjusted Life Years),120,Andean Latin America,3,Both,27,Age-standardized,559,Schizophrenia,3,Rate,1998,151.99188886888066,205.82608830246014,107.81228754532658
2,DALYs (Disability-Adjusted Life Years),96,Southern Latin America,3,Both,22,All ages,559,Schizophrenia,1,Number,1998,95141.7816208359,129661.94389042814,66649.53738121848
2,DALYs (Disability-Adjusted Life Years),96,Southern Latin America,3,Both,22,All ages,559,Schizophrenia,3,Rate,1998,175.7043121692811,239.45486701723001,123.08589268001661
2,DALYs (Disability-Adjusted Life Years),96,Southern Latin America,3,Both,27,Age-standardized,559,Schizophrenia,3,Rate,1998,177.6566952441523,241.92223266878437,123.88292608289443
2,DALYs (Disability-Adjusted Life Years),159,South Asia,3,Both,22,All ages,559,Schizophrenia,1,Number,1997,1957281.7815657326,2537922.2533619637,1451289.7036804967
2,DALYs (Disability-Adjusted Life Years),159,South Asia,3,Both,22,All ages,559,Schizophrenia,3,Rate,1997,156.423352698368,202.8273657363234,115.98513986306189
2,DALYs (Disability-Adjusted Life Years),159,South Asia,3,Both,27,Age-standardized,559,Schizophrenia,3,Rate,1997,182.0016540390459,235.2649583459915,134.0188899667061
2,DALYs (Disability-Adjusted Life Years),167,Central Sub-Saharan Africa,3,Both,22,All ages,559,Schizophrenia,1,Number,1995,61603.967326624996,84604.31486534,43136.82337653208
2,DALYs (Disability-Adjusted Life Years),167,Central Sub-Saharan Africa,3,Both,22,All ages,559,Schizophrenia,3,Rate,1995,96.93452029343334,133.12582017232904,67.8762661309881
2,DALYs (Disability-Adjusted Life Years),167,Central Sub-Saharan Africa,3,Both,27,Age-standardized,559,Schizophrenia,3,Rate,1995,133.58195342223243,180.0102258774319,93.2543851818475
2,DALYs (Disability-Adjusted Life Years),32,Central Asia,3,Both,22,All ages,559,Schizophrenia,1,Number,1997,90275.93195641774,124083.86102466629,63559.88483535799
2,DALYs (Disability-Adjusted Life Years),32,Central Asia,3,Both,22,All ages,559,Schizophrenia,3,Rate,1997,123.41820558127534,169.6377665384152,86.89411190038373
2,DALYs (Disability-Adjusted Life Years),32,Central Asia,3,Both,27,Age-standardized,559,Schizophrenia,3,Rate,1997,135.94054692703602,184.06420955544195,96.13090468520177
2,DALYs (Disability-Adjusted Life Years),42,Central Europe,3,Both,22,All ages,559,Schizophrenia,1,Number,1997,194873.8225793415,261065.5311447006,138967.13335844746
2,DALYs (Disability-Adjusted Life Years),42,Central Europe,3,Both,22,All ages,559,Schizophrenia,3,Rate,1997,157.3816609687009,210.83861531222755,112.23097067902404
2,DALYs (Disability-Adjusted Life Years),42,Central Europe,3,Both,27,Age-standardized,559,Schizophrenia,3,Rate,1997,140.7687494319207,188.29832347809892,100.17846666340266
2,DALYs (Disability-Adjusted Life Years),44639,Middle SDI,3,Both,22,All ages,559,Schizophrenia,1,Number,1997,3283367.621108226,4221006.325128889,2425742.686568384
2,DALYs (Disability-Adjusted Life Years),44639,Middle SDI,3,Both,22,All ages,559,Schizophrenia,3,Rate,1997,173.43567235900153,222.96408885924035,128.13378286069508
2,DALYs (Disability-Adjusted Life Years),44639,Middle SDI,3,Both,27,Age-standardized,559,Schizophrenia,3,Rate,1997,177.65315094030856,227.21830763549735,131.2444472624617
2,DALYs (Disability-Adjusted Life Years),192,Southern Sub-Saharan Africa,3,Both,22,All ages,559,Schizophrenia,1,Number,1995,69387.49807854427,91475.90231158932,50460.541617623225
2,DALYs (Disability-Adjusted Life Years),192,Southern Sub-Saharan Africa,3,Both,22,All ages,559,Schizophrenia,3,Rate,1995,118.87353700030393,156.71503309953377,86.4481819801011
2,DALYs (Disability-Adjusted Life Years),192,Southern Sub-Saharan Africa,3,Both,27,Age-standardized,559,Schizophrenia,3,Rate,1995,141.04471615748167,184.9644406324459,103.30607120683723
2,DALYs (Disability-Adjusted Life Years),1,Global,3,Both,22,All ages,559,Schizophrenia,1,Number,1998,10219354.84269706,13175305.32539971,7535616.642709706
2,DALYs (Disability-Adjusted Life Years),1,Global,3,Both,22,All ages,559,Schizophrenia,3,Rate,1998,171.81501840273782,221.51254768914632,126.69411445952333
2,DALYs (Disability-Adjusted Life Years),1,Global,3,Both,27,Age-standardized,559,Schizophrenia,3,Rate,1998,176.39330779940428,226.24753228861275,130.3233630324562
2,DALYs (Disability-Adjusted Life Years),44634,High-middle SDI,3,Both,22,All ages,559,Schizophrenia,1,Number,1998,2195261.876327301,2769574.058858759,1634359.2284534434
2,DALYs (Disability-Adjusted Life Years),44634,High-middle SDI,3,Both,22,All ages,559,Schizophrenia,3,Rate,1998,192.94342623775157,243.42021054427204,143.64521729346532
2,DALYs (Disability-Adjusted Life Years),44634,High-middle SDI,3,Both,27,Age-standardized,559,Schizophrenia,3,Rate,1998,173.75552607670016,218.98783947968195,129.7404044177908
2,DALYs (Disability-Adjusted Life Years),174,Eastern Sub-Saharan Africa,3,Both,22,All ages,559,Schizophrenia,1,Number,1994,198538.27263220085,265970.77353965974,142337.28824217332
2,DALYs (Disability-Adjusted Life Years),174,Eastern Sub-Saharan Africa,3,Both,22,All ages,559,Schizophrenia,3,Rate,1994,93.72935897076357,125.56405260467224,67.19703263103692
2,DALYs (Disability-Adjusted Life Years),174,Eastern Sub-Saharan Africa,3,Both,27,Age-standardized,559,Schizophrenia,3,Rate,1994,135.19540070846227,179.96406864654867,97.21478265744231
2,DALYs (Disability-Adjusted Life Years),65,High-income Asia Pacific,3,Both,22,All ages,559,Schizophrenia,1,Number,1998,377587.64795449056,492643.0909939746,280039.0546076086
2,DALYs (Disability-Adjusted Life Years),65,High-income Asia Pacific,3,Both,22,All ages,559,Schizophrenia,3,Rate,1998,210.93100934551634,275.20419429339586,156.43763974945057
2,DALYs (Disability-Adjusted Life Years),65,High-income Asia Pacific,3,Both,27,Age-standardized,559,Schizophrenia,3,Rate,1998,178.58628869657682,232.83597554315813,131.8892971213543
2,DALYs (Disability-Adjusted Life Years),56,Eastern Europe,3,Both,22,All ages,559,Schizophrenia,1,Number,1997,312701.09358684963,404631.9097849854,231305.22831798025
2,DALYs (Disability-Adjusted Life Years),56,Eastern Europe,3,Both,22,All ages,559,Schizophrenia,3,Rate,1997,140.05136445721828,181.22498523523052,103.5960970281169
2,DALYs (Disability-Adjusted Life Years),56,Eastern Europe,3,Both,27,Age-standardized,559,Schizophrenia,3,Rate,1997,123.20640828471178,159.40993379357516,91.05592905051397
2,DALYs (Disability-Adjusted Life Years),5,East Asia,3,Both,22,All ages,559,Schizophrenia,1,Number,1999,2850468.2106543817,3569205.5137229236,2148749.7273797113
2,DALYs (Disability-Adjusted Life Years),5,East Asia,3,Both,22,All ages,559,Schizophrenia,3,Rate,1999,219.36124990980144,274.67255370494877,165.359650102237
2,DALYs (Disability-Adjusted Life Years),5,East Asia,3,Both,27,Age-standardized,559,Schizophrenia,3,Rate,1999,195.64440978865656,243.7197413293825,148.24975750906884
2,DALYs (Disability-Adjusted Life Years),21,Oceania,3,Both,22,All ages,559,Schizophrenia,1,Number,1995,10677.482693349844,14798.807657844387,7481.516671318614
2,DALYs (Disability-Adjusted Life Years),21,Oceania,3,Both,22,All ages,559,Schizophrenia,3,Rate,1995,145.0321817902499,201.01211344956738,101.62139495831406
2,DALYs (Disability-Adjusted Life Years),21,Oceania,3,Both,27,Age-standardized,559,Schizophrenia,3,Rate,1995,175.80753870758198,239.72060621628017,124.66084030165719
2,DALYs (Disability-Adjusted Life Years),44635,High SDI,3,Both,22,All ages,559,Schizophrenia,1,Number,1996,2015432.780988509,2568124.5948803048,1492711.3260475527
2,DALYs (Disability-Adjusted Life Years),44635,High SDI,3,Both,22,All ages,559,Schizophrenia,3,Rate,1996,219.4255017966084,279.598522572128,162.5154333327936
2,DALYs (Disability-Adjusted Life Years),44635,High SDI,3,Both,27,Age-standardized,559,Schizophrenia,3,Rate,1996,192.2047850228411,244.69381629582767,142.98559355809562
2,DALYs (Disability-Adjusted Life Years),70,Australasia,3,Both,22,All ages,559,Schizophrenia,1,Number,1999,61578.591810032245,74654.06209784451,46601.31312371112
2,DALYs (Disability-Adjusted Life Years),70,Australasia,3,Both,22,All ages,559,Schizophrenia,3,Rate,1999,273.46636655381946,331.5336468453429,206.95328363293137
2,DALYs (Disability-Adjusted Life Years),70,Australasia,3,Both,27,Age-standardized,559,Schizophrenia,3,Rate,1999,246.07143970206224,298.27329025448205,186.64073788530402
2,DALYs (Disability-Adjusted Life Years),44636,Low-middle SDI,3,Both,22,All ages,559,Schizophrenia,1,Number,1999,1981554.01314795,2590568.908462784,1451204.940882313
2,DALYs (Disability-Adjusted Life Years),44636,Low-middle SDI,3,Both,22,All ages,559,Schizophrenia,3,Rate,1999,144.96077989529667,189.51332482060073,106.16304103869064
2,DALYs (Disability-Adjusted Life Years),44636,Low-middle SDI,3,Both,27,Age-standardized,559,Schizophrenia,3,Rate,1999,170.98740676200126,222.43871802322116,125.20348070512051
2,DALYs (Disability-Adjusted Life Years),134,Tropical Latin America,3,Both,22,All ages,559,Schizophrenia,1,Number,1999,259897.41739095873,335403.8671877665,190471.71229839866
2,DALYs (Disability-Adjusted Life Years),134,Tropical Latin America,3,Both,22,All ages,559,Schizophrenia,3,Rate,1999,146.81701574377448,189.4708894908093,107.59817725003091
2,DALYs (Disability-Adjusted Life Years),134,Tropical Latin America,3,Both,27,Age-standardized,559,Schizophrenia,3,Rate,1999,152.3519448499582,196.68188484589288,111.79783858237279
2,DALYs (Disability-Adjusted Life Years),100,High-income North America,3,Both,22,All ages,559,Schizophrenia,1,Number,1995,762251.2169178437,957440.6038290694,569570.2053995756
2,DALYs (Disability-Adjusted Life Years),100,High-income North America,3,Both,22,All ages,559,Schizophrenia,3,Rate,1995,256.8681180573516,322.6442419491406,191.93728198179733
2,DALYs (Disability-Adjusted Life Years),100,High-income North America,3,Both,27,Age-standardized,559,Schizophrenia,3,Rate,1995,230.1592486146337,290.8990545954386,172.0465064970086
2,DALYs (Disability-Adjusted Life Years),1,Global,3,Both,22,All ages,559,Schizophrenia,1,Number,1999,10397766.64788423,13360112.116735987,7678125.088365617
2,DALYs (Disability-Adjusted Life Years),1,Global,3,Both,22,All ages,559,Schizophrenia,3,Rate,1999,172.6376723607772,221.8225063534815,127.482534301734
2,DALYs (Disability-Adjusted Life Years),1,Global,3,Both,27,Age-standardized,559,Schizophrenia,3,Rate,1999,176.301788186953,225.83542841274496,130.47804577926473
2,DALYs (Disability-Adjusted Life Years),104,Caribbean,3,Both,22,All ages,559,Schizophrenia,1,Number,1997,52789.76126389135,71724.61474268173,37579.495841320226
2,DALYs (Disability-Adjusted Life Years),104,Caribbean,3,Both,22,All ages,559,Schizophrenia,3,Rate,1997,136.3829065453763,185.30130076843636,97.0870249579025
2,DALYs (Disability-Adjusted Life Years),104,Caribbean,3,Both,27,Age-standardized,559,Schizophrenia,3,Rate,1997,141.78068183143628,192.77168884511835,99.75480684560871
2,DALYs (Disability-Adjusted Life Years),44639,Middle SDI,3,Both,22,All ages,559,Schizophrenia,1,Number,1998,3346888.678090538,4318223.039634801,2488275.870421369
2,DALYs (Disability-Adjusted Life Years),44639,Middle SDI,3,Both,22,All ages,559,Schizophrenia,3,Rate,1998,174.87671848727842,225.62945693739815,130.01374134696988
2,DALYs (Disability-Adjusted Life Years),44639,Middle SDI,3,Both,27,Age-standardized,559,Schizophrenia,3,Rate,1998,177.54163054136237,227.18980807568133,131.90084845175932
2,DALYs (Disability-Adjusted Life Years),44634,High-middle SDI,3,Both,22,All ages,559,Schizophrenia,1,Number,1999,2229343.808708924,2802145.527542161,1665200.2719243187
2,DALYs (Disability-Adjusted Life Years),44634,High-middle SDI,3,Both,22,All ages,559,Schizophrenia,3,Rate,1999,194.62394504502953,244.6301082094544,145.3736498362967
2,DALYs (Disability-Adjusted Life Years),44634,High-middle SDI,3,Both,27,Age-standardized,559,Schizophrenia,3,Rate,1999,173.93092879918868,218.4504372804045,130.19467661618532
2,DALYs (Disability-Adjusted Life Years),96,Southern Latin America,3,Both,22,All ages,559,Schizophrenia,1,Number,1999,96373.1200830275,131150.09339460492,67623.00198507168
2,DALYs (Disability-Adjusted Life Years),96,Southern Latin America,3,Both,22,All ages,559,Schizophrenia,3,Rate,1999,176.20383684227684,239.78833141900265,123.63854566809849
2,DALYs (Disability-Adjusted Life Years),96,Southern Latin America,3,Both,27,Age-standardized,559,Schizophrenia,3,Rate,1999,177.44038390594483,241.76193083157023,124.22608328675781
2,DALYs (Disability-Adjusted Life Years),120,Andean Latin America,3,Both,22,All ages,559,Schizophrenia,1,Number,1999,60066.292609960554,83273.98434749639,42680.11410198568
2,DALYs (Disability-Adjusted Life Years),120,Andean Latin America,3,Both,22,All ages,559,Schizophrenia,3,Rate,1999,132.0758828948296,183.10577408671261,93.84654033295647
2,DALYs (Disability-Adjusted Life Years),120,Andean Latin America,3,Both,27,Age-standardized,559,Schizophrenia,3,Rate,1999,152.09252284323674,207.42597609479654,107.43973403535868
2,DALYs (Disability-Adjusted Life Years),44636,Low-middle SDI,3,Both,22,All ages,559,Schizophrenia,1,Number,2000,2028446.3166429778,2665462.1997647136,1481299.8082875635
2,DALYs (Disability-Adjusted Life Years),44636,Low-middle SDI,3,Both,22,All ages,559,Schizophrenia,3,Rate,2000,145.84121710771035,191.6413799955155,106.50248181061424
2,DALYs (Disability-Adjusted Life Years),44636,Low-middle SDI,3,Both,27,Age-standardized,559,Schizophrenia,3,Rate,2000,171.02870476950653,222.4522597421435,125.61232261391496
2,DALYs (Disability-Adjusted Life Years),124,Central Latin America,3,Both,22,All ages,559,Schizophrenia,1,Number,1995,241769.32067972832,323998.548468663,175074.93416173593
2,DALYs (Disability-Adjusted Life Years),124,Central Latin America,3,Both,22,All ages,559,Schizophrenia,3,Rate,1995,132.41864131899467,177.4561282503704,95.88968875592063
2,DALYs (Disability-Adjusted Life Years),124,Central Latin America,3,Both,27,Age-standardized,559,Schizophrenia,3,Rate,1995,155.7306238338148,204.89697961228285,112.35270814922342
2,DALYs (Disability-Adjusted Life Years),134,Tropical Latin America,3,Both,22,All ages,559,Schizophrenia,1,Number,2000,266122.09292562865,342045.90010565403,196536.67973922644
2,DALYs (Disability-Adjusted Life Years),134,Tropical Latin America,3,Both,22,All ages,559,Schizophrenia,3,Rate,2000,147.98745738309927,190.20781968333355,109.2918036130611
2,DALYs (Disability-Adjusted Life Years),134,Tropical Latin America,3,Both,27,Age-standardized,559,Schizophrenia,3,Rate,2000,152.32874765572527,195.98604858992027,112.62394671580115
2,DALYs (Disability-Adjusted Life Years),138,North Africa and Middle East,3,Both,22,All ages,559,Schizophrenia,1,Number,1995,490343.1166227467,663198.6170137969,351460.80174881226
2,DALYs (Disability-Adjusted Life Years),138,North Africa and Middle East,3,Both,22,All ages,559,Schizophrenia,3,Rate,1995,129.07282752100755,174.57351353389336,92.51488989376598
2,DALYs (Disability-Adjusted Life Years),138,North Africa and Middle East,3,Both,27,Age-standardized,559,Schizophrenia,3,Rate,1995,155.30323641495843,209.20302265297133,112.33389155589097
2,DALYs (Disability-Adjusted Life Years),96,Southern Latin America,3,Both,22,All ages,559,Schizophrenia,1,Number,2000,97860.72662637907,132214.1359559728,69533.3118992717
2,DALYs (Disability-Adjusted Life Years),96,Southern Latin America,3,Both,22,All ages,559,Schizophrenia,3,Rate,2000,177.15335109073317,239.34195109330787,125.87336759129194
2,DALYs (Disability-Adjusted Life Years),96,Southern Latin America,3,Both,27,Age-standardized,559,Schizophrenia,3,Rate,2000,177.56651933994573,239.3956733048598,125.84044884045744
2,DALYs (Disability-Adjusted Life Years),5,East Asia,3,Both,22,All ages,559,Schizophrenia,1,Number,2000,2889639.350873006,3628575.8990178118,2174134.9484863556
2,DALYs (Disability-Adjusted Life Years),5,East Asia,3,Both,22,All ages,559,Schizophrenia,3,Rate,2000,221.469862759901,278.1039807360638,166.63164851949665
2,DALYs (Disability-Adjusted Life Years),5,East Asia,3,Both,27,Age-standardized,559,Schizophrenia,3,Rate,2000,195.678969246217,244.55796427449621,147.48183124264668
2,DALYs (Disability-Adjusted Life Years),199,Western Sub-Saharan Africa,3,Both,22,All ages,559,Schizophrenia,1,Number,1995,240775.40900064123,319454.8334783396,172359.9910703231
2,DALYs (Disability-Adjusted Life Years),199,Western Sub-Saharan Africa,3,Both,22,All ages,559,Schizophrenia,3,Rate,1995,108.0699356968394,143.38450697827182,77.36227395060936
2,DALYs (Disability-Adjusted Life Years),199,Western Sub-Saharan Africa,3,Both,27,Age-standardized,559,Schizophrenia,3,Rate,1995,147.3916184475138,193.65442487528927,105.61097347699523
2,DALYs (Disability-Adjusted Life Years),174,Eastern Sub-Saharan Africa,3,Both,22,All ages,559,Schizophrenia,1,Number,1995,202917.03759034653,272864.490055946,145338.39505301323
2,DALYs (Disability-Adjusted Life Years),174,Eastern Sub-Saharan Africa,3,Both,22,All ages,559,Schizophrenia,3,Rate,1995,93.63544023659198,125.91247612683065,67.06595348362238
2,DALYs (Disability-Adjusted Life Years),174,Eastern Sub-Saharan Africa,3,Both,27,Age-standardized,559,Schizophrenia,3,Rate,1995,135.0442684290509,178.82520279454832,96.25480787980891
2,DALYs (Disability-Adjusted Life Years),9,Southeast Asia,3,Both,22,All ages,559,Schizophrenia,1,Number,1995,844614.8155819146,1122004.975452019,615464.5494420314
2,DALYs (Disability-Adjusted Life Years),9,Southeast Asia,3,Both,22,All ages,559,Schizophrenia,3,Rate,1995,167.11298924974227,221.99658583029643,121.7739953609996
2,DALYs (Disability-Adjusted Life Years),9,Southeast Asia,3,Both,27,Age-standardized,559,Schizophrenia,3,Rate,1995,180.69318333689512,237.33695821823835,131.86401343624374
2,DALYs (Disability-Adjusted Life Years),120,Andean Latin America,3,Both,22,All ages,559,Schizophrenia,1,Number,2000,61499.71299507375,85591.68940806543,43507.97301603654
2,DALYs (Disability-Adjusted Life Years),120,Andean Latin America,3,Both,22,All ages,559,Schizophrenia,3,Rate,2000,132.85994893392933,184.90667565936795,93.9917731582328
2,DALYs (Disability-Adjusted Life Years),120,Andean Latin America,3,Both,27,Age-standardized,559,Schizophrenia,3,Rate,2000,151.7691292786684,209.10486199639848,107.30619991718426
2,DALYs (Disability-Adjusted Life Years),1,Global,3,Both,22,All ages,559,Schizophrenia,1,Number,2000,10581624.75633086,13617049.6773756,7791888.117661501
2,DALYs (Disability-Adjusted Life Years),1,Global,3,Both,22,All ages,559,Schizophrenia,3,Rate,2000,173.50401458474855,223.2750489863192,127.76146392836597
2,DALYs (Disability-Adjusted Life Years),1,Global,3,Both,27,Age-standardized,559,Schizophrenia,3,Rate,2000,176.24188067144604,225.98146107477183,130.06728074247945
2,DALYs (Disability-Adjusted Life Years),134,Tropical Latin America,3,Both,22,All ages,559,Schizophrenia,1,Number,2001,272211.4749696684,349403.4221637641,198661.27264054347
2,DALYs (Disability-Adjusted Life Years),134,Tropical Latin America,3,Both,22,All ages,559,Schizophrenia,3,Rate,2001,149.11704601497678,191.40268126606304,108.82635324993049
2,DALYs (Disability-Adjusted Life Years),134,Tropical Latin America,3,Both,27,Age-standardized,559,Schizophrenia,3,Rate,2001,152.182929216434,195.737290660241,111.75544148712369
2,DALYs (Disability-Adjusted Life Years),42,Central Europe,3,Both,22,All ages,559,Schizophrenia,1,Number,1998,195298.78863985703,260265.2001187851,139243.7091785218
2,DALYs (Disability-Adjusted Life Years),42,Central Europe,3,Both,22,All ages,559,Schizophrenia,3,Rate,1998,158.33583617709058,211.0064705244954,112.88994303921356
2,DALYs (Disability-Adjusted Life Years),42,Central Europe,3,Both,27,Age-standardized,559,Schizophrenia,3,Rate,1998,140.82179905975258,188.4260910922183,100.51881543348753
2,DALYs (Disability-Adjusted Life Years),65,High-income Asia Pacific,3,Both,22,All ages,559,Schizophrenia,1,Number,1999,380055.13193306176,491297.10003804765,281728.2599003858
2,DALYs (Disability-Adjusted Life Years),65,High-income Asia Pacific,3,Both,22,All ages,559,Schizophrenia,3,Rate,1999,211.65221726341605,273.6027271339507,156.89410789007005
2,DALYs (Disability-Adjusted Life Years),65,High-income Asia Pacific,3,Both,27,Age-standardized,559,Schizophrenia,3,Rate,1999,178.61190207984086,231.93348837921477,133.06193627511541
2,DALYs (Disability-Adjusted Life Years),56,Eastern Europe,3,Both,22,All ages,559,Schizophrenia,1,Number,1998,312105.36435412476,403689.6523124695,229867.14308056014
2,DALYs (Disability-Adjusted Life Years),56,Eastern Europe,3,Both,22,All ages,559,Schizophrenia,3,Rate,1998,140.2866585054588,181.45241596004743,103.32181720010159
2,DALYs (Disability-Adjusted Life Years),56,Eastern Europe,3,Both,27,Age-standardized,559,Schizophrenia,3,Rate,1998,122.77553007263454,158.52218228288453,90.74504048427733
2,DALYs (Disability-Adjusted Life Years),44639,Middle SDI,3,Both,22,All ages,559,Schizophrenia,1,Number,1999,3411966.148111502,4387836.417375574,2527773.707538683
2,DALYs (Disability-Adjusted Life Years),44639,Middle SDI,3,Both,22,All ages,559,Schizophrenia,3,Rate,1999,176.3667585932332,226.81013016445243,130.66227386299028
2,DALYs (Disability-Adjusted Life Years),44639,Middle SDI,3,Both,27,Age-standardized,559,Schizophrenia,3,Rate,1999,177.50611776110892,226.72013292181103,132.05618147664688
2,DALYs (Disability-Adjusted Life Years),32,Central Asia,3,Both,22,All ages,559,Schizophrenia,1,Number,1998,91262.03344280015,125390.16056899542,64542.2750456346
2,DALYs (Disability-Adjusted Life Years),32,Central Asia,3,Both,22,All ages,559,Schizophrenia,3,Rate,1998,124.09762854820197,170.50487462175008,87.7642429399642
2,DALYs (Disability-Adjusted Life Years),32,Central Asia,3,Both,27,Age-standardized,559,Schizophrenia,3,Rate,1998,135.67193471590085,184.38578105136895,96.76378310295438
2,DALYs (Disability-Adjusted Life Years),65,High-income Asia Pacific,3,Both,22,All ages,559,Schizophrenia,1,Number,2000,382286.05437866517,496072.0249146987,280329.6283486165
2,DALYs (Disability-Adjusted Life Years),65,High-income Asia Pacific,3,Both,22,All ages,559,Schizophrenia,3,Rate,2000,212.22076765124467,275.3874611220452,155.62108071199273
2,DALYs (Disability-Adjusted Life Years),65,High-income Asia Pacific,3,Both,27,Age-standardized,559,Schizophrenia,3,Rate,2000,178.51620712968523,231.21843075910135,130.5526017055878
2,DALYs (Disability-Adjusted Life Years),5,East Asia,3,Both,22,All ages,559,Schizophrenia,1,Number,2002,2966019.2177403104,3720415.8351182276,2241380.446714361
2,DALYs (Disability-Adjusted Life Years),5,East Asia,3,Both,22,All ages,559,Schizophrenia,3,Rate,2002,225.10267955554212,282.3567590313936,170.10703822856215
2,DALYs (Disability-Adjusted Life Years),5,East Asia,3,Both,27,Age-standardized,559,Schizophrenia,3,Rate,2002,195.70690404464753,244.6125326193257,148.3414179456813
2,DALYs (Disability-Adjusted Life Years),134,Tropical Latin America,3,Both,22,All ages,559,Schizophrenia,1,Number,2002,278179.33818246325,355375.9570672257,205564.81642558955
2,DALYs (Disability-Adjusted Life Years),134,Tropical Latin America,3,Both,22,All ages,559,Schizophrenia,3,Rate,2002,150.2223455663609,191.91004686880245,111.00906735609297
2,DALYs (Disability-Adjusted Life Years),134,Tropical Latin America,3,Both,27,Age-standardized,559,Schizophrenia,3,Rate,2002,151.94480566016477,193.8539269591318,112.15366878043467
2,DALYs (Disability-Adjusted Life Years),120,Andean Latin America,3,Both,22,All ages,559,Schizophrenia,1,Number,2001,63086.847198311545,87385.36489711277,44815.34935936607
2,DALYs (Disability-Adjusted Life Years),120,Andean Latin America,3,Both,22,All ages,559,Schizophrenia,3,Rate,2001,133.98906508520807,185.59626712503174,95.1825464229118
2,DALYs (Disability-Adjusted Life Years),120,Andean Latin America,3,Both,27,Age-standardized,559,Schizophrenia,3,Rate,2001,151.79514749939946,207.0629594114762,105.80020811322838
2,DALYs (Disability-Adjusted Life Years),5,East Asia,3,Both,22,All ages,559,Schizophrenia,1,Number,2001,2927866.526507409,3662020.3216783497,2189057.272021377
2,DALYs (Disability-Adjusted Life Years),5,East Asia,3,Both,22,All ages,559,Schizophrenia,3,Rate,2001,223.35262125457388,279.35762458067376,166.99247570059083
2,DALYs (Disability-Adjusted Life Years),5,East Asia,3,Both,27,Age-standardized,559,Schizophrenia,3,Rate,2001,195.7084618599469,244.22662937728376,147.0680096335656
2,DALYs (Disability-Adjusted Life Years),1,Global,3,Both,22,All ages,559,Schizophrenia,1,Number,2001,10767579.564888455,13883182.163421031,7944541.981118772
2,DALYs (Disability-Adjusted Life Years),1,Global,3,Both,22,All ages,559,Schizophrenia,3,Rate,2001,174.3397965033368,224.78507250432833,128.6314927095512
2,DALYs (Disability-Adjusted Life Years),1,Global,3,Both,27,Age-standardized,559,Schizophrenia,3,Rate,2001,176.1967982687592,226.02576798857066,130.2768203416127
2,DALYs (Disability-Adjusted Life Years),124,Central Latin America,3,Both,22,All ages,559,Schizophrenia,1,Number,1996,248465.51608735637,330324.74974601367,181568.7045154178
2,DALYs (Disability-Adjusted Life Years),124,Central Latin America,3,Both,22,All ages,559,Schizophrenia,3,Rate,1996,133.5381367200516,177.53349554588215,97.58435242634592
2,DALYs (Disability-Adjusted Life Years),124,Central Latin America,3,Both,27,Age-standardized,559,Schizophrenia,3,Rate,1996,155.57896202783638,204.01050647502143,111.76427065356899
2,DALYs (Disability-Adjusted Life Years),44639,Middle SDI,3,Both,22,All ages,559,Schizophrenia,1,Number,2000,3477319.5354139423,4478545.331862352,2576874.4779146276
2,DALYs (Disability-Adjusted Life Years),44639,Middle SDI,3,Both,22,All ages,559,Schizophrenia,3,Rate,2000,177.80318070971197,228.99811100131365,131.7613966150388
2,DALYs (Disability-Adjusted Life Years),44639,Middle SDI,3,Both,27,Age-standardized,559,Schizophrenia,3,Rate,2000,177.40617608754079,227.18664170192847,131.51002309706567
2,DALYs (Disability-Adjusted Life Years),104,Caribbean,3,Both,22,All ages,559,Schizophrenia,1,Number,1998,53705.17599696367,73517.04528612994,37623.85953070772
2,DALYs (Disability-Adjusted Life Years),104,Caribbean,3,Both,22,All ages,559,Schizophrenia,3,Rate,1998,137.00439989805386,187.54539920460815,95.98021421891845
2,DALYs (Disability-Adjusted Life Years),104,Caribbean,3,Both,27,Age-standardized,559,Schizophrenia,3,Rate,1998,141.51542419799753,192.93080998460567,99.39223988735034
2,DALYs (Disability-Adjusted Life Years),44635,High SDI,3,Both,22,All ages,559,Schizophrenia,1,Number,1997,2031291.5941794913,2585576.930185863,1506081.553840215
2,DALYs (Disability-Adjusted Life Years),44635,High SDI,3,Both,22,All ages,559,Schizophrenia,3,Rate,1997,219.68405959180535,279.6299842118859,162.88262639003287
2,DALYs (Disability-Adjusted Life Years),44635,High SDI,3,Both,27,Age-standardized,559,Schizophrenia,3,Rate,1997,191.9330257778146,245.57932692403986,142.53319476431903
2,DALYs (Disability-Adjusted Life Years),100,High-income North America,3,Both,22,All ages,559,Schizophrenia,1,Number,1996,768285.3247489848,963728.3065028957,575340.5921526644
2,DALYs (Disability-Adjusted Life Years),100,High-income North America,3,Both,22,All ages,559,Schizophrenia,3,Rate,1996,256.4049953331564,321.63148764040227,192.01226041129613
2,DALYs (Disability-Adjusted Life Years),100,High-income North America,3,Both,27,Age-standardized,559,Schizophrenia,3,Rate,1996,229.44481537172547,288.64073413173855,170.81511243603032
2,DALYs (Disability-Adjusted Life Years),73,Western Europe,3,Both,22,All ages,559,Schizophrenia,1,Number,1997,773606.7168568979,994483.8741804584,561649.4974416839
2,DALYs (Disability-Adjusted Life Years),73,Western Europe,3,Both,22,All ages,559,Schizophrenia,3,Rate,1997,196.53284979929052,252.6461386817027,142.68564881265382
2,DALYs (Disability-Adjusted Life Years),73,Western Europe,3,Both,27,Age-standardized,559,Schizophrenia,3,Rate,1997,166.75424097552428,215.86478719942264,122.22310534847911
2,DALYs (Disability-Adjusted Life Years),65,High-income Asia Pacific,3,Both,22,All ages,559,Schizophrenia,1,Number,2001,384122.68978793646,496206.4937882172,283173.42179774033
2,DALYs (Disability-Adjusted Life Years),65,High-income Asia Pacific,3,Both,22,All ages,559,Schizophrenia,3,Rate,2001,212.56515046506615,274.5898922869299,156.7020189444552
2,DALYs (Disability-Adjusted Life Years),65,High-income Asia Pacific,3,Both,27,Age-standardized,559,Schizophrenia,3,Rate,2001,178.3534056053892,231.95512325844834,131.35767337352598
2,DALYs (Disability-Adjusted Life Years),21,Oceania,3,Both,22,All ages,559,Schizophrenia,1,Number,1996,10992.817833354602,15161.370300326591,7840.580205986252
2,DALYs (Disability-Adjusted Life Years),21,Oceania,3,Both,22,All ages,559,Schizophrenia,3,Rate,1996,145.69471972969933,200.94316399221066,103.91613442035897
2,DALYs (Disability-Adjusted Life Years),21,Oceania,3,Both,27,Age-standardized,559,Schizophrenia,3,Rate,1996,175.9367819230097,239.86118632156212,124.38816876208928
2,DALYs (Disability-Adjusted Life Years),70,Australasia,3,Both,22,All ages,559,Schizophrenia,1,Number,2000,62307.12012416777,76172.96170544667,47106.60523308594
2,DALYs (Disability-Adjusted Life Years),70,Australasia,3,Both,22,All ages,559,Schizophrenia,3,Rate,2000,273.88871470358447,334.83997551313274,207.07051675037422
2,DALYs (Disability-Adjusted Life Years),70,Australasia,3,Both,27,Age-standardized,559,Schizophrenia,3,Rate,2000,246.28356151282557,302.52918775224003,186.71265582610434
2,DALYs (Disability-Adjusted Life Years),44639,Middle SDI,3,Both,22,All ages,559,Schizophrenia,1,Number,2001,3543072.6875354834,4566531.582563896,2620574.377548849
2,DALYs (Disability-Adjusted Life Years),44639,Middle SDI,3,Both,22,All ages,559,Schizophrenia,3,Rate,2001,179.15768008149476,230.90951738845195,132.5109777212147
2,DALYs (Disability-Adjusted Life Years),44639,Middle SDI,3,Both,27,Age-standardized,559,Schizophrenia,3,Rate,2001,177.29518794086778,226.863439382301,131.69839702211547
2,DALYs (Disability-Adjusted Life Years),44637,Low SDI,3,Both,22,All ages,559,Schizophrenia,1,Number,1997,667407.7662143558,878376.7309776007,479677.9535366822
2,DALYs (Disability-Adjusted Life Years),44637,Low SDI,3,Both,22,All ages,559,Schizophrenia,3,Rate,1997,111.23615607393927,146.3981333225298,79.94742405753941
2,DALYs (Disability-Adjusted Life Years),44637,Low SDI,3,Both,27,Age-standardized,559,Schizophrenia,3,Rate,1997,152.68381467867536,200.30638602073523,110.4126890937624
2,DALYs (Disability-Adjusted Life Years),44634,High-middle SDI,3,Both,22,All ages,559,Schizophrenia,1,Number,2000,2264212.331228056,2844449.0635145656,1677331.289620499
2,DALYs (Disability-Adjusted Life Years),44634,High-middle SDI,3,Both,22,All ages,559,Schizophrenia,3,Rate,2000,196.38732419482704,246.71437951631017,145.4839721582853
2,DALYs (Disability-Adjusted Life Years),44634,High-middle SDI,3,Both,27,Age-standardized,559,Schizophrenia,3,Rate,2000,174.1843154410331,218.4057982274428,129.30179167689226
2,DALYs (Disability-Adjusted Life Years),73,Western Europe,3,Both,22,All ages,559,Schizophrenia,1,Number,1998,779174.392616061,998831.5950841522,562479.1667900083
2,DALYs (Disability-Adjusted Life Years),73,Western Europe,3,Both,22,All ages,559,Schizophrenia,3,Rate,1998,197.23485135932262,252.83736613568604,142.38211099579723
2,DALYs (Disability-Adjusted Life Years),73,Western Europe,3,Both,27,Age-standardized,559,Schizophrenia,3,Rate,1998,166.83697231581485,216.5879325478992,121.39322597296518
2,DALYs (Disability-Adjusted Life Years),32,Central Asia,3,Both,22,All ages,559,Schizophrenia,1,Number,1999,92488.26654928143,126070.39885343469,65379.34045724273
2,DALYs (Disability-Adjusted Life Years),32,Central Asia,3,Both,22,All ages,559,Schizophrenia,3,Rate,1999,125.05962388994227,170.46829022214013,88.40381631975556
2,DALYs (Disability-Adjusted Life Years),32,Central Asia,3,Both,27,Age-standardized,559,Schizophrenia,3,Rate,1999,135.55090133082572,183.72124188240105,95.60651001562123
2,DALYs (Disability-Adjusted Life Years),65,High-income Asia Pacific,3,Both,22,All ages,559,Schizophrenia,1,Number,2002,385197.7576730105,498024.07167950727,282650.331253803
2,DALYs (Disability-Adjusted Life Years),65,High-income Asia Pacific,3,Both,22,All ages,559,Schizophrenia,3,Rate,2002,212.62679502696903,274.9062269915561,156.02124584230972
2,DALYs (Disability-Adjusted Life Years),65,High-income Asia Pacific,3,Both,27,Age-standardized,559,Schizophrenia,3,Rate,2002,178.14811972886397,233.21095654384578,130.7053530041659
2,DALYs (Disability-Adjusted Life Years),56,Eastern Europe,3,Both,22,All ages,559,Schizophrenia,1,Number,1999,311660.40436643414,403638.3507278118,228277.77068363875
2,DALYs (Disability-Adjusted Life Years),56,Eastern Europe,3,Both,22,All ages,559,Schizophrenia,3,Rate,1999,140.6547775082311,182.16514391946356,103.02354291959028
2,DALYs (Disability-Adjusted Life Years),56,Eastern Europe,3,Both,27,Age-standardized,559,Schizophrenia,3,Rate,1999,122.47443134577146,157.88145321347204,90.09043872080605
2,DALYs (Disability-Adjusted Life Years),174,Eastern Sub-Saharan Africa,3,Both,22,All ages,559,Schizophrenia,1,Number,1996,208836.1824978869,279272.1004728868,148923.4661301347
2,DALYs (Disability-Adjusted Life Years),174,Eastern Sub-Saharan Africa,3,Both,22,All ages,559,Schizophrenia,3,Rate,1996,93.62582925946266,125.20379219281398,66.76564781952213
2,DALYs (Disability-Adjusted Life Years),174,Eastern Sub-Saharan Africa,3,Both,27,Age-standardized,559,Schizophrenia,3,Rate,1996,135.02517298314388,179.43549948169107,96.6547708529636
2,DALYs (Disability-Adjusted Life Years),44636,Low-middle SDI,3,Both,22,All ages,559,Schizophrenia,1,Number,2001,2074154.7933625483,2729018.473081395,1517145.8053660328
2,DALYs (Disability-Adjusted Life Years),44636,Low-middle SDI,3,Both,22,All ages,559,Schizophrenia,3,Rate,2001,146.58766095416348,192.86913201939615,107.22191788515869
2,DALYs (Disability-Adjusted Life Years),44636,Low-middle SDI,3,Both,27,Age-standardized,559,Schizophrenia,3,Rate,2001,170.9128207521049,223.9109333814156,125.38303332315834
2,DALYs (Disability-Adjusted Life Years),159,South Asia,3,Both,22,All ages,559,Schizophrenia,1,Number,1998,2005298.6856654056,2604185.4500131123,1481935.135575442
2,DALYs (Disability-Adjusted Life Years),159,South Asia,3,Both,22,All ages,559,Schizophrenia,3,Rate,1998,157.21249778290348,204.16434829039122,116.18155733182107
2,DALYs (Disability-Adjusted Life Years),159,South Asia,3,Both,27,Age-standardized,559,Schizophrenia,3,Rate,1998,182.00472783978074,234.66091679350552,134.22615214635238
2,DALYs (Disability-Adjusted Life Years),44635,High SDI,3,Both,22,All ages,559,Schizophrenia,1,Number,1998,2045810.4783481425,2606729.3177898554,1517729.6704444173
2,DALYs (Disability-Adjusted Life Years),44635,High SDI,3,Both,22,All ages,559,Schizophrenia,3,Rate,1998,219.7622734238334,280.0165348359174,163.03549441636565
2,DALYs (Disability-Adjusted Life Years),44635,High SDI,3,Both,27,Age-standardized,559,Schizophrenia,3,Rate,1998,191.56497212257275,245.70644446312608,142.33489499481686
2,DALYs (Disability-Adjusted Life Years),138,North Africa and Middle East,3,Both,22,All ages,559,Schizophrenia,1,Number,1996,505964.55796561425,682465.5154125188,364541.33650921355
2,DALYs (Disability-Adjusted Life Years),138,North Africa and Middle East,3,Both,22,All ages,559,Schizophrenia,3,Rate,1996,130.47949088420387,175.99602896118887,94.00889300471925
2,DALYs (Disability-Adjusted Life Years),138,North Africa and Middle East,3,Both,27,Age-standardized,559,Schizophrenia,3,Rate,1996,155.41021456922584,208.37507771732734,112.78378086655634
2,DALYs (Disability-Adjusted Life Years),199,Western Sub-Saharan Africa,3,Both,22,All ages,559,Schizophrenia,1,Number,1996,248654.48243817367,328262.7148809736,178245.16459408466
2,DALYs (Disability-Adjusted Life Years),199,Western Sub-Saharan Africa,3,Both,22,All ages,559,Schizophrenia,3,Rate,1996,108.29914106808944,142.97176434423625,77.63301926350499
2,DALYs (Disability-Adjusted Life Years),199,Western Sub-Saharan Africa,3,Both,27,Age-standardized,559,Schizophrenia,3,Rate,1996,147.40024841662765,193.35105307512148,106.0398953823254
2,DALYs (Disability-Adjusted Life Years),104,Caribbean,3,Both,22,All ages,559,Schizophrenia,1,Number,1999,54635.400044791175,74017.38449565382,38353.75050301579
2,DALYs (Disability-Adjusted Life Years),104,Caribbean,3,Both,22,All ages,559,Schizophrenia,3,Rate,1999,137.69107078901536,186.53717040332123,96.65837481203648
2,DALYs (Disability-Adjusted Life Years),104,Caribbean,3,Both,27,Age-standardized,559,Schizophrenia,3,Rate,1999,141.41442723380473,189.79202742540977,99.89019168878163
2,DALYs (Disability-Adjusted Life Years),9,Southeast Asia,3,Both,22,All ages,559,Schizophrenia,1,Number,1996,866076.3626785633,1160734.366242504,634664.8463111622
2,DALYs (Disability-Adjusted Life Years),9,Southeast Asia,3,Both,22,All ages,559,Schizophrenia,3,Rate,1996,168.80189921412935,226.2319743941134,123.69882846176823
2,DALYs (Disability-Adjusted Life Years),9,Southeast Asia,3,Both,27,Age-standardized,559,Schizophrenia,3,Rate,1996,180.83319732345652,238.25536236571676,132.58430198135207
2,DALYs (Disability-Adjusted Life Years),44639,Middle SDI,3,Both,22,All ages,559,Schizophrenia,1,Number,2002,3608704.947931593,4635533.5307645295,2671305.4289903482
2,DALYs (Disability-Adjusted Life Years),44639,Middle SDI,3,Both,22,All ages,559,Schizophrenia,3,Rate,2002,180.4317861872423,231.7722304690214,133.56270932614447
2,DALYs (Disability-Adjusted Life Years),44639,Middle SDI,3,Both,27,Age-standardized,559,Schizophrenia,3,Rate,2002,177.14638201927826,226.3670603896901,131.1740702012138
2,DALYs (Disability-Adjusted Life Years),65,High-income Asia Pacific,3,Both,22,All ages,559,Schizophrenia,1,Number,2003,386457.4782863813,496323.9845407901,283033.50519164413
2,DALYs (Disability-Adjusted Life Years),65,High-income Asia Pacific,3,Both,22,All ages,559,Schizophrenia,3,Rate,2003,212.96797482716613,273.5129213037838,155.9733626482725
2,DALYs (Disability-Adjusted Life Years),65,High-income Asia Pacific,3,Both,27,Age-standardized,559,Schizophrenia,3,Rate,2003,178.19039174097946,231.50025594024123,131.2799487239939
2,DALYs (Disability-Adjusted Life Years),96,Southern Latin America,3,Both,22,All ages,559,Schizophrenia,1,Number,2001,99393.67541151484,134201.7016252243,68978.38430357356
2,DALYs (Disability-Adjusted Life Years),96,Southern Latin America,3,Both,22,All ages,559,Schizophrenia,3,Rate,2001,178.1516045341988,240.5409436442242,123.6357322634492
2,DALYs (Disability-Adjusted Life Years),96,Southern Latin America,3,Both,27,Age-standardized,559,Schizophrenia,3,Rate,2001,177.6544046295662,239.5783851083082,123.08947489451235
2,DALYs (Disability-Adjusted Life Years),70,Australasia,3,Both,22,All ages,559,Schizophrenia,1,Number,2002,63803.80321260204,77579.3096236932,48725.971039512806
2,DALYs (Disability-Adjusted Life Years),70,Australasia,3,Both,22,All ages,559,Schizophrenia,3,Rate,2002,274.2438295261778,333.4542126322095,209.4357424232399
2,DALYs (Disability-Adjusted Life Years),70,Australasia,3,Both,27,Age-standardized,559,Schizophrenia,3,Rate,2002,246.2431737078052,300.52012001460764,187.03535030329795
2,DALYs (Disability-Adjusted Life Years),70,Australasia,3,Both,22,All ages,559,Schizophrenia,1,Number,2001,62999.91173853648,76532.35446943114,47159.7773398585
2,DALYs (Disability-Adjusted Life Years),70,Australasia,3,Both,22,All ages,559,Schizophrenia,3,Rate,2001,274.0629802874035,332.9319768153623,205.15503547199475
2,DALYs (Disability-Adjusted Life Years),70,Australasia,3,Both,27,Age-standardized,559,Schizophrenia,3,Rate,2001,246.23981546733586,299.0899146028922,183.42021536270988
2,DALYs (Disability-Adjusted Life Years),44636,Low-middle SDI,3,Both,22,All ages,559,Schizophrenia,1,Number,2002,2122102.135586839,2790575.187061279,1549215.944032508
2,DALYs (Disability-Adjusted Life Years),44636,Low-middle SDI,3,Both,22,All ages,559,Schizophrenia,3,Rate,2002,147.44744249005916,193.8941427504004,107.64228779650479
2,DALYs (Disability-Adjusted Life Years),44636,Low-middle SDI,3,Both,27,Age-standardized,559,Schizophrenia,3,Rate,2002,170.89248172955166,223.3755283112067,125.00424323404242
2,DALYs (Disability-Adjusted Life Years),44637,Low SDI,3,Both,22,All ages,559,Schizophrenia,1,Number,1998,685636.1664484354,905153.7709401508,494798.4639509942
2,DALYs (Disability-Adjusted Life Years),44637,Low SDI,3,Both,22,All ages,559,Schizophrenia,3,Rate,1998,111.20538794084815,146.80960714911663,80.25284812676858
2,DALYs (Disability-Adjusted Life Years),44637,Low SDI,3,Both,27,Age-standardized,559,Schizophrenia,3,Rate,1998,152.57227457345664,199.03537001034,110.54247314870571
2,DALYs (Disability-Adjusted Life Years),73,Western Europe,3,Both,22,All ages,559,Schizophrenia,1,Number,1999,785500.1082052446,1007477.5521039717,569731.543288243
2,DALYs (Disability-Adjusted Life Years),73,Western Europe,3,Both,22,All ages,559,Schizophrenia,3,Rate,1999,198.04073392378692,254.00581329808992,143.6410406487861
2,DALYs (Disability-Adjusted Life Years),73,Western Europe,3,Both,27,Age-standardized,559,Schizophrenia,3,Rate,1999,167.0724353725497,216.2141571042098,121.04928250537728
2,DALYs (Disability-Adjusted Life Years),44634,High-middle SDI,3,Both,22,All ages,559,Schizophrenia,1,Number,2001,2297886.9928772473,2885819.272935945,1698509.8299677384
2,DALYs (Disability-Adjusted Life Years),44634,High-middle SDI,3,Both,22,All ages,559,Schizophrenia,3,Rate,2001,198.02991028870863,248.6974048333713,146.37610565515251
2,DALYs (Disability-Adjusted Life Years),44634,High-middle SDI,3,Both,27,Age-standardized,559,Schizophrenia,3,Rate,2001,174.435506624958,218.87480598552395,129.4750207107955
2,DALYs (Disability-Adjusted Life Years),159,South Asia,3,Both,22,All ages,559,Schizophrenia,1,Number,1999,2054692.8325921553,2668010.2283477033,1514312.4770169624
2,DALYs (Disability-Adjusted Life Years),159,South Asia,3,Both,22,All ages,559,Schizophrenia,3,Rate,1999,158.03807045471845,205.21178725755456,116.47435477318822
2,DALYs (Disability-Adjusted Life Years),159,South Asia,3,Both,27,Age-standardized,559,Schizophrenia,3,Rate,1999,181.9839937200017,234.19157289247002,133.918901077261
2,DALYs (Disability-Adjusted Life Years),42,Central Europe,3,Both,22,All ages,559,Schizophrenia,1,Number,1999,195874.44607653323,261315.37873324117,140091.26094583323
2,DALYs (Disability-Adjusted Life Years),42,Central Europe,3,Both,22,All ages,559,Schizophrenia,3,Rate,1999,159.4230340698866,212.68568392273733,114.02086547795288
2,DALYs (Disability-Adjusted Life Years),42,Central Europe,3,Both,27,Age-standardized,559,Schizophrenia,3,Rate,1999,140.93750023681952,188.60725014186377,100.8536651471711
2,DALYs (Disability-Adjusted Life Years),96,Southern Latin America,3,Both,22,All ages,559,Schizophrenia,1,Number,2002,100891.51617268338,136049.24758882175,71043.22391265823
2,DALYs (Disability-Adjusted Life Years),96,Southern Latin America,3,Both,22,All ages,559,Schizophrenia,3,Rate,2002,179.0495354596922,241.44304203661684,126.07855171240259
2,DALYs (Disability-Adjusted Life Years),96,Southern Latin America,3,Both,27,Age-standardized,559,Schizophrenia,3,Rate,2002,177.6322256316038,239.76230869314574,124.57184542400286
2,DALYs (Disability-Adjusted Life Years),44635,High SDI,3,Both,22,All ages,559,Schizophrenia,1,Number,1999,2062108.580091832,2627817.302080474,1528300.2048725162
2,DALYs (Disability-Adjusted Life Years),44635,High SDI,3,Both,22,All ages,559,Schizophrenia,3,Rate,1999,220.01916506302274,280.3781402801608,163.06383586587046
2,DALYs (Disability-Adjusted Life Years),44635,High SDI,3,Both,27,Age-standardized,559,Schizophrenia,3,Rate,1999,191.36784111451263,245.41889991891722,142.30868242738165
2,DALYs (Disability-Adjusted Life Years),44634,High-middle SDI,3,Both,22,All ages,559,Schizophrenia,1,Number,2002,2330284.379692996,2924610.679658384,1739535.3795001719
2,DALYs (Disability-Adjusted Life Years),44634,High-middle SDI,3,Both,22,All ages,559,Schizophrenia,3,Rate,2002,199.5651766690121,250.46318469121718,148.9735280196508
2,DALYs (Disability-Adjusted Life Years),44634,High-middle SDI,3,Both,27,Age-standardized,559,Schizophrenia,3,Rate,2002,174.61822161267708,219.4777002694017,130.92764850041343
2,DALYs (Disability-Adjusted Life Years),44635,High SDI,3,Both,22,All ages,559,Schizophrenia,1,Number,2000,2079906.802096731,2649816.4421006753,1541027.7729410832
2,DALYs (Disability-Adjusted Life Years),44635,High SDI,3,Both,22,All ages,559,Schizophrenia,3,Rate,2000,220.37119770149596,280.75451383022323,163.2756504627756
2,DALYs (Disability-Adjusted Life Years),44635,High SDI,3,Both,27,Age-standardized,559,Schizophrenia,3,Rate,2000,191.23195624432003,245.67341844060846,142.09493178658946
2,DALYs (Disability-Adjusted Life Years),159,South Asia,3,Both,22,All ages,559,Schizophrenia,1,Number,2000,2106806.516330422,2742950.5465164958,1560426.4800906596
2,DALYs (Disability-Adjusted Life Years),159,South Asia,3,Both,22,All ages,559,Schizophrenia,3,Rate,2000,158.9939992770729,207.00176965918047,117.76043254298966
2,DALYs (Disability-Adjusted Life Years),159,South Asia,3,Both,27,Age-standardized,559,Schizophrenia,3,Rate,2000,182.0228371553145,233.94571342838844,134.22413575642145
2,DALYs (Disability-Adjusted Life Years),42,Central Europe,3,Both,22,All ages,559,Schizophrenia,1,Number,2000,196610.01449809544,262526.1976118335,140839.97728742968
2,DALYs (Disability-Adjusted Life Years),42,Central Europe,3,Both,22,All ages,559,Schizophrenia,3,Rate,2000,160.5550883531351,214.38336678922775,115.01232556623347
2,DALYs (Disability-Adjusted Life Years),42,Central Europe,3,Both,27,Age-standardized,559,Schizophrenia,3,Rate,2000,141.08952702184664,188.370987463733,100.95363545353413
2,DALYs (Disability-Adjusted Life Years),73,Western Europe,3,Both,22,All ages,559,Schizophrenia,1,Number,2000,791020.9403737799,1015271.1926481656,569670.3729446686
2,DALYs (Disability-Adjusted Life Years),73,Western Europe,3,Both,22,All ages,559,Schizophrenia,3,Rate,2000,198.51288393563394,254.79023644320023,142.9632299904697
2,DALYs (Disability-Adjusted Life Years),73,Western Europe,3,Both,27,Age-standardized,559,Schizophrenia,3,Rate,2000,167.0318788228014,216.54869308987628,120.91108234504736
2,DALYs (Disability-Adjusted Life Years),32,Central Asia,3,Both,22,All ages,559,Schizophrenia,1,Number,2000,93857.52208786238,126774.52860200382,65769.97060982458
2,DALYs (Disability-Adjusted Life Years),32,Central Asia,3,Both,22,All ages,559,Schizophrenia,3,Rate,2000,126.15406531619259,170.3978733501524,88.4015365373561
2,DALYs (Disability-Adjusted Life Years),32,Central Asia,3,Both,27,Age-standardized,559,Schizophrenia,3,Rate,2000,135.51227501293735,183.47567563832644,95.78384380533687
2,DALYs (Disability-Adjusted Life Years),73,Western Europe,3,Both,22,All ages,559,Schizophrenia,1,Number,2001,796619.8764754874,1028815.3504190973,572583.3526995339
2,DALYs (Disability-Adjusted Life Years),73,Western Europe,3,Both,22,All ages,559,Schizophrenia,3,Rate,2001,198.8728853158307,256.83953317898346,142.94308590311996
2,DALYs (Disability-Adjusted Life Years),73,Western Europe,3,Both,27,Age-standardized,559,Schizophrenia,3,Rate,2001,166.95116020970406,216.49156573219076,121.07791685037901
2,DALYs (Disability-Adjusted Life Years),192,Southern Sub-Saharan Africa,3,Both,22,All ages,559,Schizophrenia,1,Number,1996,71307.52269058881,93117.27812732031,51922.48169849378
2,DALYs (Disability-Adjusted Life Years),192,Southern Sub-Saharan Africa,3,Both,22,All ages,559,Schizophrenia,3,Rate,1996,119.81101777991675,156.455805003057,87.24023978435973
2,DALYs (Disability-Adjusted Life Years),192,Southern Sub-Saharan Africa,3,Both,27,Age-standardized,559,Schizophrenia,3,Rate,1996,141.017980776346,185.52352807617658,103.444633718124
2,DALYs (Disability-Adjusted Life Years),44637,Low SDI,3,Both,22,All ages,559,Schizophrenia,1,Number,1999,704542.8672880785,928970.7280935277,509670.1290170117
2,DALYs (Disability-Adjusted Life Years),44637,Low SDI,3,Both,22,All ages,559,Schizophrenia,3,Rate,1999,111.25497739490041,146.69457623266217,80.48245368078966
2,DALYs (Disability-Adjusted Life Years),44637,Low SDI,3,Both,27,Age-standardized,559,Schizophrenia,3,Rate,1999,152.52736624668714,199.21600541604477,109.54077793653823
2,DALYs (Disability-Adjusted Life Years),56,Eastern Europe,3,Both,22,All ages,559,Schizophrenia,1,Number,2000,311523.3092204778,404195.19428466377,229645.45517658678
2,DALYs (Disability-Adjusted Life Years),56,Eastern Europe,3,Both,22,All ages,559,Schizophrenia,3,Rate,2000,141.25437642724808,183.2746970569788,104.12840583740183
2,DALYs (Disability-Adjusted Life Years),56,Eastern Europe,3,Both,27,Age-standardized,559,Schizophrenia,3,Rate,2000,122.29785422123494,159.51413321124204,89.97587093460555
2,DALYs (Disability-Adjusted Life Years),44635,High SDI,3,Both,22,All ages,559,Schizophrenia,1,Number,2001,2100528.9690175033,2680320.9539540806,1550476.615550787
2,DALYs (Disability-Adjusted Life Years),44635,High SDI,3,Both,22,All ages,559,Schizophrenia,3,Rate,2001,220.95153436779256,281.9389954194745,163.09234114850884
2,DALYs (Disability-Adjusted Life Years),44635,High SDI,3,Both,27,Age-standardized,559,Schizophrenia,3,Rate,2001,191.31619934257822,245.3142608964026,141.96510358412874
2,DALYs (Disability-Adjusted Life Years),44637,Low SDI,3,Both,22,All ages,559,Schizophrenia,1,Number,2000,723474.1416005254,953559.8349945585,520857.4058553524
2,DALYs (Disability-Adjusted Life Years),44637,Low SDI,3,Both,22,All ages,559,Schizophrenia,3,Rate,2000,111.28556770110441,146.677595607743,80.11884429442796
2,DALYs (Disability-Adjusted Life Years),44637,Low SDI,3,Both,27,Age-standardized,559,Schizophrenia,3,Rate,2000,152.39202759166233,198.91798041134635,110.12387976454063
2,DALYs (Disability-Adjusted Life Years),120,Andean Latin America,3,Both,22,All ages,559,Schizophrenia,1,Number,2002,64722.67009271303,89563.51560853326,45789.901813394856
2,DALYs (Disability-Adjusted Life Years),120,Andean Latin America,3,Both,22,All ages,559,Schizophrenia,3,Rate,2002,135.237887207527,187.1427832693835,95.67790648644502
2,DALYs (Disability-Adjusted Life Years),120,Andean Latin America,3,Both,27,Age-standardized,559,Schizophrenia,3,Rate,2002,151.83627286352302,207.34179502057333,106.75775839839703
2,DALYs (Disability-Adjusted Life Years),5,East Asia,3,Both,22,All ages,559,Schizophrenia,1,Number,2003,3008527.4692925722,3759005.469434009,2253871.83681221
2,DALYs (Disability-Adjusted Life Years),5,East Asia,3,Both,22,All ages,559,Schizophrenia,3,Rate,2003,227.09721925430705,283.74668271548995,170.1324092666527
2,DALYs (Disability-Adjusted Life Years),5,East Asia,3,Both,27,Age-standardized,559,Schizophrenia,3,Rate,2003,195.8597029394089,244.18568848144713,147.36211334956585
2,DALYs (Disability-Adjusted Life Years),73,Western Europe,3,Both,22,All ages,559,Schizophrenia,1,Number,2002,801601.0807610459,1027804.8649937484,583930.2570457746
2,DALYs (Disability-Adjusted Life Years),73,Western Europe,3,Both,22,All ages,559,Schizophrenia,3,Rate,2002,199.0045295571868,255.16161160920444,144.96583011998405
2,DALYs (Disability-Adjusted Life Years),73,Western Europe,3,Both,27,Age-standardized,559,Schizophrenia,3,Rate,2002,166.6972965996647,215.66181726125768,121.61992269635073
2,DALYs (Disability-Adjusted Life Years),159,South Asia,3,Both,22,All ages,559,Schizophrenia,1,Number,2001,2158373.428041625,2819228.663153483,1597659.4960352248
2,DALYs (Disability-Adjusted Life Years),159,South Asia,3,Both,22,All ages,559,Schizophrenia,3,Rate,2001,159.84040316239734,208.78066801179534,118.31619804280594
2,DALYs (Disability-Adjusted Life Years),159,South Asia,3,Both,27,Age-standardized,559,Schizophrenia,3,Rate,2001,181.9302072339072,233.6521281365145,134.57252041101606
2,DALYs (Disability-Adjusted Life Years),32,Central Asia,3,Both,22,All ages,559,Schizophrenia,1,Number,2001,95250.67166257802,130288.15331608025,66789.93719197361
2,DALYs (Disability-Adjusted Life Years),32,Central Asia,3,Both,22,All ages,559,Schizophrenia,3,Rate,2001,127.21243423519624,174.00688988378766,89.20158088444147
2,DALYs (Disability-Adjusted Life Years),32,Central Asia,3,Both,27,Age-standardized,559,Schizophrenia,3,Rate,2001,135.40907612709535,183.68117210073265,96.09710646022825
2,DALYs (Disability-Adjusted Life Years),44636,Low-middle SDI,3,Both,22,All ages,559,Schizophrenia,1,Number,2004,2221902.661640235,2920928.3130524606,1620905.9091645936
2,DALYs (Disability-Adjusted Life Years),44636,Low-middle SDI,3,Both,22,All ages,559,Schizophrenia,3,Rate,2004,149.27649252995198,196.2398898167847,108.89907691210162
2,DALYs (Disability-Adjusted Life Years),44636,Low-middle SDI,3,Both,27,Age-standardized,559,Schizophrenia,3,Rate,2004,170.8758331552932,223.24154947013162,125.06862325209866
2,DALYs (Disability-Adjusted Life Years),42,Central Europe,3,Both,22,All ages,559,Schizophrenia,1,Number,2001,197407.05498741573,264549.2675558567,141117.50491036935
2,DALYs (Disability-Adjusted Life Years),42,Central Europe,3,Both,22,All ages,559,Schizophrenia,3,Rate,2001,161.70146432945657,216.6994687894731,115.5931695955886
2,DALYs (Disability-Adjusted Life Years),42,Central Europe,3,Both,27,Age-standardized,559,Schizophrenia,3,Rate,2001,141.24384449497134,189.26685774641226,100.70865281103659
2,DALYs (Disability-Adjusted Life Years),100,High-income North America,3,Both,22,All ages,559,Schizophrenia,1,Number,1997,771946.9419044369,967135.4882118474,577467.1465506945
2,DALYs (Disability-Adjusted Life Years),100,High-income North America,3,Both,22,All ages,559,Schizophrenia,3,Rate,1997,255.14520919549395,319.6592577352886,190.86541821995033
2,DALYs (Disability-Adjusted Life Years),100,High-income North America,3,Both,27,Age-standardized,559,Schizophrenia,3,Rate,1997,228.2272332023902,287.6663797221925,169.76887901249123
2,DALYs (Disability-Adjusted Life Years),159,South Asia,3,Both,22,All ages,559,Schizophrenia,1,Number,2002,2212829.6227987143,2875555.3923087595,1635502.7107855626
2,DALYs (Disability-Adjusted Life Years),159,South Asia,3,Both,22,All ages,559,Schizophrenia,3,Rate,2002,160.82859132664774,208.99554048894424,118.86843631181921
2,DALYs (Disability-Adjusted Life Years),159,South Asia,3,Both,27,Age-standardized,559,Schizophrenia,3,Rate,2002,181.92874290407525,235.0514338370263,134.43149308042706
2,DALYs (Disability-Adjusted Life Years),44637,Low SDI,3,Both,22,All ages,559,Schizophrenia,1,Number,2002,765243.9762304169,1014691.174225163,551794.5994365435
2,DALYs (Disability-Adjusted Life Years),44637,Low SDI,3,Both,22,All ages,559,Schizophrenia,3,Rate,2002,111.66837424920837,148.0690045400979,80.52073293291579
2,DALYs (Disability-Adjusted Life Years),44637,Low SDI,3,Both,27,Age-standardized,559,Schizophrenia,3,Rate,2002,152.54994391419368,199.28269138341776,110.599252438789
2,DALYs (Disability-Adjusted Life Years),42,Central Europe,3,Both,22,All ages,559,Schizophrenia,1,Number,2002,198182.22294399663,263841.4442627673,140237.202738792
2,DALYs (Disability-Adjusted Life Years),42,Central Europe,3,Both,22,All ages,559,Schizophrenia,3,Rate,2002,162.93754252360398,216.91994319895184,115.29745123052861
2,DALYs (Disability-Adjusted Life Years),42,Central Europe,3,Both,27,Age-standardized,559,Schizophrenia,3,Rate,2002,141.47255797692776,188.98119251752445,99.89324906249111
2,DALYs (Disability-Adjusted Life Years),104,Caribbean,3,Both,22,All ages,559,Schizophrenia,1,Number,2000,55588.03941620961,75707.85791805442,39297.26352589921
2,DALYs (Disability-Adjusted Life Years),104,Caribbean,3,Both,22,All ages,559,Schizophrenia,3,Rate,2000,138.4668594576833,188.584260791983,97.88740029074523
2,DALYs (Disability-Adjusted Life Years),104,Caribbean,3,Both,27,Age-standardized,559,Schizophrenia,3,Rate,2000,141.4021963554493,190.9980214192743,99.9340085242001
2,DALYs (Disability-Adjusted Life Years),44637,Low SDI,3,Both,22,All ages,559,Schizophrenia,1,Number,2001,743527.4407308111,983041.1367200555,531668.1437211169
2,DALYs (Disability-Adjusted Life Years),44637,Low SDI,3,Both,22,All ages,559,Schizophrenia,3,Rate,2001,111.4468590735801,147.347415880023,79.69140268577024
2,DALYs (Disability-Adjusted Life Years),44637,Low SDI,3,Both,27,Age-standardized,559,Schizophrenia,3,Rate,2001,152.4585749344423,200.26817088283443,109.71930860526037
2,DALYs (Disability-Adjusted Life Years),32,Central Asia,3,Both,22,All ages,559,Schizophrenia,1,Number,2002,96861.48111725679,131411.75077442586,67976.29855245503
2,DALYs (Disability-Adjusted Life Years),32,Central Asia,3,Both,22,All ages,559,Schizophrenia,3,Rate,2002,128.47748435431393,174.30511034263284,90.16405420401183
2,DALYs (Disability-Adjusted Life Years),32,Central Asia,3,Both,27,Age-standardized,559,Schizophrenia,3,Rate,2002,135.4676568569894,183.57465125191536,95.95693316139341
2,DALYs (Disability-Adjusted Life Years),56,Eastern Europe,3,Both,22,All ages,559,Schizophrenia,1,Number,2001,311777.3957716194,401149.6743909193,229401.33399521533
2,DALYs (Disability-Adjusted Life Years),56,Eastern Europe,3,Both,22,All ages,559,Schizophrenia,3,Rate,2001,142.05873746323212,182.78046147868994,104.52478057008663
2,DALYs (Disability-Adjusted Life Years),56,Eastern Europe,3,Both,27,Age-standardized,559,Schizophrenia,3,Rate,2001,122.32223012481208,157.82961339836254,90.08290021614057
2,DALYs (Disability-Adjusted Life Years),56,Eastern Europe,3,Both,22,All ages,559,Schizophrenia,1,Number,2002,312173.41514678707,399626.82626842393,228424.15280916722
2,DALYs (Disability-Adjusted Life Years),56,Eastern Europe,3,Both,22,All ages,559,Schizophrenia,3,Rate,2002,142.94717136398575,182.99291882166588,104.5975888111156
2,DALYs (Disability-Adjusted Life Years),56,Eastern Europe,3,Both,27,Age-standardized,559,Schizophrenia,3,Rate,2002,122.49058407236019,157.77898387062484,89.45711514171731
2,DALYs (Disability-Adjusted Life Years),21,Oceania,3,Both,22,All ages,559,Schizophrenia,1,Number,1997,11336.783065344682,15689.22154845622,8014.989524275634
2,DALYs (Disability-Adjusted Life Years),21,Oceania,3,Both,22,All ages,559,Schizophrenia,3,Rate,1997,146.54736443499527,202.81009654241726,103.60748582613722
2,DALYs (Disability-Adjusted Life Years),21,Oceania,3,Both,27,Age-standardized,559,Schizophrenia,3,Rate,1997,176.40485596204485,240.5540933354996,124.61540385347342
2,DALYs (Disability-Adjusted Life Years),104,Caribbean,3,Both,22,All ages,559,Schizophrenia,1,Number,2001,56520.87976632972,77422.4005580406,39156.66925791786
2,DALYs (Disability-Adjusted Life Years),104,Caribbean,3,Both,22,All ages,559,Schizophrenia,3,Rate,2001,139.22874819520652,190.71578426465518,96.45522268606487
2,DALYs (Disability-Adjusted Life Years),104,Caribbean,3,Both,27,Age-standardized,559,Schizophrenia,3,Rate,2001,141.4214450226993,192.99009443700157,98.0900363614732
2,DALYs (Disability-Adjusted Life Years),159,South Asia,3,Both,22,All ages,559,Schizophrenia,1,Number,2003,2269354.9521103324,2941703.592041133,1675780.1303884508
2,DALYs (Disability-Adjusted Life Years),159,South Asia,3,Both,22,All ages,559,Schizophrenia,3,Rate,2003,161.88767262729937,209.85062192763255,119.54416601571334
2,DALYs (Disability-Adjusted Life Years),159,South Asia,3,Both,27,Age-standardized,559,Schizophrenia,3,Rate,2003,181.9518871992457,233.74091074069014,134.38452915196828
2,DALYs (Disability-Adjusted Life Years),42,Central Europe,3,Both,22,All ages,559,Schizophrenia,1,Number,2003,199059.83027091832,265652.3833891881,141736.85710391382
2,DALYs (Disability-Adjusted Life Years),42,Central Europe,3,Both,22,All ages,559,Schizophrenia,3,Rate,2003,164.31908034530912,219.28962398210265,117.00035099322683
2,DALYs (Disability-Adjusted Life Years),42,Central Europe,3,Both,27,Age-standardized,559,Schizophrenia,3,Rate,2003,141.80098712703736,189.8207919065977,100.98707379612233
2,DALYs (Disability-Adjusted Life Years),104,Caribbean,3,Both,22,All ages,559,Schizophrenia,1,Number,2002,57492.05814506627,77967.07850779043,40332.92797765995
2,DALYs (Disability-Adjusted Life Years),104,Caribbean,3,Both,22,All ages,559,Schizophrenia,3,Rate,2002,140.1179219166542,190.01902820836358,98.29820388033495
2,DALYs (Disability-Adjusted Life Years),104,Caribbean,3,Both,27,Age-standardized,559,Schizophrenia,3,Rate,2002,141.56851521790477,191.22313823885906,99.21931116553097
2,DALYs (Disability-Adjusted Life Years),32,Central Asia,3,Both,22,All ages,559,Schizophrenia,1,Number,2003,98627.82110647931,132956.55255291637,70579.80472757443
2,DALYs (Disability-Adjusted Life Years),32,Central Asia,3,Both,22,All ages,559,Schizophrenia,3,Rate,2003,129.8448731621188,175.03911683974002,92.91927662849848
2,DALYs (Disability-Adjusted Life Years),32,Central Asia,3,Both,27,Age-standardized,559,Schizophrenia,3,Rate,2003,135.63002849924302,183.65746089198902,96.5824204578182
2,DALYs (Disability-Adjusted Life Years),124,Central Latin America,3,Both,22,All ages,559,Schizophrenia,1,Number,1997,255318.2063290205,338817.24505998124,186714.99616618286
2,DALYs (Disability-Adjusted Life Years),124,Central Latin America,3,Both,22,All ages,559,Schizophrenia,3,Rate,1997,134.76821419200542,178.84269089430242,98.55641302663908
2,DALYs (Disability-Adjusted Life Years),124,Central Latin America,3,Both,27,Age-standardized,559,Schizophrenia,3,Rate,1997,155.56121672550026,203.53812234617106,112.66755752137838
2,DALYs (Disability-Adjusted Life Years),9,Southeast Asia,3,Both,22,All ages,559,Schizophrenia,1,Number,1997,888077.3342635276,1189847.7465153649,646356.5889123695
2,DALYs (Disability-Adjusted Life Years),9,Southeast Asia,3,Both,22,All ages,559,Schizophrenia,3,Rate,1997,170.56867377341527,228.52824217579783,124.14255144448532
2,DALYs (Disability-Adjusted Life Years),9,Southeast Asia,3,Both,27,Age-standardized,559,Schizophrenia,3,Rate,1997,181.0438891743706,238.59747520812445,132.610001932412
2,DALYs (Disability-Adjusted Life Years),56,Eastern Europe,3,Both,22,All ages,559,Schizophrenia,1,Number,2003,312613.8191914839,402769.76304702694,230825.32247560742
2,DALYs (Disability-Adjusted Life Years),56,Eastern Europe,3,Both,22,All ages,559,Schizophrenia,3,Rate,2003,143.8849470539026,185.38049975147453,106.24063065733957
2,DALYs (Disability-Adjusted Life Years),56,Eastern Europe,3,Both,27,Age-standardized,559,Schizophrenia,3,Rate,2003,122.58460263854052,158.87830111372563,90.38134583646027
2,DALYs (Disability-Adjusted Life Years),42,Central Europe,3,Both,22,All ages,559,Schizophrenia,1,Number,2004,199944.75711505458,267313.7953860938,143072.14352722894
2,DALYs (Disability-Adjusted Life Years),42,Central Europe,3,Both,22,All ages,559,Schizophrenia,3,Rate,2004,165.5371448047313,221.31294210263806,118.4514887127638
2,DALYs (Disability-Adjusted Life Years),42,Central Europe,3,Both,27,Age-standardized,559,Schizophrenia,3,Rate,2004,142.00821777200272,190.22387625840653,101.46654766220041
2,DALYs (Disability-Adjusted Life Years),44635,High SDI,3,Both,22,All ages,559,Schizophrenia,1,Number,2002,2120945.2532430054,2700270.321940154,1573925.1975775296
2,DALYs (Disability-Adjusted Life Years),44635,High SDI,3,Both,22,All ages,559,Schizophrenia,3,Rate,2002,221.46533083942433,281.9574240730474,164.3464696059634
2,DALYs (Disability-Adjusted Life Years),44635,High SDI,3,Both,27,Age-standardized,559,Schizophrenia,3,Rate,2002,191.43260375523036,245.00994066825132,142.67560432436758
2,DALYs (Disability-Adjusted Life Years),134,Tropical Latin America,3,Both,22,All ages,559,Schizophrenia,1,Number,2003,284385.40474315005,363304.1815218838,209424.18700683748
2,DALYs (Disability-Adjusted Life Years),134,Tropical Latin America,3,Both,22,All ages,559,Schizophrenia,3,Rate,2003,151.49584176643495,193.53691110355487,111.56301613125017
2,DALYs (Disability-Adjusted Life Years),134,Tropical Latin America,3,Both,27,Age-standardized,559,Schizophrenia,3,Rate,2003,151.81261532442446,193.6673459956054,111.77956736809277
2,DALYs (Disability-Adjusted Life Years),44636,Low-middle SDI,3,Both,22,All ages,559,Schizophrenia,1,Number,2003,2171993.5947985896,2846713.1985750394,1584757.7428247407
2,DALYs (Disability-Adjusted Life Years),44636,Low-middle SDI,3,Both,22,All ages,559,Schizophrenia,3,Rate,2003,148.3873829450381,194.48322616753393,108.26829997233746
2,DALYs (Disability-Adjusted Life Years),44636,Low-middle SDI,3,Both,27,Age-standardized,559,Schizophrenia,3,Rate,2003,170.91332805463512,224.1322762561649,125.36282409388046
2,DALYs (Disability-Adjusted Life Years),32,Central Asia,3,Both,22,All ages,559,Schizophrenia,1,Number,2004,100598.9488098428,136422.37538187605,70249.10133369826
2,DALYs (Disability-Adjusted Life Years),32,Central Asia,3,Both,22,All ages,559,Schizophrenia,3,Rate,2004,131.35417409575732,178.12957946847274,91.72573665853523
2,DALYs (Disability-Adjusted Life Years),32,Central Asia,3,Both,27,Age-standardized,559,Schizophrenia,3,Rate,2004,135.83520981972876,184.98900383953028,96.4088328712366
2,DALYs (Disability-Adjusted Life Years),167,Central Sub-Saharan Africa,3,Both,22,All ages,559,Schizophrenia,1,Number,1996,63275.58568680616,86855.87580515198,44627.230242368154
2,DALYs (Disability-Adjusted Life Years),167,Central Sub-Saharan Africa,3,Both,22,All ages,559,Schizophrenia,3,Rate,1996,96.73244808432221,132.78077801960342,68.22380521192247
2,DALYs (Disability-Adjusted Life Years),167,Central Sub-Saharan Africa,3,Both,27,Age-standardized,559,Schizophrenia,3,Rate,1996,133.24611308215452,181.14116841904803,94.16346926523892
2,DALYs (Disability-Adjusted Life Years),56,Eastern Europe,3,Both,22,All ages,559,Schizophrenia,1,Number,2004,313391.615696117,401849.8534488274,232703.8709061935
2,DALYs (Disability-Adjusted Life Years),56,Eastern Europe,3,Both,22,All ages,559,Schizophrenia,3,Rate,2004,144.98698018752066,185.9111534012398,107.65773502170204
2,DALYs (Disability-Adjusted Life Years),56,Eastern Europe,3,Both,27,Age-standardized,559,Schizophrenia,3,Rate,2004,122.85356128950592,158.968169828717,91.15969549342284
2,DALYs (Disability-Adjusted Life Years),104,Caribbean,3,Both,22,All ages,559,Schizophrenia,1,Number,2003,58313.94306452772,79243.4396077843,41241.53772517059
2,DALYs (Disability-Adjusted Life Years),104,Caribbean,3,Both,22,All ages,559,Schizophrenia,3,Rate,2003,140.70202423499092,191.20148242797976,99.50909740530068
2,DALYs (Disability-Adjusted Life Years),104,Caribbean,3,Both,27,Age-standardized,559,Schizophrenia,3,Rate,2003,141.42804509798376,192.01294012693367,100.03761904886576
2,DALYs (Disability-Adjusted Life Years),104,Caribbean,3,Both,22,All ages,559,Schizophrenia,1,Number,2004,59199.2514417255,80303.02905053413,42131.11825101571
2,DALYs (Disability-Adjusted Life Years),104,Caribbean,3,Both,22,All ages,559,Schizophrenia,3,Rate,2004,141.53068137134306,191.98456299557523,100.72502147890467
2,DALYs (Disability-Adjusted Life Years),104,Caribbean,3,Both,27,Age-standardized,559,Schizophrenia,3,Rate,2004,141.5262179359635,191.61374306138117,100.63060145869716
2,DALYs (Disability-Adjusted Life Years),32,Central Asia,3,Both,22,All ages,559,Schizophrenia,1,Number,2005,102617.46496275369,141303.352294705,72665.17740267508
2,DALYs (Disability-Adjusted Life Years),32,Central Asia,3,Both,22,All ages,559,Schizophrenia,3,Rate,2005,132.78103430341895,182.8383236229951,94.02451538703174
2,DALYs (Disability-Adjusted Life Years),32,Central Asia,3,Both,27,Age-standardized,559,Schizophrenia,3,Rate,2005,135.92309854630534,186.35641941286804,96.91334862565905
2,DALYs (Disability-Adjusted Life Years),56,Eastern Europe,3,Both,22,All ages,559,Schizophrenia,1,Number,2005,313882.2932255726,404693.70834043954,231623.31994130436
2,DALYs (Disability-Adjusted Life Years),56,Eastern Europe,3,Both,22,All ages,559,Schizophrenia,3,Rate,2005,145.98878343880776,188.22578852354,107.72957705514115
2,DALYs (Disability-Adjusted Life Years),56,Eastern Europe,3,Both,27,Age-standardized,559,Schizophrenia,3,Rate,2005,123.06436780251113,158.98433473050346,90.64998985540211
2,DALYs (Disability-Adjusted Life Years),1,Global,3,Both,22,All ages,559,Schizophrenia,1,Number,2002,10955824.32943185,14084931.184968371,8092267.293218326
2,DALYs (Disability-Adjusted Life Years),1,Global,3,Both,22,All ages,559,Schizophrenia,3,Rate,2002,175.14245470447347,225.16511290272553,129.36494007589494
2,DALYs (Disability-Adjusted Life Years),1,Global,3,Both,27,Age-standardized,559,Schizophrenia,3,Rate,2002,176.15109584153012,225.77755630994452,130.32384341619897
2,DALYs (Disability-Adjusted Life Years),134,Tropical Latin America,3,Both,22,All ages,559,Schizophrenia,1,Number,2004,290621.6675204314,373786.18579276674,213326.18286101066
2,DALYs (Disability-Adjusted Life Years),134,Tropical Latin America,3,Both,22,All ages,559,Schizophrenia,3,Rate,2004,152.8165890308166,196.54670082599395,112.17257093706569
2,DALYs (Disability-Adjusted Life Years),134,Tropical Latin America,3,Both,27,Age-standardized,559,Schizophrenia,3,Rate,2004,151.67495479188992,194.4724418192044,111.4364817930505
2,DALYs (Disability-Adjusted Life Years),44635,High SDI,3,Both,22,All ages,559,Schizophrenia,1,Number,2003,2143651.7962766653,2734173.2501015225,1582363.0202770273
2,DALYs (Disability-Adjusted Life Years),44635,High SDI,3,Both,22,All ages,559,Schizophrenia,3,Rate,2003,222.17643730586576,283.3803851631485,164.00227825262246
2,DALYs (Disability-Adjusted Life Years),44635,High SDI,3,Both,27,Age-standardized,559,Schizophrenia,3,Rate,2003,191.75216528987391,245.52565705322763,142.13611422893123
2,DALYs (Disability-Adjusted Life Years),104,Caribbean,3,Both,22,All ages,559,Schizophrenia,1,Number,2005,59942.65428755786,80869.55397182287,42064.36905591517
2,DALYs (Disability-Adjusted Life Years),104,Caribbean,3,Both,22,All ages,559,Schizophrenia,3,Rate,2005,142.0825610477506,191.68576159449213,99.70551613632372
2,DALYs (Disability-Adjusted Life Years),104,Caribbean,3,Both,27,Age-standardized,559,Schizophrenia,3,Rate,2005,141.35450152693906,190.19756557551992,98.99487489427231
2,DALYs (Disability-Adjusted Life Years),138,North Africa and Middle East,3,Both,22,All ages,559,Schizophrenia,1,Number,1997,521589.85790282255,701712.5413835275,372932.55324031046
2,DALYs (Disability-Adjusted Life Years),138,North Africa and Middle East,3,Both,22,All ages,559,Schizophrenia,3,Rate,1997,131.81310798170668,177.33264860901005,94.24531203081239
2,DALYs (Disability-Adjusted Life Years),138,North Africa and Middle East,3,Both,27,Age-standardized,559,Schizophrenia,3,Rate,1997,155.41536247377726,208.6382544163103,112.06372672322425
2,DALYs (Disability-Adjusted Life Years),73,Western Europe,3,Both,22,All ages,559,Schizophrenia,1,Number,2003,807051.1455299503,1037421.8483470676,582337.7351770457
2,DALYs (Disability-Adjusted Life Years),73,Western Europe,3,Both,22,All ages,559,Schizophrenia,3,Rate,2003,199.19993111131504,256.06104627781616,143.7351738775048
2,DALYs (Disability-Adjusted Life Years),73,Western Europe,3,Both,27,Age-standardized,559,Schizophrenia,3,Rate,2003,166.57042728446518,216.3784902711692,121.03179918795735
2,DALYs (Disability-Adjusted Life Years),73,Western Europe,3,Both,22,All ages,559,Schizophrenia,1,Number,2004,812279.1582646216,1038155.1073768408,582785.7316072673
2,DALYs (Disability-Adjusted Life Years),73,Western Europe,3,Both,22,All ages,559,Schizophrenia,3,Rate,2004,199.27358016473775,254.68692986690536,142.97276745893353
2,DALYs (Disability-Adjusted Life Years),73,Western Europe,3,Both,27,Age-standardized,559,Schizophrenia,3,Rate,2004,166.42029613697815,214.85275950453203,120.17573669460292
2,DALYs (Disability-Adjusted Life Years),56,Eastern Europe,3,Both,22,All ages,559,Schizophrenia,1,Number,2006,316062.7812281396,407817.5541244054,232776.32471012344
2,DALYs (Disability-Adjusted Life Years),56,Eastern Europe,3,Both,22,All ages,559,Schizophrenia,3,Rate,2006,147.73415878141688,190.62220189531095,108.80437861634016
2,DALYs (Disability-Adjusted Life Years),56,Eastern Europe,3,Both,27,Age-standardized,559,Schizophrenia,3,Rate,2006,123.94454744295922,160.05590032140987,91.09102671896785
2,DALYs (Disability-Adjusted Life Years),44635,High SDI,3,Both,22,All ages,559,Schizophrenia,1,Number,2004,2167400.7693750127,2753955.809049027,1600039.253738229
2,DALYs (Disability-Adjusted Life Years),44635,High SDI,3,Both,22,All ages,559,Schizophrenia,3,Rate,2004,222.89729635942987,283.21910410107654,164.54936658071443
2,DALYs (Disability-Adjusted Life Years),44635,High SDI,3,Both,27,Age-standardized,559,Schizophrenia,3,Rate,2004,192.07555999685417,245.88472568557452,142.35439652905282
2,DALYs (Disability-Adjusted Life Years),44637,Low SDI,3,Both,22,All ages,559,Schizophrenia,1,Number,2003,788377.6705584076,1044438.7499272067,565201.9369448434
2,DALYs (Disability-Adjusted Life Years),44637,Low SDI,3,Both,22,All ages,559,Schizophrenia,3,Rate,2003,111.87920204352412,148.21700092346106,80.20818455456048
2,DALYs (Disability-Adjusted Life Years),44637,Low SDI,3,Both,27,Age-standardized,559,Schizophrenia,3,Rate,2003,152.64661708388635,198.95773253669688,110.45968420474068
2,DALYs (Disability-Adjusted Life Years),104,Caribbean,3,Both,22,All ages,559,Schizophrenia,1,Number,2006,60831.26191967719,82000.769101298,42690.65971925769
2,DALYs (Disability-Adjusted Life Years),104,Caribbean,3,Both,22,All ages,559,Schizophrenia,3,Rate,2006,142.96686497233318,192.7198699118316,100.33245392347641
2,DALYs (Disability-Adjusted Life Years),104,Caribbean,3,Both,27,Age-standardized,559,Schizophrenia,3,Rate,2006,141.5180280604352,190.35802783342487,99.11177951590902
2,DALYs (Disability-Adjusted Life Years),199,Western Sub-Saharan Africa,3,Both,22,All ages,559,Schizophrenia,1,Number,1997,256672.64440905253,339879.2488410239,184295.27766904404
2,DALYs (Disability-Adjusted Life Years),199,Western Sub-Saharan Africa,3,Both,22,All ages,559,Schizophrenia,3,Rate,1997,108.44225969125192,143.5964235742531,77.86336719626284
2,DALYs (Disability-Adjusted Life Years),199,Western Sub-Saharan Africa,3,Both,27,Age-standardized,559,Schizophrenia,3,Rate,1997,147.32066788338898,193.8956327884909,106.09648355080166
2,DALYs (Disability-Adjusted Life Years),5,East Asia,3,Both,22,All ages,559,Schizophrenia,1,Number,2004,3052400.5053920313,3831217.762167135,2281501.065818195
2,DALYs (Disability-Adjusted Life Years),5,East Asia,3,Both,22,All ages,559,Schizophrenia,3,Rate,2004,229.12185651634,287.58209312161364,171.2559537717465
2,DALYs (Disability-Adjusted Life Years),5,East Asia,3,Both,27,Age-standardized,559,Schizophrenia,3,Rate,2004,196.0057441026754,245.0591611238126,147.37937437309353
2,DALYs (Disability-Adjusted Life Years),73,Western Europe,3,Both,22,All ages,559,Schizophrenia,1,Number,2005,817628.6812578504,1045190.4423998076,588049.6765339229
2,DALYs (Disability-Adjusted Life Years),73,Western Europe,3,Both,22,All ages,559,Schizophrenia,3,Rate,2005,199.34566270542294,254.82738823817837,143.37211396746005
2,DALYs (Disability-Adjusted Life Years),73,Western Europe,3,Both,27,Age-standardized,559,Schizophrenia,3,Rate,2005,166.26405398592482,216.38080493611773,121.3386338738436
2,DALYs (Disability-Adjusted Life Years),159,South Asia,3,Both,22,All ages,559,Schizophrenia,1,Number,2004,2326224.62536263,3016648.2435924555,1717934.967847467
2,DALYs (Disability-Adjusted Life Years),159,South Asia,3,Both,22,All ages,559,Schizophrenia,3,Rate,2004,162.89826202718726,211.24647666042728,120.30163273439645
2,DALYs (Disability-Adjusted Life Years),159,South Asia,3,Both,27,Age-standardized,559,Schizophrenia,3,Rate,2004,181.89074382290462,234.0122618395772,134.13994804320882
2,DALYs (Disability-Adjusted Life Years),70,Australasia,3,Both,22,All ages,559,Schizophrenia,1,Number,2003,64651.754512547996,78807.53269630793,48880.59411587375
2,DALYs (Disability-Adjusted Life Years),70,Australasia,3,Both,22,All ages,559,Schizophrenia,3,Rate,2003,274.0908531116873,334.10421776203884,207.22908206962336
2,DALYs (Disability-Adjusted Life Years),70,Australasia,3,Both,27,Age-standardized,559,Schizophrenia,3,Rate,2003,245.80920010628756,299.2270341342853,185.39329268868377
2,DALYs (Disability-Adjusted Life Years),44636,Low-middle SDI,3,Both,22,All ages,559,Schizophrenia,1,Number,2005,2274720.7155813756,2983581.6733481665,1660201.5358151426
2,DALYs (Disability-Adjusted Life Years),44636,Low-middle SDI,3,Both,22,All ages,559,Schizophrenia,3,Rate,2005,150.3025043373267,197.14059591028433,109.69805955889224
2,DALYs (Disability-Adjusted Life Years),44636,Low-middle SDI,3,Both,27,Age-standardized,559,Schizophrenia,3,Rate,2005,170.92621591274812,223.25267177245112,124.763300757358
2,DALYs (Disability-Adjusted Life Years),42,Central Europe,3,Both,22,All ages,559,Schizophrenia,1,Number,2005,200761.14506951708,267420.50152075227,142968.06082218862
2,DALYs (Disability-Adjusted Life Years),42,Central Europe,3,Both,22,All ages,559,Schizophrenia,3,Rate,2005,166.58175448066615,221.89242002978838,118.62788687627831
2,DALYs (Disability-Adjusted Life Years),42,Central Europe,3,Both,27,Age-standardized,559,Schizophrenia,3,Rate,2005,142.12343604537784,190.75853238937256,101.20960871556946
2,DALYs (Disability-Adjusted Life Years),159,South Asia,3,Both,22,All ages,559,Schizophrenia,1,Number,2005,2386905.4393906314,3085584.364593623,1765197.7513545123
2,DALYs (Disability-Adjusted Life Years),159,South Asia,3,Both,22,All ages,559,Schizophrenia,3,Rate,2005,164.11140592493518,212.14899418166073,121.36596612904776
2,DALYs (Disability-Adjusted Life Years),159,South Asia,3,Both,27,Age-standardized,559,Schizophrenia,3,Rate,2005,181.98823443736242,233.68078355048232,134.5077790635553
2,DALYs (Disability-Adjusted Life Years),44637,Low SDI,3,Both,22,All ages,559,Schizophrenia,1,Number,2004,811360.984590785,1074791.526564098,587199.0930790916
2,DALYs (Disability-Adjusted Life Years),44637,Low SDI,3,Both,22,All ages,559,Schizophrenia,3,Rate,2004,111.98690818960111,148.34652182468488,81.04729235758231
2,DALYs (Disability-Adjusted Life Years),44637,Low SDI,3,Both,27,Age-standardized,559,Schizophrenia,3,Rate,2004,152.56886384800225,198.70676890771907,110.56163631138105
2,DALYs (Disability-Adjusted Life Years),73,Western Europe,3,Both,22,All ages,559,Schizophrenia,1,Number,2006,824323.7133516553,1050753.1511355117,593390.2845106709
2,DALYs (Disability-Adjusted Life Years),73,Western Europe,3,Both,22,All ages,559,Schizophrenia,3,Rate,2006,199.76252112641185,254.63430828515772,143.79925910878487
2,DALYs (Disability-Adjusted Life Years),73,Western Europe,3,Both,27,Age-standardized,559,Schizophrenia,3,Rate,2006,166.45057088632385,215.4974384426132,120.72379933741368
2,DALYs (Disability-Adjusted Life Years),44635,High SDI,3,Both,22,All ages,559,Schizophrenia,1,Number,2005,2191660.680411301,2793270.7552594645,1618879.0231273007
2,DALYs (Disability-Adjusted Life Years),44635,High SDI,3,Both,22,All ages,559,Schizophrenia,3,Rate,2005,223.58116956685947,284.95412084530113,165.14913490629002
2,DALYs (Disability-Adjusted Life Years),44635,High SDI,3,Both,27,Age-standardized,559,Schizophrenia,3,Rate,2005,192.327825058768,246.22279038553108,142.7941658980504
2,DALYs (Disability-Adjusted Life Years),120,Andean Latin America,3,Both,22,All ages,559,Schizophrenia,1,Number,2003,66509.73167238847,91682.3088573727,47028.06652745127
2,DALYs (Disability-Adjusted Life Years),120,Andean Latin America,3,Both,22,All ages,559,Schizophrenia,3,Rate,2003,136.8122009692136,188.59282918929173,96.73792281465921
2,DALYs (Disability-Adjusted Life Years),120,Andean Latin America,3,Both,27,Age-standardized,559,Schizophrenia,3,Rate,2003,152.19158632354467,207.43691039923854,106.69842017254444
2,DALYs (Disability-Adjusted Life Years),44635,High SDI,3,Both,22,All ages,559,Schizophrenia,1,Number,2006,2221381.4100831957,2834949.693838586,1643594.81624796
2,DALYs (Disability-Adjusted Life Years),44635,High SDI,3,Both,22,All ages,559,Schizophrenia,3,Rate,2006,224.652759137544,286.7041507802665,166.22004159134465
2,DALYs (Disability-Adjusted Life Years),44635,High SDI,3,Both,27,Age-standardized,559,Schizophrenia,3,Rate,2006,192.90882583900708,247.26709190585944,143.43492677723
2,DALYs (Disability-Adjusted Life Years),174,Eastern Sub-Saharan Africa,3,Both,22,All ages,559,Schizophrenia,1,Number,1997,215510.7560756312,287486.0745593697,155787.92586576234
2,DALYs (Disability-Adjusted Life Years),174,Eastern Sub-Saharan Africa,3,Both,22,All ages,559,Schizophrenia,3,Rate,1997,93.72197949659706,125.02282705534563,67.74953166924244
2,DALYs (Disability-Adjusted Life Years),174,Eastern Sub-Saharan Africa,3,Both,27,Age-standardized,559,Schizophrenia,3,Rate,1997,135.0472493211868,179.0012037883429,96.85505550804449
2,DALYs (Disability-Adjusted Life Years),1,Global,3,Both,22,All ages,559,Schizophrenia,1,Number,2003,11154890.673018703,14318042.04048115,8242515.843497892
2,DALYs (Disability-Adjusted Life Years),1,Global,3,Both,22,All ages,559,Schizophrenia,3,Rate,2003,176.05241088662174,225.974946262791,130.08776406288914
2,DALYs (Disability-Adjusted Life Years),1,Global,3,Both,27,Age-standardized,559,Schizophrenia,3,Rate,2003,176.2001826246001,225.56285586780126,130.39507262250817
2,DALYs (Disability-Adjusted Life Years),159,South Asia,3,Both,22,All ages,559,Schizophrenia,1,Number,2006,2446387.623885438,3169991.8035073252,1799258.6173493993
2,DALYs (Disability-Adjusted Life Years),159,South Asia,3,Both,22,All ages,559,Schizophrenia,3,Rate,2006,165.1843902490826,214.04341570584606,121.48910283286585
2,DALYs (Disability-Adjusted Life Years),159,South Asia,3,Both,27,Age-standardized,559,Schizophrenia,3,Rate,2006,181.94325647136174,233.88076981295646,134.2669351869642
2,DALYs (Disability-Adjusted Life Years),73,Western Europe,3,Both,22,All ages,559,Schizophrenia,1,Number,2007,831057.715940051,1055823.672478304,602118.5207941725
2,DALYs (Disability-Adjusted Life Years),73,Western Europe,3,Both,22,All ages,559,Schizophrenia,3,Rate,2007,200.20203485293467,254.34821628116956,145.05051908371667
2,DALYs (Disability-Adjusted Life Years),73,Western Europe,3,Both,27,Age-standardized,559,Schizophrenia,3,Rate,2007,166.76162808022121,215.2962895745788,121.13320836631641
2,DALYs (Disability-Adjusted Life Years),42,Central Europe,3,Both,22,All ages,559,Schizophrenia,1,Number,2006,201582.77013041184,269731.5275793633,143739.8331155876
2,DALYs (Disability-Adjusted Life Years),42,Central Europe,3,Both,22,All ages,559,Schizophrenia,3,Rate,2006,167.70319072593452,224.39833416901385,119.58179080633984
2,DALYs (Disability-Adjusted Life Years),42,Central Europe,3,Both,27,Age-standardized,559,Schizophrenia,3,Rate,2006,142.38835748752032,190.80721594251258,101.38148010493796
2,DALYs (Disability-Adjusted Life Years),44637,Low SDI,3,Both,22,All ages,559,Schizophrenia,1,Number,2006,860988.0815453159,1135768.146565612,622205.5363045884
2,DALYs (Disability-Adjusted Life Years),44637,Low SDI,3,Both,22,All ages,559,Schizophrenia,3,Rate,2006,112.52703604343814,148.43948006363988,81.31929617946527
2,DALYs (Disability-Adjusted Life Years),44637,Low SDI,3,Both,27,Age-standardized,559,Schizophrenia,3,Rate,2006,152.7465566295254,200.09529558103375,110.29614351746652
2,DALYs (Disability-Adjusted Life Years),32,Central Asia,3,Both,22,All ages,559,Schizophrenia,1,Number,2006,104651.9679023271,142759.19399215528,73492.65899603744
2,DALYs (Disability-Adjusted Life Years),32,Central Asia,3,Both,22,All ages,559,Schizophrenia,3,Rate,2006,134.07252170153848,182.89273979511825,94.15347189023944
2,DALYs (Disability-Adjusted Life Years),32,Central Asia,3,Both,27,Age-standardized,559,Schizophrenia,3,Rate,2006,135.9775967329179,184.66810283665976,96.05402191671516
2,DALYs (Disability-Adjusted Life Years),159,South Asia,3,Both,22,All ages,559,Schizophrenia,1,Number,2007,2508172.645723089,3261790.2293184055,1846000.1732229637
2,DALYs (Disability-Adjusted Life Years),159,South Asia,3,Both,22,All ages,559,Schizophrenia,3,Rate,2007,166.3669652967794,216.3543816697461,122.44509853822099
2,DALYs (Disability-Adjusted Life Years),159,South Asia,3,Both,27,Age-standardized,559,Schizophrenia,3,Rate,2007,182.00449271315063,234.55669256892392,134.6491410250259
2,DALYs (Disability-Adjusted Life Years),44635,High SDI,3,Both,22,All ages,559,Schizophrenia,1,Number,2007,2255134.0846528886,2861577.1927926075,1671285.282766032
2,DALYs (Disability-Adjusted Life Years),44635,High SDI,3,Both,22,All ages,559,Schizophrenia,3,Rate,2007,225.92488556333876,286.6798494209446,167.4334749415692
2,DALYs (Disability-Adjusted Life Years),44635,High SDI,3,Both,27,Age-standardized,559,Schizophrenia,3,Rate,2007,193.75670414829344,248.01730848305294,144.31822726299137
2,DALYs (Disability-Adjusted Life Years),44637,Low SDI,3,Both,22,All ages,559,Schizophrenia,1,Number,2005,835907.2505767639,1102985.6140425093,603556.4034268378
2,DALYs (Disability-Adjusted Life Years),44637,Low SDI,3,Both,22,All ages,559,Schizophrenia,3,Rate,2005,112.27092383293933,148.14228944365686,81.06382012030953
2,DALYs (Disability-Adjusted Life Years),44637,Low SDI,3,Both,27,Age-standardized,559,Schizophrenia,3,Rate,2005,152.66932117558287,198.33817923455877,110.70784184265419
2,DALYs (Disability-Adjusted Life Years),42,Central Europe,3,Both,22,All ages,559,Schizophrenia,1,Number,2007,201992.0980981192,269060.7887746789,144550.76277367008
2,DALYs (Disability-Adjusted Life Years),42,Central Europe,3,Both,22,All ages,559,Schizophrenia,3,Rate,2007,168.4782834370116,224.41917411515016,120.56741135382764
2,DALYs (Disability-Adjusted Life Years),42,Central Europe,3,Both,27,Age-standardized,559,Schizophrenia,3,Rate,2007,142.45815412820926,190.53261490405208,101.86697087872865
2,DALYs (Disability-Adjusted Life Years),56,Eastern Europe,3,Both,22,All ages,559,Schizophrenia,1,Number,2007,320383.1748538269,411782.1921599253,237607.43434225526
2,DALYs (Disability-Adjusted Life Years),56,Eastern Europe,3,Both,22,All ages,559,Schizophrenia,3,Rate,2007,150.34371679690827,193.23382168351202,111.50018983952673
2,DALYs (Disability-Adjusted Life Years),56,Eastern Europe,3,Both,27,Age-standardized,559,Schizophrenia,3,Rate,2007,125.69882988573988,161.7478770141366,93.32211396996496
2,DALYs (Disability-Adjusted Life Years),134,Tropical Latin America,3,Both,22,All ages,559,Schizophrenia,1,Number,2005,297263.31120595103,380963.2933964039,219671.03795151837
2,DALYs (Disability-Adjusted Life Years),134,Tropical Latin America,3,Both,22,All ages,559,Schizophrenia,3,Rate,2005,154.36071543036195,197.8238292603617,114.0691679708631
2,DALYs (Disability-Adjusted Life Years),134,Tropical Latin America,3,Both,27,Age-standardized,559,Schizophrenia,3,Rate,2005,151.70359071139222,195.06142555058915,112.38620840159453
2,DALYs (Disability-Adjusted Life Years),44637,Low SDI,3,Both,22,All ages,559,Schizophrenia,1,Number,2007,887497.6470182039,1175789.6923186346,639646.6764340694
2,DALYs (Disability-Adjusted Life Years),44637,Low SDI,3,Both,22,All ages,559,Schizophrenia,3,Rate,2007,112.88704496362544,149.55693044425442,81.36114317153253
2,DALYs (Disability-Adjusted Life Years),44637,Low SDI,3,Both,27,Age-standardized,559,Schizophrenia,3,Rate,2007,152.9535606794264,200.85209961944844,110.73087663444996
2,DALYs (Disability-Adjusted Life Years),104,Caribbean,3,Both,22,All ages,559,Schizophrenia,1,Number,2007,61681.1104369959,83209.37195599527,43627.50998103769
2,DALYs (Disability-Adjusted Life Years),104,Caribbean,3,Both,22,All ages,559,Schizophrenia,3,Rate,2007,143.72984664987857,193.89518421987694,101.66119375713347
2,DALYs (Disability-Adjusted Life Years),104,Caribbean,3,Both,27,Age-standardized,559,Schizophrenia,3,Rate,2007,141.57103314991457,191.15044173988903,100.0260522769384
2,DALYs (Disability-Adjusted Life Years),32,Central Asia,3,Both,22,All ages,559,Schizophrenia,1,Number,2007,106855.46173891837,145245.92111035174,74634.17586745863
2,DALYs (Disability-Adjusted Life Years),32,Central Asia,3,Both,22,All ages,559,Schizophrenia,3,Rate,2007,135.40971409731483,184.05899269246808,94.57815493600044
2,DALYs (Disability-Adjusted Life Years),32,Central Asia,3,Both,27,Age-standardized,559,Schizophrenia,3,Rate,2007,136.12811186872818,184.77975315068517,96.28608970795504
2,DALYs (Disability-Adjusted Life Years),96,Southern Latin America,3,Both,22,All ages,559,Schizophrenia,1,Number,2003,102399.58871801403,138500.43051487114,72412.38088747206
2,DALYs (Disability-Adjusted Life Years),96,Southern Latin America,3,Both,22,All ages,559,Schizophrenia,3,Rate,2003,179.90539016355635,243.33080143724334,127.2209957025049
2,DALYs (Disability-Adjusted Life Years),96,Southern Latin America,3,Both,27,Age-standardized,559,Schizophrenia,3,Rate,2003,177.58973151549336,240.2226849829016,125.22653862443353
2,DALYs (Disability-Adjusted Life Years),5,East Asia,3,Both,22,All ages,559,Schizophrenia,1,Number,2005,3097198.1691052117,3888285.289759607,2335759.5750542404
2,DALYs (Disability-Adjusted Life Years),5,East Asia,3,Both,22,All ages,559,Schizophrenia,3,Rate,2005,231.1065979377336,290.13590221360846,174.28960612721266
2,DALYs (Disability-Adjusted Life Years),5,East Asia,3,Both,27,Age-standardized,559,Schizophrenia,3,Rate,2005,196.05580470753833,245.30554585258736,148.44176770159086
2,DALYs (Disability-Adjusted Life Years),73,Western Europe,3,Both,22,All ages,559,Schizophrenia,1,Number,2008,837371.4415750296,1069410.8339928668,605068.258674375
2,DALYs (Disability-Adjusted Life Years),73,Western Europe,3,Both,22,All ages,559,Schizophrenia,3,Rate,2008,200.56587832560433,256.1435852257662,144.92498874777576
2,DALYs (Disability-Adjusted Life Years),73,Western Europe,3,Both,27,Age-standardized,559,Schizophrenia,3,Rate,2008,167.02795270091735,215.2487147801768,121.29834083930804
2,DALYs (Disability-Adjusted Life Years),42,Central Europe,3,Both,22,All ages,559,Schizophrenia,1,Number,2008,202609.49113518084,269395.79303500877,143975.70047940762
2,DALYs (Disability-Adjusted Life Years),42,Central Europe,3,Both,22,All ages,559,Schizophrenia,3,Rate,2008,169.3037562676661,225.11146653590382,120.30841578970623
2,DALYs (Disability-Adjusted Life Years),42,Central Europe,3,Both,27,Age-standardized,559,Schizophrenia,3,Rate,2008,142.65472627620838,190.70575152298687,101.49952246229788
2,DALYs (Disability-Adjusted Life Years),44634,High-middle SDI,3,Both,22,All ages,559,Schizophrenia,1,Number,2003,2364616.427832865,2970875.323979119,1764163.741530985
2,DALYs (Disability-Adjusted Life Years),44634,High-middle SDI,3,Both,22,All ages,559,Schizophrenia,3,Rate,2003,201.2733012781576,252.87732805405247,150.1634920884789
2,DALYs (Disability-Adjusted Life Years),44634,High-middle SDI,3,Both,27,Age-standardized,559,Schizophrenia,3,Rate,2003,174.91211328620014,219.93610236156871,131.01656074700648
2,DALYs (Disability-Adjusted Life Years),56,Eastern Europe,3,Both,22,All ages,559,Schizophrenia,1,Number,2008,325971.44971940934,418788.12607777945,241600.29078253108
2,DALYs (Disability-Adjusted Life Years),56,Eastern Europe,3,Both,22,All ages,559,Schizophrenia,3,Rate,2008,153.46719955660603,197.1652455208526,113.7452990756478
2,DALYs (Disability-Adjusted Life Years),56,Eastern Europe,3,Both,27,Age-standardized,559,Schizophrenia,3,Rate,2008,127.8535144643013,165.11000703283176,94.87467399032856
2,DALYs (Disability-Adjusted Life Years),32,Central Asia,3,Both,22,All ages,559,Schizophrenia,1,Number,2008,109178.97784604508,149968.60624389906,76905.25979939877
2,DALYs (Disability-Adjusted Life Years),32,Central Asia,3,Both,22,All ages,559,Schizophrenia,3,Rate,2008,136.7356254367161,187.82050881212723,96.31605832463707
2,DALYs (Disability-Adjusted Life Years),32,Central Asia,3,Both,27,Age-standardized,559,Schizophrenia,3,Rate,2008,136.35680466811533,185.8540644744253,95.49684025101276
2,DALYs (Disability-Adjusted Life Years),70,Australasia,3,Both,22,All ages,559,Schizophrenia,1,Number,2004,65623.45995872199,79954.9386349534,49603.480454871635
2,DALYs (Disability-Adjusted Life Years),70,Australasia,3,Both,22,All ages,559,Schizophrenia,3,Rate,2004,274.48218347814554,334.4262273002307,207.4756745824263
2,DALYs (Disability-Adjusted Life Years),70,Australasia,3,Both,27,Age-standardized,559,Schizophrenia,3,Rate,2004,245.88991629391424,299.041045459198,186.60896515078082
2,DALYs (Disability-Adjusted Life Years),159,South Asia,3,Both,22,All ages,559,Schizophrenia,1,Number,2008,2571105.124810839,3349163.8295496404,1885837.2151164538
2,DALYs (Disability-Adjusted Life Years),159,South Asia,3,Both,22,All ages,559,Schizophrenia,3,Rate,2008,167.5852069457679,218.2992472980467,122.9192913629204
2,DALYs (Disability-Adjusted Life Years),159,South Asia,3,Both,27,Age-standardized,559,Schizophrenia,3,Rate,2008,182.0733330839274,233.45998332428954,133.7870769102078
2,DALYs (Disability-Adjusted Life Years),104,Caribbean,3,Both,22,All ages,559,Schizophrenia,1,Number,2008,62471.05659708903,84070.31170948516,44284.17565887967
2,DALYs (Disability-Adjusted Life Years),104,Caribbean,3,Both,22,All ages,559,Schizophrenia,3,Rate,2008,144.34126846186024,194.24700162181227,102.31992918923005
2,DALYs (Disability-Adjusted Life Years),104,Caribbean,3,Both,27,Age-standardized,559,Schizophrenia,3,Rate,2008,141.5004604751335,190.10165347153074,100.184959674954
2,DALYs (Disability-Adjusted Life Years),120,Andean Latin America,3,Both,22,All ages,559,Schizophrenia,1,Number,2004,68302.40188481958,93502.29618347377,48796.34195435614
2,DALYs (Disability-Adjusted Life Years),120,Andean Latin America,3,Both,22,All ages,559,Schizophrenia,3,Rate,2004,138.38219620087327,189.43774653068797,98.86248184360547
2,DALYs (Disability-Adjusted Life Years),120,Andean Latin America,3,Both,27,Age-standardized,559,Schizophrenia,3,Rate,2004,152.50633235144758,205.61228247308344,107.07280317244867
2,DALYs (Disability-Adjusted Life Years),70,Australasia,3,Both,22,All ages,559,Schizophrenia,1,Number,2005,66528.18960797055,80928.54976192696,50502.31863974633
2,DALYs (Disability-Adjusted Life Years),70,Australasia,3,Both,22,All ages,559,Schizophrenia,3,Rate,2005,274.6760962640378,334.1311142826112,208.5098034079999
2,DALYs (Disability-Adjusted Life Years),70,Australasia,3,Both,27,Age-standardized,559,Schizophrenia,3,Rate,2005,245.8259374939674,299.29490476439537,187.69365932511022
2,DALYs (Disability-Adjusted Life Years),44636,Low-middle SDI,3,Both,22,All ages,559,Schizophrenia,1,Number,2006,2327196.964431259,3064283.894219163,1701117.44098462
2,DALYs (Disability-Adjusted Life Years),44636,Low-middle SDI,3,Both,22,All ages,559,Schizophrenia,3,Rate,2006,151.23988520878274,199.14169341574768,110.55222674890693
2,DALYs (Disability-Adjusted Life Years),44636,Low-middle SDI,3,Both,27,Age-standardized,559,Schizophrenia,3,Rate,2006,170.89423182657563,223.68277680107806,125.11510244274345
2,DALYs (Disability-Adjusted Life Years),44637,Low SDI,3,Both,22,All ages,559,Schizophrenia,1,Number,2008,914530.6788985159,1213306.7328469725,661126.587582897
2,DALYs (Disability-Adjusted Life Years),44637,Low SDI,3,Both,22,All ages,559,Schizophrenia,3,Rate,2008,113.23514409239812,150.22892713416505,81.8592160280849
2,DALYs (Disability-Adjusted Life Years),44637,Low SDI,3,Both,27,Age-standardized,559,Schizophrenia,3,Rate,2008,153.1172354185106,201.09326747523312,110.25310531372699
2,DALYs (Disability-Adjusted Life Years),44635,High SDI,3,Both,22,All ages,559,Schizophrenia,1,Number,2008,2291656.9721444254,2906622.7113519227,1698250.8998642133
2,DALYs (Disability-Adjusted Life Years),44635,High SDI,3,Both,22,All ages,559,Schizophrenia,3,Rate,2008,227.32973223978243,288.3336252874674,168.46453332011617
2,DALYs (Disability-Adjusted Life Years),44635,High SDI,3,Both,27,Age-standardized,559,Schizophrenia,3,Rate,2008,194.71258752110674,249.4674131560977,144.96666380770304
2,DALYs (Disability-Adjusted Life Years),96,Southern Latin America,3,Both,22,All ages,559,Schizophrenia,1,Number,2004,103943.02895514116,141691.4408644718,72760.98256848493
2,DALYs (Disability-Adjusted Life Years),96,Southern Latin America,3,Both,22,All ages,559,Schizophrenia,3,Rate,2004,180.75419089552648,246.39768542180965,126.52943314366912
2,DALYs (Disability-Adjusted Life Years),96,Southern Latin America,3,Both,27,Age-standardized,559,Schizophrenia,3,Rate,2004,177.52071585270815,242.34707177179732,124.04377159203847
2,DALYs (Disability-Adjusted Life Years),32,Central Asia,3,Both,22,All ages,559,Schizophrenia,1,Number,2009,111650.96367897038,151843.36377239652,79236.74965846616
2,DALYs (Disability-Adjusted Life Years),32,Central Asia,3,Both,22,All ages,559,Schizophrenia,3,Rate,2009,138.08895459054125,187.7985704192429,97.99933260720151
2,DALYs (Disability-Adjusted Life Years),32,Central Asia,3,Both,27,Age-standardized,559,Schizophrenia,3,Rate,2009,136.56712644162616,185.11223933291845,96.79094142154715
2,DALYs (Disability-Adjusted Life Years),42,Central Europe,3,Both,22,All ages,559,Schizophrenia,1,Number,2009,203003.2118227372,270727.1431403769,145259.32536463317
2,DALYs (Disability-Adjusted Life Years),42,Central Europe,3,Both,22,All ages,559,Schizophrenia,3,Rate,2009,169.94932559973384,226.64614507885497,121.60755566935657
2,DALYs (Disability-Adjusted Life Years),42,Central Europe,3,Both,27,Age-standardized,559,Schizophrenia,3,Rate,2009,142.77107280175915,191.07265169881086,102.49472474945257
2,DALYs (Disability-Adjusted Life Years),44634,High-middle SDI,3,Both,22,All ages,559,Schizophrenia,1,Number,2004,2399991.73453714,3009970.22277305,1795027.0872524488
2,DALYs (Disability-Adjusted Life Years),44634,High-middle SDI,3,Both,22,All ages,559,Schizophrenia,3,Rate,2004,203.0254877299625,254.6261571392535,151.84896040827735
2,DALYs (Disability-Adjusted Life Years),44634,High-middle SDI,3,Both,27,Age-standardized,559,Schizophrenia,3,Rate,2004,175.26024714359428,219.79619297772882,131.40670817540163
2,DALYs (Disability-Adjusted Life Years),56,Eastern Europe,3,Both,22,All ages,559,Schizophrenia,1,Number,2009,330787.90676242113,426148.1319196245,244510.79394513415
2,DALYs (Disability-Adjusted Life Years),56,Eastern Europe,3,Both,22,All ages,559,Schizophrenia,3,Rate,2009,156.1298265290102,201.139257367287,115.40756799958457
2,DALYs (Disability-Adjusted Life Years),56,Eastern Europe,3,Both,27,Age-standardized,559,Schizophrenia,3,Rate,2009,129.67967781588507,167.74906528082312,95.63950396364118
2,DALYs (Disability-Adjusted Life Years),1,Global,3,Both,22,All ages,559,Schizophrenia,1,Number,2004,11357851.625676554,14580744.38348262,8426078.975939855
2,DALYs (Disability-Adjusted Life Years),1,Global,3,Both,22,All ages,559,Schizophrenia,3,Rate,2004,176.95845528493103,227.17201175374754,131.2806302487976
2,DALYs (Disability-Adjusted Life Years),1,Global,3,Both,27,Age-standardized,559,Schizophrenia,3,Rate,2004,176.23873705882835,225.67626088947642,130.6309403822313
2,DALYs (Disability-Adjusted Life Years),73,Western Europe,3,Both,22,All ages,559,Schizophrenia,1,Number,2009,843201.6056470699,1076984.7801076157,609691.8998006326
2,DALYs (Disability-Adjusted Life Years),73,Western Europe,3,Both,22,All ages,559,Schizophrenia,3,Rate,2009,200.88218706604718,256.57809071513776,145.25143387792357
2,DALYs (Disability-Adjusted Life Years),73,Western Europe,3,Both,27,Age-standardized,559,Schizophrenia,3,Rate,2009,167.34143900181516,216.8034666012819,121.84930100321745
2,DALYs (Disability-Adjusted Life Years),104,Caribbean,3,Both,22,All ages,559,Schizophrenia,1,Number,2009,63335.46850717748,85320.93207113468,45136.61259184005
2,DALYs (Disability-Adjusted Life Years),104,Caribbean,3,Both,22,All ages,559,Schizophrenia,3,Rate,2009,145.1148356034574,195.4881415242608,103.41744160650744
2,DALYs (Disability-Adjusted Life Years),104,Caribbean,3,Both,27,Age-standardized,559,Schizophrenia,3,Rate,2009,141.61657871189385,190.51857785586293,100.62671326659047
2,DALYs (Disability-Adjusted Life Years),65,High-income Asia Pacific,3,Both,22,All ages,559,Schizophrenia,1,Number,2004,387568.0766808562,499875.10735353443,283961.78196625836
2,DALYs (Disability-Adjusted Life Years),65,High-income Asia Pacific,3,Both,22,All ages,559,Schizophrenia,3,Rate,2004,213.14616721462335,274.9103180294706,156.16705581090048
2,DALYs (Disability-Adjusted Life Years),65,High-income Asia Pacific,3,Both,27,Age-standardized,559,Schizophrenia,3,Rate,2004,178.03753241645828,230.45154899855513,130.96633550345274
2,DALYs (Disability-Adjusted Life Years),5,East Asia,3,Both,22,All ages,559,Schizophrenia,1,Number,2006,3144575.5596071417,3930764.9473755118,2369441.959620145
2,DALYs (Disability-Adjusted Life Years),5,East Asia,3,Both,22,All ages,559,Schizophrenia,3,Rate,2006,233.11669023250116,291.39923568209304,175.65374304240504
2,DALYs (Disability-Adjusted Life Years),5,East Asia,3,Both,27,Age-standardized,559,Schizophrenia,3,Rate,2006,196.31735420712442,244.71311561034392,148.640671459208
2,DALYs (Disability-Adjusted Life Years),159,South Asia,3,Both,22,All ages,559,Schizophrenia,1,Number,2009,2635042.0218110722,3417146.7633675355,1941650.4013546258
2,DALYs (Disability-Adjusted Life Years),159,South Asia,3,Both,22,All ages,559,Schizophrenia,3,Rate,2009,168.81891433586657,218.92592298074106,124.39547835035964
2,DALYs (Disability-Adjusted Life Years),159,South Asia,3,Both,27,Age-standardized,559,Schizophrenia,3,Rate,2009,182.13836054278187,235.17173611527147,133.97076755790883
2,DALYs (Disability-Adjusted Life Years),134,Tropical Latin America,3,Both,22,All ages,559,Schizophrenia,1,Number,2007,311717.0086605418,398630.14989062294,229841.9333441114
2,DALYs (Disability-Adjusted Life Years),134,Tropical Latin America,3,Both,22,All ages,559,Schizophrenia,3,Rate,2007,158.04457488390491,202.11066712750005,116.53284754000359
2,DALYs (Disability-Adjusted Life Years),134,Tropical Latin America,3,Both,27,Age-standardized,559,Schizophrenia,3,Rate,2007,152.38890257129145,195.8472719431957,112.67659243953646
2,DALYs (Disability-Adjusted Life Years),120,Andean Latin America,3,Both,22,All ages,559,Schizophrenia,1,Number,2005,69832.60398197829,95358.6473065217,49432.82931281528
2,DALYs (Disability-Adjusted Life Years),120,Andean Latin America,3,Both,22,All ages,559,Schizophrenia,3,Rate,2005,139.39190406051742,190.34408941877228,98.6721933323598
2,DALYs (Disability-Adjusted Life Years),120,Andean Latin America,3,Both,27,Age-standardized,559,Schizophrenia,3,Rate,2005,152.20393990584918,207.51921129582607,108.23996130514243
2,DALYs (Disability-Adjusted Life Years),134,Tropical Latin America,3,Both,22,All ages,559,Schizophrenia,1,Number,2006,304213.05384336313,389567.4908461265,224553.67652582633
2,DALYs (Disability-Adjusted Life Years),134,Tropical Latin America,3,Both,22,All ages,559,Schizophrenia,3,Rate,2006,156.0626399417399,199.8498430255721,115.19702762422561
2,DALYs (Disability-Adjusted Life Years),134,Tropical Latin America,3,Both,27,Age-standardized,559,Schizophrenia,3,Rate,2006,151.89178097229413,195.21442455806582,112.42072932237
2,DALYs (Disability-Adjusted Life Years),44639,Middle SDI,3,Both,22,All ages,559,Schizophrenia,1,Number,2003,3677600.957925953,4716615.682214325,2724852.3809316987
2,DALYs (Disability-Adjusted Life Years),44639,Middle SDI,3,Both,22,All ages,559,Schizophrenia,3,Rate,2003,181.83034912530186,233.20199390816336,134.7239315543207
2,DALYs (Disability-Adjusted Life Years),44639,Middle SDI,3,Both,27,Age-standardized,559,Schizophrenia,3,Rate,2003,177.08890827360875,226.73510131901094,131.71508203057041
2,DALYs (Disability-Adjusted Life Years),96,Southern Latin America,3,Both,22,All ages,559,Schizophrenia,1,Number,2005,105585.7500573249,142642.61661547958,74112.34183769731
2,DALYs (Disability-Adjusted Life Years),96,Southern Latin America,3,Both,22,All ages,559,Schizophrenia,3,Rate,2005,181.73663572822093,245.51977175985675,127.56387736233725
2,DALYs (Disability-Adjusted Life Years),96,Southern Latin America,3,Both,27,Age-standardized,559,Schizophrenia,3,Rate,2005,177.5150816063435,239.78527351927167,124.40680531539262
2,DALYs (Disability-Adjusted Life Years),44634,High-middle SDI,3,Both,22,All ages,559,Schizophrenia,1,Number,2005,2435208.0280056335,3044516.7197790868,1826973.481477154
2,DALYs (Disability-Adjusted Life Years),44634,High-middle SDI,3,Both,22,All ages,559,Schizophrenia,3,Rate,2005,204.71850887844047,255.94073112476363,153.58658586337043
2,DALYs (Disability-Adjusted Life Years),44634,High-middle SDI,3,Both,27,Age-standardized,559,Schizophrenia,3,Rate,2005,175.55094100940957,220.18477829002674,131.96871945383185
2,DALYs (Disability-Adjusted Life Years),21,Oceania,3,Both,22,All ages,559,Schizophrenia,1,Number,1998,11677.213794836582,16074.20740455079,8308.694188908328
2,DALYs (Disability-Adjusted Life Years),21,Oceania,3,Both,22,All ages,559,Schizophrenia,3,Rate,1998,147.19437344054936,202.61964275352264,104.73329141119929
2,DALYs (Disability-Adjusted Life Years),21,Oceania,3,Both,27,Age-standardized,559,Schizophrenia,3,Rate,1998,176.51017373548237,238.4755469028466,124.70649303066624
2,DALYs (Disability-Adjusted Life Years),167,Central Sub-Saharan Africa,3,Both,22,All ages,559,Schizophrenia,1,Number,1997,64974.64162237364,89278.73644901521,46138.39872868353
2,DALYs (Disability-Adjusted Life Years),167,Central Sub-Saharan Africa,3,Both,22,All ages,559,Schizophrenia,3,Rate,1997,96.50437196884243,132.602322630083,68.52761449362775
2,DALYs (Disability-Adjusted Life Years),167,Central Sub-Saharan Africa,3,Both,27,Age-standardized,559,Schizophrenia,3,Rate,1997,132.73027995717908,180.8960415815899,93.1395284934912
2,DALYs (Disability-Adjusted Life Years),9,Southeast Asia,3,Both,22,All ages,559,Schizophrenia,1,Number,1998,910918.5573229723,1211788.79620153,662942.8324738973
2,DALYs (Disability-Adjusted Life Years),9,Southeast Asia,3,Both,22,All ages,559,Schizophrenia,3,Rate,1998,172.47211314747344,229.438485679251,125.52071784415817
2,DALYs (Disability-Adjusted Life Years),9,Southeast Asia,3,Both,27,Age-standardized,559,Schizophrenia,3,Rate,1998,181.40217625852034,239.15345927435797,132.39371773098233
2,DALYs (Disability-Adjusted Life Years),5,East Asia,3,Both,22,All ages,559,Schizophrenia,1,Number,2007,3193532.5911864834,4006281.3291927506,2412976.753442461
2,DALYs (Disability-Adjusted Life Years),5,East Asia,3,Both,22,All ages,559,Schizophrenia,3,Rate,2007,235.0927084889726,294.92341216370767,177.63189330000182
2,DALYs (Disability-Adjusted Life Years),5,East Asia,3,Both,27,Age-standardized,559,Schizophrenia,3,Rate,2007,196.6931394756362,246.2725366751118,149.12410803931155
2,DALYs (Disability-Adjusted Life Years),44639,Middle SDI,3,Both,22,All ages,559,Schizophrenia,1,Number,2004,3748439.06732399,4820329.845637499,2775112.621783804
2,DALYs (Disability-Adjusted Life Years),44639,Middle SDI,3,Both,22,All ages,559,Schizophrenia,3,Rate,2004,183.26353246797882,235.6689436072407,135.67699325779543
2,DALYs (Disability-Adjusted Life Years),44639,Middle SDI,3,Both,27,Age-standardized,559,Schizophrenia,3,Rate,2004,177.05210809459487,227.26412305216874,131.53124659362757
2,DALYs (Disability-Adjusted Life Years),120,Andean Latin America,3,Both,22,All ages,559,Schizophrenia,1,Number,2006,71709.21961272687,99117.67833616398,50266.12730519203
2,DALYs (Disability-Adjusted Life Years),120,Andean Latin America,3,Both,22,All ages,559,Schizophrenia,3,Rate,2006,141.04509502403064,194.9548807668853,98.86860769842414
2,DALYs (Disability-Adjusted Life Years),120,Andean Latin America,3,Both,27,Age-standardized,559,Schizophrenia,3,Rate,2006,152.58256558202936,209.49171122428928,106.8648372156845
2,DALYs (Disability-Adjusted Life Years),192,Southern Sub-Saharan Africa,3,Both,22,All ages,559,Schizophrenia,1,Number,1997,73113.6536041786,95252.83544456755,53257.37732086711
2,DALYs (Disability-Adjusted Life Years),192,Southern Sub-Saharan Africa,3,Both,22,All ages,559,Schizophrenia,3,Rate,1997,120.58807094625476,157.1027450030887,87.83864679432641
2,DALYs (Disability-Adjusted Life Years),192,Southern Sub-Saharan Africa,3,Both,27,Age-standardized,559,Schizophrenia,3,Rate,1997,140.85645610969917,183.1270988021455,103.18886762814674
2,DALYs (Disability-Adjusted Life Years),65,High-income Asia Pacific,3,Both,22,All ages,559,Schizophrenia,1,Number,2005,389180.70540597074,501930.2261939426,284978.1103451061
2,DALYs (Disability-Adjusted Life Years),65,High-income Asia Pacific,3,Both,22,All ages,559,Schizophrenia,3,Rate,2005,213.5740092126469,275.44852369139693,156.38986393418125
2,DALYs (Disability-Adjusted Life Years),65,High-income Asia Pacific,3,Both,27,Age-standardized,559,Schizophrenia,3,Rate,2005,178.11878103358058,230.41642849381088,130.73443619196723
2,DALYs (Disability-Adjusted Life Years),1,Global,3,Both,22,All ages,559,Schizophrenia,1,Number,2005,11568105.143709771,14828261.18411596,8560741.457002714
2,DALYs (Disability-Adjusted Life Years),1,Global,3,Both,22,All ages,559,Schizophrenia,3,Rate,2005,177.90658685990167,228.04472327671448,131.65615930051953
2,DALYs (Disability-Adjusted Life Years),1,Global,3,Both,27,Age-standardized,559,Schizophrenia,3,Rate,2005,176.29114002578362,225.26010930473169,130.6330316730663
2,DALYs (Disability-Adjusted Life Years),138,North Africa and Middle East,3,Both,22,All ages,559,Schizophrenia,1,Number,1998,538421.7326643296,728276.9610165516,387569.96749991085
2,DALYs (Disability-Adjusted Life Years),138,North Africa and Middle East,3,Both,22,All ages,559,Schizophrenia,3,Rate,1998,133.2959262791509,180.2979824497297,95.94987475754172
2,DALYs (Disability-Adjusted Life Years),138,North Africa and Middle East,3,Both,27,Age-standardized,559,Schizophrenia,3,Rate,1998,155.58332340331748,209.84278554731043,112.85784557323876
2,DALYs (Disability-Adjusted Life Years),96,Southern Latin America,3,Both,22,All ages,559,Schizophrenia,1,Number,2006,107399.48783552683,144075.98640245435,75474.01996446004
2,DALYs (Disability-Adjusted Life Years),96,Southern Latin America,3,Both,22,All ages,559,Schizophrenia,3,Rate,2006,182.98512831277228,245.47382292005167,128.59114606419033
2,DALYs (Disability-Adjusted Life Years),96,Southern Latin America,3,Both,27,Age-standardized,559,Schizophrenia,3,Rate,2006,177.69801233841062,238.57190749661515,124.7011505712753
2,DALYs (Disability-Adjusted Life Years),44635,High SDI,3,Both,22,All ages,559,Schizophrenia,1,Number,2009,2326544.5907634613,2955515.8371596835,1726218.898246713
2,DALYs (Disability-Adjusted Life Years),44635,High SDI,3,Both,22,All ages,559,Schizophrenia,3,Rate,2009,228.65128065197652,290.466163355159,169.6516642478075
2,DALYs (Disability-Adjusted Life Years),44635,High SDI,3,Both,27,Age-standardized,559,Schizophrenia,3,Rate,2009,195.56690377731312,250.76584898798907,145.94766415940833
2,DALYs (Disability-Adjusted Life Years),44637,Low SDI,3,Both,22,All ages,559,Schizophrenia,1,Number,2009,942608.1431648703,1252227.5977230533,676896.5837960731
2,DALYs (Disability-Adjusted Life Years),44637,Low SDI,3,Both,22,All ages,559,Schizophrenia,3,Rate,2009,113.59262847529266,150.90451457067806,81.57203257461492
2,DALYs (Disability-Adjusted Life Years),44637,Low SDI,3,Both,27,Age-standardized,559,Schizophrenia,3,Rate,2009,153.24704859790057,201.64108427441724,110.27065717036308
2,DALYs (Disability-Adjusted Life Years),174,Eastern Sub-Saharan Africa,3,Both,22,All ages,559,Schizophrenia,1,Number,1998,221886.53079852083,296836.5922309442,159253.59565643195
2,DALYs (Disability-Adjusted Life Years),174,Eastern Sub-Saharan Africa,3,Both,22,All ages,559,Schizophrenia,3,Rate,1998,93.74430494574929,125.40977553262161,67.28266732188285
2,DALYs (Disability-Adjusted Life Years),174,Eastern Sub-Saharan Africa,3,Both,27,Age-standardized,559,Schizophrenia,3,Rate,1998,134.9975118901579,178.89287762191475,96.71434767648141
2,DALYs (Disability-Adjusted Life Years),1,Global,3,Both,22,All ages,559,Schizophrenia,1,Number,2006,11789234.88058569,15119590.908792723,8728901.830960259
2,DALYs (Disability-Adjusted Life Years),1,Global,3,Both,22,All ages,559,Schizophrenia,3,Rate,2006,178.9305877891086,229.47691820919468,132.48251911065103
2,DALYs (Disability-Adjusted Life Years),1,Global,3,Both,27,Age-standardized,559,Schizophrenia,3,Rate,2006,176.47745583378136,225.81489310296823,130.73990490980668
2,DALYs (Disability-Adjusted Life Years),32,Central Asia,3,Both,22,All ages,559,Schizophrenia,1,Number,2010,114115.36103951115,156861.6708725295,81038.77624868693
2,DALYs (Disability-Adjusted Life Years),32,Central Asia,3,Both,22,All ages,559,Schizophrenia,3,Rate,2010,139.30524619562559,191.4873990714452,98.92731858252475
2,DALYs (Disability-Adjusted Life Years),32,Central Asia,3,Both,27,Age-standardized,559,Schizophrenia,3,Rate,2010,136.74271355469858,186.46547522569685,96.40019561718856
2,DALYs (Disability-Adjusted Life Years),42,Central Europe,3,Both,22,All ages,559,Schizophrenia,1,Number,2010,203339.72025749835,269794.4415833732,144891.36169924086
2,DALYs (Disability-Adjusted Life Years),42,Central Europe,3,Both,22,All ages,559,Schizophrenia,3,Rate,2010,170.63120757107987,226.3962560046778,121.58464653168474
2,DALYs (Disability-Adjusted Life Years),42,Central Europe,3,Both,27,Age-standardized,559,Schizophrenia,3,Rate,2010,142.95683171899498,191.66551493958426,101.46053504869572
2,DALYs (Disability-Adjusted Life Years),56,Eastern Europe,3,Both,22,All ages,559,Schizophrenia,1,Number,2010,333458.0671659037,431134.18536530633,246968.730753313
2,DALYs (Disability-Adjusted Life Years),56,Eastern Europe,3,Both,22,All ages,559,Schizophrenia,3,Rate,2010,157.6856742541753,203.87476389806267,116.78659076842399
2,DALYs (Disability-Adjusted Life Years),56,Eastern Europe,3,Both,27,Age-standardized,559,Schizophrenia,3,Rate,2010,130.6450557754081,168.97608778241786,96.83805072032044
2,DALYs (Disability-Adjusted Life Years),199,Western Sub-Saharan Africa,3,Both,22,All ages,559,Schizophrenia,1,Number,1998,265113.5555613362,349753.2485881335,190761.51030912728
2,DALYs (Disability-Adjusted Life Years),199,Western Sub-Saharan Africa,3,Both,22,All ages,559,Schizophrenia,3,Rate,1998,108.63133720310609,143.3127891360088,78.16528999389566
2,DALYs (Disability-Adjusted Life Years),199,Western Sub-Saharan Africa,3,Both,27,Age-standardized,559,Schizophrenia,3,Rate,1998,147.2812778887092,193.76744974335907,106.54566707185565
2,DALYs (Disability-Adjusted Life Years),5,East Asia,3,Both,22,All ages,559,Schizophrenia,1,Number,2008,3244181.9106355673,4053066.9791255645,2432671.4185387874
2,DALYs (Disability-Adjusted Life Years),5,East Asia,3,Both,22,All ages,559,Schizophrenia,3,Rate,2008,237.14008258228836,296.26718372062123,177.82107075951362
2,DALYs (Disability-Adjusted Life Years),5,East Asia,3,Both,27,Age-standardized,559,Schizophrenia,3,Rate,2008,197.20507431818353,246.1740343366283,148.1432597457078
2,DALYs (Disability-Adjusted Life Years),73,Western Europe,3,Both,22,All ages,559,Schizophrenia,1,Number,2010,847800.3253485353,1079940.1442738937,617199.7590855665
2,DALYs (Disability-Adjusted Life Years),73,Western Europe,3,Both,22,All ages,559,Schizophrenia,3,Rate,2010,200.9942184322544,256.0293016668897,146.32405707438255
2,DALYs (Disability-Adjusted Life Years),73,Western Europe,3,Both,27,Age-standardized,559,Schizophrenia,3,Rate,2010,167.53458504375965,216.08589256734354,122.69658705375132
2,DALYs (Disability-Adjusted Life Years),104,Caribbean,3,Both,22,All ages,559,Schizophrenia,1,Number,2010,63982.47901984271,87066.70301447538,45317.99747916212
2,DALYs (Disability-Adjusted Life Years),104,Caribbean,3,Both,22,All ages,559,Schizophrenia,3,Rate,2010,145.75098463758096,198.33644910151241,103.23361732112396
2,DALYs (Disability-Adjusted Life Years),104,Caribbean,3,Both,27,Age-standardized,559,Schizophrenia,3,Rate,2010,141.50588428151826,192.58654786443714,100.15067955407547
2,DALYs (Disability-Adjusted Life Years),159,South Asia,3,Both,22,All ages,559,Schizophrenia,1,Number,2010,2701427.9880264876,3495250.719680722,1986395.3044862242
2,DALYs (Disability-Adjusted Life Years),159,South Asia,3,Both,22,All ages,559,Schizophrenia,3,Rate,2010,170.1664831148288,220.17041550204397,125.12563893556424
2,DALYs (Disability-Adjusted Life Years),159,South Asia,3,Both,27,Age-standardized,559,Schizophrenia,3,Rate,2010,182.2594985410391,235.0059406736744,133.65711562685743
2,DALYs (Disability-Adjusted Life Years),44639,Middle SDI,3,Both,22,All ages,559,Schizophrenia,1,Number,2005,3821753.776556375,4915908.681303762,2821634.954418404
2,DALYs (Disability-Adjusted Life Years),44639,Middle SDI,3,Both,22,All ages,559,Schizophrenia,3,Rate,2005,184.71401675016781,237.59700168827547,136.3760086875423
2,DALYs (Disability-Adjusted Life Years),44639,Middle SDI,3,Both,27,Age-standardized,559,Schizophrenia,3,Rate,2005,177.02271778223664,226.36471516734204,131.2315418277509
2,DALYs (Disability-Adjusted Life Years),65,High-income Asia Pacific,3,Both,22,All ages,559,Schizophrenia,1,Number,2006,392855.1166998561,505422.9155498067,287173.90098641865
2,DALYs (Disability-Adjusted Life Years),65,High-income Asia Pacific,3,Both,22,All ages,559,Schizophrenia,3,Rate,2006,215.07806565386113,276.7060384162918,157.22031992171057
2,DALYs (Disability-Adjusted Life Years),65,High-income Asia Pacific,3,Both,27,Age-standardized,559,Schizophrenia,3,Rate,2006,179.0486641787877,232.90786214559128,131.88823317612813
2,DALYs (Disability-Adjusted Life Years),44639,Middle SDI,3,Both,22,All ages,559,Schizophrenia,1,Number,2006,3895764.601975311,5022689.671485631,2885080.343964719
2,DALYs (Disability-Adjusted Life Years),44639,Middle SDI,3,Both,22,All ages,559,Schizophrenia,3,Rate,2006,186.11530406489751,239.952746364138,137.83112182814992
2,DALYs (Disability-Adjusted Life Years),44639,Middle SDI,3,Both,27,Age-standardized,559,Schizophrenia,3,Rate,2006,177.03104778488947,226.976568259592,131.50318703508682
2,DALYs (Disability-Adjusted Life Years),167,Central Sub-Saharan Africa,3,Both,22,All ages,559,Schizophrenia,1,Number,1998,66711.08658318341,91637.3152831243,46921.10860427089
2,DALYs (Disability-Adjusted Life Years),167,Central Sub-Saharan Africa,3,Both,22,All ages,559,Schizophrenia,3,Rate,1998,96.23267982030335,132.1894886277579,67.68506184497848
2,DALYs (Disability-Adjusted Life Years),167,Central Sub-Saharan Africa,3,Both,27,Age-standardized,559,Schizophrenia,3,Rate,1998,132.1475811217412,179.51574799008955,92.96162588938007
2,DALYs (Disability-Adjusted Life Years),1,Global,3,Both,22,All ages,559,Schizophrenia,1,Number,2007,12023611.84330971,15400915.607107047,8934247.069840416
2,DALYs (Disability-Adjusted Life Years),1,Global,3,Both,22,All ages,559,Schizophrenia,3,Rate,2007,180.06467712588565,230.64291598699702,133.7985902205298
2,DALYs (Disability-Adjusted Life Years),1,Global,3,Both,27,Age-standardized,559,Schizophrenia,3,Rate,2007,176.82685614281792,226.33732733626434,131.3800806675455
2,DALYs (Disability-Adjusted Life Years),100,High-income North America,3,Both,22,All ages,559,Schizophrenia,1,Number,1998,774586.3165928765,972665.9803059871,576023.4007703322
2,DALYs (Disability-Adjusted Life Years),100,High-income North America,3,Both,22,All ages,559,Schizophrenia,3,Rate,1998,253.56002780709883,318.40120039589283,188.5606631412164
2,DALYs (Disability-Adjusted Life Years),100,High-income North America,3,Both,27,Age-standardized,559,Schizophrenia,3,Rate,1998,226.8509451116872,286.2192067666859,168.29997591238154
2,DALYs (Disability-Adjusted Life Years),192,Southern Sub-Saharan Africa,3,Both,22,All ages,559,Schizophrenia,1,Number,1998,74909.80805048461,98031.66426578924,54602.67278127441
2,DALYs (Disability-Adjusted Life Years),192,Southern Sub-Saharan Africa,3,Both,22,All ages,559,Schizophrenia,3,Rate,1998,121.41768767620357,158.89478699745567,88.50283350845976
2,DALYs (Disability-Adjusted Life Years),192,Southern Sub-Saharan Africa,3,Both,27,Age-standardized,559,Schizophrenia,3,Rate,1998,140.7751479087078,183.74626007172705,103.15164012025483
2,DALYs (Disability-Adjusted Life Years),65,High-income Asia Pacific,3,Both,22,All ages,559,Schizophrenia,1,Number,2007,398671.8568192372,511825.1698850561,292616.9888425602
2,DALYs (Disability-Adjusted Life Years),65,High-income Asia Pacific,3,Both,22,All ages,559,Schizophrenia,3,Rate,2007,217.64549680212664,279.4188791359169,159.7473431345263
2,DALYs (Disability-Adjusted Life Years),65,High-income Asia Pacific,3,Both,27,Age-standardized,559,Schizophrenia,3,Rate,2007,181.06043726180383,235.18289984209832,133.07175801249542
2,DALYs (Disability-Adjusted Life Years),9,Southeast Asia,3,Both,22,All ages,559,Schizophrenia,1,Number,1999,933176.2215953753,1242022.6159235076,678012.918129706
2,DALYs (Disability-Adjusted Life Years),9,Southeast Asia,3,Both,22,All ages,559,Schizophrenia,3,Rate,1999,174.2504949903095,231.92088547201683,126.60426172448358
2,DALYs (Disability-Adjusted Life Years),9,Southeast Asia,3,Both,27,Age-standardized,559,Schizophrenia,3,Rate,1999,181.64735727782391,240.33039489015493,132.20480854624986
2,DALYs (Disability-Adjusted Life Years),44635,High SDI,3,Both,22,All ages,559,Schizophrenia,1,Number,2010,2352865.096342319,2970064.8643612936,1741527.6321711298
2,DALYs (Disability-Adjusted Life Years),44635,High SDI,3,Both,22,All ages,559,Schizophrenia,3,Rate,2010,229.3662133991471,289.533187664444,169.77071874713155
2,DALYs (Disability-Adjusted Life Years),44635,High SDI,3,Both,27,Age-standardized,559,Schizophrenia,3,Rate,2010,195.88423240102,251.05823584431604,145.77918507415254
2,DALYs (Disability-Adjusted Life Years),44636,Low-middle SDI,3,Both,22,All ages,559,Schizophrenia,1,Number,2007,2382467.819732367,3142156.5313946544,1755702.7251546755
2,DALYs (Disability-Adjusted Life Years),44636,Low-middle SDI,3,Both,22,All ages,559,Schizophrenia,3,Rate,2007,152.29436014141913,200.85590010894063,112.22968927908272
2,DALYs (Disability-Adjusted Life Years),44636,Low-middle SDI,3,Both,27,Age-standardized,559,Schizophrenia,3,Rate,2007,170.99166462394075,223.82619019676343,125.62768003514259
2,DALYs (Disability-Adjusted Life Years),44637,Low SDI,3,Both,22,All ages,559,Schizophrenia,1,Number,2010,972421.7477042784,1291529.2926115112,702111.1790449969
2,DALYs (Disability-Adjusted Life Years),44637,Low SDI,3,Both,22,All ages,559,Schizophrenia,3,Rate,2010,114.07796836828592,151.51351575289596,82.36695349852751
2,DALYs (Disability-Adjusted Life Years),44637,Low SDI,3,Both,27,Age-standardized,559,Schizophrenia,3,Rate,2010,153.4658705872498,202.07568553423982,110.66459574521622
2,DALYs (Disability-Adjusted Life Years),32,Central Asia,3,Both,22,All ages,559,Schizophrenia,1,Number,2011,116728.66218275935,160613.40869632293,82600.38477916463
2,DALYs (Disability-Adjusted Life Years),32,Central Asia,3,Both,22,All ages,559,Schizophrenia,3,Rate,2011,140.5678320884904,193.41503828285445,99.46963154519234
2,DALYs (Disability-Adjusted Life Years),32,Central Asia,3,Both,27,Age-standardized,559,Schizophrenia,3,Rate,2011,137.07016158654966,188.66035860078577,96.20916680180751
2,DALYs (Disability-Adjusted Life Years),42,Central Europe,3,Both,22,All ages,559,Schizophrenia,1,Number,2011,203324.8321683058,270001.83305992413,145017.66518837586
2,DALYs (Disability-Adjusted Life Years),42,Central Europe,3,Both,22,All ages,559,Schizophrenia,3,Rate,2011,171.04647027776286,227.13831862503199,121.99572228276331
2,DALYs (Disability-Adjusted Life Years),42,Central Europe,3,Both,27,Age-standardized,559,Schizophrenia,3,Rate,2011,142.96607743141152,191.84302867605382,101.9586461336524
2,DALYs (Disability-Adjusted Life Years),56,Eastern Europe,3,Both,22,All ages,559,Schizophrenia,1,Number,2011,334469.15837896295,430365.4951016459,247533.78725185303
2,DALYs (Disability-Adjusted Life Years),56,Eastern Europe,3,Both,22,All ages,559,Schizophrenia,3,Rate,2011,158.37007881472238,203.77668813685023,117.20645809729872
2,DALYs (Disability-Adjusted Life Years),56,Eastern Europe,3,Both,27,Age-standardized,559,Schizophrenia,3,Rate,2011,131.01525500220708,169.3141589474975,97.29375204031211
2,DALYs (Disability-Adjusted Life Years),73,Western Europe,3,Both,22,All ages,559,Schizophrenia,1,Number,2011,851029.3338375182,1085238.518224975,619962.3544658457
2,DALYs (Disability-Adjusted Life Years),73,Western Europe,3,Both,22,All ages,559,Schizophrenia,3,Rate,2011,200.8807476226974,256.1645247960438,146.33867049147372
2,DALYs (Disability-Adjusted Life Years),73,Western Europe,3,Both,27,Age-standardized,559,Schizophrenia,3,Rate,2011,167.53098944786055,215.42272879675303,122.77650363911422
2,DALYs (Disability-Adjusted Life Years),104,Caribbean,3,Both,22,All ages,559,Schizophrenia,1,Number,2011,64624.97766507066,87428.44304140098,45554.230446916205
2,DALYs (Disability-Adjusted Life Years),104,Caribbean,3,Both,22,All ages,559,Schizophrenia,3,Rate,2011,146.38179511825294,198.0338392242322,103.18471694659229
2,DALYs (Disability-Adjusted Life Years),104,Caribbean,3,Both,27,Age-standardized,559,Schizophrenia,3,Rate,2011,141.42793326594474,191.15303493676572,99.56267370099317
2,DALYs (Disability-Adjusted Life Years),44639,Middle SDI,3,Both,22,All ages,559,Schizophrenia,1,Number,2007,3972139.443949751,5096313.762006413,2939466.287051702
2,DALYs (Disability-Adjusted Life Years),44639,Middle SDI,3,Both,22,All ages,559,Schizophrenia,3,Rate,2007,187.578321714615,240.66576611864593,138.81188227208276
2,DALYs (Disability-Adjusted Life Years),44639,Middle SDI,3,Both,27,Age-standardized,559,Schizophrenia,3,Rate,2007,177.17253584210064,226.38808561347398,131.88756621867643
2,DALYs (Disability-Adjusted Life Years),159,South Asia,3,Both,22,All ages,559,Schizophrenia,1,Number,2011,2775314.6910299486,3603556.265367073,2046219.3801847086
2,DALYs (Disability-Adjusted Life Years),159,South Asia,3,Both,22,All ages,559,Schizophrenia,3,Rate,2011,171.9594188312523,223.27754150585199,126.7844315295382
2,DALYs (Disability-Adjusted Life Years),159,South Asia,3,Both,27,Age-standardized,559,Schizophrenia,3,Rate,2011,182.86861848448868,236.34397356946144,134.81567290660888
2,DALYs (Disability-Adjusted Life Years),21,Oceania,3,Both,22,All ages,559,Schizophrenia,1,Number,1999,12042.272310124343,16532.284784111587,8679.55998561713
2,DALYs (Disability-Adjusted Life Years),21,Oceania,3,Both,22,All ages,559,Schizophrenia,3,Rate,1999,147.99873048160208,203.1806869166835,106.67121834890509
2,DALYs (Disability-Adjusted Life Years),21,Oceania,3,Both,27,Age-standardized,559,Schizophrenia,3,Rate,1999,176.75952488441024,239.8410201177599,126.95116586699655
2,DALYs (Disability-Adjusted Life Years),134,Tropical Latin America,3,Both,22,All ages,559,Schizophrenia,1,Number,2008,319617.83128776023,409642.66252144857,237023.42498433258
2,DALYs (Disability-Adjusted Life Years),134,Tropical Latin America,3,Both,22,All ages,559,Schizophrenia,3,Rate,2008,160.2124066381835,205.3384711353798,118.81093490111253
2,DALYs (Disability-Adjusted Life Years),134,Tropical Latin America,3,Both,27,Age-standardized,559,Schizophrenia,3,Rate,2008,153.04233392732428,195.50789591388954,113.66600186188433
2,DALYs (Disability-Adjusted Life Years),70,Australasia,3,Both,22,All ages,559,Schizophrenia,1,Number,2006,67464.42584089334,82805.45561834266,51160.278036076576
2,DALYs (Disability-Adjusted Life Years),70,Australasia,3,Both,22,All ages,559,Schizophrenia,3,Rate,2006,274.84998399442964,337.3493195514247,208.4269068342525
2,DALYs (Disability-Adjusted Life Years),70,Australasia,3,Both,27,Age-standardized,559,Schizophrenia,3,Rate,2006,245.86803968698925,301.3190575466892,184.9782554515942
2,DALYs (Disability-Adjusted Life Years),124,Central Latin America,3,Both,22,All ages,559,Schizophrenia,1,Number,1998,261594.6490620544,348718.78631576395,190865.62524293546
2,DALYs (Disability-Adjusted Life Years),124,Central Latin America,3,Both,22,All ages,559,Schizophrenia,3,Rate,1998,135.73550767767398,180.94223894497304,99.03582750433458
2,DALYs (Disability-Adjusted Life Years),124,Central Latin America,3,Both,27,Age-standardized,559,Schizophrenia,3,Rate,1998,155.24527942883918,204.54850756271904,111.67252368928342
2,DALYs (Disability-Adjusted Life Years),65,High-income Asia Pacific,3,Both,22,All ages,559,Schizophrenia,1,Number,2008,405702.146378394,517682.7594905981,296662.16053569596
2,DALYs (Disability-Adjusted Life Years),65,High-income Asia Pacific,3,Both,22,All ages,559,Schizophrenia,3,Rate,2008,220.76124776618565,281.69506361347874,161.4275628302678
2,DALYs (Disability-Adjusted Life Years),65,High-income Asia Pacific,3,Both,27,Age-standardized,559,Schizophrenia,3,Rate,2008,183.48362946211495,237.9477166769763,135.15847981052323
2,DALYs (Disability-Adjusted Life Years),44634,High-middle SDI,3,Both,22,All ages,559,Schizophrenia,1,Number,2006,2474928.4483256824,3107263.6246749647,1850784.010095267
2,DALYs (Disability-Adjusted Life Years),44634,High-middle SDI,3,Both,22,All ages,559,Schizophrenia,3,Rate,2006,206.72363638097983,259.54077020760207,154.5906512899392
2,DALYs (Disability-Adjusted Life Years),44634,High-middle SDI,3,Both,27,Age-standardized,559,Schizophrenia,3,Rate,2006,176.2260791908713,221.64965523886298,132.00569812554198
2,DALYs (Disability-Adjusted Life Years),44636,Low-middle SDI,3,Both,22,All ages,559,Schizophrenia,1,Number,2008,2440069.530824423,3210485.237182509,1793637.765735547
2,DALYs (Disability-Adjusted Life Years),44636,Low-middle SDI,3,Both,22,All ages,559,Schizophrenia,3,Rate,2008,153.4419430777041,201.8889571762019,112.79156617271707
2,DALYs (Disability-Adjusted Life Years),44636,Low-middle SDI,3,Both,27,Age-standardized,559,Schizophrenia,3,Rate,2008,171.17228321656748,224.7983780373956,126.28302306941681
2,DALYs (Disability-Adjusted Life Years),44639,Middle SDI,3,Both,22,All ages,559,Schizophrenia,1,Number,2008,4051614.7167606466,5181872.822944772,2998034.5388264367
2,DALYs (Disability-Adjusted Life Years),44639,Middle SDI,3,Both,22,All ages,559,Schizophrenia,3,Rate,2008,189.04635816431005,241.7836477876025,139.88682311557457
2,DALYs (Disability-Adjusted Life Years),44639,Middle SDI,3,Both,27,Age-standardized,559,Schizophrenia,3,Rate,2008,177.37371102229656,225.87585737222108,131.61998836103317
2,DALYs (Disability-Adjusted Life Years),44634,High-middle SDI,3,Both,22,All ages,559,Schizophrenia,1,Number,2007,2517263.898366853,3157355.421752313,1881631.723724478
2,DALYs (Disability-Adjusted Life Years),44634,High-middle SDI,3,Both,22,All ages,559,Schizophrenia,3,Rate,2007,208.8349469542985,261.9376349238924,156.1022113996329
2,DALYs (Disability-Adjusted Life Years),44634,High-middle SDI,3,Both,27,Age-standardized,559,Schizophrenia,3,Rate,2007,177.09986925168326,222.4987793369029,132.6291652256113
2,DALYs (Disability-Adjusted Life Years),70,Australasia,3,Both,22,All ages,559,Schizophrenia,1,Number,2007,68384.95937336308,82651.4382711451,51140.527732198636
2,DALYs (Disability-Adjusted Life Years),70,Australasia,3,Both,22,All ages,559,Schizophrenia,3,Rate,2007,274.75202190499454,332.07082356180103,205.46862240563212
2,DALYs (Disability-Adjusted Life Years),70,Australasia,3,Both,27,Age-standardized,559,Schizophrenia,3,Rate,2007,245.91406297769007,298.1056484939358,183.57343722364803
2,DALYs (Disability-Adjusted Life Years),44635,High SDI,3,Both,22,All ages,559,Schizophrenia,1,Number,2011,2373393.9130758233,3002373.7130842814,1761146.1265618925
2,DALYs (Disability-Adjusted Life Years),44635,High SDI,3,Both,22,All ages,559,Schizophrenia,3,Rate,2011,229.5823911290083,290.4246666831102,170.35863142485158
2,DALYs (Disability-Adjusted Life Years),44635,High SDI,3,Both,27,Age-standardized,559,Schizophrenia,3,Rate,2011,195.7531346270296,250.9920222080759,146.0422961159114
2,DALYs (Disability-Adjusted Life Years),44637,Low SDI,3,Both,22,All ages,559,Schizophrenia,1,Number,2011,1002772.1127315015,1325941.067360118,725265.1179196411
2,DALYs (Disability-Adjusted Life Years),44637,Low SDI,3,Both,22,All ages,559,Schizophrenia,3,Rate,2011,114.57323630895007,151.49739139491703,82.86625713562795
2,DALYs (Disability-Adjusted Life Years),44637,Low SDI,3,Both,27,Age-standardized,559,Schizophrenia,3,Rate,2011,153.69272994085046,202.55392583943922,110.63845657587055
2,DALYs (Disability-Adjusted Life Years),120,Andean Latin America,3,Both,22,All ages,559,Schizophrenia,1,Number,2007,73514.89168231036,99345.16646653916,52166.669752284644
2,DALYs (Disability-Adjusted Life Years),120,Andean Latin America,3,Both,22,All ages,559,Schizophrenia,3,Rate,2007,142.48767626058236,192.55230598325264,101.1102292495774
2,DALYs (Disability-Adjusted Life Years),120,Andean Latin America,3,Both,27,Age-standardized,559,Schizophrenia,3,Rate,2007,152.75792113793983,206.22296847082558,106.8728685099029
2,DALYs (Disability-Adjusted Life Years),32,Central Asia,3,Both,22,All ages,559,Schizophrenia,1,Number,2012,119327.7431796895,164646.25393254161,84724.21288368924
2,DALYs (Disability-Adjusted Life Years),32,Central Asia,3,Both,22,All ages,559,Schizophrenia,3,Rate,2012,141.71420827009814,195.5346920921156,100.61888736166823
2,DALYs (Disability-Adjusted Life Years),32,Central Asia,3,Both,27,Age-standardized,559,Schizophrenia,3,Rate,2012,137.39867937495939,188.85291986532908,96.7310315313069
2,DALYs (Disability-Adjusted Life Years),56,Eastern Europe,3,Both,22,All ages,559,Schizophrenia,1,Number,2012,335105.5292636088,431598.30810949334,249189.34839612106
2,DALYs (Disability-Adjusted Life Years),56,Eastern Europe,3,Both,22,All ages,559,Schizophrenia,3,Rate,2012,158.78429484315697,204.50582584913437,118.07431245450584
2,DALYs (Disability-Adjusted Life Years),56,Eastern Europe,3,Both,27,Age-standardized,559,Schizophrenia,3,Rate,2012,131.30717456663987,169.419427927913,97.58503952028529
2,DALYs (Disability-Adjusted Life Years),42,Central Europe,3,Both,22,All ages,559,Schizophrenia,1,Number,2012,203567.31340887115,270660.02497429796,144524.15083923098
2,DALYs (Disability-Adjusted Life Years),42,Central Europe,3,Both,22,All ages,559,Schizophrenia,3,Rate,2012,171.66641820156036,228.24507657749479,121.87586947400206
2,DALYs (Disability-Adjusted Life Years),42,Central Europe,3,Both,27,Age-standardized,559,Schizophrenia,3,Rate,2012,143.2239844828666,191.2982289743158,101.85856053349252
2,DALYs (Disability-Adjusted Life Years),73,Western Europe,3,Both,22,All ages,559,Schizophrenia,1,Number,2012,853722.5932830409,1084409.1461959702,618796.5959844075
2,DALYs (Disability-Adjusted Life Years),73,Western Europe,3,Both,22,All ages,559,Schizophrenia,3,Rate,2012,200.69516137919933,254.92551129512606,145.46819267651324
2,DALYs (Disability-Adjusted Life Years),73,Western Europe,3,Both,27,Age-standardized,559,Schizophrenia,3,Rate,2012,167.49207326160658,216.00667982508153,122.24278171651123
2,DALYs (Disability-Adjusted Life Years),104,Caribbean,3,Both,22,All ages,559,Schizophrenia,1,Number,2012,65278.762233165224,88274.16080143437,46592.47443487425
2,DALYs (Disability-Adjusted Life Years),104,Caribbean,3,Both,22,All ages,559,Schizophrenia,3,Rate,2012,146.6659515023994,198.33117761599502,104.68227892302546
2,DALYs (Disability-Adjusted Life Years),104,Caribbean,3,Both,27,Age-standardized,559,Schizophrenia,3,Rate,2012,141.15004697999612,190.78332515262142,100.7678679142753
2,DALYs (Disability-Adjusted Life Years),100,High-income North America,3,Both,22,All ages,559,Schizophrenia,1,Number,1999,778341.6072673367,970620.1827293064,580961.2704656383
2,DALYs (Disability-Adjusted Life Years),100,High-income North America,3,Both,22,All ages,559,Schizophrenia,3,Rate,1999,252.34599980243928,314.6846039738008,188.3533544568603
2,DALYs (Disability-Adjusted Life Years),100,High-income North America,3,Both,27,Age-standardized,559,Schizophrenia,3,Rate,1999,225.73969003587484,284.0701538172213,167.74915526567682
2,DALYs (Disability-Adjusted Life Years),96,Southern Latin America,3,Both,22,All ages,559,Schizophrenia,1,Number,2007,109023.64410314846,146214.35644295125,77948.88330502546
2,DALYs (Disability-Adjusted Life Years),96,Southern Latin America,3,Both,22,All ages,559,Schizophrenia,3,Rate,2007,183.85332201530352,246.57032315790988,131.45002866949935
2,DALYs (Disability-Adjusted Life Years),96,Southern Latin America,3,Both,27,Age-standardized,559,Schizophrenia,3,Rate,2007,177.545874363034,238.2360157568788,126.65958876943138
2,DALYs (Disability-Adjusted Life Years),134,Tropical Latin America,3,Both,22,All ages,559,Schizophrenia,1,Number,2009,327051.67137214873,419941.44700349134,241209.65174055207
2,DALYs (Disability-Adjusted Life Years),134,Tropical Latin America,3,Both,22,All ages,559,Schizophrenia,3,Rate,2009,162.12710063305445,208.1747173242652,119.57322008883877
2,DALYs (Disability-Adjusted Life Years),134,Tropical Latin America,3,Both,27,Age-standardized,559,Schizophrenia,3,Rate,2009,153.49810140907545,197.3662282211492,113.46501671204688
2,DALYs (Disability-Adjusted Life Years),120,Andean Latin America,3,Both,22,All ages,559,Schizophrenia,1,Number,2008,75435.12903882135,102718.93088198749,54352.376591411674
2,DALYs (Disability-Adjusted Life Years),120,Andean Latin America,3,Both,22,All ages,559,Schizophrenia,3,Rate,2008,144.07734113516472,196.18804440709897,103.81033350705489
2,DALYs (Disability-Adjusted Life Years),120,Andean Latin America,3,Both,27,Age-standardized,559,Schizophrenia,3,Rate,2008,153.13035117605497,206.3822428259825,110.20104687175171
2,DALYs (Disability-Adjusted Life Years),159,South Asia,3,Both,22,All ages,559,Schizophrenia,1,Number,2012,2860025.831942821,3715845.042966662,2106672.121807918
2,DALYs (Disability-Adjusted Life Years),159,South Asia,3,Both,22,All ages,559,Schizophrenia,3,Rate,2012,174.39582150708705,226.5811174233352,128.45856538267626
2,DALYs (Disability-Adjusted Life Years),159,South Asia,3,Both,27,Age-standardized,559,Schizophrenia,3,Rate,2012,184.1395551853194,238.1263779016452,135.4136095914992
2,DALYs (Disability-Adjusted Life Years),167,Central Sub-Saharan Africa,3,Both,22,All ages,559,Schizophrenia,1,Number,1999,68607.69435493747,93963.80443063357,47867.61729032237
2,DALYs (Disability-Adjusted Life Years),167,Central Sub-Saharan Africa,3,Both,22,All ages,559,Schizophrenia,3,Rate,1999,96.09406718499714,131.608622339098,67.04487120766996
2,DALYs (Disability-Adjusted Life Years),167,Central Sub-Saharan Africa,3,Both,27,Age-standardized,559,Schizophrenia,3,Rate,1999,131.8902910947166,178.85903390902857,92.61490144627531
2,DALYs (Disability-Adjusted Life Years),44636,Low-middle SDI,3,Both,22,All ages,559,Schizophrenia,1,Number,2009,2496531.10797308,3292949.2506365357,1835506.0754107628
2,DALYs (Disability-Adjusted Life Years),44636,Low-middle SDI,3,Both,22,All ages,559,Schizophrenia,3,Rate,2009,154.4527413389123,203.72469512853894,113.55714502656107
2,DALYs (Disability-Adjusted Life Years),44636,Low-middle SDI,3,Both,27,Age-standardized,559,Schizophrenia,3,Rate,2009,171.22022053843017,224.46277428942452,125.54090713297843
2,DALYs (Disability-Adjusted Life Years),70,Australasia,3,Both,22,All ages,559,Schizophrenia,1,Number,2008,69463.03253798428,85000.51801877472,53094.90091159662
2,DALYs (Disability-Adjusted Life Years),70,Australasia,3,Both,22,All ages,559,Schizophrenia,3,Rate,2008,275.16617418952455,336.7153217009936,210.32656103556704
2,DALYs (Disability-Adjusted Life Years),70,Australasia,3,Both,27,Age-standardized,559,Schizophrenia,3,Rate,2008,246.4201848083796,300.35625186032405,188.20248489282827
2,DALYs (Disability-Adjusted Life Years),192,Southern Sub-Saharan Africa,3,Both,22,All ages,559,Schizophrenia,1,Number,1999,76560.49232466865,100503.95227167846,56297.753825350446
2,DALYs (Disability-Adjusted Life Years),192,Southern Sub-Saharan Africa,3,Both,22,All ages,559,Schizophrenia,3,Rate,1999,122.08266097203044,160.26268325835989,89.7718834487242
2,DALYs (Disability-Adjusted Life Years),192,Southern Sub-Saharan Africa,3,Both,27,Age-standardized,559,Schizophrenia,3,Rate,1999,140.50292749103315,183.74446597562397,103.72597109559824
2,DALYs (Disability-Adjusted Life Years),96,Southern Latin America,3,Both,22,All ages,559,Schizophrenia,1,Number,2008,110626.81089558234,149800.0555409154,77942.11200175955
2,DALYs (Disability-Adjusted Life Years),96,Southern Latin America,3,Both,22,All ages,559,Schizophrenia,3,Rate,2008,184.59319335459926,249.95812853263874,130.05512167196682
2,DALYs (Disability-Adjusted Life Years),96,Southern Latin America,3,Both,27,Age-standardized,559,Schizophrenia,3,Rate,2008,177.35184171076568,240.6491800607152,124.85636928445187
2,DALYs (Disability-Adjusted Life Years),124,Central Latin America,3,Both,22,All ages,559,Schizophrenia,1,Number,1999,268060.0058327679,356677.818775887,195368.10931224527
2,DALYs (Disability-Adjusted Life Years),124,Central Latin America,3,Both,22,All ages,559,Schizophrenia,3,Rate,1999,136.84105260066357,182.07926247323365,99.73281034533613
2,DALYs (Disability-Adjusted Life Years),124,Central Latin America,3,Both,27,Age-standardized,559,Schizophrenia,3,Rate,1999,155.09448893748979,204.1590904767892,111.48513047724961
2,DALYs (Disability-Adjusted Life Years),167,Central Sub-Saharan Africa,3,Both,22,All ages,559,Schizophrenia,1,Number,2000,70652.55105906095,95844.52570502543,49442.732039915376
2,DALYs (Disability-Adjusted Life Years),167,Central Sub-Saharan Africa,3,Both,22,All ages,559,Schizophrenia,3,Rate,2000,96.04852871135479,130.29572946785657,67.21486480981932
2,DALYs (Disability-Adjusted Life Years),167,Central Sub-Saharan Africa,3,Both,27,Age-standardized,559,Schizophrenia,3,Rate,2000,131.56861216377126,176.61412864135926,92.11439162923409
2,DALYs (Disability-Adjusted Life Years),44634,High-middle SDI,3,Both,22,All ages,559,Schizophrenia,1,Number,2008,2562456.214096241,3215396.0781141096,1908044.5560101997
2,DALYs (Disability-Adjusted Life Years),44634,High-middle SDI,3,Both,22,All ages,559,Schizophrenia,3,Rate,2008,211.1283192313499,264.9259588908664,157.2094141210682
2,DALYs (Disability-Adjusted Life Years),44634,High-middle SDI,3,Both,27,Age-standardized,559,Schizophrenia,3,Rate,2008,178.1623262212351,224.00893668532507,132.79753049429067
2,DALYs (Disability-Adjusted Life Years),5,East Asia,3,Both,22,All ages,559,Schizophrenia,1,Number,2009,3290568.0866293437,4126473.958483816,2473441.0051033115
2,DALYs (Disability-Adjusted Life Years),5,East Asia,3,Both,22,All ages,559,Schizophrenia,3,Rate,2009,238.91290672254914,299.604160127297,179.5850942994146
2,DALYs (Disability-Adjusted Life Years),5,East Asia,3,Both,27,Age-standardized,559,Schizophrenia,3,Rate,2009,197.5416668372661,248.23968891653703,148.79188954673586
2,DALYs (Disability-Adjusted Life Years),134,Tropical Latin America,3,Both,22,All ages,559,Schizophrenia,1,Number,2010,334290.9874571564,428579.3604075234,246187.20616850964
2,DALYs (Disability-Adjusted Life Years),134,Tropical Latin America,3,Both,22,All ages,559,Schizophrenia,3,Rate,2010,163.92210490994742,210.15711914149082,120.71975180669016
2,DALYs (Disability-Adjusted Life Years),134,Tropical Latin America,3,Both,27,Age-standardized,559,Schizophrenia,3,Rate,2010,153.87015071145834,197.64130946308003,113.24886741571473
2,DALYs (Disability-Adjusted Life Years),44635,High SDI,3,Both,22,All ages,559,Schizophrenia,1,Number,2012,2388569.1021871353,3034417.775215595,1776997.6889987662
2,DALYs (Disability-Adjusted Life Years),44635,High SDI,3,Both,22,All ages,559,Schizophrenia,3,Rate,2012,229.30966302434916,291.31303627458084,170.5970075917987
2,DALYs (Disability-Adjusted Life Years),44635,High SDI,3,Both,27,Age-standardized,559,Schizophrenia,3,Rate,2012,195.29741885590903,250.29754814602086,146.1012869031171
2,DALYs (Disability-Adjusted Life Years),70,Australasia,3,Both,22,All ages,559,Schizophrenia,1,Number,2009,70477.63398328802,85854.77847504435,53416.09225809049
2,DALYs (Disability-Adjusted Life Years),70,Australasia,3,Both,22,All ages,559,Schizophrenia,3,Rate,2009,275.22603581680056,335.2761578406444,208.59808268400195
2,DALYs (Disability-Adjusted Life Years),70,Australasia,3,Both,27,Age-standardized,559,Schizophrenia,3,Rate,2009,246.39036648659481,299.80527117613326,187.32926538167715
2,DALYs (Disability-Adjusted Life Years),44637,Low SDI,3,Both,22,All ages,559,Schizophrenia,1,Number,2012,1035350.8941180098,1375425.006436834,744551.9085430647
2,DALYs (Disability-Adjusted Life Years),44637,Low SDI,3,Both,22,All ages,559,Schizophrenia,3,Rate,2012,115.23548225798564,153.08603568789297,82.8692945884338
2,DALYs (Disability-Adjusted Life Years),44637,Low SDI,3,Both,27,Age-standardized,559,Schizophrenia,3,Rate,2012,154.13516271067382,203.1839498144429,111.5647389317024
2,DALYs (Disability-Adjusted Life Years),5,East Asia,3,Both,22,All ages,559,Schizophrenia,1,Number,2010,3333324.670356029,4178420.9812721284,2485969.8035301445
2,DALYs (Disability-Adjusted Life Years),5,East Asia,3,Both,22,All ages,559,Schizophrenia,3,Rate,2010,240.58799142049745,301.5841571430699,179.42881084531246
2,DALYs (Disability-Adjusted Life Years),5,East Asia,3,Both,27,Age-standardized,559,Schizophrenia,3,Rate,2010,197.69461838193658,248.1467130310883,147.70839263260905
2,DALYs (Disability-Adjusted Life Years),192,Southern Sub-Saharan Africa,3,Both,22,All ages,559,Schizophrenia,1,Number,2000,78258.91082722873,102681.86115058266,57101.92476534855
2,DALYs (Disability-Adjusted Life Years),192,Southern Sub-Saharan Africa,3,Both,22,All ages,559,Schizophrenia,3,Rate,2000,122.92351056976199,161.28533749124077,89.69162716745733
2,DALYs (Disability-Adjusted Life Years),192,Southern Sub-Saharan Africa,3,Both,27,Age-standardized,559,Schizophrenia,3,Rate,2000,140.47253219444875,184.25660206641618,103.45453493827354
2,DALYs (Disability-Adjusted Life Years),44636,Low-middle SDI,3,Both,22,All ages,559,Schizophrenia,1,Number,2010,2555550.30683773,3354987.3421906056,1867428.8376004237
2,DALYs (Disability-Adjusted Life Years),44636,Low-middle SDI,3,Both,22,All ages,559,Schizophrenia,3,Rate,2010,155.55289956419503,204.21355341061548,113.66787405487982
2,DALYs (Disability-Adjusted Life Years),44636,Low-middle SDI,3,Both,27,Age-standardized,559,Schizophrenia,3,Rate,2010,171.31380425160577,224.09072229527365,125.62484768423543
2,DALYs (Disability-Adjusted Life Years),32,Central Asia,3,Both,22,All ages,559,Schizophrenia,1,Number,2013,121988.53813861552,167932.00754870794,85238.6111760485
2,DALYs (Disability-Adjusted Life Years),32,Central Asia,3,Both,22,All ages,559,Schizophrenia,3,Rate,2013,142.82926001913393,196.62178707687056,99.80091527533288
2,DALYs (Disability-Adjusted Life Years),32,Central Asia,3,Both,27,Age-standardized,559,Schizophrenia,3,Rate,2013,137.80537036304517,188.47081795673543,95.32471977222289
2,DALYs (Disability-Adjusted Life Years),42,Central Europe,3,Both,22,All ages,559,Schizophrenia,1,Number,2013,203666.27034597666,269997.1949254483,144440.15024611593
2,DALYs (Disability-Adjusted Life Years),42,Central Europe,3,Both,22,All ages,559,Schizophrenia,3,Rate,2013,172.14035506349515,228.2037812233767,122.08196628019682
2,DALYs (Disability-Adjusted Life Years),42,Central Europe,3,Both,27,Age-standardized,559,Schizophrenia,3,Rate,2013,143.437916474156,191.6559760961951,101.34316284534628
2,DALYs (Disability-Adjusted Life Years),56,Eastern Europe,3,Both,22,All ages,559,Schizophrenia,1,Number,2013,335715.17406024784,432858.9981832068,247950.57956735912
2,DALYs (Disability-Adjusted Life Years),56,Eastern Europe,3,Both,22,All ages,559,Schizophrenia,3,Rate,2013,159.1565667366803,205.210718356015,117.54894033246428
2,DALYs (Disability-Adjusted Life Years),56,Eastern Europe,3,Both,27,Age-standardized,559,Schizophrenia,3,Rate,2013,131.59260397203508,169.98319100694619,97.43998166453866
2,DALYs (Disability-Adjusted Life Years),73,Western Europe,3,Both,22,All ages,559,Schizophrenia,1,Number,2013,856113.0010291014,1089193.7867811958,622824.4739635538
2,DALYs (Disability-Adjusted Life Years),73,Western Europe,3,Both,22,All ages,559,Schizophrenia,3,Rate,2013,200.4706276313529,255.0496976283791,145.84291215009446
2,DALYs (Disability-Adjusted Life Years),73,Western Europe,3,Both,27,Age-standardized,559,Schizophrenia,3,Rate,2013,167.46816911243707,215.83352988584537,122.17840653720286
2,DALYs (Disability-Adjusted Life Years),1,Global,3,Both,22,All ages,559,Schizophrenia,1,Number,2008,12269572.051415954,15729065.056986995,9095105.69056348
2,DALYs (Disability-Adjusted Life Years),1,Global,3,Both,22,All ages,559,Schizophrenia,3,Rate,2008,181.27354360875668,232.38490703542166,134.37323087681324
2,DALYs (Disability-Adjusted Life Years),1,Global,3,Both,27,Age-standardized,559,Schizophrenia,3,Rate,2008,177.26153068793315,226.97746863300452,131.39519898768415
2,DALYs (Disability-Adjusted Life Years),104,Caribbean,3,Both,22,All ages,559,Schizophrenia,1,Number,2013,66230.63503016853,89684.95154339205,46959.983827422795
2,DALYs (Disability-Adjusted Life Years),104,Caribbean,3,Both,22,All ages,559,Schizophrenia,3,Rate,2013,147.61122927020728,199.88493147210232,104.66185226998698
2,DALYs (Disability-Adjusted Life Years),104,Caribbean,3,Both,27,Age-standardized,559,Schizophrenia,3,Rate,2013,141.52475688039567,191.62257088399505,100.38380966727439
2,DALYs (Disability-Adjusted Life Years),134,Tropical Latin America,3,Both,22,All ages,559,Schizophrenia,1,Number,2011,340832.53409741895,437813.0713559468,252838.52487145906
2,DALYs (Disability-Adjusted Life Years),134,Tropical Latin America,3,Both,22,All ages,559,Schizophrenia,3,Rate,2011,165.34730936447573,212.39525606030233,122.65897650260558
2,DALYs (Disability-Adjusted Life Years),134,Tropical Latin America,3,Both,27,Age-standardized,559,Schizophrenia,3,Rate,2011,153.99208119017194,197.94734815621155,114.39165019626417
2,DALYs (Disability-Adjusted Life Years),96,Southern Latin America,3,Both,22,All ages,559,Schizophrenia,1,Number,2009,112594.52038771148,152156.41951113247,78122.49888608395
2,DALYs (Disability-Adjusted Life Years),96,Southern Latin America,3,Both,22,All ages,559,Schizophrenia,3,Rate,2009,185.85858799992093,251.16299788021593,128.95598545999616
2,DALYs (Disability-Adjusted Life Years),96,Southern Latin America,3,Both,27,Age-standardized,559,Schizophrenia,3,Rate,2009,177.73376951910907,240.0299365192424,123.25957871106307
2,DALYs (Disability-Adjusted Life Years),159,South Asia,3,Both,22,All ages,559,Schizophrenia,1,Number,2013,2948767.223787147,3827226.242156158,2180199.7081102636
2,DALYs (Disability-Adjusted Life Years),159,South Asia,3,Both,22,All ages,559,Schizophrenia,3,Rate,2013,177.04936171267846,229.79364320032647,130.90316645317992
2,DALYs (Disability-Adjusted Life Years),159,South Asia,3,Both,27,Age-standardized,559,Schizophrenia,3,Rate,2013,185.5336847207439,240.55844653144246,136.94172860790957
2,DALYs (Disability-Adjusted Life Years),5,East Asia,3,Both,22,All ages,559,Schizophrenia,1,Number,2011,3365148.7238035216,4221760.185182137,2508599.08391569
2,DALYs (Disability-Adjusted Life Years),5,East Asia,3,Both,22,All ages,559,Schizophrenia,3,Rate,2011,241.64307042621874,303.1542369983334,180.13634310362175
2,DALYs (Disability-Adjusted Life Years),5,East Asia,3,Both,27,Age-standardized,559,Schizophrenia,3,Rate,2011,197.54815332312594,248.03471135914364,147.20948312955593
2,DALYs (Disability-Adjusted Life Years),138,North Africa and Middle East,3,Both,22,All ages,559,Schizophrenia,1,Number,1999,555431.499644697,746068.5048590791,400854.6836018352
2,DALYs (Disability-Adjusted Life Years),138,North Africa and Middle East,3,Both,22,All ages,559,Schizophrenia,3,Rate,1999,134.7132590397802,180.9499818083685,97.22250334002783
2,DALYs (Disability-Adjusted Life Years),138,North Africa and Middle East,3,Both,27,Age-standardized,559,Schizophrenia,3,Rate,1999,155.61979663073402,209.05980452944974,112.60887154602035
2,DALYs (Disability-Adjusted Life Years),44636,Low-middle SDI,3,Both,22,All ages,559,Schizophrenia,1,Number,2011,2619820.672269242,3462581.1970892195,1926391.8231946183
2,DALYs (Disability-Adjusted Life Years),44636,Low-middle SDI,3,Both,22,All ages,559,Schizophrenia,3,Rate,2011,156.91486038434832,207.3922275909446,115.38175386649823
2,DALYs (Disability-Adjusted Life Years),44636,Low-middle SDI,3,Both,27,Age-standardized,559,Schizophrenia,3,Rate,2011,171.7283060771681,224.2627965075487,126.57476735575965
2,DALYs (Disability-Adjusted Life Years),1,Global,3,Both,22,All ages,559,Schizophrenia,1,Number,2009,12510649.561239138,16082820.408994142,9286421.171682801
2,DALYs (Disability-Adjusted Life Years),1,Global,3,Both,22,All ages,559,Schizophrenia,3,Rate,2009,182.34275608250815,234.40715724640125,135.3496173239369
2,DALYs (Disability-Adjusted Life Years),1,Global,3,Both,27,Age-standardized,559,Schizophrenia,3,Rate,2009,177.58649470780605,227.721643496325,131.62437571289138
2,DALYs (Disability-Adjusted Life Years),174,Eastern Sub-Saharan Africa,3,Both,22,All ages,559,Schizophrenia,1,Number,1999,228450.4932577146,308564.7018781563,163384.72313693928
2,DALYs (Disability-Adjusted Life Years),174,Eastern Sub-Saharan Africa,3,Both,22,All ages,559,Schizophrenia,3,Rate,1999,93.9167965159026,126.8520277852468,67.16803092803494
2,DALYs (Disability-Adjusted Life Years),174,Eastern Sub-Saharan Africa,3,Both,27,Age-standardized,559,Schizophrenia,3,Rate,1999,135.07162587887595,179.96129964901513,96.90126316423064
2,DALYs (Disability-Adjusted Life Years),167,Central Sub-Saharan Africa,3,Both,22,All ages,559,Schizophrenia,1,Number,2001,72952.03089511424,100274.68560287602,51678.29844314979
2,DALYs (Disability-Adjusted Life Years),167,Central Sub-Saharan Africa,3,Both,22,All ages,559,Schizophrenia,3,Rate,2001,96.24151419685109,132.28675692262743,68.17627463224751
2,DALYs (Disability-Adjusted Life Years),167,Central Sub-Saharan Africa,3,Both,27,Age-standardized,559,Schizophrenia,3,Rate,2001,131.61376828063362,176.8751353831181,92.54432003497266
2,DALYs (Disability-Adjusted Life Years),44635,High SDI,3,Both,22,All ages,559,Schizophrenia,1,Number,2013,2399706.975630721,3045461.455605734,1784005.9248634046
2,DALYs (Disability-Adjusted Life Years),44635,High SDI,3,Both,22,All ages,559,Schizophrenia,3,Rate,2013,228.69897467533386,290.24123336026076,170.02089420677953
2,DALYs (Disability-Adjusted Life Years),44635,High SDI,3,Both,27,Age-standardized,559,Schizophrenia,3,Rate,2013,194.60250732968424,250.21219066353584,145.25955247556547
2,DALYs (Disability-Adjusted Life Years),44637,Low SDI,3,Both,22,All ages,559,Schizophrenia,1,Number,2013,1069706.2927597417,1418095.2841351323,769490.2546028721
2,DALYs (Disability-Adjusted Life Years),44637,Low SDI,3,Both,22,All ages,559,Schizophrenia,3,Rate,2013,116.00999715308177,153.79289716141344,83.45146966977175
2,DALYs (Disability-Adjusted Life Years),44637,Low SDI,3,Both,27,Age-standardized,559,Schizophrenia,3,Rate,2013,154.61247372557008,202.84138115081973,111.41876173841698
2,DALYs (Disability-Adjusted Life Years),124,Central Latin America,3,Both,22,All ages,559,Schizophrenia,1,Number,2000,274722.7678082861,364045.6869473845,200376.4370433272
2,DALYs (Disability-Adjusted Life Years),124,Central Latin America,3,Both,22,All ages,559,Schizophrenia,3,Rate,2000,138.04923049840286,182.9343354039732,100.68991792899608
2,DALYs (Disability-Adjusted Life Years),124,Central Latin America,3,Both,27,Age-standardized,559,Schizophrenia,3,Rate,2000,155.0414905874886,203.73565370940088,111.65682322828063
2,DALYs (Disability-Adjusted Life Years),70,Australasia,3,Both,22,All ages,559,Schizophrenia,1,Number,2010,71572.39229283332,87797.77967992023,54234.64766268041
2,DALYs (Disability-Adjusted Life Years),70,Australasia,3,Both,22,All ages,559,Schizophrenia,3,Rate,2010,275.53096054581266,337.9935446341141,208.78615464217714
2,DALYs (Disability-Adjusted Life Years),70,Australasia,3,Both,27,Age-standardized,559,Schizophrenia,3,Rate,2010,246.48560888938923,301.3690163262112,186.6690872601554
2,DALYs (Disability-Adjusted Life Years),192,Southern Sub-Saharan Africa,3,Both,22,All ages,559,Schizophrenia,1,Number,2001,79844.55096836915,104338.45051388475,58453.564710612205
2,DALYs (Disability-Adjusted Life Years),192,Southern Sub-Saharan Africa,3,Both,22,All ages,559,Schizophrenia,3,Rate,2001,123.70641577066166,161.65581224510294,90.56448926906613
2,DALYs (Disability-Adjusted Life Years),192,Southern Sub-Saharan Africa,3,Both,27,Age-standardized,559,Schizophrenia,3,Rate,2001,140.44741075911506,183.29929177626423,103.46007640759414
2,DALYs (Disability-Adjusted Life Years),199,Western Sub-Saharan Africa,3,Both,22,All ages,559,Schizophrenia,1,Number,1999,273806.13898073783,360365.9102294467,196666.69941251312
2,DALYs (Disability-Adjusted Life Years),199,Western Sub-Saharan Africa,3,Both,22,All ages,559,Schizophrenia,3,Rate,1999,108.80131248788673,143.1972422342732,78.14870440230509
2,DALYs (Disability-Adjusted Life Years),199,Western Sub-Saharan Africa,3,Both,27,Age-standardized,559,Schizophrenia,3,Rate,1999,147.25328424859148,193.80520663088092,106.31493866661104
2,DALYs (Disability-Adjusted Life Years),44634,High-middle SDI,3,Both,22,All ages,559,Schizophrenia,1,Number,2009,2603175.5704298406,3273963.709429562,1943492.1256323913
2,DALYs (Disability-Adjusted Life Years),44634,High-middle SDI,3,Both,22,All ages,559,Schizophrenia,3,Rate,2009,213.0702727053919,267.9743726545985,159.07509347934547
2,DALYs (Disability-Adjusted Life Years),44634,High-middle SDI,3,Both,27,Age-standardized,559,Schizophrenia,3,Rate,2009,178.98916377650096,225.20656508026585,133.8236101813306
2,DALYs (Disability-Adjusted Life Years),100,High-income North America,3,Both,22,All ages,559,Schizophrenia,1,Number,2000,784442.6231362086,976546.140172261,586067.2570439773
2,DALYs (Disability-Adjusted Life Years),100,High-income North America,3,Both,22,All ages,559,Schizophrenia,3,Rate,2000,251.88749793610782,313.5726649881995,188.188416392887
2,DALYs (Disability-Adjusted Life Years),100,High-income North America,3,Both,27,Age-standardized,559,Schizophrenia,3,Rate,2000,225.22714144452075,282.94900701161316,168.00816190565672
2,DALYs (Disability-Adjusted Life Years),120,Andean Latin America,3,Both,22,All ages,559,Schizophrenia,1,Number,2009,77311.96509133703,104987.01768273729,54332.47733950411
2,DALYs (Disability-Adjusted Life Years),120,Andean Latin America,3,Both,22,All ages,559,Schizophrenia,3,Rate,2009,145.46221711076788,197.5327407851591,102.2263837892073
2,DALYs (Disability-Adjusted Life Years),120,Andean Latin America,3,Both,27,Age-standardized,559,Schizophrenia,3,Rate,2009,153.30774552014068,205.87938996246012,107.77178793384405
2,DALYs (Disability-Adjusted Life Years),134,Tropical Latin America,3,Both,22,All ages,559,Schizophrenia,1,Number,2012,347183.4706145489,445078.3501263087,257754.6771516236
2,DALYs (Disability-Adjusted Life Years),134,Tropical Latin America,3,Both,22,All ages,559,Schizophrenia,3,Rate,2012,166.64783838238412,213.6373163965918,123.72207612371083
2,DALYs (Disability-Adjusted Life Years),134,Tropical Latin America,3,Both,27,Age-standardized,559,Schizophrenia,3,Rate,2012,154.08733368473537,198.00709965047497,114.65358129501143
2,DALYs (Disability-Adjusted Life Years),96,Southern Latin America,3,Both,22,All ages,559,Schizophrenia,1,Number,2010,114175.74892160726,154625.48765954518,79419.0926236434
2,DALYs (Disability-Adjusted Life Years),96,Southern Latin America,3,Both,22,All ages,559,Schizophrenia,3,Rate,2010,186.4668969376319,252.52766146635742,129.70382851879504
2,DALYs (Disability-Adjusted Life Years),96,Southern Latin America,3,Both,27,Age-standardized,559,Schizophrenia,3,Rate,2010,177.45200322198386,240.71401694348023,123.33338171064837
2,DALYs (Disability-Adjusted Life Years),1,Global,3,Both,22,All ages,559,Schizophrenia,1,Number,2010,12738504.517765122,16376889.616352787,9462891.65010564
2,DALYs (Disability-Adjusted Life Years),1,Global,3,Both,22,All ages,559,Schizophrenia,3,Rate,2010,183.267899826885,235.6130707101453,136.14190555772473
2,DALYs (Disability-Adjusted Life Years),1,Global,3,Both,27,Age-standardized,559,Schizophrenia,3,Rate,2010,177.760451674081,228.05744164005446,131.71265472933766
2,DALYs (Disability-Adjusted Life Years),120,Andean Latin America,3,Both,22,All ages,559,Schizophrenia,1,Number,2010,79438.18560232544,108714.18818350832,55992.96068614112
2,DALYs (Disability-Adjusted Life Years),120,Andean Latin America,3,Both,22,All ages,559,Schizophrenia,3,Rate,2010,147.12987187426148,201.3528438127583,103.7062600202609
2,DALYs (Disability-Adjusted Life Years),120,Andean Latin America,3,Both,27,Age-standardized,559,Schizophrenia,3,Rate,2010,153.77826141472588,209.06081963685148,108.74529329879358
2,DALYs (Disability-Adjusted Life Years),44634,High-middle SDI,3,Both,22,All ages,559,Schizophrenia,1,Number,2010,2639932.390282477,3325131.969879125,1966758.9439637086
2,DALYs (Disability-Adjusted Life Years),44634,High-middle SDI,3,Both,22,All ages,559,Schizophrenia,3,Rate,2010,214.77518248919836,270.52049827497274,160.00826864239096
2,DALYs (Disability-Adjusted Life Years),44634,High-middle SDI,3,Both,27,Age-standardized,559,Schizophrenia,3,Rate,2010,179.61647355121244,226.7004642246131,134.01292719378094
2,DALYs (Disability-Adjusted Life Years),32,Central Asia,3,Both,22,All ages,559,Schizophrenia,1,Number,2014,124665.84472944842,169800.12560454925,87618.97334767229
2,DALYs (Disability-Adjusted Life Years),32,Central Asia,3,Both,22,All ages,559,Schizophrenia,3,Rate,2014,143.8535946322602,195.93464826099012,101.10471157039761
2,DALYs (Disability-Adjusted Life Years),32,Central Asia,3,Both,27,Age-standardized,559,Schizophrenia,3,Rate,2014,138.19285848436942,188.37013336598687,97.32737382122042
2,DALYs (Disability-Adjusted Life Years),42,Central Europe,3,Both,22,All ages,559,Schizophrenia,1,Number,2014,203593.34754533085,268355.5372204647,145001.59894960074
2,DALYs (Disability-Adjusted Life Years),42,Central Europe,3,Both,22,All ages,559,Schizophrenia,3,Rate,2014,172.50093367862826,227.37275695146678,122.85721270009027
2,DALYs (Disability-Adjusted Life Years),42,Central Europe,3,Both,27,Age-standardized,559,Schizophrenia,3,Rate,2014,143.59528131914797,191.30064964943588,102.46943435107346
2,DALYs (Disability-Adjusted Life Years),124,Central Latin America,3,Both,22,All ages,559,Schizophrenia,1,Number,2001,281557.4307732443,373840.1162048137,204529.97926400992
2,DALYs (Disability-Adjusted Life Years),124,Central Latin America,3,Both,22,All ages,559,Schizophrenia,3,Rate,2001,139.3291882588762,184.9954369393626,101.21201883110555
2,DALYs (Disability-Adjusted Life Years),124,Central Latin America,3,Both,27,Age-standardized,559,Schizophrenia,3,Rate,2001,155.03874477433018,205.01661933771172,112.24687020716033
2,DALYs (Disability-Adjusted Life Years),65,High-income Asia Pacific,3,Both,22,All ages,559,Schizophrenia,1,Number,2009,411552.06087784533,526533.2724838502,302170.5824528554
2,DALYs (Disability-Adjusted Life Years),65,High-income Asia Pacific,3,Both,22,All ages,559,Schizophrenia,3,Rate,2009,223.31470426464753,285.70534133500087,163.96257162217043
2,DALYs (Disability-Adjusted Life Years),65,High-income Asia Pacific,3,Both,27,Age-standardized,559,Schizophrenia,3,Rate,2009,185.46524838314414,242.09424166378489,137.77537223108337
2,DALYs (Disability-Adjusted Life Years),138,North Africa and Middle East,3,Both,22,All ages,559,Schizophrenia,1,Number,2000,573251.5259242294,766026.9143757995,414264.46854531695
2,DALYs (Disability-Adjusted Life Years),138,North Africa and Middle East,3,Both,22,All ages,559,Schizophrenia,3,Rate,2000,136.31303474082142,182.1529445095875,98.50762595295676
2,DALYs (Disability-Adjusted Life Years),138,North Africa and Middle East,3,Both,27,Age-standardized,559,Schizophrenia,3,Rate,2000,155.78040929203894,207.90793602858338,111.8522013104689
2,DALYs (Disability-Adjusted Life Years),73,Western Europe,3,Both,22,All ages,559,Schizophrenia,1,Number,2014,858416.8832611816,1096323.6069654524,620420.8716619773
2,DALYs (Disability-Adjusted Life Years),73,Western Europe,3,Both,22,All ages,559,Schizophrenia,3,Rate,2014,200.2076468241408,255.69437622713318,144.7000929014042
2,DALYs (Disability-Adjusted Life Years),73,Western Europe,3,Both,27,Age-standardized,559,Schizophrenia,3,Rate,2014,167.4503992066858,216.421559652785,123.21213312994117
2,DALYs (Disability-Adjusted Life Years),56,Eastern Europe,3,Both,22,All ages,559,Schizophrenia,1,Number,2014,335777.8467744138,431472.8254374039,249260.74922913947
2,DALYs (Disability-Adjusted Life Years),56,Eastern Europe,3,Both,22,All ages,559,Schizophrenia,3,Rate,2014,159.2884329499231,204.68482624636584,118.2459013363916
2,DALYs (Disability-Adjusted Life Years),56,Eastern Europe,3,Both,27,Age-standardized,559,Schizophrenia,3,Rate,2014,131.7624610508233,170.33851907889954,98.04640361395865
2,DALYs (Disability-Adjusted Life Years),174,Eastern Sub-Saharan Africa,3,Both,22,All ages,559,Schizophrenia,1,Number,2000,235004.71336731134,314727.1889339712,169053.30004358437
2,DALYs (Disability-Adjusted Life Years),174,Eastern Sub-Saharan Africa,3,Both,22,All ages,559,Schizophrenia,3,Rate,2000,94.06951060146325,125.98144186886373,67.66996700958228
2,DALYs (Disability-Adjusted Life Years),174,Eastern Sub-Saharan Africa,3,Both,27,Age-standardized,559,Schizophrenia,3,Rate,2000,135.10016716495772,180.55544379313824,97.19383413560689
2,DALYs (Disability-Adjusted Life Years),44636,Low-middle SDI,3,Both,22,All ages,559,Schizophrenia,1,Number,2012,2690779.2203202653,3531665.6670041312,1979049.144892755
2,DALYs (Disability-Adjusted Life Years),44636,Low-middle SDI,3,Both,22,All ages,559,Schizophrenia,3,Rate,2012,158.62491872807524,208.19626343650208,116.66750932100454
2,DALYs (Disability-Adjusted Life Years),44636,Low-middle SDI,3,Both,27,Age-standardized,559,Schizophrenia,3,Rate,2012,172.52295803332262,225.70994518639654,126.74251533900346
2,DALYs (Disability-Adjusted Life Years),9,Southeast Asia,3,Both,22,All ages,559,Schizophrenia,1,Number,2000,954828.7714166733,1274641.5689093964,697030.8642448079
2,DALYs (Disability-Adjusted Life Years),9,Southeast Asia,3,Both,22,All ages,559,Schizophrenia,3,Rate,2000,175.89625680346202,234.811400168225,128.40534718621382
2,DALYs (Disability-Adjusted Life Years),9,Southeast Asia,3,Both,27,Age-standardized,559,Schizophrenia,3,Rate,2000,181.78585447447873,240.7232219404249,133.34596254522174
2,DALYs (Disability-Adjusted Life Years),104,Caribbean,3,Both,22,All ages,559,Schizophrenia,1,Number,2014,66965.57388952267,90534.32771569071,46989.4782683708
2,DALYs (Disability-Adjusted Life Years),104,Caribbean,3,Both,22,All ages,559,Schizophrenia,3,Rate,2014,148.07408495148823,200.18924582525696,103.9029995982081
2,DALYs (Disability-Adjusted Life Years),104,Caribbean,3,Both,27,Age-standardized,559,Schizophrenia,3,Rate,2014,141.46137080079686,191.27401583959062,99.24837637789413
2,DALYs (Disability-Adjusted Life Years),70,Australasia,3,Both,22,All ages,559,Schizophrenia,1,Number,2011,72668.26683361964,88222.0385047885,54300.0620695759
2,DALYs (Disability-Adjusted Life Years),70,Australasia,3,Both,22,All ages,559,Schizophrenia,3,Rate,2011,275.88717844136653,334.93752280013416,206.15175738078327
2,DALYs (Disability-Adjusted Life Years),70,Australasia,3,Both,27,Age-standardized,559,Schizophrenia,3,Rate,2011,246.67146078420527,298.33616022846684,184.78274420720336
2,DALYs (Disability-Adjusted Life Years),100,High-income North America,3,Both,22,All ages,559,Schizophrenia,1,Number,2001,793109.9479965233,988064.4975216191,592421.8701371029
2,DALYs (Disability-Adjusted Life Years),100,High-income North America,3,Both,22,All ages,559,Schizophrenia,3,Rate,2001,252.2576808152678,314.265202788503,188.4265446455911
2,DALYs (Disability-Adjusted Life Years),100,High-income North America,3,Both,27,Age-standardized,559,Schizophrenia,3,Rate,2001,225.43341565268915,283.12464774690324,167.37167899595937
2,DALYs (Disability-Adjusted Life Years),159,South Asia,3,Both,22,All ages,559,Schizophrenia,1,Number,2014,3037174.8274264284,3936884.8170639817,2233598.1303916313
2,DALYs (Disability-Adjusted Life Years),159,South Asia,3,Both,22,All ages,559,Schizophrenia,3,Rate,2014,179.66019529289883,232.88138986674667,132.1256427810081
2,DALYs (Disability-Adjusted Life Years),159,South Asia,3,Both,27,Age-standardized,559,Schizophrenia,3,Rate,2014,186.773789676663,242.0744392962945,137.30415195776536
2,DALYs (Disability-Adjusted Life Years),65,High-income Asia Pacific,3,Both,22,All ages,559,Schizophrenia,1,Number,2010,414543.33649155014,533115.5008886644,305150.26877712784
2,DALYs (Disability-Adjusted Life Years),65,High-income Asia Pacific,3,Both,22,All ages,559,Schizophrenia,3,Rate,2010,224.34930345696674,288.5201154087821,165.14618430309804
2,DALYs (Disability-Adjusted Life Years),65,High-income Asia Pacific,3,Both,27,Age-standardized,559,Schizophrenia,3,Rate,2010,186.23492398561484,243.71050996304552,137.8684439793258
2,DALYs (Disability-Adjusted Life Years),1,Global,3,Both,22,All ages,559,Schizophrenia,1,Number,2011,12952131.475613466,16652998.078113396,9595928.151842447
2,DALYs (Disability-Adjusted Life Years),1,Global,3,Both,22,All ages,559,Schizophrenia,3,Rate,2011,184.0354909421852,236.62072012897877,136.3475464864843
2,DALYs (Disability-Adjusted Life Years),1,Global,3,Both,27,Age-standardized,559,Schizophrenia,3,Rate,2011,177.8440603866664,228.34079393397514,131.62506592009
2,DALYs (Disability-Adjusted Life Years),199,Western Sub-Saharan Africa,3,Both,22,All ages,559,Schizophrenia,1,Number,2000,282934.9804405679,374116.21843505907,203607.28421378921
2,DALYs (Disability-Adjusted Life Years),199,Western Sub-Saharan Africa,3,Both,22,All ages,559,Schizophrenia,3,Rate,2000,109.0374245476946,144.17683128527221,78.46613329766568
2,DALYs (Disability-Adjusted Life Years),199,Western Sub-Saharan Africa,3,Both,27,Age-standardized,559,Schizophrenia,3,Rate,2000,147.32804599485223,194.62330711578244,106.24065073588781
2,DALYs (Disability-Adjusted Life Years),138,North Africa and Middle East,3,Both,22,All ages,559,Schizophrenia,1,Number,2001,590565.9916583889,794544.4401567206,424451.07663648337
2,DALYs (Disability-Adjusted Life Years),138,North Africa and Middle East,3,Both,22,All ages,559,Schizophrenia,3,Rate,2001,137.76389324379764,185.34683164505682,99.01354570851684
2,DALYs (Disability-Adjusted Life Years),138,North Africa and Middle East,3,Both,27,Age-standardized,559,Schizophrenia,3,Rate,2001,155.72225927750964,209.57742430158106,111.2591233986615
2,DALYs (Disability-Adjusted Life Years),21,Oceania,3,Both,22,All ages,559,Schizophrenia,1,Number,2001,12730.665333306457,17511.272019973007,9019.118072145735
2,DALYs (Disability-Adjusted Life Years),21,Oceania,3,Both,22,All ages,559,Schizophrenia,3,Rate,2001,148.79845967539492,204.67510811959085,105.4171829695916
2,DALYs (Disability-Adjusted Life Years),21,Oceania,3,Both,27,Age-standardized,559,Schizophrenia,3,Rate,2001,176.1608677483134,238.68976663121086,123.96881337700422
2,DALYs (Disability-Adjusted Life Years),5,East Asia,3,Both,22,All ages,559,Schizophrenia,1,Number,2012,3388296.444296464,4256872.584027714,2566626.524247478
2,DALYs (Disability-Adjusted Life Years),5,East Asia,3,Both,22,All ages,559,Schizophrenia,3,Rate,2012,241.9994369935499,304.03501748557414,183.31399983792423
2,DALYs (Disability-Adjusted Life Years),5,East Asia,3,Both,27,Age-standardized,559,Schizophrenia,3,Rate,2012,197.1829539375117,247.38536953543078,149.20482252120203
2,DALYs (Disability-Adjusted Life Years),44635,High SDI,3,Both,22,All ages,559,Schizophrenia,1,Number,2014,2410278.2969503715,3065145.935150314,1789161.4159365753
2,DALYs (Disability-Adjusted Life Years),44635,High SDI,3,Both,22,All ages,559,Schizophrenia,3,Rate,2014,228.08310453971674,290.0528132543578,169.30720854343417
2,DALYs (Disability-Adjusted Life Years),44635,High SDI,3,Both,27,Age-standardized,559,Schizophrenia,3,Rate,2014,193.95186232839316,249.74818440753822,144.53511665838496
2,DALYs (Disability-Adjusted Life Years),44637,Low SDI,3,Both,22,All ages,559,Schizophrenia,1,Number,2014,1105000.280123652,1460306.4133128398,797135.5411946692
2,DALYs (Disability-Adjusted Life Years),44637,Low SDI,3,Both,22,All ages,559,Schizophrenia,3,Rate,2014,116.82031351848624,154.38317628043708,84.27294138664739
2,DALYs (Disability-Adjusted Life Years),44637,Low SDI,3,Both,27,Age-standardized,559,Schizophrenia,3,Rate,2014,155.05953779733971,204.3856932994946,111.89026174842395
2,DALYs (Disability-Adjusted Life Years),96,Southern Latin America,3,Both,22,All ages,559,Schizophrenia,1,Number,2011,116079.0724239734,156623.1310756036,81550.02741959106
2,DALYs (Disability-Adjusted Life Years),96,Southern Latin America,3,Both,22,All ages,559,Schizophrenia,3,Rate,2011,187.60953164144067,253.1377245847232,131.80293510319552
2,DALYs (Disability-Adjusted Life Years),96,Southern Latin America,3,Both,27,Age-standardized,559,Schizophrenia,3,Rate,2011,177.67185581073556,239.49383472161423,124.68746595555918
2,DALYs (Disability-Adjusted Life Years),21,Oceania,3,Both,22,All ages,559,Schizophrenia,1,Number,2000,12406.512501535082,17270.63501476874,8858.72145143232
2,DALYs (Disability-Adjusted Life Years),21,Oceania,3,Both,22,All ages,559,Schizophrenia,3,Rate,2000,148.6610421281429,206.94539252611392,106.14963413206698
2,DALYs (Disability-Adjusted Life Years),21,Oceania,3,Both,27,Age-standardized,559,Schizophrenia,3,Rate,2000,176.74405522894978,240.08300627255318,126.32781563493933
2,DALYs (Disability-Adjusted Life Years),5,East Asia,3,Both,22,All ages,559,Schizophrenia,1,Number,2013,3404354.662990846,4280537.672829918,2568480.581290359
2,DALYs (Disability-Adjusted Life Years),5,East Asia,3,Both,22,All ages,559,Schizophrenia,3,Rate,2013,241.7063104384926,303.9145653184467,182.35995546691854
2,DALYs (Disability-Adjusted Life Years),5,East Asia,3,Both,27,Age-standardized,559,Schizophrenia,3,Rate,2013,196.66872207873533,247.48119207526983,148.23921133706318
2,DALYs (Disability-Adjusted Life Years),134,Tropical Latin America,3,Both,22,All ages,559,Schizophrenia,1,Number,2013,353141.73045343603,454005.78243437444,260978.2781959183
2,DALYs (Disability-Adjusted Life Years),134,Tropical Latin America,3,Both,22,All ages,559,Schizophrenia,3,Rate,2013,167.72715420409293,215.63324669147542,123.95347288659585
2,DALYs (Disability-Adjusted Life Years),134,Tropical Latin America,3,Both,27,Age-standardized,559,Schizophrenia,3,Rate,2013,154.05610486302288,198.29157603419412,113.9734568526824
2,DALYs (Disability-Adjusted Life Years),44639,Middle SDI,3,Both,22,All ages,559,Schizophrenia,1,Number,2009,4132420.0814941092,5308043.406581593,3061770.0168319093
2,DALYs (Disability-Adjusted Life Years),44639,Middle SDI,3,Both,22,All ages,559,Schizophrenia,3,Rate,2009,190.4469946523155,244.62685165879935,141.10494250898623
2,DALYs (Disability-Adjusted Life Years),44639,Middle SDI,3,Both,27,Age-standardized,559,Schizophrenia,3,Rate,2009,177.55640721477522,227.14862983818398,131.7882119383177
2,DALYs (Disability-Adjusted Life Years),120,Andean Latin America,3,Both,22,All ages,559,Schizophrenia,1,Number,2011,81416.45617109197,111463.57380981267,57637.48209481255
2,DALYs (Disability-Adjusted Life Years),120,Andean Latin America,3,Both,22,All ages,559,Schizophrenia,3,Rate,2011,148.25395745618903,202.9677623745822,104.95402551554713
2,DALYs (Disability-Adjusted Life Years),120,Andean Latin America,3,Both,27,Age-standardized,559,Schizophrenia,3,Rate,2011,153.77585114429058,211.84187584540499,108.49858892298282
2,DALYs (Disability-Adjusted Life Years),44639,Middle SDI,3,Both,22,All ages,559,Schizophrenia,1,Number,2010,4208253.297445652,5404310.962202759,3115674.350608299
2,DALYs (Disability-Adjusted Life Years),44639,Middle SDI,3,Both,22,All ages,559,Schizophrenia,3,Rate,2010,191.74862126356973,246.24686363603027,141.9653758479884
2,DALYs (Disability-Adjusted Life Years),44639,Middle SDI,3,Both,27,Age-standardized,559,Schizophrenia,3,Rate,2010,177.64053475709522,227.2404563637291,131.13256063073953
2,DALYs (Disability-Adjusted Life Years),124,Central Latin America,3,Both,22,All ages,559,Schizophrenia,1,Number,2002,288211.4290496,383691.2635373465,210182.429783898
2,DALYs (Disability-Adjusted Life Years),124,Central Latin America,3,Both,22,All ages,559,Schizophrenia,3,Rate,2002,140.51768967857538,187.06895170643202,102.4745949237843
2,DALYs (Disability-Adjusted Life Years),124,Central Latin America,3,Both,27,Age-standardized,559,Schizophrenia,3,Rate,2002,154.96783329726372,204.1852951243043,112.23551795205141
2,DALYs (Disability-Adjusted Life Years),44634,High-middle SDI,3,Both,22,All ages,559,Schizophrenia,1,Number,2011,2667138.2126808423,3356929.60661567,1980283.7207371066
2,DALYs (Disability-Adjusted Life Years),44634,High-middle SDI,3,Both,22,All ages,559,Schizophrenia,3,Rate,2011,215.79147686200443,271.6007719769664,160.21979913598912
2,DALYs (Disability-Adjusted Life Years),44634,High-middle SDI,3,Both,27,Age-standardized,559,Schizophrenia,3,Rate,2011,179.8048751612619,226.54701580277458,133.46729113664483
2,DALYs (Disability-Adjusted Life Years),100,High-income North America,3,Both,22,All ages,559,Schizophrenia,1,Number,2002,802225.4270767176,1005001.9240771839,601743.8851366793
2,DALYs (Disability-Adjusted Life Years),100,High-income North America,3,Both,22,All ages,559,Schizophrenia,3,Rate,2002,252.74627202461434,316.6323094665281,189.58327491078037
2,DALYs (Disability-Adjusted Life Years),100,High-income North America,3,Both,27,Age-standardized,559,Schizophrenia,3,Rate,2002,225.88242930129516,285.44534592594994,168.67183676545096
2,DALYs (Disability-Adjusted Life Years),9,Southeast Asia,3,Both,22,All ages,559,Schizophrenia,1,Number,2001,976755.5389898738,1305389.1618522303,716235.8038931085
2,DALYs (Disability-Adjusted Life Years),9,Southeast Asia,3,Both,22,All ages,559,Schizophrenia,3,Rate,2001,177.558663982174,237.29904392965497,130.200308428225
2,DALYs (Disability-Adjusted Life Years),9,Southeast Asia,3,Both,27,Age-standardized,559,Schizophrenia,3,Rate,2001,182.02391207485164,241.35488957929357,133.4498706317842
2,DALYs (Disability-Adjusted Life Years),96,Southern Latin America,3,Both,22,All ages,559,Schizophrenia,1,Number,2012,117952.04441564098,157727.45477960233,83615.2751369469
2,DALYs (Disability-Adjusted Life Years),96,Southern Latin America,3,Both,22,All ages,559,Schizophrenia,3,Rate,2012,188.69403972596234,252.3248390098325,133.76371835311858
2,DALYs (Disability-Adjusted Life Years),96,Southern Latin America,3,Both,27,Age-standardized,559,Schizophrenia,3,Rate,2012,177.86718784699283,238.0248568956505,126.01265571750737
2,DALYs (Disability-Adjusted Life Years),174,Eastern Sub-Saharan Africa,3,Both,22,All ages,559,Schizophrenia,1,Number,2001,241915.41756279257,323318.38936260855,173580.22643959653
2,DALYs (Disability-Adjusted Life Years),174,Eastern Sub-Saharan Africa,3,Both,22,All ages,559,Schizophrenia,3,Rate,2001,94.2901420360498,126.01816437744903,67.65548211242464
2,DALYs (Disability-Adjusted Life Years),174,Eastern Sub-Saharan Africa,3,Both,27,Age-standardized,559,Schizophrenia,3,Rate,2001,135.23679733791892,179.11273501556147,97.31079578795463
2,DALYs (Disability-Adjusted Life Years),42,Central Europe,3,Both,22,All ages,559,Schizophrenia,1,Number,2015,203042.3362514575,268511.0897004297,144835.22576956177
2,DALYs (Disability-Adjusted Life Years),42,Central Europe,3,Both,22,All ages,559,Schizophrenia,3,Rate,2015,172.56732373146738,228.20974678127243,123.09662976957941
2,DALYs (Disability-Adjusted Life Years),42,Central Europe,3,Both,27,Age-standardized,559,Schizophrenia,3,Rate,2015,143.5999528708438,191.50392712588038,102.55701423210282
2,DALYs (Disability-Adjusted Life Years),73,Western Europe,3,Both,22,All ages,559,Schizophrenia,1,Number,2015,861125.0051616502,1105472.7744048294,623456.7936730324
2,DALYs (Disability-Adjusted Life Years),73,Western Europe,3,Both,22,All ages,559,Schizophrenia,3,Rate,2015,200.04067131030195,256.8030362394274,144.8299779843348
2,DALYs (Disability-Adjusted Life Years),73,Western Europe,3,Both,27,Age-standardized,559,Schizophrenia,3,Rate,2015,167.56458430223446,217.8307593560423,121.84120452208269
2,DALYs (Disability-Adjusted Life Years),32,Central Asia,3,Both,22,All ages,559,Schizophrenia,1,Number,2015,127237.55777815008,175130.81041103668,89912.76802880102
2,DALYs (Disability-Adjusted Life Years),32,Central Asia,3,Both,22,All ages,559,Schizophrenia,3,Rate,2015,144.6797836491175,199.13843210306067,102.23836462172432
2,DALYs (Disability-Adjusted Life Years),32,Central Asia,3,Both,27,Age-standardized,559,Schizophrenia,3,Rate,2015,138.4939546790441,189.6763703227424,98.4490805597325
2,DALYs (Disability-Adjusted Life Years),56,Eastern Europe,3,Both,22,All ages,559,Schizophrenia,1,Number,2015,335309.0349900038,429872.03252399265,245823.24239140737
2,DALYs (Disability-Adjusted Life Years),56,Eastern Europe,3,Both,22,All ages,559,Schizophrenia,3,Rate,2015,159.20301884067854,204.10104754570108,116.71562113166021
2,DALYs (Disability-Adjusted Life Years),56,Eastern Europe,3,Both,27,Age-standardized,559,Schizophrenia,3,Rate,2015,131.85266113291274,170.1107808329854,97.26664363261166
2,DALYs (Disability-Adjusted Life Years),120,Andean Latin America,3,Both,22,All ages,559,Schizophrenia,1,Number,2012,83617.07880108047,113947.0356628867,60075.311698889425
2,DALYs (Disability-Adjusted Life Years),120,Andean Latin America,3,Both,22,All ages,559,Schizophrenia,3,Rate,2012,149.4431864935899,203.64988044452545,107.36856798400447
2,DALYs (Disability-Adjusted Life Years),120,Andean Latin America,3,Both,27,Age-standardized,559,Schizophrenia,3,Rate,2012,153.87977168875656,207.84043208805625,108.65515380736076
2,DALYs (Disability-Adjusted Life Years),21,Oceania,3,Both,22,All ages,559,Schizophrenia,1,Number,2002,13095.859852567557,17967.791028249587,9249.921882444702
2,DALYs (Disability-Adjusted Life Years),21,Oceania,3,Both,22,All ages,559,Schizophrenia,3,Rate,2002,149.37705398524892,204.94841275323293,105.50861844496428
2,DALYs (Disability-Adjusted Life Years),21,Oceania,3,Both,27,Age-standardized,559,Schizophrenia,3,Rate,2002,176.14593122083846,238.60472449977803,125.38286055804583
2,DALYs (Disability-Adjusted Life Years),1,Global,3,Both,22,All ages,559,Schizophrenia,1,Number,2012,13167160.106337497,16917092.45610656,9758767.197160883
2,DALYs (Disability-Adjusted Life Years),1,Global,3,Both,22,All ages,559,Schizophrenia,3,Rate,2012,184.7677148999083,237.38850979421423,136.93956029225657
2,DALYs (Disability-Adjusted Life Years),1,Global,3,Both,27,Age-standardized,559,Schizophrenia,3,Rate,2012,177.9890119645391,228.5984253968679,131.75668507395326
2,DALYs (Disability-Adjusted Life Years),104,Caribbean,3,Both,22,All ages,559,Schizophrenia,1,Number,2015,67766.34886420086,91709.23932130935,47393.99737750334
2,DALYs (Disability-Adjusted Life Years),104,Caribbean,3,Both,22,All ages,559,Schizophrenia,3,Rate,2015,148.68647148614494,201.2196824221615,103.98739725237336
2,DALYs (Disability-Adjusted Life Years),104,Caribbean,3,Both,27,Age-standardized,559,Schizophrenia,3,Rate,2015,141.54250626327573,192.00142661965364,98.87875879683007
2,DALYs (Disability-Adjusted Life Years),199,Western Sub-Saharan Africa,3,Both,22,All ages,559,Schizophrenia,1,Number,2001,292517.5583924223,385883.1167086399,209435.35876912135
2,DALYs (Disability-Adjusted Life Years),199,Western Sub-Saharan Africa,3,Both,22,All ages,559,Schizophrenia,3,Rate,2001,109.32886688218237,144.22438136901064,78.27677280340839
2,DALYs (Disability-Adjusted Life Years),199,Western Sub-Saharan Africa,3,Both,27,Age-standardized,559,Schizophrenia,3,Rate,2001,147.49008269981675,194.79249007602104,105.99388852978585
2,DALYs (Disability-Adjusted Life Years),174,Eastern Sub-Saharan Africa,3,Both,22,All ages,559,Schizophrenia,1,Number,2002,249379.26275403507,333990.2826607999,180127.32881362428
2,DALYs (Disability-Adjusted Life Years),174,Eastern Sub-Saharan Africa,3,Both,22,All ages,559,Schizophrenia,3,Rate,2002,94.61367242219404,126.71481520511317,68.33971635992145
2,DALYs (Disability-Adjusted Life Years),174,Eastern Sub-Saharan Africa,3,Both,27,Age-standardized,559,Schizophrenia,3,Rate,2002,135.45707067682426,180.71039727241364,97.26302636558191
2,DALYs (Disability-Adjusted Life Years),138,North Africa and Middle East,3,Both,22,All ages,559,Schizophrenia,1,Number,2002,608502.6769302922,814964.7077343501,433431.8094093441
2,DALYs (Disability-Adjusted Life Years),138,North Africa and Middle East,3,Both,22,All ages,559,Schizophrenia,3,Rate,2002,139.17133685721373,186.39150190596595,99.13068033856761
2,DALYs (Disability-Adjusted Life Years),138,North Africa and Middle East,3,Both,27,Age-standardized,559,Schizophrenia,3,Rate,2002,155.60885300551175,209.6800717628286,111.01238144941325
2,DALYs (Disability-Adjusted Life Years),159,South Asia,3,Both,22,All ages,559,Schizophrenia,1,Number,2015,3119003.0506103523,4033885.6021828773,2293881.481447655
2,DALYs (Disability-Adjusted Life Years),159,South Asia,3,Both,22,All ages,559,Schizophrenia,3,Rate,2015,181.86135575389542,235.20589517395237,133.75055727284055
2,DALYs (Disability-Adjusted Life Years),159,South Asia,3,Both,27,Age-standardized,559,Schizophrenia,3,Rate,2015,187.46460176763784,242.5084624647825,138.31164268340257
2,DALYs (Disability-Adjusted Life Years),199,Western Sub-Saharan Africa,3,Both,22,All ages,559,Schizophrenia,1,Number,2002,302346.57128976495,398881.6639005358,219061.60949841276
2,DALYs (Disability-Adjusted Life Years),199,Western Sub-Saharan Africa,3,Both,22,All ages,559,Schizophrenia,3,Rate,2002,109.57713772445553,144.5636073679814,79.3928108784247
2,DALYs (Disability-Adjusted Life Years),199,Western Sub-Saharan Africa,3,Both,27,Age-standardized,559,Schizophrenia,3,Rate,2002,147.64341164406366,195.02489186306306,106.07961978859196
2,DALYs (Disability-Adjusted Life Years),9,Southeast Asia,3,Both,22,All ages,559,Schizophrenia,1,Number,2002,997611.4245927923,1332734.5167472907,728697.8052514091
2,DALYs (Disability-Adjusted Life Years),9,Southeast Asia,3,Both,22,All ages,559,Schizophrenia,3,Rate,2002,178.99844458906696,239.12858219852663,130.7480753527964
2,DALYs (Disability-Adjusted Life Years),9,Southeast Asia,3,Both,27,Age-standardized,559,Schizophrenia,3,Rate,2002,182.08717815588065,241.55880581811428,133.16316710790488
2,DALYs (Disability-Adjusted Life Years),100,High-income North America,3,Both,22,All ages,559,Schizophrenia,1,Number,2003,812719.6545039266,1017781.9106663204,610537.2588077639
2,DALYs (Disability-Adjusted Life Years),100,High-income North America,3,Both,22,All ages,559,Schizophrenia,3,Rate,2003,253.61499434198794,317.60614140994596,190.52252837741082
2,DALYs (Disability-Adjusted Life Years),100,High-income North America,3,Both,27,Age-standardized,559,Schizophrenia,3,Rate,2003,226.74031374047104,285.61366530054,169.3129439942029
2,DALYs (Disability-Adjusted Life Years),44639,Middle SDI,3,Both,22,All ages,559,Schizophrenia,1,Number,2011,4279404.956055749,5505045.637694746,3164616.4899276807
2,DALYs (Disability-Adjusted Life Years),44639,Middle SDI,3,Both,22,All ages,559,Schizophrenia,3,Rate,2011,192.99104088544874,248.2645364601872,142.7167180171023
2,DALYs (Disability-Adjusted Life Years),44639,Middle SDI,3,Both,27,Age-standardized,559,Schizophrenia,3,Rate,2011,177.7735796980094,227.95267158102934,131.49934105153963
2,DALYs (Disability-Adjusted Life Years),124,Central Latin America,3,Both,22,All ages,559,Schizophrenia,1,Number,2003,294944.37647761166,392450.6024344649,212483.45306213264
2,DALYs (Disability-Adjusted Life Years),124,Central Latin America,3,Both,22,All ages,559,Schizophrenia,3,Rate,2003,141.7386318917313,188.59627750308752,102.11116515029968
2,DALYs (Disability-Adjusted Life Years),124,Central Latin America,3,Both,27,Age-standardized,559,Schizophrenia,3,Rate,2003,154.91777415800524,205.1185744904465,111.54069996117595
2,DALYs (Disability-Adjusted Life Years),44637,Low SDI,3,Both,22,All ages,559,Schizophrenia,1,Number,2015,1139997.800102522,1513032.4092895752,822408.1755857207
2,DALYs (Disability-Adjusted Life Years),44637,Low SDI,3,Both,22,All ages,559,Schizophrenia,3,Rate,2015,117.56148075600198,156.03041554282572,84.81027147508922
2,DALYs (Disability-Adjusted Life Years),44637,Low SDI,3,Both,27,Age-standardized,559,Schizophrenia,3,Rate,2015,155.26414817355908,204.35755796827036,111.9029567451401
2,DALYs (Disability-Adjusted Life Years),5,East Asia,3,Both,22,All ages,559,Schizophrenia,1,Number,2014,3416588.8034830377,4273581.208250545,2565860.326452756
2,DALYs (Disability-Adjusted Life Years),5,East Asia,3,Both,22,All ages,559,Schizophrenia,3,Rate,2014,241.0793174990826,301.5499084676618,181.05071809302848
2,DALYs (Disability-Adjusted Life Years),5,East Asia,3,Both,27,Age-standardized,559,Schizophrenia,3,Rate,2014,196.1976084429203,245.77914584910022,147.25731872203357
2,DALYs (Disability-Adjusted Life Years),65,High-income Asia Pacific,3,Both,22,All ages,559,Schizophrenia,1,Number,2011,415912.44797986106,532041.4567620364,305903.2686035279
2,DALYs (Disability-Adjusted Life Years),65,High-income Asia Pacific,3,Both,22,All ages,559,Schizophrenia,3,Rate,2011,224.47317538273876,287.14946093754645,165.09983867257972
2,DALYs (Disability-Adjusted Life Years),65,High-income Asia Pacific,3,Both,27,Age-standardized,559,Schizophrenia,3,Rate,2011,186.28429451971678,243.13852702089497,137.43428344037955
2,DALYs (Disability-Adjusted Life Years),44635,High SDI,3,Both,22,All ages,559,Schizophrenia,1,Number,2015,2420308.8687442155,3078624.833514778,1791259.3925530477
2,DALYs (Disability-Adjusted Life Years),44635,High SDI,3,Both,22,All ages,559,Schizophrenia,3,Rate,2015,227.48540063875782,289.36067322346065,168.3608922088912
2,DALYs (Disability-Adjusted Life Years),44635,High SDI,3,Both,27,Age-standardized,559,Schizophrenia,3,Rate,2015,193.40516273757072,248.75579264136732,143.5114717489788
2,DALYs (Disability-Adjusted Life Years),65,High-income Asia Pacific,3,Both,22,All ages,559,Schizophrenia,1,Number,2012,416420.06928143895,535054.0077181056,306345.05392357457
2,DALYs (Disability-Adjusted Life Years),65,High-income Asia Pacific,3,Both,22,All ages,559,Schizophrenia,3,Rate,2012,224.1093548150556,287.9558823085263,164.8690768052179
2,DALYs (Disability-Adjusted Life Years),65,High-income Asia Pacific,3,Both,27,Age-standardized,559,Schizophrenia,3,Rate,2012,186.169512867885,243.3911975949975,137.62607352972438
2,DALYs (Disability-Adjusted Life Years),21,Oceania,3,Both,22,All ages,559,Schizophrenia,1,Number,2003,13416.636554463827,18418.506942017008,9395.968275357685
2,DALYs (Disability-Adjusted Life Years),21,Oceania,3,Both,22,All ages,559,Schizophrenia,3,Rate,2003,149.36488604728171,205.0497663395475,104.6035438953397
2,DALYs (Disability-Adjusted Life Years),21,Oceania,3,Both,27,Age-standardized,559,Schizophrenia,3,Rate,2003,175.44323152580606,239.80922342521185,123.22685019384924
2,DALYs (Disability-Adjusted Life Years),174,Eastern Sub-Saharan Africa,3,Both,22,All ages,559,Schizophrenia,1,Number,2003,257269.91527649038,344488.32444604574,184497.46539137425
2,DALYs (Disability-Adjusted Life Years),174,Eastern Sub-Saharan Africa,3,Both,22,All ages,559,Schizophrenia,3,Rate,2003,94.99025100913742,127.19338898867873,68.12090923745014
2,DALYs (Disability-Adjusted Life Years),174,Eastern Sub-Saharan Africa,3,Both,27,Age-standardized,559,Schizophrenia,3,Rate,2003,135.74715438554648,180.64650851297506,96.4584344316988
2,DALYs (Disability-Adjusted Life Years),9,Southeast Asia,3,Both,22,All ages,559,Schizophrenia,1,Number,2003,1018407.0596477186,1359761.4067188418,741745.7305306564
2,DALYs (Disability-Adjusted Life Years),9,Southeast Asia,3,Both,22,All ages,559,Schizophrenia,3,Rate,2003,180.40372673770338,240.87227491435107,131.39509669718785
2,DALYs (Disability-Adjusted Life Years),9,Southeast Asia,3,Both,27,Age-standardized,559,Schizophrenia,3,Rate,2003,182.1382321222402,240.500626713986,132.30861354807166
2,DALYs (Disability-Adjusted Life Years),32,Central Asia,3,Both,22,All ages,559,Schizophrenia,1,Number,2016,129660.94886888759,178250.85179489537,91245.2936413264
2,DALYs (Disability-Adjusted Life Years),32,Central Asia,3,Both,22,All ages,559,Schizophrenia,3,Rate,2016,145.28874531807307,199.73510015992474,102.24292159648452
2,DALYs (Disability-Adjusted Life Years),32,Central Asia,3,Both,27,Age-standardized,559,Schizophrenia,3,Rate,2016,138.7158657344181,190.1919718380444,97.71156678504245
2,DALYs (Disability-Adjusted Life Years),1,Global,3,Both,22,All ages,559,Schizophrenia,1,Number,2013,13379657.723967137,17277159.20042602,9875458.196962519
2,DALYs (Disability-Adjusted Life Years),1,Global,3,Both,22,All ages,559,Schizophrenia,3,Rate,2013,185.41093067466335,239.4212342986224,136.85087712353274
2,DALYs (Disability-Adjusted Life Years),1,Global,3,Both,27,Age-standardized,559,Schizophrenia,3,Rate,2013,178.11680937933366,229.8306099470818,131.60787623002884
2,DALYs (Disability-Adjusted Life Years),42,Central Europe,3,Both,22,All ages,559,Schizophrenia,1,Number,2016,202747.5717463923,268611.15823785414,143840.47791717958
2,DALYs (Disability-Adjusted Life Years),42,Central Europe,3,Both,22,All ages,559,Schizophrenia,3,Rate,2016,172.82430315362288,228.96716267365485,122.61123596792478
2,DALYs (Disability-Adjusted Life Years),42,Central Europe,3,Both,27,Age-standardized,559,Schizophrenia,3,Rate,2016,143.82007666844552,192.62658754900025,102.17944098848055
2,DALYs (Disability-Adjusted Life Years),56,Eastern Europe,3,Both,22,All ages,559,Schizophrenia,1,Number,2016,334047.136719194,429948.99915654224,246030.93001207063
2,DALYs (Disability-Adjusted Life Years),56,Eastern Europe,3,Both,22,All ages,559,Schizophrenia,3,Rate,2016,158.798768307419,204.3884350323288,116.95777139466418
2,DALYs (Disability-Adjusted Life Years),56,Eastern Europe,3,Both,27,Age-standardized,559,Schizophrenia,3,Rate,2016,131.73780915865436,170.83426250818903,97.75581086088167
2,DALYs (Disability-Adjusted Life Years),138,North Africa and Middle East,3,Both,22,All ages,559,Schizophrenia,1,Number,2003,627111.4466679732,840789.1372197625,451733.05457040307
2,DALYs (Disability-Adjusted Life Years),138,North Africa and Middle East,3,Both,22,All ages,559,Schizophrenia,3,Rate,2003,140.54764148741256,188.43688925206325,101.24199731820524
2,DALYs (Disability-Adjusted Life Years),138,North Africa and Middle East,3,Both,27,Age-standardized,559,Schizophrenia,3,Rate,2003,155.514959035706,209.33136536815658,112.29869730844935
2,DALYs (Disability-Adjusted Life Years),73,Western Europe,3,Both,22,All ages,559,Schizophrenia,1,Number,2016,859543.5877025409,1097906.2480583983,618761.2073830971
2,DALYs (Disability-Adjusted Life Years),73,Western Europe,3,Both,22,All ages,559,Schizophrenia,3,Rate,2016,198.90259177147382,254.06087763926539,143.1843708648969
2,DALYs (Disability-Adjusted Life Years),73,Western Europe,3,Both,27,Age-standardized,559,Schizophrenia,3,Rate,2016,166.84692185327876,216.3951246313467,121.71386833650944
2,DALYs (Disability-Adjusted Life Years),104,Caribbean,3,Both,22,All ages,559,Schizophrenia,1,Number,2016,68487.64585610788,92826.03894690535,47806.03110136936
2,DALYs (Disability-Adjusted Life Years),104,Caribbean,3,Both,22,All ages,559,Schizophrenia,3,Rate,2016,149.1343910213546,202.13214538511798,104.09940721907334
2,DALYs (Disability-Adjusted Life Years),104,Caribbean,3,Both,27,Age-standardized,559,Schizophrenia,3,Rate,2016,141.53681714411303,191.9031232180456,98.80542061136074
2,DALYs (Disability-Adjusted Life Years),199,Western Sub-Saharan Africa,3,Both,22,All ages,559,Schizophrenia,1,Number,2003,312763.34406912525,412756.896154828,224715.6631519576
2,DALYs (Disability-Adjusted Life Years),199,Western Sub-Saharan Africa,3,Both,22,All ages,559,Schizophrenia,3,Rate,2003,109.89558109954056,145.03029148374983,78.95828859917485
2,DALYs (Disability-Adjusted Life Years),199,Western Sub-Saharan Africa,3,Both,27,Age-standardized,559,Schizophrenia,3,Rate,2003,147.93668263006805,193.98410845060553,106.07207666204657
2,DALYs (Disability-Adjusted Life Years),159,South Asia,3,Both,22,All ages,559,Schizophrenia,1,Number,2016,3190491.271396128,4139393.9295210126,2361590.612239343
2,DALYs (Disability-Adjusted Life Years),159,South Asia,3,Both,22,All ages,559,Schizophrenia,3,Rate,2016,183.45380023204336,238.0158672854731,135.79186888608626
2,DALYs (Disability-Adjusted Life Years),159,South Asia,3,Both,27,Age-standardized,559,Schizophrenia,3,Rate,2016,187.49740842778343,243.64853595857954,138.0430003611816
2,DALYs (Disability-Adjusted Life Years),167,Central Sub-Saharan Africa,3,Both,22,All ages,559,Schizophrenia,1,Number,2002,75159.94955729072,104234.05202157886,52480.270600653756
2,DALYs (Disability-Adjusted Life Years),167,Central Sub-Saharan Africa,3,Both,22,All ages,559,Schizophrenia,3,Rate,2002,96.21158534286234,133.42908624575688,67.17952930320345
2,DALYs (Disability-Adjusted Life Years),167,Central Sub-Saharan Africa,3,Both,27,Age-standardized,559,Schizophrenia,3,Rate,2002,131.3879384227896,176.90958385229249,92.78162934900642
2,DALYs (Disability-Adjusted Life Years),44639,Middle SDI,3,Both,22,All ages,559,Schizophrenia,1,Number,2012,4351860.449409841,5591389.946648352,3230435.973787394
2,DALYs (Disability-Adjusted Life Years),44639,Middle SDI,3,Both,22,All ages,559,Schizophrenia,3,Rate,2012,194.1807057675989,249.48870918167256,144.14256721217797
2,DALYs (Disability-Adjusted Life Years),44639,Middle SDI,3,Both,27,Age-standardized,559,Schizophrenia,3,Rate,2012,178.00878852579544,228.27808119582886,131.85118653671574
2,DALYs (Disability-Adjusted Life Years),138,North Africa and Middle East,3,Both,22,All ages,559,Schizophrenia,1,Number,2004,646242.6818294899,869982.4321079019,466532.2912386897
2,DALYs (Disability-Adjusted Life Years),138,North Africa and Middle East,3,Both,22,All ages,559,Schizophrenia,3,Rate,2004,141.94814222822902,191.09290283846678,102.4744943236107
2,DALYs (Disability-Adjusted Life Years),138,North Africa and Middle East,3,Both,27,Age-standardized,559,Schizophrenia,3,Rate,2004,155.44145938043175,209.8055567578916,112.4499156708209
2,DALYs (Disability-Adjusted Life Years),9,Southeast Asia,3,Both,22,All ages,559,Schizophrenia,1,Number,2004,1039292.0574192188,1383960.9354374085,757647.667123131
2,DALYs (Disability-Adjusted Life Years),9,Southeast Asia,3,Both,22,All ages,559,Schizophrenia,3,Rate,2004,181.82159280530408,242.12056646175876,132.54859847926605
2,DALYs (Disability-Adjusted Life Years),9,Southeast Asia,3,Both,27,Age-standardized,559,Schizophrenia,3,Rate,2004,182.22744366927006,240.5999148806801,132.83639393265298
2,DALYs (Disability-Adjusted Life Years),174,Eastern Sub-Saharan Africa,3,Both,22,All ages,559,Schizophrenia,1,Number,2004,265214.9766333186,355246.1887873702,191767.05399081248
2,DALYs (Disability-Adjusted Life Years),174,Eastern Sub-Saharan Africa,3,Both,22,All ages,559,Schizophrenia,3,Rate,2004,95.2892469029044,127.63661473566583,68.9000990348954
2,DALYs (Disability-Adjusted Life Years),174,Eastern Sub-Saharan Africa,3,Both,27,Age-standardized,559,Schizophrenia,3,Rate,2004,135.91610184295226,179.87528429766402,97.42425948815463
2,DALYs (Disability-Adjusted Life Years),21,Oceania,3,Both,22,All ages,559,Schizophrenia,1,Number,2004,13793.724941201579,19195.260445477157,9818.359100294267
2,DALYs (Disability-Adjusted Life Years),21,Oceania,3,Both,22,All ages,559,Schizophrenia,3,Rate,2004,149.86279021772447,208.5481116650816,106.67217857408646
2,DALYs (Disability-Adjusted Life Years),21,Oceania,3,Both,27,Age-standardized,559,Schizophrenia,3,Rate,2004,175.2154192295386,237.66485863592635,125.19182359430953
2,DALYs (Disability-Adjusted Life Years),65,High-income Asia Pacific,3,Both,22,All ages,559,Schizophrenia,1,Number,2013,416106.8911456886,531452.2019393968,303943.5002768326
2,DALYs (Disability-Adjusted Life Years),65,High-income Asia Pacific,3,Both,22,All ages,559,Schizophrenia,3,Rate,2013,223.3809447248681,285.302400588623,163.16765638723913
2,DALYs (Disability-Adjusted Life Years),65,High-income Asia Pacific,3,Both,27,Age-standardized,559,Schizophrenia,3,Rate,2013,185.79088640957897,243.165094511837,136.12435467749248
2,DALYs (Disability-Adjusted Life Years),192,Southern Sub-Saharan Africa,3,Both,22,All ages,559,Schizophrenia,1,Number,2002,81337.54434214078,106839.97827938906,58891.33224760959
2,DALYs (Disability-Adjusted Life Years),192,Southern Sub-Saharan Africa,3,Both,22,All ages,559,Schizophrenia,3,Rate,2002,124.47464873415596,163.50221628466016,90.12416042673406
2,DALYs (Disability-Adjusted Life Years),192,Southern Sub-Saharan Africa,3,Both,27,Age-standardized,559,Schizophrenia,3,Rate,2002,140.41704458313208,183.71087109912833,102.6936939689145
2,DALYs (Disability-Adjusted Life Years),70,Australasia,3,Both,22,All ages,559,Schizophrenia,1,Number,2012,73554.46045052956,89172.92266411905,55724.24145066498
2,DALYs (Disability-Adjusted Life Years),70,Australasia,3,Both,22,All ages,559,Schizophrenia,3,Rate,2012,275.490238697951,333.9874917124103,208.7090909847794
2,DALYs (Disability-Adjusted Life Years),70,Australasia,3,Both,27,Age-standardized,559,Schizophrenia,3,Rate,2012,246.28091126439676,299.4858418699306,186.5762430886103
2,DALYs (Disability-Adjusted Life Years),199,Western Sub-Saharan Africa,3,Both,22,All ages,559,Schizophrenia,1,Number,2004,323364.2751999251,427886.43232315814,232652.934040051
2,DALYs (Disability-Adjusted Life Years),199,Western Sub-Saharan Africa,3,Both,22,All ages,559,Schizophrenia,3,Rate,2004,110.15009687884742,145.75429504202444,79.25038474895095
2,DALYs (Disability-Adjusted Life Years),199,Western Sub-Saharan Africa,3,Both,27,Age-standardized,559,Schizophrenia,3,Rate,2004,148.21463966027116,194.60768759578013,105.95828258183448
2,DALYs (Disability-Adjusted Life Years),192,Southern Sub-Saharan Africa,3,Both,22,All ages,559,Schizophrenia,1,Number,2003,82722.99371400394,108953.09722580052,60384.709852613494
2,DALYs (Disability-Adjusted Life Years),192,Southern Sub-Saharan Africa,3,Both,22,All ages,559,Schizophrenia,3,Rate,2003,125.20080210904241,164.89992144258517,91.39193069833452
2,DALYs (Disability-Adjusted Life Years),192,Southern Sub-Saharan Africa,3,Both,27,Age-standardized,559,Schizophrenia,3,Rate,2003,140.3247098329903,183.3324550198003,103.05777606440718
2,DALYs (Disability-Adjusted Life Years),167,Central Sub-Saharan Africa,3,Both,22,All ages,559,Schizophrenia,1,Number,2003,77582.30760864723,108231.66089006972,54794.2803397196
2,DALYs (Disability-Adjusted Life Years),167,Central Sub-Saharan Africa,3,Both,22,All ages,559,Schizophrenia,3,Rate,2003,96.33777787036398,134.39659152657066,68.04076046000472
2,DALYs (Disability-Adjusted Life Years),167,Central Sub-Saharan Africa,3,Both,27,Age-standardized,559,Schizophrenia,3,Rate,2003,131.40402167191067,178.89111425085198,93.04952763275939
2,DALYs (Disability-Adjusted Life Years),44636,Low-middle SDI,3,Both,22,All ages,559,Schizophrenia,1,Number,2013,2765166.2471874407,3632541.3066941286,2024834.069183531
2,DALYs (Disability-Adjusted Life Years),44636,Low-middle SDI,3,Both,22,All ages,559,Schizophrenia,3,Rate,2013,160.47989695615726,210.8190981935355,117.51378894719421
2,DALYs (Disability-Adjusted Life Years),44636,Low-middle SDI,3,Both,27,Age-standardized,559,Schizophrenia,3,Rate,2013,173.41476888982262,227.16669845575842,127.16971395241548
2,DALYs (Disability-Adjusted Life Years),167,Central Sub-Saharan Africa,3,Both,22,All ages,559,Schizophrenia,1,Number,2004,80252.54469475629,112386.50968724981,56242.00593741998
2,DALYs (Disability-Adjusted Life Years),167,Central Sub-Saharan Africa,3,Both,22,All ages,559,Schizophrenia,3,Rate,2004,96.64406878268414,135.3413728346247,67.72939488668092
2,DALYs (Disability-Adjusted Life Years),167,Central Sub-Saharan Africa,3,Both,27,Age-standardized,559,Schizophrenia,3,Rate,2004,131.49852432838665,177.6600592959033,92.55574889031256
2,DALYs (Disability-Adjusted Life Years),120,Andean Latin America,3,Both,22,All ages,559,Schizophrenia,1,Number,2013,86010.72002805314,117390.84133356382,61511.0035266319
2,DALYs (Disability-Adjusted Life Years),120,Andean Latin America,3,Both,22,All ages,559,Schizophrenia,3,Rate,2013,150.55861197452796,205.48836382184484,107.67275647860451
2,DALYs (Disability-Adjusted Life Years),120,Andean Latin America,3,Both,27,Age-standardized,559,Schizophrenia,3,Rate,2013,153.9481463457295,209.83699057704007,109.06550705487112
2,DALYs (Disability-Adjusted Life Years),44636,Low-middle SDI,3,Both,22,All ages,559,Schizophrenia,1,Number,2014,2840038.367540183,3741221.5607316243,2078857.0810424332
2,DALYs (Disability-Adjusted Life Years),44636,Low-middle SDI,3,Both,22,All ages,559,Schizophrenia,3,Rate,2014,162.31458823553965,213.81923711616332,118.81136359513066
2,DALYs (Disability-Adjusted Life Years),44636,Low-middle SDI,3,Both,27,Age-standardized,559,Schizophrenia,3,Rate,2014,174.22277591801304,229.05495821053407,127.19051197007688
2,DALYs (Disability-Adjusted Life Years),70,Australasia,3,Both,22,All ages,559,Schizophrenia,1,Number,2013,74668.51674503158,90289.94093706626,56357.88777642902
2,DALYs (Disability-Adjusted Life Years),70,Australasia,3,Both,22,All ages,559,Schizophrenia,3,Rate,2013,275.81042508599495,333.5128120446915,208.17465864018226
2,DALYs (Disability-Adjusted Life Years),70,Australasia,3,Both,27,Age-standardized,559,Schizophrenia,3,Rate,2013,246.51914303637753,298.9609142566006,186.44096792837698
2,DALYs (Disability-Adjusted Life Years),192,Southern Sub-Saharan Africa,3,Both,22,All ages,559,Schizophrenia,1,Number,2004,84066.19139226248,110630.31046988604,61666.80825068286
2,DALYs (Disability-Adjusted Life Years),192,Southern Sub-Saharan Africa,3,Both,22,All ages,559,Schizophrenia,3,Rate,2004,125.9470824133233,165.74516579616048,92.3885625396636
2,DALYs (Disability-Adjusted Life Years),192,Southern Sub-Saharan Africa,3,Both,27,Age-standardized,559,Schizophrenia,3,Rate,2004,140.2966476650206,182.8337353575248,103.38928459651974
2,DALYs (Disability-Adjusted Life Years),44634,High-middle SDI,3,Both,22,All ages,559,Schizophrenia,1,Number,2012,2690859.1827652976,3388055.045859743,2014125.301518403
2,DALYs (Disability-Adjusted Life Years),44634,High-middle SDI,3,Both,22,All ages,559,Schizophrenia,3,Rate,2012,216.50643891666115,272.60279450182486,162.05645369950605
2,DALYs (Disability-Adjusted Life Years),44634,High-middle SDI,3,Both,27,Age-standardized,559,Schizophrenia,3,Rate,2012,179.94318310573675,226.8621454624282,134.80050357261618
2,DALYs (Disability-Adjusted Life Years),96,Southern Latin America,3,Both,22,All ages,559,Schizophrenia,1,Number,2013,119891.26308735333,161078.553521041,85040.33355092454
2,DALYs (Disability-Adjusted Life Years),96,Southern Latin America,3,Both,22,All ages,559,Schizophrenia,3,Rate,2013,189.84598874851338,255.06543572821954,134.66007272536322
2,DALYs (Disability-Adjusted Life Years),96,Southern Latin America,3,Both,27,Age-standardized,559,Schizophrenia,3,Rate,2013,178.19577243834928,240.26988097572846,125.78012557869819
2,DALYs (Disability-Adjusted Life Years),134,Tropical Latin America,3,Both,22,All ages,559,Schizophrenia,1,Number,2014,359438.446133097,467030.0727723057,264702.95640125853
2,DALYs (Disability-Adjusted Life Years),134,Tropical Latin America,3,Both,22,All ages,559,Schizophrenia,3,Rate,2014,168.93246720128653,219.4994533818097,124.4077365162568
2,DALYs (Disability-Adjusted Life Years),134,Tropical Latin America,3,Both,27,Age-standardized,559,Schizophrenia,3,Rate,2014,154.22150512858926,199.83753917828753,114.03679523750499
2,DALYs (Disability-Adjusted Life Years),124,Central Latin America,3,Both,22,All ages,559,Schizophrenia,1,Number,2004,301915.69793899305,401738.36194631597,218650.5950551777
2,DALYs (Disability-Adjusted Life Years),124,Central Latin America,3,Both,22,All ages,559,Schizophrenia,3,Rate,2004,143.0547085702619,190.35301801808743,103.60175826516048
2,DALYs (Disability-Adjusted Life Years),124,Central Latin America,3,Both,27,Age-standardized,559,Schizophrenia,3,Rate,2004,154.9685220963379,203.72479984905348,111.4113208602315
2,DALYs (Disability-Adjusted Life Years),100,High-income North America,3,Both,22,All ages,559,Schizophrenia,1,Number,2004,823611.9785453974,1033445.7286036576,618857.613831619
2,DALYs (Disability-Adjusted Life Years),100,High-income North America,3,Both,22,All ages,559,Schizophrenia,3,Rate,2004,254.53026571257047,319.37759861819603,191.25267357695077
2,DALYs (Disability-Adjusted Life Years),100,High-income North America,3,Both,27,Age-standardized,559,Schizophrenia,3,Rate,2004,227.61490554677545,287.00327520483904,169.3022755167692
2,DALYs (Disability-Adjusted Life Years),44635,High SDI,3,Both,22,All ages,559,Schizophrenia,1,Number,2016,2423506.441283769,3067284.5070986073,1798418.5758006708
2,DALYs (Disability-Adjusted Life Years),44635,High SDI,3,Both,22,All ages,559,Schizophrenia,3,Rate,2016,226.3510579761523,286.4787489188008,167.96899747492014
2,DALYs (Disability-Adjusted Life Years),44635,High SDI,3,Both,27,Age-standardized,559,Schizophrenia,3,Rate,2016,192.4533957616554,247.3893495955577,143.1489866687822
2,DALYs (Disability-Adjusted Life Years),42,Central Europe,3,Both,22,All ages,559,Schizophrenia,1,Number,2017,202015.53069647518,266987.0684902993,143438.63724903637
2,DALYs (Disability-Adjusted Life Years),42,Central Europe,3,Both,22,All ages,559,Schizophrenia,3,Rate,2017,172.6153412886316,228.13129162998752,122.56339518727238
2,DALYs (Disability-Adjusted Life Years),42,Central Europe,3,Both,27,Age-standardized,559,Schizophrenia,3,Rate,2017,143.72300464367314,191.94724471167817,102.45130060369087
2,DALYs (Disability-Adjusted Life Years),32,Central Asia,3,Both,22,All ages,559,Schizophrenia,1,Number,2017,131770.4933407152,183369.82555596688,93261.04453853605
2,DALYs (Disability-Adjusted Life Years),32,Central Asia,3,Both,22,All ages,559,Schizophrenia,3,Rate,2017,145.50228568304325,202.47878009158302,102.97977036830474
2,DALYs (Disability-Adjusted Life Years),32,Central Asia,3,Both,27,Age-standardized,559,Schizophrenia,3,Rate,2017,138.69228638363157,191.62534490634516,98.6429159980185
2,DALYs (Disability-Adjusted Life Years),56,Eastern Europe,3,Both,22,All ages,559,Schizophrenia,1,Number,2017,332228.4800157537,426271.4465142824,243087.66547267634
2,DALYs (Disability-Adjusted Life Years),56,Eastern Europe,3,Both,22,All ages,559,Schizophrenia,3,Rate,2017,158.20385131595467,202.98616344205232,115.7558945077743
2,DALYs (Disability-Adjusted Life Years),56,Eastern Europe,3,Both,27,Age-standardized,559,Schizophrenia,3,Rate,2017,131.4795785489984,170.62660136267044,96.82623126951377
2,DALYs (Disability-Adjusted Life Years),104,Caribbean,3,Both,22,All ages,559,Schizophrenia,1,Number,2017,69213.81231971132,93846.55390126107,48984.37335782822
2,DALYs (Disability-Adjusted Life Years),104,Caribbean,3,Both,22,All ages,559,Schizophrenia,3,Rate,2017,149.75282727606168,203.04887573468932,105.9838803387498
2,DALYs (Disability-Adjusted Life Years),104,Caribbean,3,Both,27,Age-standardized,559,Schizophrenia,3,Rate,2017,141.6880592610515,192.31878962263082,100.11880115046151
2,DALYs (Disability-Adjusted Life Years),44637,Low SDI,3,Both,22,All ages,559,Schizophrenia,1,Number,2016,1174931.8435820157,1552073.0174345905,839577.2088500605
2,DALYs (Disability-Adjusted Life Years),44637,Low SDI,3,Both,22,All ages,559,Schizophrenia,3,Rate,2016,118.26922225987327,156.23243992000127,84.51225835797209
2,DALYs (Disability-Adjusted Life Years),44637,Low SDI,3,Both,27,Age-standardized,559,Schizophrenia,3,Rate,2016,155.32795480758983,204.39311372361942,112.0120379504952
2,DALYs (Disability-Adjusted Life Years),159,South Asia,3,Both,22,All ages,559,Schizophrenia,1,Number,2017,3261271.726607581,4249208.9985001525,2411621.0140098897
2,DALYs (Disability-Adjusted Life Years),159,South Asia,3,Both,22,All ages,559,Schizophrenia,3,Rate,2017,185.02537022190774,241.075118544501,136.82118767094178
2,DALYs (Disability-Adjusted Life Years),159,South Asia,3,Both,27,Age-standardized,559,Schizophrenia,3,Rate,2017,187.4546084995073,243.97648172465844,138.73503950400254
2,DALYs (Disability-Adjusted Life Years),73,Western Europe,3,Both,22,All ages,559,Schizophrenia,1,Number,2017,855002.1181541656,1093410.3948976775,615061.5622549565
2,DALYs (Disability-Adjusted Life Years),73,Western Europe,3,Both,22,All ages,559,Schizophrenia,3,Rate,2017,197.10238996837958,252.06230192255782,141.7892439376134
2,DALYs (Disability-Adjusted Life Years),73,Western Europe,3,Both,27,Age-standardized,559,Schizophrenia,3,Rate,2017,165.49255380035024,215.84558207900906,120.72005752182145
2,DALYs (Disability-Adjusted Life Years),44635,High SDI,3,Both,22,All ages,559,Schizophrenia,1,Number,2017,2416948.081795248,3073409.7587677436,1796227.243806385
2,DALYs (Disability-Adjusted Life Years),44635,High SDI,3,Both,22,All ages,559,Schizophrenia,3,Rate,2017,224.4462073312145,285.4075224560825,166.803910855168
2,DALYs (Disability-Adjusted Life Years),44635,High SDI,3,Both,27,Age-standardized,559,Schizophrenia,3,Rate,2017,190.9641518798582,245.68884820011542,142.26479766649368
2,DALYs (Disability-Adjusted Life Years),44637,Low SDI,3,Both,22,All ages,559,Schizophrenia,1,Number,2017,1211109.2525925057,1603444.1858532033,871471.3050382761
2,DALYs (Disability-Adjusted Life Years),44637,Low SDI,3,Both,22,All ages,559,Schizophrenia,3,Rate,2017,119.06200419351491,157.6317561536745,85.6727995041634
2,DALYs (Disability-Adjusted Life Years),44637,Low SDI,3,Both,27,Age-standardized,559,Schizophrenia,3,Rate,2017,155.40660137508988,204.01021980092776,112.38994322624778
2,DALYs (Disability-Adjusted Life Years),44639,Middle SDI,3,Both,22,All ages,559,Schizophrenia,1,Number,2013,4423775.425038122,5696909.2796502495,3270644.6867198274
2,DALYs (Disability-Adjusted Life Years),44639,Middle SDI,3,Both,22,All ages,559,Schizophrenia,3,Rate,2013,195.26791801585745,251.46475742559568,144.3680831831339
2,DALYs (Disability-Adjusted Life Years),44639,Middle SDI,3,Both,27,Age-standardized,559,Schizophrenia,3,Rate,2013,178.28503528138972,229.16532332249994,132.04048066809253
2,DALYs (Disability-Adjusted Life Years),65,High-income Asia Pacific,3,Both,22,All ages,559,Schizophrenia,1,Number,2014,415900.17281242885,532908.8846680179,303358.04745129263
2,DALYs (Disability-Adjusted Life Years),65,High-income Asia Pacific,3,Both,22,All ages,559,Schizophrenia,3,Rate,2014,222.80656412706864,285.4906185365285,162.51535505709438
2,DALYs (Disability-Adjusted Life Years),65,High-income Asia Pacific,3,Both,27,Age-standardized,559,Schizophrenia,3,Rate,2014,185.56045356188454,244.7948924489368,136.4061711290409
2,DALYs (Disability-Adjusted Life Years),44639,Middle SDI,3,Both,22,All ages,559,Schizophrenia,1,Number,2014,4490266.1078310395,5796573.930674313,3316768.678927572
2,DALYs (Disability-Adjusted Life Years),44639,Middle SDI,3,Both,22,All ages,559,Schizophrenia,3,Rate,2014,196.14519804467818,253.20774188190157,144.8841190641333
2,DALYs (Disability-Adjusted Life Years),44639,Middle SDI,3,Both,27,Age-standardized,559,Schizophrenia,3,Rate,2014,178.47992698053193,229.95818364478419,131.90151576059145
2,DALYs (Disability-Adjusted Life Years),44634,High-middle SDI,3,Both,22,All ages,559,Schizophrenia,1,Number,2013,2711438.1548755877,3418361.3070081677,2032882.5891381847
2,DALYs (Disability-Adjusted Life Years),44634,High-middle SDI,3,Both,22,All ages,559,Schizophrenia,3,Rate,2013,216.85755540111774,273.3964170204626,162.5874991488525
2,DALYs (Disability-Adjusted Life Years),44634,High-middle SDI,3,Both,27,Age-standardized,559,Schizophrenia,3,Rate,2013,179.9498081621834,227.18119816844492,134.95285860356094
2,DALYs (Disability-Adjusted Life Years),1,Global,3,Both,22,All ages,559,Schizophrenia,1,Number,2014,13586816.032603078,17540249.034433566,10030111.115110533
2,DALYs (Disability-Adjusted Life Years),1,Global,3,Both,22,All ages,559,Schizophrenia,3,Rate,2014,185.96475890636088,240.07598064320234,137.28361308857595
2,DALYs (Disability-Adjusted Life Years),1,Global,3,Both,27,Age-standardized,559,Schizophrenia,3,Rate,2014,178.2160549235723,229.85514362082802,131.62304156581533
2,DALYs (Disability-Adjusted Life Years),70,Australasia,3,Both,22,All ages,559,Schizophrenia,1,Number,2014,75921.88700438336,92944.5376727344,57272.35041940764
2,DALYs (Disability-Adjusted Life Years),70,Australasia,3,Both,22,All ages,559,Schizophrenia,3,Rate,2014,276.317122988471,338.27092898442817,208.4422782295256
2,DALYs (Disability-Adjusted Life Years),70,Australasia,3,Both,27,Age-standardized,559,Schizophrenia,3,Rate,2014,246.95288572020723,303.16811435192716,187.19635592136652
2,DALYs (Disability-Adjusted Life Years),120,Andean Latin America,3,Both,22,All ages,559,Schizophrenia,1,Number,2014,88563.55961908905,121611.91695601973,62551.25702122903
2,DALYs (Disability-Adjusted Life Years),120,Andean Latin America,3,Both,22,All ages,559,Schizophrenia,3,Rate,2014,151.9705304346052,208.67981827360953,107.33475201033568
2,DALYs (Disability-Adjusted Life Years),120,Andean Latin America,3,Both,27,Age-standardized,559,Schizophrenia,3,Rate,2014,154.2948454071594,209.88297404332235,110.10387756999013
2,DALYs (Disability-Adjusted Life Years),44634,High-middle SDI,3,Both,22,All ages,559,Schizophrenia,1,Number,2014,2731291.2869796054,3431299.666697434,2043775.8550563217
2,DALYs (Disability-Adjusted Life Years),44634,High-middle SDI,3,Both,22,All ages,559,Schizophrenia,3,Rate,2014,217.02600927555162,272.6480609526563,162.39663626910465
2,DALYs (Disability-Adjusted Life Years),44634,High-middle SDI,3,Both,27,Age-standardized,559,Schizophrenia,3,Rate,2014,179.98867441428277,226.3941475056778,134.88040861275033
2,DALYs (Disability-Adjusted Life Years),70,Australasia,3,Both,22,All ages,559,Schizophrenia,1,Number,2015,77204.23481303107,94590.09066063404,58294.783265678736
2,DALYs (Disability-Adjusted Life Years),70,Australasia,3,Both,22,All ages,559,Schizophrenia,3,Rate,2015,276.5260231596449,338.7977571960919,208.79715505827002
2,DALYs (Disability-Adjusted Life Years),70,Australasia,3,Both,27,Age-standardized,559,Schizophrenia,3,Rate,2015,247.01056794139217,303.88331323146,187.75203417821808
2,DALYs (Disability-Adjusted Life Years),96,Southern Latin America,3,Both,22,All ages,559,Schizophrenia,1,Number,2014,121839.30772371119,163828.3339520279,85534.02596548555
2,DALYs (Disability-Adjusted Life Years),96,Southern Latin America,3,Both,22,All ages,559,Schizophrenia,3,Rate,2014,190.97726095693798,256.79304216210625,134.07047612704935
2,DALYs (Disability-Adjusted Life Years),96,Southern Latin America,3,Both,27,Age-standardized,559,Schizophrenia,3,Rate,2014,178.58519972128852,241.02219569053455,125.23354556585832
2,DALYs (Disability-Adjusted Life Years),134,Tropical Latin America,3,Both,22,All ages,559,Schizophrenia,1,Number,2015,365596.7684074349,476260.5909459415,269702.454684801
2,DALYs (Disability-Adjusted Life Years),134,Tropical Latin America,3,Both,22,All ages,559,Schizophrenia,3,Rate,2015,170.04897446535048,221.52172028600492,125.44592784481895
2,DALYs (Disability-Adjusted Life Years),134,Tropical Latin America,3,Both,27,Age-standardized,559,Schizophrenia,3,Rate,2015,154.38193022480144,201.00152470417075,113.99245027439004
2,DALYs (Disability-Adjusted Life Years),32,Central Asia,3,Both,22,All ages,559,Schizophrenia,1,Number,2018,133943.974575792,184036.12579047974,94631.30072427828
2,DALYs (Disability-Adjusted Life Years),32,Central Asia,3,Both,22,All ages,559,Schizophrenia,3,Rate,2018,145.74272661318105,200.24735605298733,102.96710870487226
2,DALYs (Disability-Adjusted Life Years),32,Central Asia,3,Both,27,Age-standardized,559,Schizophrenia,3,Rate,2018,138.8074870794669,189.81684748432403,98.53215998452825
2,DALYs (Disability-Adjusted Life Years),96,Southern Latin America,3,Both,22,All ages,559,Schizophrenia,1,Number,2015,123731.89297186976,166432.5732269974,86652.22565879559
2,DALYs (Disability-Adjusted Life Years),96,Southern Latin America,3,Both,22,All ages,559,Schizophrenia,3,Rate,2015,192.06333039153193,258.3456337072037,134.50626710811352
2,DALYs (Disability-Adjusted Life Years),96,Southern Latin America,3,Both,27,Age-standardized,559,Schizophrenia,3,Rate,2015,178.90912041861714,240.67228879040437,125.12914613435817
2,DALYs (Disability-Adjusted Life Years),1,Global,3,Both,22,All ages,559,Schizophrenia,1,Number,2015,13786485.986336323,17811970.06136692,10160460.555873096
2,DALYs (Disability-Adjusted Life Years),1,Global,3,Both,22,All ages,559,Schizophrenia,3,Rate,2015,186.39426364905546,240.81909248070792,137.37014388758823
2,DALYs (Disability-Adjusted Life Years),1,Global,3,Both,27,Age-standardized,559,Schizophrenia,3,Rate,2015,178.2345496848126,230.02939379617973,131.4568756500054
2,DALYs (Disability-Adjusted Life Years),5,East Asia,3,Both,22,All ages,559,Schizophrenia,1,Number,2015,3430878.2074417947,4299536.3707324425,2578985.20911263
2,DALYs (Disability-Adjusted Life Years),5,East Asia,3,Both,22,All ages,559,Schizophrenia,3,Rate,2015,240.45865127635315,301.33996437921934,180.75235189047666
2,DALYs (Disability-Adjusted Life Years),5,East Asia,3,Both,27,Age-standardized,559,Schizophrenia,3,Rate,2015,196.06287829921112,245.8677486764955,147.18963488471542
2,DALYs (Disability-Adjusted Life Years),44634,High-middle SDI,3,Both,22,All ages,559,Schizophrenia,1,Number,2015,2750840.837049929,3471526.649458362,2060322.7770209522
2,DALYs (Disability-Adjusted Life Years),44634,High-middle SDI,3,Both,22,All ages,559,Schizophrenia,3,Rate,2015,217.1039672171713,273.9824848266437,162.60637206434964
2,DALYs (Disability-Adjusted Life Years),44634,High-middle SDI,3,Both,27,Age-standardized,559,Schizophrenia,3,Rate,2015,180.149425306117,227.6691788251827,135.12836974841892
2,DALYs (Disability-Adjusted Life Years),56,Eastern Europe,3,Both,22,All ages,559,Schizophrenia,1,Number,2018,330432.19054809364,426128.8982796899,239582.95585791697
2,DALYs (Disability-Adjusted Life Years),56,Eastern Europe,3,Both,22,All ages,559,Schizophrenia,3,Rate,2018,157.70596482738276,203.3793043364123,114.34618747978706
2,DALYs (Disability-Adjusted Life Years),56,Eastern Europe,3,Both,27,Age-standardized,559,Schizophrenia,3,Rate,2018,131.27261506366213,169.7146403146829,96.54719087126992
2,DALYs (Disability-Adjusted Life Years),44636,Low-middle SDI,3,Both,22,All ages,559,Schizophrenia,1,Number,2015,2910443.7420751113,3819746.3726708815,2129222.365128707
2,DALYs (Disability-Adjusted Life Years),44636,Low-middle SDI,3,Both,22,All ages,559,Schizophrenia,3,Rate,2015,163.84952926943387,215.0406262945035,119.8690348116975
2,DALYs (Disability-Adjusted Life Years),44636,Low-middle SDI,3,Both,27,Age-standardized,559,Schizophrenia,3,Rate,2015,174.63457499099218,228.08396819188033,127.13541097624476
2,DALYs (Disability-Adjusted Life Years),44636,Low-middle SDI,3,Both,22,All ages,559,Schizophrenia,1,Number,2016,2976320.703391182,3911661.868455454,2184244.8431186303
2,DALYs (Disability-Adjusted Life Years),44636,Low-middle SDI,3,Both,22,All ages,559,Schizophrenia,3,Rate,2016,165.0954473795591,216.9784880488183,121.15928204588012
2,DALYs (Disability-Adjusted Life Years),44636,Low-middle SDI,3,Both,27,Age-standardized,559,Schizophrenia,3,Rate,2016,174.7157637063642,228.47161128141204,127.53406875297284
2,DALYs (Disability-Adjusted Life Years),104,Caribbean,3,Both,22,All ages,559,Schizophrenia,1,Number,2018,69972.06877566312,94475.1770078057,50041.71572791545
2,DALYs (Disability-Adjusted Life Years),104,Caribbean,3,Both,22,All ages,559,Schizophrenia,3,Rate,2018,150.3679948442549,203.0244807362447,107.53823038586519
2,DALYs (Disability-Adjusted Life Years),104,Caribbean,3,Both,27,Age-standardized,559,Schizophrenia,3,Rate,2018,141.8562089247136,192.1732908097404,101.37645805982092
2,DALYs (Disability-Adjusted Life Years),65,High-income Asia Pacific,3,Both,22,All ages,559,Schizophrenia,1,Number,2015,415051.8811633077,531081.700899542,303215.8212415079
2,DALYs (Disability-Adjusted Life Years),65,High-income Asia Pacific,3,Both,22,All ages,559,Schizophrenia,3,Rate,2015,222.02141966014065,284.0886128711327,162.1975713175163
2,DALYs (Disability-Adjusted Life Years),65,High-income Asia Pacific,3,Both,27,Age-standardized,559,Schizophrenia,3,Rate,2015,185.1350310794738,244.09643133591888,135.41765008541117
2,DALYs (Disability-Adjusted Life Years),96,Southern Latin America,3,Both,22,All ages,559,Schizophrenia,1,Number,2016,125316.16111749313,167802.48605178623,89442.49811799309
2,DALYs (Disability-Adjusted Life Years),96,Southern Latin America,3,Both,22,All ages,559,Schizophrenia,3,Rate,2016,192.79846587612414,258.163524899647,137.60696359912686
2,DALYs (Disability-Adjusted Life Years),96,Southern Latin America,3,Both,27,Age-standardized,559,Schizophrenia,3,Rate,2016,178.81173031438178,240.28888537216267,127.32627258514928
2,DALYs (Disability-Adjusted Life Years),120,Andean Latin America,3,Both,22,All ages,559,Schizophrenia,1,Number,2015,90723.50985441137,123307.5401777216,64801.61925750227
2,DALYs (Disability-Adjusted Life Years),120,Andean Latin America,3,Both,22,All ages,559,Schizophrenia,3,Rate,2015,152.93080470245516,207.85705243900864,109.234792557908
2,DALYs (Disability-Adjusted Life Years),120,Andean Latin America,3,Both,27,Age-standardized,559,Schizophrenia,3,Rate,2015,154.24738300775635,208.29117187583807,110.60073801667964
2,DALYs (Disability-Adjusted Life Years),70,Australasia,3,Both,22,All ages,559,Schizophrenia,1,Number,2016,78452.21217902374,96362.38779926361,59692.09481178841
2,DALYs (Disability-Adjusted Life Years),70,Australasia,3,Both,22,All ages,559,Schizophrenia,3,Rate,2016,276.25816372280946,339.3262671117842,210.19711291049643
2,DALYs (Disability-Adjusted Life Years),70,Australasia,3,Both,27,Age-standardized,559,Schizophrenia,3,Rate,2016,246.7661330960487,304.82577945611945,187.4897784712895
2,DALYs (Disability-Adjusted Life Years),5,East Asia,3,Both,22,All ages,559,Schizophrenia,1,Number,2016,3448295.85091601,4352060.390313223,2582130.3441139054
2,DALYs (Disability-Adjusted Life Years),5,East Asia,3,Both,22,All ages,559,Schizophrenia,3,Rate,2016,239.89302996491637,302.7666414832703,179.63512958126537
2,DALYs (Disability-Adjusted Life Years),5,East Asia,3,Both,27,Age-standardized,559,Schizophrenia,3,Rate,2016,196.46423390128655,247.6296614587546,146.95001469753035
2,DALYs (Disability-Adjusted Life Years),134,Tropical Latin America,3,Both,22,All ages,559,Schizophrenia,1,Number,2016,370799.4680717722,479123.504341595,272957.69128605
2,DALYs (Disability-Adjusted Life Years),134,Tropical Latin America,3,Both,22,All ages,559,Schizophrenia,3,Rate,2016,170.72754757648923,220.6032854034751,125.67816633541548
2,DALYs (Disability-Adjusted Life Years),134,Tropical Latin America,3,Both,27,Age-standardized,559,Schizophrenia,3,Rate,2016,154.23355619251987,198.87455030454637,113.67109940672157
2,DALYs (Disability-Adjusted Life Years),120,Andean Latin America,3,Both,22,All ages,559,Schizophrenia,1,Number,2016,92715.69301699755,125859.82534594882,66803.27777939157
2,DALYs (Disability-Adjusted Life Years),120,Andean Latin America,3,Both,22,All ages,559,Schizophrenia,3,Rate,2016,153.91010494991775,208.9300990763452,110.89492144700598
2,DALYs (Disability-Adjusted Life Years),120,Andean Latin America,3,Both,27,Age-standardized,559,Schizophrenia,3,Rate,2016,154.20413515108484,207.2538124283157,111.69752753961257
2,DALYs (Disability-Adjusted Life Years),44639,Middle SDI,3,Both,22,All ages,559,Schizophrenia,1,Number,2015,4554872.950994239,5888681.61513335,3373441.468972032
2,DALYs (Disability-Adjusted Life Years),44639,Middle SDI,3,Both,22,All ages,559,Schizophrenia,3,Rate,2015,196.8918325751589,254.54789346038095,145.82252459225177
2,DALYs (Disability-Adjusted Life Years),44639,Middle SDI,3,Both,27,Age-standardized,559,Schizophrenia,3,Rate,2015,178.6497107322168,230.5762006009437,132.48853681926184
2,DALYs (Disability-Adjusted Life Years),5,East Asia,3,Both,22,All ages,559,Schizophrenia,1,Number,2017,3471475.3807777436,4361537.248605246,2606199.1450168
2,DALYs (Disability-Adjusted Life Years),5,East Asia,3,Both,22,All ages,559,Schizophrenia,3,Rate,2017,239.76188331277984,301.23514360921354,180.00047436816038
2,DALYs (Disability-Adjusted Life Years),5,East Asia,3,Both,27,Age-standardized,559,Schizophrenia,3,Rate,2017,197.48536985331626,247.96923491988707,148.56978508820865
2,DALYs (Disability-Adjusted Life Years),44634,High-middle SDI,3,Both,22,All ages,559,Schizophrenia,1,Number,2016,2770661.3467723113,3491909.061146209,2065692.8572470052
2,DALYs (Disability-Adjusted Life Years),44634,High-middle SDI,3,Both,22,All ages,559,Schizophrenia,3,Rate,2016,217.21856808154467,273.76405529198814,161.94936456965073
2,DALYs (Disability-Adjusted Life Years),44634,High-middle SDI,3,Both,27,Age-standardized,559,Schizophrenia,3,Rate,2016,180.54161472539914,228.69168511471528,134.78580621637528
2,DALYs (Disability-Adjusted Life Years),1,Global,3,Both,22,All ages,559,Schizophrenia,1,Number,2016,13969344.618242377,18079380.331602246,10306040.380852707
2,DALYs (Disability-Adjusted Life Years),1,Global,3,Both,22,All ages,559,Schizophrenia,3,Rate,2016,186.59100510109815,241.48947855959858,137.65960292543514
2,DALYs (Disability-Adjusted Life Years),1,Global,3,Both,27,Age-standardized,559,Schizophrenia,3,Rate,2016,178.12180221200526,230.28082869110253,131.47255816765647
2,DALYs (Disability-Adjusted Life Years),70,Australasia,3,Both,22,All ages,559,Schizophrenia,1,Number,2017,79874.90133069202,97643.3415964105,59462.31156406348
2,DALYs (Disability-Adjusted Life Years),70,Australasia,3,Both,22,All ages,559,Schizophrenia,3,Rate,2017,276.34830674697986,337.822916407366,205.7255638784265
2,DALYs (Disability-Adjusted Life Years),70,Australasia,3,Both,27,Age-standardized,559,Schizophrenia,3,Rate,2017,246.94627297419538,301.3553350984903,183.46013311071258
2,DALYs (Disability-Adjusted Life Years),134,Tropical Latin America,3,Both,22,All ages,559,Schizophrenia,1,Number,2017,376339.32575264043,488571.6157276754,277064.0027896854
2,DALYs (Disability-Adjusted Life Years),134,Tropical Latin America,3,Both,22,All ages,559,Schizophrenia,3,Rate,2017,171.5467321434097,222.70557010881387,126.29406766908838
2,DALYs (Disability-Adjusted Life Years),134,Tropical Latin America,3,Both,27,Age-standardized,559,Schizophrenia,3,Rate,2017,154.294206896534,199.825252080086,113.88014616849001
2,DALYs (Disability-Adjusted Life Years),44636,Low-middle SDI,3,Both,22,All ages,559,Schizophrenia,1,Number,2017,3040388.763218967,4014670.6773738507,2225834.1410118025
2,DALYs (Disability-Adjusted Life Years),44636,Low-middle SDI,3,Both,22,All ages,559,Schizophrenia,3,Rate,2017,166.23552403846531,219.50511459874056,121.69914233667234
2,DALYs (Disability-Adjusted Life Years),44636,Low-middle SDI,3,Both,27,Age-standardized,559,Schizophrenia,3,Rate,2017,174.64760580019853,229.2152450191025,127.4587997982185
2,DALYs (Disability-Adjusted Life Years),120,Andean Latin America,3,Both,22,All ages,559,Schizophrenia,1,Number,2017,94996.83259807524,130075.66824292442,68058.68069011383
2,DALYs (Disability-Adjusted Life Years),120,Andean Latin America,3,Both,22,All ages,559,Schizophrenia,3,Rate,2017,155.14050717506956,212.4281893452546,111.1474767227587
2,DALYs (Disability-Adjusted Life Years),120,Andean Latin America,3,Both,27,Age-standardized,559,Schizophrenia,3,Rate,2017,154.46645594538234,209.80328071835993,110.2278918968497
2,DALYs (Disability-Adjusted Life Years),96,Southern Latin America,3,Both,22,All ages,559,Schizophrenia,1,Number,2017,126885.87058476688,170728.36542178137,89564.53410446757
2,DALYs (Disability-Adjusted Life Years),96,Southern Latin America,3,Both,22,All ages,559,Schizophrenia,3,Rate,2017,193.52665378831708,260.3953388549551,136.60405609754403
2,DALYs (Disability-Adjusted Life Years),96,Southern Latin America,3,Both,27,Age-standardized,559,Schizophrenia,3,Rate,2017,178.66926845759602,240.49059092972814,125.99447173404373
2,DALYs (Disability-Adjusted Life Years),44634,High-middle SDI,3,Both,22,All ages,559,Schizophrenia,1,Number,2017,2793901.961433565,3519072.4560495983,2084002.6486572921
2,DALYs (Disability-Adjusted Life Years),44634,High-middle SDI,3,Both,22,All ages,559,Schizophrenia,3,Rate,2017,217.67202543258227,274.1698311988324,162.36399265324945
2,DALYs (Disability-Adjusted Life Years),44634,High-middle SDI,3,Both,27,Age-standardized,559,Schizophrenia,3,Rate,2017,181.33396347127484,230.0513853491152,135.61935667106803
2,DALYs (Disability-Adjusted Life Years),73,Western Europe,3,Both,22,All ages,559,Schizophrenia,1,Number,2018,849318.3463281709,1082260.0670530703,617451.0358945418
2,DALYs (Disability-Adjusted Life Years),73,Western Europe,3,Both,22,All ages,559,Schizophrenia,3,Rate,2018,195.17870607607142,248.71018086261967,141.89413754246277
2,DALYs (Disability-Adjusted Life Years),73,Western Europe,3,Both,27,Age-standardized,559,Schizophrenia,3,Rate,2018,164.03824993439906,213.3940571269958,118.93330008346621
2,DALYs (Disability-Adjusted Life Years),65,High-income Asia Pacific,3,Both,22,All ages,559,Schizophrenia,1,Number,2016,411120.07710523315,526030.2396139152,297758.18074120587
2,DALYs (Disability-Adjusted Life Years),65,High-income Asia Pacific,3,Both,22,All ages,559,Schizophrenia,3,Rate,2016,219.78206371602673,281.2122736827309,159.17954655102116
2,DALYs (Disability-Adjusted Life Years),65,High-income Asia Pacific,3,Both,27,Age-standardized,559,Schizophrenia,3,Rate,2016,183.5100266094826,241.75414505464298,134.3405260124917
2,DALYs (Disability-Adjusted Life Years),104,Caribbean,3,Both,22,All ages,559,Schizophrenia,1,Number,2019,70818.052548055,96130.18155363819,49840.9593299453
2,DALYs (Disability-Adjusted Life Years),104,Caribbean,3,Both,22,All ages,559,Schizophrenia,3,Rate,2019,151.0272121860084,205.00808486832028,106.29127559205385
2,DALYs (Disability-Adjusted Life Years),104,Caribbean,3,Both,27,Age-standardized,559,Schizophrenia,3,Rate,2019,142.1003967310909,193.2832198369599,100.23648835742328
2,DALYs (Disability-Adjusted Life Years),159,South Asia,3,Both,22,All ages,559,Schizophrenia,1,Number,2018,3332909.3345550667,4339954.203415748,2464915.497969199
2,DALYs (Disability-Adjusted Life Years),159,South Asia,3,Both,22,All ages,559,Schizophrenia,3,Rate,2018,186.67862959900853,243.08393115177947,138.06167556600371
2,DALYs (Disability-Adjusted Life Years),159,South Asia,3,Both,27,Age-standardized,559,Schizophrenia,3,Rate,2018,187.45643162961886,242.79269113313137,138.5543107420126
2,DALYs (Disability-Adjusted Life Years),1,Global,3,Both,22,All ages,559,Schizophrenia,1,Number,2017,14148833.598499153,18285564.581305984,10422767.034863438
2,DALYs (Disability-Adjusted Life Years),1,Global,3,Both,22,All ages,559,Schizophrenia,3,Rate,2017,186.76960442628334,241.37591553299794,137.58420880257177
2,DALYs (Disability-Adjusted Life Years),1,Global,3,Both,27,Age-standardized,559,Schizophrenia,3,Rate,2017,178.0437113573841,229.8242616899178,131.19383339606986
2,DALYs (Disability-Adjusted Life Years),44636,Low-middle SDI,3,Both,22,All ages,559,Schizophrenia,1,Number,2018,3104427.039163643,4093246.331260662,2280410.5106097003
2,DALYs (Disability-Adjusted Life Years),44636,Low-middle SDI,3,Both,22,All ages,559,Schizophrenia,3,Rate,2018,167.457188654588,220.7955008948383,123.00857074996767
2,DALYs (Disability-Adjusted Life Years),44636,Low-middle SDI,3,Both,27,Age-standardized,559,Schizophrenia,3,Rate,2018,174.63569711324828,228.1176195205406,127.63240539333194
2,DALYs (Disability-Adjusted Life Years),44639,Middle SDI,3,Both,22,All ages,559,Schizophrenia,1,Number,2016,4613817.630770515,5982626.033696072,3402544.2061666865
2,DALYs (Disability-Adjusted Life Years),44639,Middle SDI,3,Both,22,All ages,559,Schizophrenia,3,Rate,2016,197.33027440280208,255.8734070903098,145.5248203554173
2,DALYs (Disability-Adjusted Life Years),44639,Middle SDI,3,Both,27,Age-standardized,559,Schizophrenia,3,Rate,2016,178.72420186420726,231.49408058557086,132.00874529617286
2,DALYs (Disability-Adjusted Life Years),5,East Asia,3,Both,22,All ages,559,Schizophrenia,1,Number,2018,3496021.646854706,4390502.21080339,2632330.4523303397
2,DALYs (Disability-Adjusted Life Years),5,East Asia,3,Both,22,All ages,559,Schizophrenia,3,Rate,2018,239.94598652169302,301.337774966207,180.66739598244442
2,DALYs (Disability-Adjusted Life Years),5,East Asia,3,Both,27,Age-standardized,559,Schizophrenia,3,Rate,2018,198.82900447507268,249.16236691772932,150.21729674254914
2,DALYs (Disability-Adjusted Life Years),44635,High SDI,3,Both,22,All ages,559,Schizophrenia,1,Number,2018,2408095.7109909942,3057749.517873856,1791601.2358075012
2,DALYs (Disability-Adjusted Life Years),44635,High SDI,3,Both,22,All ages,559,Schizophrenia,3,Rate,2018,222.49138761607242,282.51490591051294,165.53156221745033
2,DALYs (Disability-Adjusted Life Years),44635,High SDI,3,Both,27,Age-standardized,559,Schizophrenia,3,Rate,2018,189.4843107411484,243.52566356902923,141.4011341110152
2,DALYs (Disability-Adjusted Life Years),134,Tropical Latin America,3,Both,22,All ages,559,Schizophrenia,1,Number,2018,381283.57615463395,490478.2962423996,282364.42855730094
2,DALYs (Disability-Adjusted Life Years),134,Tropical Latin America,3,Both,22,All ages,559,Schizophrenia,3,Rate,2018,172.07575745798138,221.3560447418328,127.43290286251987
2,DALYs (Disability-Adjusted Life Years),134,Tropical Latin America,3,Both,27,Age-standardized,559,Schizophrenia,3,Rate,2018,154.15814926924588,198.35050161753344,114.38562040664958
2,DALYs (Disability-Adjusted Life Years),120,Andean Latin America,3,Both,22,All ages,559,Schizophrenia,1,Number,2018,97606.42206006865,134240.46594485946,69764.53008272298
2,DALYs (Disability-Adjusted Life Years),120,Andean Latin America,3,Both,22,All ages,559,Schizophrenia,3,Rate,2018,156.32830394020368,215.0020861167074,111.7361996560592
2,DALYs (Disability-Adjusted Life Years),120,Andean Latin America,3,Both,27,Age-standardized,559,Schizophrenia,3,Rate,2018,154.73193522057585,211.82896617275978,109.9693817399171
2,DALYs (Disability-Adjusted Life Years),96,Southern Latin America,3,Both,22,All ages,559,Schizophrenia,1,Number,2018,128396.94082701801,173942.7702728744,91295.73902932831
2,DALYs (Disability-Adjusted Life Years),96,Southern Latin America,3,Both,22,All ages,559,Schizophrenia,3,Rate,2018,193.97504171007685,262.78317771062717,137.92458505709047
2,DALYs (Disability-Adjusted Life Years),96,Southern Latin America,3,Both,27,Age-standardized,559,Schizophrenia,3,Rate,2018,178.23012580758194,241.85189440351604,126.7046849528839
2,DALYs (Disability-Adjusted Life Years),1,Global,3,Both,22,All ages,559,Schizophrenia,1,Number,2018,14325839.10217381,18447898.846718345,10576662.033109598
2,DALYs (Disability-Adjusted Life Years),1,Global,3,Both,22,All ages,559,Schizophrenia,3,Rate,2018,186.97191925649625,240.77047278139827,138.0399979054451
2,DALYs (Disability-Adjusted Life Years),1,Global,3,Both,27,Age-standardized,559,Schizophrenia,3,Rate,2018,177.98133458237098,228.88458913627028,131.40582161359185
2,DALYs (Disability-Adjusted Life Years),65,High-income Asia Pacific,3,Both,22,All ages,559,Schizophrenia,1,Number,2017,403209.9894633634,517387.65991106717,293679.8492120798
2,DALYs (Disability-Adjusted Life Years),65,High-income Asia Pacific,3,Both,22,All ages,559,Schizophrenia,3,Rate,2017,215.6760994030393,276.7494736859047,157.0886783723626
2,DALYs (Disability-Adjusted Life Years),65,High-income Asia Pacific,3,Both,27,Age-standardized,559,Schizophrenia,3,Rate,2017,180.71952885956932,239.56356144962018,132.67724836847367
2,DALYs (Disability-Adjusted Life Years),44639,Middle SDI,3,Both,22,All ages,559,Schizophrenia,1,Number,2017,4676316.040368652,6042579.30410904,3451774.5297960294
2,DALYs (Disability-Adjusted Life Years),44639,Middle SDI,3,Both,22,All ages,559,Schizophrenia,3,Rate,2017,197.90561756434857,255.72702497818761,146.08199362811246
2,DALYs (Disability-Adjusted Life Years),44639,Middle SDI,3,Both,27,Age-standardized,559,Schizophrenia,3,Rate,2017,179.02293478661457,231.15513116742335,132.56169098801573
2,DALYs (Disability-Adjusted Life Years),5,East Asia,3,Both,22,All ages,559,Schizophrenia,1,Number,2019,3517997.823963797,4408129.462787524,2642846.4976903833
2,DALYs (Disability-Adjusted Life Years),5,East Asia,3,Both,22,All ages,559,Schizophrenia,3,Rate,2019,240.25279942502192,301.04209742499245,180.486544134731
2,DALYs (Disability-Adjusted Life Years),5,East Asia,3,Both,27,Age-standardized,559,Schizophrenia,3,Rate,2019,200.2254784359686,251.11544802647288,150.47569565293418
2,DALYs (Disability-Adjusted Life Years),44639,Middle SDI,3,Both,22,All ages,559,Schizophrenia,1,Number,2018,4736725.144831609,6113526.190397657,3502925.9217566317
2,DALYs (Disability-Adjusted Life Years),44639,Middle SDI,3,Both,22,All ages,559,Schizophrenia,3,Rate,2018,198.41599525984049,256.08861534607274,146.73355785594038
2,DALYs (Disability-Adjusted Life Years),44639,Middle SDI,3,Both,27,Age-standardized,559,Schizophrenia,3,Rate,2018,179.276917076592,230.82546011457208,132.97461412957924
2,DALYs (Disability-Adjusted Life Years),42,Central Europe,3,Both,22,All ages,559,Schizophrenia,1,Number,2018,201222.60681817698,265621.01862649375,142089.16203114984
2,DALYs (Disability-Adjusted Life Years),42,Central Europe,3,Both,22,All ages,559,Schizophrenia,3,Rate,2018,172.39188822475842,227.56344168914006,121.73094925142804
2,DALYs (Disability-Adjusted Life Years),42,Central Europe,3,Both,27,Age-standardized,559,Schizophrenia,3,Rate,2018,143.73193978406948,191.77758975083242,101.86901694092339
2,DALYs (Disability-Adjusted Life Years),134,Tropical Latin America,3,Both,22,All ages,559,Schizophrenia,1,Number,2019,386659.9682992881,499298.07823255437,285939.92213012587
2,DALYs (Disability-Adjusted Life Years),134,Tropical Latin America,3,Both,22,All ages,559,Schizophrenia,3,Rate,2019,172.80632090855508,223.14661720888193,127.79245330599895
2,DALYs (Disability-Adjusted Life Years),134,Tropical Latin America,3,Both,27,Age-standardized,559,Schizophrenia,3,Rate,2019,154.2644551954631,198.8779285715371,114.28030184168293
2,DALYs (Disability-Adjusted Life Years),73,Western Europe,3,Both,22,All ages,559,Schizophrenia,1,Number,2019,846597.0066608078,1083249.0065166154,614143.3059439643
2,DALYs (Disability-Adjusted Life Years),73,Western Europe,3,Both,22,All ages,559,Schizophrenia,3,Rate,2019,194.0822123831687,248.33464103050764,140.79224306267042
2,DALYs (Disability-Adjusted Life Years),73,Western Europe,3,Both,27,Age-standardized,559,Schizophrenia,3,Rate,2019,163.33252844845487,212.0309504901466,119.50437561172726
2,DALYs (Disability-Adjusted Life Years),1,Global,3,Both,22,All ages,559,Schizophrenia,1,Number,2019,14505980.169810629,18760486.874446467,10677272.012564566
2,DALYs (Disability-Adjusted Life Years),1,Global,3,Both,22,All ages,559,Schizophrenia,3,Rate,2019,187.28683007595276,242.21680136506532,137.85434735762584
2,DALYs (Disability-Adjusted Life Years),1,Global,3,Both,27,Age-standardized,559,Schizophrenia,3,Rate,2019,178.00801612384936,229.90686163254188,131.00126036041604
2,DALYs (Disability-Adjusted Life Years),42,Central Europe,3,Both,22,All ages,559,Schizophrenia,1,Number,2019,200284.0699868945,264253.4547027158,141992.67115762073
2,DALYs (Disability-Adjusted Life Years),42,Central Europe,3,Both,22,All ages,559,Schizophrenia,3,Rate,2019,172.1061187075657,227.07565532758488,122.01573255155485
2,DALYs (Disability-Adjusted Life Years),42,Central Europe,3,Both,27,Age-standardized,559,Schizophrenia,3,Rate,2019,143.71544571213812,191.83360051490774,102.88850245745974
2,DALYs (Disability-Adjusted Life Years),44637,Low SDI,3,Both,22,All ages,559,Schizophrenia,1,Number,2018,1247908.0035834296,1655132.6345686256,901211.7505699467
2,DALYs (Disability-Adjusted Life Years),44637,Low SDI,3,Both,22,All ages,559,Schizophrenia,3,Rate,2018,119.81056774342535,158.9078522366257,86.52456045059152
2,DALYs (Disability-Adjusted Life Years),44637,Low SDI,3,Both,27,Age-standardized,559,Schizophrenia,3,Rate,2018,155.40255386144835,202.52750873096326,112.22147617692525
2,DALYs (Disability-Adjusted Life Years),159,South Asia,3,Both,22,All ages,559,Schizophrenia,1,Number,2019,3403296.37452735,4424961.420127317,2506871.215469662
2,DALYs (Disability-Adjusted Life Years),159,South Asia,3,Both,22,All ages,559,Schizophrenia,3,Rate,2019,188.29620747307132,244.8224785419533,138.69915827178062
2,DALYs (Disability-Adjusted Life Years),159,South Asia,3,Both,27,Age-standardized,559,Schizophrenia,3,Rate,2019,187.3782599051538,243.11639780983433,137.91821574189646
2,DALYs (Disability-Adjusted Life Years),44635,High SDI,3,Both,22,All ages,559,Schizophrenia,1,Number,2019,2406456.408627266,3056073.242455586,1781506.1095634708
2,DALYs (Disability-Adjusted Life Years),44635,High SDI,3,Both,22,All ages,559,Schizophrenia,3,Rate,2019,221.3595699352994,281.1150271475894,163.87308111474678
2,DALYs (Disability-Adjusted Life Years),44635,High SDI,3,Both,27,Age-standardized,559,Schizophrenia,3,Rate,2019,188.68832340271322,243.15917202451112,140.46756726477227
2,DALYs (Disability-Adjusted Life Years),65,High-income Asia Pacific,3,Both,22,All ages,559,Schizophrenia,1,Number,2018,394954.182792595,506126.0537225102,287539.72904771904
2,DALYs (Disability-Adjusted Life Years),65,High-income Asia Pacific,3,Both,22,All ages,559,Schizophrenia,3,Rate,2018,211.51726040795123,271.05522860278495,153.99157268466448
2,DALYs (Disability-Adjusted Life Years),65,High-income Asia Pacific,3,Both,27,Age-standardized,559,Schizophrenia,3,Rate,2018,177.80151038494574,233.3229000037542,131.54634372953873
2,DALYs (Disability-Adjusted Life Years),32,Central Asia,3,Both,22,All ages,559,Schizophrenia,1,Number,2019,136057.94615945208,184552.04469213897,95081.98520137326
2,DALYs (Disability-Adjusted Life Years),32,Central Asia,3,Both,22,All ages,559,Schizophrenia,3,Rate,2019,145.87958655832045,197.87433764897807,101.94568624507394
2,DALYs (Disability-Adjusted Life Years),32,Central Asia,3,Both,27,Age-standardized,559,Schizophrenia,3,Rate,2019,138.9069021397182,187.81425187637905,97.31304744202144
2,DALYs (Disability-Adjusted Life Years),56,Eastern Europe,3,Both,22,All ages,559,Schizophrenia,1,Number,2019,328428.1400576888,420983.7712658897,240555.9189792169
2,DALYs (Disability-Adjusted Life Years),56,Eastern Europe,3,Both,22,All ages,559,Schizophrenia,3,Rate,2019,157.19946950964933,201.50047283873147,115.14014251122569
2,DALYs (Disability-Adjusted Life Years),56,Eastern Europe,3,Both,27,Age-standardized,559,Schizophrenia,3,Rate,2019,131.10169394625976,168.72510640529904,96.51696466077306
2,DALYs (Disability-Adjusted Life Years),5,East Asia,3,Both,22,All ages,559,Schizophrenia,1,Number,2020,3562684.8154837647,4458782.395985486,2671002.554101214
2,DALYs (Disability-Adjusted Life Years),5,East Asia,3,Both,22,All ages,559,Schizophrenia,3,Rate,2020,242.4466773920209,303.4276207714229,181.76620388450178
2,DALYs (Disability-Adjusted Life Years),5,East Asia,3,Both,27,Age-standardized,559,Schizophrenia,3,Rate,2020,203.01461707417926,253.8905696101081,152.50292463727254
2,DALYs (Disability-Adjusted Life Years),73,Western Europe,3,Both,22,All ages,559,Schizophrenia,1,Number,2020,847829.6167811439,1088591.1919453386,613296.5059199804
2,DALYs (Disability-Adjusted Life Years),73,Western Europe,3,Both,22,All ages,559,Schizophrenia,3,Rate,2020,194.0429367141898,249.1460873568432,140.3652959625074
2,DALYs (Disability-Adjusted Life Years),73,Western Europe,3,Both,27,Age-standardized,559,Schizophrenia,3,Rate,2020,163.46722074794909,213.1321329701956,119.19956378954396
2,DALYs (Disability-Adjusted Life Years),70,Australasia,3,Both,22,All ages,559,Schizophrenia,1,Number,2018,81282.63186846918,99138.13004265928,60287.00815647852
2,DALYs (Disability-Adjusted Life Years),70,Australasia,3,Both,22,All ages,559,Schizophrenia,3,Rate,2018,276.30408925511523,337.00029270973994,204.9336555630555
2,DALYs (Disability-Adjusted Life Years),70,Australasia,3,Both,27,Age-standardized,559,Schizophrenia,3,Rate,2018,246.9936453134983,302.1977334015118,184.33135843239114
2,DALYs (Disability-Adjusted Life Years),65,High-income Asia Pacific,3,Both,22,All ages,559,Schizophrenia,1,Number,2019,389642.6356138422,498618.4258788763,282354.79787888797
2,DALYs (Disability-Adjusted Life Years),65,High-income Asia Pacific,3,Both,22,All ages,559,Schizophrenia,3,Rate,2019,209.0712963377043,267.5446451390821,151.50365546293514
2,DALYs (Disability-Adjusted Life Years),65,High-income Asia Pacific,3,Both,27,Age-standardized,559,Schizophrenia,3,Rate,2019,176.2483578564344,230.36625432722994,130.81805362410614
2,DALYs (Disability-Adjusted Life Years),44639,Middle SDI,3,Both,22,All ages,559,Schizophrenia,1,Number,2019,4792590.241918258,6196576.506585266,3531569.8845341867
2,DALYs (Disability-Adjusted Life Years),44639,Middle SDI,3,Both,22,All ages,559,Schizophrenia,3,Rate,2019,198.79403056998393,257.0306154498838,146.4875935867873
2,DALYs (Disability-Adjusted Life Years),44639,Middle SDI,3,Both,27,Age-standardized,559,Schizophrenia,3,Rate,2019,179.3963323240258,231.43178700801118,132.4748090831618
2,DALYs (Disability-Adjusted Life Years),44637,Low SDI,3,Both,22,All ages,559,Schizophrenia,1,Number,2019,1286934.1757152113,1707167.1878102047,926122.3504525385
2,DALYs (Disability-Adjusted Life Years),44637,Low SDI,3,Both,22,All ages,559,Schizophrenia,3,Rate,2019,120.62750120620552,160.01697358944125,86.8077226127139
2,DALYs (Disability-Adjusted Life Years),44637,Low SDI,3,Both,27,Age-standardized,559,Schizophrenia,3,Rate,2019,155.38045648991312,202.79134313888068,112.08583130542607
2,DALYs (Disability-Adjusted Life Years),44634,High-middle SDI,3,Both,22,All ages,559,Schizophrenia,1,Number,2018,2818435.585207355,3567045.9849469494,2118227.507815905
2,DALYs (Disability-Adjusted Life Years),44634,High-middle SDI,3,Both,22,All ages,559,Schizophrenia,3,Rate,2018,218.33758712166374,276.3306770582223,164.09411144914782
2,DALYs (Disability-Adjusted Life Years),44634,High-middle SDI,3,Both,27,Age-standardized,559,Schizophrenia,3,Rate,2018,182.311638357027,231.068580376027,137.4672797274704
2,DALYs (Disability-Adjusted Life Years),44635,High SDI,3,Both,22,All ages,559,Schizophrenia,1,Number,2020,2414829.6595795397,3055322.9538247297,1789901.285015971
2,DALYs (Disability-Adjusted Life Years),44635,High SDI,3,Both,22,All ages,559,Schizophrenia,3,Rate,2020,221.33234079349265,280.03705295215696,164.0542386210558
2,DALYs (Disability-Adjusted Life Years),44635,High SDI,3,Both,27,Age-standardized,559,Schizophrenia,3,Rate,2020,188.75279438247253,240.91424098152075,140.11318570280253
2,DALYs (Disability-Adjusted Life Years),42,Central Europe,3,Both,22,All ages,559,Schizophrenia,1,Number,2020,199499.87031812163,262915.3961752787,142363.42232526687
2,DALYs (Disability-Adjusted Life Years),42,Central Europe,3,Both,22,All ages,559,Schizophrenia,3,Rate,2020,172.11472323931167,226.82526347462795,122.82133814845298
2,DALYs (Disability-Adjusted Life Years),42,Central Europe,3,Both,27,Age-standardized,559,Schizophrenia,3,Rate,2020,144.05636443807197,193.1393999016277,102.91108547593045
2,DALYs (Disability-Adjusted Life Years),44634,High-middle SDI,3,Both,22,All ages,559,Schizophrenia,1,Number,2019,2843838.384522817,3587990.33568934,2128166.4514597147
2,DALYs (Disability-Adjusted Life Years),44634,High-middle SDI,3,Both,22,All ages,559,Schizophrenia,3,Rate,2019,219.24617318967435,276.6166863850875,164.07133152592382
2,DALYs (Disability-Adjusted Life Years),44634,High-middle SDI,3,Both,27,Age-standardized,559,Schizophrenia,3,Rate,2019,183.48035610302776,232.15074523355793,137.65156141428437
2,DALYs (Disability-Adjusted Life Years),44636,Low-middle SDI,3,Both,22,All ages,559,Schizophrenia,1,Number,2019,3165843.3492587674,4152531.6258040797,2315696.010676953
2,DALYs (Disability-Adjusted Life Years),44636,Low-middle SDI,3,Both,22,All ages,559,Schizophrenia,3,Rate,2019,168.64380001887955,221.20447407422702,123.35663260804003
2,DALYs (Disability-Adjusted Life Years),44636,Low-middle SDI,3,Both,27,Age-standardized,559,Schizophrenia,3,Rate,2019,174.5554472590867,228.97490523066605,127.06069186658726
2,DALYs (Disability-Adjusted Life Years),65,High-income Asia Pacific,3,Both,22,All ages,559,Schizophrenia,1,Number,2020,387953.14742992056,495010.860332859,284046.51231752563
2,DALYs (Disability-Adjusted Life Years),65,High-income Asia Pacific,3,Both,22,All ages,559,Schizophrenia,3,Rate,2020,208.63950792765166,266.2146782488661,152.7589734768152
2,DALYs (Disability-Adjusted Life Years),65,High-income Asia Pacific,3,Both,27,Age-standardized,559,Schizophrenia,3,Rate,2020,176.2381157188962,231.95199405116546,129.0807398846004
2,DALYs (Disability-Adjusted Life Years),32,Central Asia,3,Both,22,All ages,559,Schizophrenia,1,Number,2020,137973.19156454926,188115.60106320522,98270.42865043436
2,DALYs (Disability-Adjusted Life Years),32,Central Asia,3,Both,22,All ages,559,Schizophrenia,3,Rate,2020,145.87926785199286,198.89491460954875,103.90147550018874
2,DALYs (Disability-Adjusted Life Years),32,Central Asia,3,Both,27,Age-standardized,559,Schizophrenia,3,Rate,2020,138.91788821319523,189.16587192059933,99.483465606187
2,DALYs (Disability-Adjusted Life Years),70,Australasia,3,Both,22,All ages,559,Schizophrenia,1,Number,2019,82659.3926568581,101089.57501040855,61915.08705274458
2,DALYs (Disability-Adjusted Life Years),70,Australasia,3,Both,22,All ages,559,Schizophrenia,3,Rate,2019,276.16537644798206,337.74069274388455,206.85856469708938
2,DALYs (Disability-Adjusted Life Years),70,Australasia,3,Both,27,Age-standardized,559,Schizophrenia,3,Rate,2019,246.91913257402967,302.28219659377214,185.46452942020795
2,DALYs (Disability-Adjusted Life Years),56,Eastern Europe,3,Both,22,All ages,559,Schizophrenia,1,Number,2020,326805.9965000303,416900.3693324436,239217.27594906202
2,DALYs (Disability-Adjusted Life Years),56,Eastern Europe,3,Both,22,All ages,559,Schizophrenia,3,Rate,2020,157.0643492086879,200.3640872423707,114.96883829795668
2,DALYs (Disability-Adjusted Life Years),56,Eastern Europe,3,Both,27,Age-standardized,559,Schizophrenia,3,Rate,2020,131.36344847468783,168.9448163994199,96.84583742485094
2,DALYs (Disability-Adjusted Life Years),134,Tropical Latin America,3,Both,22,All ages,559,Schizophrenia,1,Number,2020,391164.83683403814,505478.07774167333,289814.6707836344
2,DALYs (Disability-Adjusted Life Years),134,Tropical Latin America,3,Both,22,All ages,559,Schizophrenia,3,Rate,2020,173.24445596084146,223.8730742958946,128.35710227881114
2,DALYs (Disability-Adjusted Life Years),134,Tropical Latin America,3,Both,27,Age-standardized,559,Schizophrenia,3,Rate,2020,154.131690115085,198.38119618752876,114.70326105029513
2,DALYs (Disability-Adjusted Life Years),159,South Asia,3,Both,22,All ages,559,Schizophrenia,1,Number,2020,3464932.50238604,4500365.820325318,2562599.7198898615
2,DALYs (Disability-Adjusted Life Years),159,South Asia,3,Both,22,All ages,559,Schizophrenia,3,Rate,2020,189.55070458415784,246.19455401849655,140.18818032899443
2,DALYs (Disability-Adjusted Life Years),159,South Asia,3,Both,27,Age-standardized,559,Schizophrenia,3,Rate,2020,186.9291694108721,241.54497939443522,138.14348314987308
2,DALYs (Disability-Adjusted Life Years),120,Andean Latin America,3,Both,22,All ages,559,Schizophrenia,1,Number,2019,100485.13953397372,137118.04452791318,70859.61419645077
2,DALYs (Disability-Adjusted Life Years),120,Andean Latin America,3,Both,22,All ages,559,Schizophrenia,3,Rate,2019,157.23841178426676,214.56131372782687,110.88060630227571
2,DALYs (Disability-Adjusted Life Years),120,Andean Latin America,3,Both,27,Age-standardized,559,Schizophrenia,3,Rate,2019,154.7754279476225,210.21523185302638,108.83916444592205
2,DALYs (Disability-Adjusted Life Years),96,Southern Latin America,3,Both,22,All ages,559,Schizophrenia,1,Number,2019,130066.29315467953,176658.0090965882,92195.58975723131
2,DALYs (Disability-Adjusted Life Years),96,Southern Latin America,3,Both,22,All ages,559,Schizophrenia,3,Rate,2019,194.58620069232597,264.28992460863964,137.92958264838907
2,DALYs (Disability-Adjusted Life Years),96,Southern Latin America,3,Both,27,Age-standardized,559,Schizophrenia,3,Rate,2019,177.81573461976078,240.66629377182568,126.12948028772587
2,DALYs (Disability-Adjusted Life Years),44636,Low-middle SDI,3,Both,22,All ages,559,Schizophrenia,1,Number,2020,3216591.778526168,4225529.795753425,2362783.300539417
2,DALYs (Disability-Adjusted Life Years),44636,Low-middle SDI,3,Both,22,All ages,559,Schizophrenia,3,Rate,2020,169.32454291529814,222.4360287237802,124.3792280520752
2,DALYs (Disability-Adjusted Life Years),44636,Low-middle SDI,3,Both,27,Age-standardized,559,Schizophrenia,3,Rate,2020,173.940380011278,227.95493006147444,127.29928096982172
2,DALYs (Disability-Adjusted Life Years),73,Western Europe,3,Both,22,All ages,559,Schizophrenia,1,Number,2021,847986.8335521121,1085059.6536539057,619730.2466362878
2,DALYs (Disability-Adjusted Life Years),73,Western Europe,3,Both,22,All ages,559,Schizophrenia,3,Rate,2021,193.87463511862455,248.07642773520072,141.68849171312263
2,DALYs (Disability-Adjusted Life Years),73,Western Europe,3,Both,27,Age-standardized,559,Schizophrenia,3,Rate,2021,163.47788130190824,212.62936918213637,121.0665170402073
2,DALYs (Disability-Adjusted Life Years),5,East Asia,3,Both,22,All ages,559,Schizophrenia,1,Number,2021,3559796.604874318,4460256.680438117,2653372.100690077
2,DALYs (Disability-Adjusted Life Years),5,East Asia,3,Both,22,All ages,559,Schizophrenia,3,Rate,2021,241.70676648550432,302.8471397629555,180.1614142399273
2,DALYs (Disability-Adjusted Life Years),5,East Asia,3,Both,27,Age-standardized,559,Schizophrenia,3,Rate,2021,203.25182688639555,255.72194264371134,151.83322334509776
2,DALYs (Disability-Adjusted Life Years),70,Australasia,3,Both,22,All ages,559,Schizophrenia,1,Number,2020,84102.39732008803,102195.24332485543,63540.40647555351
2,DALYs (Disability-Adjusted Life Years),70,Australasia,3,Both,22,All ages,559,Schizophrenia,3,Rate,2020,276.0822761895605,335.47551903295204,208.58359106002172
2,DALYs (Disability-Adjusted Life Years),70,Australasia,3,Both,27,Age-standardized,559,Schizophrenia,3,Rate,2020,246.8538497345865,301.45610460765573,185.05939242100342
2,DALYs (Disability-Adjusted Life Years),44637,Low SDI,3,Both,22,All ages,559,Schizophrenia,1,Number,2020,1321769.9472701175,1752107.1473187106,953024.2620356287
2,DALYs (Disability-Adjusted Life Years),44637,Low SDI,3,Both,22,All ages,559,Schizophrenia,3,Rate,2020,121.00569171516393,160.40229826549088,87.2476789831173
2,DALYs (Disability-Adjusted Life Years),44637,Low SDI,3,Both,27,Age-standardized,559,Schizophrenia,3,Rate,2020,154.80406666566535,203.5622915869618,111.93081080042673
2,DALYs (Disability-Adjusted Life Years),120,Andean Latin America,3,Both,22,All ages,559,Schizophrenia,1,Number,2020,102412.24102654438,138815.59615004802,73192.59855395353
2,DALYs (Disability-Adjusted Life Years),120,Andean Latin America,3,Both,22,All ages,559,Schizophrenia,3,Rate,2020,157.06407751464013,212.89392103333634,112.25150292137891
2,DALYs (Disability-Adjusted Life Years),120,Andean Latin America,3,Both,27,Age-standardized,559,Schizophrenia,3,Rate,2020,153.73088142578845,207.44752726295852,110.15930307156147
2,DALYs (Disability-Adjusted Life Years),21,Oceania,3,Both,22,All ages,559,Schizophrenia,1,Number,2005,14177.008652683593,19697.46102381006,10073.598724744417
2,DALYs (Disability-Adjusted Life Years),21,Oceania,3,Both,22,All ages,559,Schizophrenia,3,Rate,2005,150.30288259281025,208.83003207293427,106.79904086294952
2,DALYs (Disability-Adjusted Life Years),21,Oceania,3,Both,27,Age-standardized,559,Schizophrenia,3,Rate,2005,174.8881026512732,237.3034736867518,124.34278140547286
2,DALYs (Disability-Adjusted Life Years),159,South Asia,3,Both,22,All ages,559,Schizophrenia,1,Number,2021,3525714.885793564,4589423.23435039,2621573.8556438885
2,DALYs (Disability-Adjusted Life Years),159,South Asia,3,Both,22,All ages,559,Schizophrenia,3,Rate,2021,190.93303752664596,248.53754401999882,141.96980628677974
2,DALYs (Disability-Adjusted Life Years),159,South Asia,3,Both,27,Age-standardized,559,Schizophrenia,3,Rate,2021,186.5744333299646,241.75796739544472,138.36874932244902
2,DALYs (Disability-Adjusted Life Years),42,Central Europe,3,Both,22,All ages,559,Schizophrenia,1,Number,2021,197736.69533915873,261296.2045217497,140249.58663311845
2,DALYs (Disability-Adjusted Life Years),42,Central Europe,3,Both,22,All ages,559,Schizophrenia,3,Rate,2021,171.5514019191609,226.69403938898012,121.67702693840657
2,DALYs (Disability-Adjusted Life Years),42,Central Europe,3,Both,27,Age-standardized,559,Schizophrenia,3,Rate,2021,143.82793001949327,192.1952701019507,102.57973714601046
2,DALYs (Disability-Adjusted Life Years),1,Global,3,Both,22,All ages,559,Schizophrenia,1,Number,2020,14673945.676178886,18934214.158477172,10800648.046552842
2,DALYs (Disability-Adjusted Life Years),1,Global,3,Both,22,All ages,559,Schizophrenia,3,Rate,2020,187.58966295655085,242.05233757283443,138.07396943374633
2,DALYs (Disability-Adjusted Life Years),1,Global,3,Both,27,Age-standardized,559,Schizophrenia,3,Rate,2020,177.9515590536363,229.33459887831302,131.30605554377345
2,DALYs (Disability-Adjusted Life Years),96,Southern Latin America,3,Both,22,All ages,559,Schizophrenia,1,Number,2020,131874.19813714852,178325.0254314299,93449.76603213284
2,DALYs (Disability-Adjusted Life Years),96,Southern Latin America,3,Both,22,All ages,559,Schizophrenia,3,Rate,2020,195.77763094468153,264.73754161376644,138.73353593459305
2,DALYs (Disability-Adjusted Life Years),96,Southern Latin America,3,Both,27,Age-standardized,559,Schizophrenia,3,Rate,2020,177.801955167227,240.53529095662552,125.64664170291611
2,DALYs (Disability-Adjusted Life Years),104,Caribbean,3,Both,22,All ages,559,Schizophrenia,1,Number,2020,71449.71584361534,96575.8178620468,50067.65156257126
2,DALYs (Disability-Adjusted Life Years),104,Caribbean,3,Both,22,All ages,559,Schizophrenia,3,Rate,2020,151.3618425429438,204.58994922647233,106.06525026489763
2,DALYs (Disability-Adjusted Life Years),104,Caribbean,3,Both,27,Age-standardized,559,Schizophrenia,3,Rate,2020,142.03089776704613,191.49839991726338,99.66822378209358
2,DALYs (Disability-Adjusted Life Years),134,Tropical Latin America,3,Both,22,All ages,559,Schizophrenia,1,Number,2021,393257.594322051,504323.1150663964,286664.0715735648
2,DALYs (Disability-Adjusted Life Years),134,Tropical Latin America,3,Both,22,All ages,559,Schizophrenia,3,Rate,2021,172.84157813245102,221.6562486149092,125.99240609724336
2,DALYs (Disability-Adjusted Life Years),134,Tropical Latin America,3,Both,27,Age-standardized,559,Schizophrenia,3,Rate,2021,153.38400696771936,197.399242091497,112.42668790909076
2,DALYs (Disability-Adjusted Life Years),44637,Low SDI,3,Both,22,All ages,559,Schizophrenia,1,Number,2021,1359273.6124076508,1803202.7336429122,980588.318251546
2,DALYs (Disability-Adjusted Life Years),44637,Low SDI,3,Both,22,All ages,559,Schizophrenia,3,Rate,2021,121.64800346424441,161.37737861355797,87.75761557260869
2,DALYs (Disability-Adjusted Life Years),44637,Low SDI,3,Both,27,Age-standardized,559,Schizophrenia,3,Rate,2021,154.51239923989118,202.63766907345138,112.3984308148139
2,DALYs (Disability-Adjusted Life Years),44634,High-middle SDI,3,Both,22,All ages,559,Schizophrenia,1,Number,2020,2882371.164981784,3606841.4141682163,2155880.2128953086
2,DALYs (Disability-Adjusted Life Years),44634,High-middle SDI,3,Both,22,All ages,559,Schizophrenia,3,Rate,2020,221.4662127907802,277.1306894259138,165.6464759921098
2,DALYs (Disability-Adjusted Life Years),44634,High-middle SDI,3,Both,27,Age-standardized,559,Schizophrenia,3,Rate,2020,185.65935605323955,232.50976520413255,139.26991667824566
2,DALYs (Disability-Adjusted Life Years),32,Central Asia,3,Both,22,All ages,559,Schizophrenia,1,Number,2021,139157.77222938623,188924.68423115255,98002.52256793118
2,DALYs (Disability-Adjusted Life Years),32,Central Asia,3,Both,22,All ages,559,Schizophrenia,3,Rate,2021,145.2452672989552,197.18924657181162,102.28966990709796
2,DALYs (Disability-Adjusted Life Years),32,Central Asia,3,Both,27,Age-standardized,559,Schizophrenia,3,Rate,2021,138.45679014940566,187.81349114081823,98.15601550147447
2,DALYs (Disability-Adjusted Life Years),56,Eastern Europe,3,Both,22,All ages,559,Schizophrenia,1,Number,2021,322426.5593591917,411202.55499420105,234984.5963955368
2,DALYs (Disability-Adjusted Life Years),56,Eastern Europe,3,Both,22,All ages,559,Schizophrenia,3,Rate,2021,155.94301906526587,198.87991857925917,113.6513303016405
2,DALYs (Disability-Adjusted Life Years),56,Eastern Europe,3,Both,27,Age-standardized,559,Schizophrenia,3,Rate,2021,130.59970229369907,169.3167630782646,96.53589529193762
2,DALYs (Disability-Adjusted Life Years),44636,Low-middle SDI,3,Both,22,All ages,559,Schizophrenia,1,Number,2021,3273931.8735279194,4314384.511135614,2394047.458321727
2,DALYs (Disability-Adjusted Life Years),44636,Low-middle SDI,3,Both,22,All ages,559,Schizophrenia,3,Rate,2021,170.4185555828122,224.57742097861606,124.61777630218373
2,DALYs (Disability-Adjusted Life Years),44636,Low-middle SDI,3,Both,27,Age-standardized,559,Schizophrenia,3,Rate,2021,173.73665963117094,227.76617866445258,127.96647105432832
2,DALYs (Disability-Adjusted Life Years),1,Global,3,Both,22,All ages,559,Schizophrenia,1,Number,2021,14816611.183696533,19095362.418752827,10926460.046453213
2,DALYs (Disability-Adjusted Life Years),1,Global,3,Both,22,All ages,559,Schizophrenia,3,Rate,2021,187.75754447984153,241.97829815786514,138.46116920693362
2,DALYs (Disability-Adjusted Life Years),1,Global,3,Both,27,Age-standardized,559,Schizophrenia,3,Rate,2021,177.75108104055997,228.79847732748146,131.50860431641505
2,DALYs (Disability-Adjusted Life Years),44639,Middle SDI,3,Both,22,All ages,559,Schizophrenia,1,Number,2020,4828036.988652589,6221021.692322796,3561311.393701796
2,DALYs (Disability-Adjusted Life Years),44639,Middle SDI,3,Both,22,All ages,559,Schizophrenia,3,Rate,2020,198.55014240458894,255.83580776530934,146.45680760700085
2,DALYs (Disability-Adjusted Life Years),44639,Middle SDI,3,Both,27,Age-standardized,559,Schizophrenia,3,Rate,2020,178.84735721466282,230.44583846219237,132.51426551534558
2,DALYs (Disability-Adjusted Life Years),70,Australasia,3,Both,22,All ages,559,Schizophrenia,1,Number,2021,85419.39748184515,103992.02453311306,64460.38971088674
2,DALYs (Disability-Adjusted Life Years),70,Australasia,3,Both,22,All ages,559,Schizophrenia,3,Rate,2021,275.88943681401275,335.8757135659652,208.19557545963823
2,DALYs (Disability-Adjusted Life Years),70,Australasia,3,Both,27,Age-standardized,559,Schizophrenia,3,Rate,2021,246.80930868241944,300.91726427110063,186.30504049232283
2,DALYs (Disability-Adjusted Life Years),96,Southern Latin America,3,Both,22,All ages,559,Schizophrenia,1,Number,2021,133110.33878382345,180218.94703348662,93082.65557766608
2,DALYs (Disability-Adjusted Life Years),96,Southern Latin America,3,Both,22,All ages,559,Schizophrenia,3,Rate,2021,196.63414030758813,266.2242320231775,137.50417979768542
2,DALYs (Disability-Adjusted Life Years),96,Southern Latin America,3,Both,27,Age-standardized,559,Schizophrenia,3,Rate,2021,177.40389826628575,240.28779563996648,123.82036314710237
2,DALYs (Disability-Adjusted Life Years),120,Andean Latin America,3,Both,22,All ages,559,Schizophrenia,1,Number,2021,104569.762930277,143714.87143849925,73439.86295597858
2,DALYs (Disability-Adjusted Life Years),120,Andean Latin America,3,Both,22,All ages,559,Schizophrenia,3,Rate,2021,158.11968385301782,217.31090709256156,111.04823791702493
2,DALYs (Disability-Adjusted Life Years),120,Andean Latin America,3,Both,27,Age-standardized,559,Schizophrenia,3,Rate,2021,153.78841361075507,210.87418341676837,107.20980049018748
2,DALYs (Disability-Adjusted Life Years),192,Southern Sub-Saharan Africa,3,Both,22,All ages,559,Schizophrenia,1,Number,2005,85406.77183532908,112184.50931472056,62645.30054135488
2,DALYs (Disability-Adjusted Life Years),192,Southern Sub-Saharan Africa,3,Both,22,All ages,559,Schizophrenia,3,Rate,2005,126.72055444787047,166.4514758646235,92.94868600653726
2,DALYs (Disability-Adjusted Life Years),192,Southern Sub-Saharan Africa,3,Both,27,Age-standardized,559,Schizophrenia,3,Rate,2005,140.27673291568522,182.77982510919213,103.3700581319992
2,DALYs (Disability-Adjusted Life Years),167,Central Sub-Saharan Africa,3,Both,22,All ages,559,Schizophrenia,1,Number,2005,82779.40897410284,114743.45995876749,57295.38564915558
2,DALYs (Disability-Adjusted Life Years),167,Central Sub-Saharan Africa,3,Both,22,All ages,559,Schizophrenia,3,Rate,2005,96.65237823588707,133.97327221191773,66.89749725883705
2,DALYs (Disability-Adjusted Life Years),167,Central Sub-Saharan Africa,3,Both,27,Age-standardized,559,Schizophrenia,3,Rate,2005,131.35969811438304,179.47916870092564,91.04332284901042
2,DALYs (Disability-Adjusted Life Years),104,Caribbean,3,Both,22,All ages,559,Schizophrenia,1,Number,2021,71833.40397997072,97073.96055827307,51417.06380979711
2,DALYs (Disability-Adjusted Life Years),104,Caribbean,3,Both,22,All ages,559,Schizophrenia,3,Rate,2021,151.3597785236623,204.54401930627984,108.34061814414194
2,DALYs (Disability-Adjusted Life Years),104,Caribbean,3,Both,27,Age-standardized,559,Schizophrenia,3,Rate,2021,141.63890959313647,191.38736292393313,101.17139122627593
2,DALYs (Disability-Adjusted Life Years),44634,High-middle SDI,3,Both,22,All ages,559,Schizophrenia,1,Number,2021,2879223.221332626,3609613.9587570494,2139705.430975084
2,DALYs (Disability-Adjusted Life Years),44634,High-middle SDI,3,Both,22,All ages,559,Schizophrenia,3,Rate,2021,220.79402997878063,276.8042459218401,164.083903454283
2,DALYs (Disability-Adjusted Life Years),44634,High-middle SDI,3,Both,27,Age-standardized,559,Schizophrenia,3,Rate,2021,185.36904645763255,233.13765409978555,138.35081418607092
2,DALYs (Disability-Adjusted Life Years),65,High-income Asia Pacific,3,Both,22,All ages,559,Schizophrenia,1,Number,2021,386428.8967232024,497873.2220232094,283590.6232712184
2,DALYs (Disability-Adjusted Life Years),65,High-income Asia Pacific,3,Both,22,All ages,559,Schizophrenia,3,Rate,2021,208.377718443481,268.4728987894861,152.9232610457444
2,DALYs (Disability-Adjusted Life Years),65,High-income Asia Pacific,3,Both,27,Age-standardized,559,Schizophrenia,3,Rate,2021,176.1647288957708,228.66425510574047,129.12509598862627
2,DALYs (Disability-Adjusted Life Years),167,Central Sub-Saharan Africa,3,Both,22,All ages,559,Schizophrenia,1,Number,2006,85695.90258385523,117619.19428998524,59458.28129323954
2,DALYs (Disability-Adjusted Life Years),167,Central Sub-Saharan Africa,3,Both,22,All ages,559,Schizophrenia,3,Rate,2006,96.99339632495477,133.1252111619592,67.29680729638908
2,DALYs (Disability-Adjusted Life Years),167,Central Sub-Saharan Africa,3,Both,27,Age-standardized,559,Schizophrenia,3,Rate,2006,131.65315043904255,179.3863308019568,92.91199637811793
2,DALYs (Disability-Adjusted Life Years),44635,High SDI,3,Both,22,All ages,559,Schizophrenia,1,Number,2021,2418425.1290861284,3069349.3119674046,1798078.74586032
2,DALYs (Disability-Adjusted Life Years),44635,High SDI,3,Both,22,All ages,559,Schizophrenia,3,Rate,2021,221.05298062960236,280.5498528127685,164.35103216503413
2,DALYs (Disability-Adjusted Life Years),44635,High SDI,3,Both,27,Age-standardized,559,Schizophrenia,3,Rate,2021,188.60709600938944,241.79169186262013,140.83571606135283
2,DALYs (Disability-Adjusted Life Years),100,High-income North America,3,Both,22,All ages,559,Schizophrenia,1,Number,2005,834163.2245711297,1044144.0863728753,626182.4296415169
2,DALYs (Disability-Adjusted Life Years),100,High-income North America,3,Both,22,All ages,559,Schizophrenia,3,Rate,2005,255.26203086468232,319.5182095685413,191.6178920069916
2,DALYs (Disability-Adjusted Life Years),100,High-income North America,3,Both,27,Age-standardized,559,Schizophrenia,3,Rate,2005,228.2967098289327,289.3130382070246,169.59295592335275
2,DALYs (Disability-Adjusted Life Years),44639,Middle SDI,3,Both,22,All ages,559,Schizophrenia,1,Number,2021,4875339.5866542095,6250839.3085461445,3592613.4561658353
2,DALYs (Disability-Adjusted Life Years),44639,Middle SDI,3,Both,22,All ages,559,Schizophrenia,3,Rate,2021,199.1117882542677,255.28802059690634,146.72448494083952
2,DALYs (Disability-Adjusted Life Years),44639,Middle SDI,3,Both,27,Age-standardized,559,Schizophrenia,3,Rate,2021,178.99439138059884,229.93016180652015,132.6328777336201
2,DALYs (Disability-Adjusted Life Years),192,Southern Sub-Saharan Africa,3,Both,22,All ages,559,Schizophrenia,1,Number,2006,86760.9273829017,113992.01517535918,63433.08585292718
2,DALYs (Disability-Adjusted Life Years),192,Southern Sub-Saharan Africa,3,Both,22,All ages,559,Schizophrenia,3,Rate,2006,127.5129279583375,167.53458103014518,93.2278935982579
2,DALYs (Disability-Adjusted Life Years),192,Southern Sub-Saharan Africa,3,Both,27,Age-standardized,559,Schizophrenia,3,Rate,2006,140.24228177330738,182.49069225678866,103.27851961605283
2,DALYs (Disability-Adjusted Life Years),199,Western Sub-Saharan Africa,3,Both,22,All ages,559,Schizophrenia,1,Number,2005,333953.7183013697,441962.41927363485,240675.68603958716
2,DALYs (Disability-Adjusted Life Years),199,Western Sub-Saharan Africa,3,Both,22,All ages,559,Schizophrenia,3,Rate,2005,110.27577010195432,145.94161846564796,79.474176115867
2,DALYs (Disability-Adjusted Life Years),199,Western Sub-Saharan Africa,3,Both,27,Age-standardized,559,Schizophrenia,3,Rate,2005,148.37031696245393,195.28062853494447,106.34800400389238
2,DALYs (Disability-Adjusted Life Years),124,Central Latin America,3,Both,22,All ages,559,Schizophrenia,1,Number,2005,308830.9785744074,409084.4634124808,222318.05342057394
2,DALYs (Disability-Adjusted Life Years),124,Central Latin America,3,Both,22,All ages,559,Schizophrenia,3,Rate,2005,144.31862505012566,191.1676981421518,103.89060042351738
2,DALYs (Disability-Adjusted Life Years),124,Central Latin America,3,Both,27,Age-standardized,559,Schizophrenia,3,Rate,2005,154.9536891029571,204.13353617069677,110.92724325636638
2,DALYs (Disability-Adjusted Life Years),138,North Africa and Middle East,3,Both,22,All ages,559,Schizophrenia,1,Number,2005,666815.2554456078,899834.8184883224,476627.9824594471
2,DALYs (Disability-Adjusted Life Years),138,North Africa and Middle East,3,Both,22,All ages,559,Schizophrenia,3,Rate,2005,143.51103460728288,193.66117484912482,102.57919915138564
2,DALYs (Disability-Adjusted Life Years),138,North Africa and Middle East,3,Both,27,Age-standardized,559,Schizophrenia,3,Rate,2005,155.43925869734122,209.61614247366603,111.26326363352182
2,DALYs (Disability-Adjusted Life Years),100,High-income North America,3,Both,22,All ages,559,Schizophrenia,1,Number,2006,845078.1453917994,1061088.4970568102,635877.3420321646
2,DALYs (Disability-Adjusted Life Years),100,High-income North America,3,Both,22,All ages,559,Schizophrenia,3,Rate,2006,256.03809356556656,321.483968520829,192.65534587925328
2,DALYs (Disability-Adjusted Life Years),100,High-income North America,3,Both,27,Age-standardized,559,Schizophrenia,3,Rate,2006,228.9849052155469,289.1126548918773,170.8493536995438
2,DALYs (Disability-Adjusted Life Years),9,Southeast Asia,3,Both,22,All ages,559,Schizophrenia,1,Number,2005,1060909.5189406467,1406159.5616764063,769853.0312010883
2,DALYs (Disability-Adjusted Life Years),9,Southeast Asia,3,Both,22,All ages,559,Schizophrenia,3,Rate,2005,183.32334674858348,242.98196246409697,133.0292844626843
2,DALYs (Disability-Adjusted Life Years),9,Southeast Asia,3,Both,27,Age-standardized,559,Schizophrenia,3,Rate,2005,182.4162151503029,240.44679465311808,132.799576550237
2,DALYs (Disability-Adjusted Life Years),21,Oceania,3,Both,22,All ages,559,Schizophrenia,1,Number,2006,14582.631814941495,19984.55491641838,10323.54658326253
2,DALYs (Disability-Adjusted Life Years),21,Oceania,3,Both,22,All ages,559,Schizophrenia,3,Rate,2006,150.85248935524552,206.7335921290571,106.79366528779369
2,DALYs (Disability-Adjusted Life Years),21,Oceania,3,Both,27,Age-standardized,559,Schizophrenia,3,Rate,2006,174.67048195536637,237.15699177331317,123.52447075841908
2,DALYs (Disability-Adjusted Life Years),124,Central Latin America,3,Both,22,All ages,559,Schizophrenia,1,Number,2006,315852.5617786418,415742.2001516733,226329.14630150952
2,DALYs (Disability-Adjusted Life Years),124,Central Latin America,3,Both,22,All ages,559,Schizophrenia,3,Rate,2006,145.60720200445775,191.65606312760258,104.33714242949924
2,DALYs (Disability-Adjusted Life Years),124,Central Latin America,3,Both,27,Age-standardized,559,Schizophrenia,3,Rate,2006,154.98224032564391,203.20644397084365,110.94635414152958
2,DALYs (Disability-Adjusted Life Years),174,Eastern Sub-Saharan Africa,3,Both,22,All ages,559,Schizophrenia,1,Number,2005,273742.85085620754,367135.3869487224,195722.07378476026
2,DALYs (Disability-Adjusted Life Years),174,Eastern Sub-Saharan Africa,3,Both,22,All ages,559,Schizophrenia,3,Rate,2005,95.73639845006198,128.39867627631054,68.45010338250927
2,DALYs (Disability-Adjusted Life Years),174,Eastern Sub-Saharan Africa,3,Both,27,Age-standardized,559,Schizophrenia,3,Rate,2005,136.13982571012465,180.3384989704521,96.94084808719045
2,DALYs (Disability-Adjusted Life Years),174,Eastern Sub-Saharan Africa,3,Both,22,All ages,559,Schizophrenia,1,Number,2006,282396.32739905035,376908.8963268639,201954.11948029435
2,DALYs (Disability-Adjusted Life Years),174,Eastern Sub-Saharan Africa,3,Both,22,All ages,559,Schizophrenia,3,Rate,2006,96.1670171320342,128.35225098045498,68.77329265158023
2,DALYs (Disability-Adjusted Life Years),174,Eastern Sub-Saharan Africa,3,Both,27,Age-standardized,559,Schizophrenia,3,Rate,2006,136.33903612849795,180.34968683587758,97.7026092509415
2,DALYs (Disability-Adjusted Life Years),9,Southeast Asia,3,Both,22,All ages,559,Schizophrenia,1,Number,2006,1082750.7811617386,1426722.1431438085,796065.1327298811
2,DALYs (Disability-Adjusted Life Years),9,Southeast Asia,3,Both,22,All ages,559,Schizophrenia,3,Rate,2006,184.78383554749357,243.48649242052278,135.85764252566113
2,DALYs (Disability-Adjusted Life Years),9,Southeast Asia,3,Both,27,Age-standardized,559,Schizophrenia,3,Rate,2006,182.63231628646918,239.07574129053117,134.2591812925303
2,DALYs (Disability-Adjusted Life Years),138,North Africa and Middle East,3,Both,22,All ages,559,Schizophrenia,1,Number,2006,689073.8865616275,926533.1117603143,494463.4312010995
2,DALYs (Disability-Adjusted Life Years),138,North Africa and Middle East,3,Both,22,All ages,559,Schizophrenia,3,Rate,2006,145.17719992845556,195.20618242776982,104.17578986629057
2,DALYs (Disability-Adjusted Life Years),138,North Africa and Middle East,3,Both,27,Age-standardized,559,Schizophrenia,3,Rate,2006,155.4641874549339,208.5724969642791,111.57286132226206
2,DALYs (Disability-Adjusted Life Years),100,High-income North America,3,Both,22,All ages,559,Schizophrenia,1,Number,2007,856509.6026264468,1074061.4658906811,643606.3529281432
2,DALYs (Disability-Adjusted Life Years),100,High-income North America,3,Both,22,All ages,559,Schizophrenia,3,Rate,2007,256.91266718747585,322.1680119862142,193.05168820353325
2,DALYs (Disability-Adjusted Life Years),100,High-income North America,3,Both,27,Age-standardized,559,Schizophrenia,3,Rate,2007,229.92752101169958,290.3015542547333,172.18618270952476
2,DALYs (Disability-Adjusted Life Years),199,Western Sub-Saharan Africa,3,Both,22,All ages,559,Schizophrenia,1,Number,2006,344986.73465397814,457004.455211938,247457.01458718267
2,DALYs (Disability-Adjusted Life Years),199,Western Sub-Saharan Africa,3,Both,22,All ages,559,Schizophrenia,3,Rate,2006,110.42056445018719,146.2742906661804,79.2040402807987
2,DALYs (Disability-Adjusted Life Years),199,Western Sub-Saharan Africa,3,Both,27,Age-standardized,559,Schizophrenia,3,Rate,2006,148.59710367673213,196.01299665647923,107.22778747605817
2,DALYs (Disability-Adjusted Life Years),124,Central Latin America,3,Both,22,All ages,559,Schizophrenia,1,Number,2007,323172.006262337,428412.84339164663,231593.55017187964
2,DALYs (Disability-Adjusted Life Years),124,Central Latin America,3,Both,22,All ages,559,Schizophrenia,3,Rate,2007,147.00044387414243,194.87108078548638,105.34438012560743
2,DALYs (Disability-Adjusted Life Years),124,Central Latin America,3,Both,27,Age-standardized,559,Schizophrenia,3,Rate,2007,155.10138400077778,204.72331922648195,110.9589205793622
2,DALYs (Disability-Adjusted Life Years),124,Central Latin America,3,Both,22,All ages,559,Schizophrenia,1,Number,2008,331016.0404532509,436612.4666879227,238044.86418129204
2,DALYs (Disability-Adjusted Life Years),124,Central Latin America,3,Both,22,All ages,559,Schizophrenia,3,Rate,2008,148.60589441911313,196.01221148634173,106.86754002947846
2,DALYs (Disability-Adjusted Life Years),124,Central Latin America,3,Both,27,Age-standardized,559,Schizophrenia,3,Rate,2008,155.45752136003304,204.56875709881044,111.36228111319146
2,DALYs (Disability-Adjusted Life Years),100,High-income North America,3,Both,22,All ages,559,Schizophrenia,1,Number,2008,868153.6914309523,1088600.3024713043,654799.5620177588
2,DALYs (Disability-Adjusted Life Years),100,High-income North America,3,Both,22,All ages,559,Schizophrenia,3,Rate,2008,257.86622281285923,323.3451068882974,194.49400656089165
2,DALYs (Disability-Adjusted Life Years),100,High-income North America,3,Both,27,Age-standardized,559,Schizophrenia,3,Rate,2008,230.9879326338049,291.0864476777884,172.80509324106532
2,DALYs (Disability-Adjusted Life Years),174,Eastern Sub-Saharan Africa,3,Both,22,All ages,559,Schizophrenia,1,Number,2007,291709.27946599387,392958.07213989535,208276.69442956394
2,DALYs (Disability-Adjusted Life Years),174,Eastern Sub-Saharan Africa,3,Both,22,All ages,559,Schizophrenia,3,Rate,2007,96.72040120883324,130.2908925804365,69.05712936027929
2,DALYs (Disability-Adjusted Life Years),174,Eastern Sub-Saharan Africa,3,Both,27,Age-standardized,559,Schizophrenia,3,Rate,2007,136.6372032637591,182.83728778881385,97.71373699526266
2,DALYs (Disability-Adjusted Life Years),21,Oceania,3,Both,22,All ages,559,Schizophrenia,1,Number,2007,15005.90953526102,20752.449794416116,10644.09243422692
2,DALYs (Disability-Adjusted Life Years),21,Oceania,3,Both,22,All ages,559,Schizophrenia,3,Rate,2007,151.458922597396,209.4603915699365,107.43385919573059
2,DALYs (Disability-Adjusted Life Years),21,Oceania,3,Both,27,Age-standardized,559,Schizophrenia,3,Rate,2007,174.52209743067067,235.28037876450486,123.803261662729
2,DALYs (Disability-Adjusted Life Years),9,Southeast Asia,3,Both,22,All ages,559,Schizophrenia,1,Number,2008,1132322.5708079399,1492531.623949903,829991.228830717
2,DALYs (Disability-Adjusted Life Years),9,Southeast Asia,3,Both,22,All ages,559,Schizophrenia,3,Rate,2008,188.28513400923873,248.18150240343502,138.0128011008192
2,DALYs (Disability-Adjusted Life Years),9,Southeast Asia,3,Both,27,Age-standardized,559,Schizophrenia,3,Rate,2008,183.68308716426543,240.76358462074228,135.02972427619804
2,DALYs (Disability-Adjusted Life Years),199,Western Sub-Saharan Africa,3,Both,22,All ages,559,Schizophrenia,1,Number,2008,368248.7823382642,486819.8291809167,264226.6051267396
2,DALYs (Disability-Adjusted Life Years),199,Western Sub-Saharan Africa,3,Both,22,All ages,559,Schizophrenia,3,Rate,2008,110.72728956149935,146.3799550068299,79.44926696008895
2,DALYs (Disability-Adjusted Life Years),199,Western Sub-Saharan Africa,3,Both,27,Age-standardized,559,Schizophrenia,3,Rate,2008,149.34928102442493,196.38446059533672,107.35314330176786
2,DALYs (Disability-Adjusted Life Years),199,Western Sub-Saharan Africa,3,Both,22,All ages,559,Schizophrenia,1,Number,2007,356486.1881236153,470559.2540963136,256514.44247792757
2,DALYs (Disability-Adjusted Life Years),199,Western Sub-Saharan Africa,3,Both,22,All ages,559,Schizophrenia,3,Rate,2007,110.59245142006063,145.98125588770648,79.57828932336382
2,DALYs (Disability-Adjusted Life Years),199,Western Sub-Saharan Africa,3,Both,27,Age-standardized,559,Schizophrenia,3,Rate,2007,148.9772636815504,195.7454815879872,107.19960065948698
2,DALYs (Disability-Adjusted Life Years),9,Southeast Asia,3,Both,22,All ages,559,Schizophrenia,1,Number,2007,1106336.3715712882,1461189.038749333,807522.0805206737
2,DALYs (Disability-Adjusted Life Years),9,Southeast Asia,3,Both,22,All ages,559,Schizophrenia,3,Rate,2007,186.48250119342055,246.2959671798404,136.114784991236
2,DALYs (Disability-Adjusted Life Years),9,Southeast Asia,3,Both,27,Age-standardized,559,Schizophrenia,3,Rate,2007,183.11486709389501,240.5078887746712,133.40460123328413
2,DALYs (Disability-Adjusted Life Years),138,North Africa and Middle East,3,Both,22,All ages,559,Schizophrenia,1,Number,2007,712560.1691781937,955687.3942408101,508713.9077112068
2,DALYs (Disability-Adjusted Life Years),138,North Africa and Middle East,3,Both,22,All ages,559,Schizophrenia,3,Rate,2007,146.9057307264582,197.03031557171073,104.8795478271226
2,DALYs (Disability-Adjusted Life Years),138,North Africa and Middle East,3,Both,27,Age-standardized,559,Schizophrenia,3,Rate,2007,155.50795010860108,208.59144301901446,111.19600639707419
2,DALYs (Disability-Adjusted Life Years),138,North Africa and Middle East,3,Both,22,All ages,559,Schizophrenia,1,Number,2008,737376.3207026767,993958.1516690832,526339.5346685686
2,DALYs (Disability-Adjusted Life Years),138,North Africa and Middle East,3,Both,22,All ages,559,Schizophrenia,3,Rate,2008,148.65683564232586,200.38434845211137,106.11131317957401
2,DALYs (Disability-Adjusted Life Years),138,North Africa and Middle East,3,Both,27,Age-standardized,559,Schizophrenia,3,Rate,2008,155.584020193428,209.1077162606136,111.76118720250413
2,DALYs (Disability-Adjusted Life Years),174,Eastern Sub-Saharan Africa,3,Both,22,All ages,559,Schizophrenia,1,Number,2008,301634.2015343261,402264.3304979587,214495.36973212595
2,DALYs (Disability-Adjusted Life Years),174,Eastern Sub-Saharan Africa,3,Both,22,All ages,559,Schizophrenia,3,Rate,2008,97.36337479676733,129.84539743311018,69.23615746877944
2,DALYs (Disability-Adjusted Life Years),174,Eastern Sub-Saharan Africa,3,Both,27,Age-standardized,559,Schizophrenia,3,Rate,2008,137.02066869309527,181.70120715467775,98.55499322431525
2,DALYs (Disability-Adjusted Life Years),124,Central Latin America,3,Both,22,All ages,559,Schizophrenia,1,Number,2009,338421.9722027243,448441.07339736144,244955.3822103
2,DALYs (Disability-Adjusted Life Years),124,Central Latin America,3,Both,22,All ages,559,Schizophrenia,3,Rate,2009,149.99506108144033,198.7576213147616,108.56888894569747
2,DALYs (Disability-Adjusted Life Years),124,Central Latin America,3,Both,27,Age-standardized,559,Schizophrenia,3,Rate,2009,155.59383616886083,204.75472114417246,112.31650698102666
2,DALYs (Disability-Adjusted Life Years),167,Central Sub-Saharan Africa,3,Both,22,All ages,559,Schizophrenia,1,Number,2007,88731.4219012998,121476.97296205278,61755.55339820053
2,DALYs (Disability-Adjusted Life Years),167,Central Sub-Saharan Africa,3,Both,22,All ages,559,Schizophrenia,3,Rate,2007,97.34801184457483,133.27343966049744,67.7525527581818
2,DALYs (Disability-Adjusted Life Years),167,Central Sub-Saharan Africa,3,Both,27,Age-standardized,559,Schizophrenia,3,Rate,2007,132.02424082736573,179.3274207301352,91.60869249021339
2,DALYs (Disability-Adjusted Life Years),192,Southern Sub-Saharan Africa,3,Both,22,All ages,559,Schizophrenia,1,Number,2007,88113.73602920365,115384.1689829033,64496.70018210869
2,DALYs (Disability-Adjusted Life Years),192,Southern Sub-Saharan Africa,3,Both,22,All ages,559,Schizophrenia,3,Rate,2007,128.2671725739275,167.96474400227558,93.8878516054016
2,DALYs (Disability-Adjusted Life Years),192,Southern Sub-Saharan Africa,3,Both,27,Age-standardized,559,Schizophrenia,3,Rate,2007,140.10761819910732,182.99087191035832,103.15611868012309
2,DALYs (Disability-Adjusted Life Years),21,Oceania,3,Both,22,All ages,559,Schizophrenia,1,Number,2009,15906.181102019535,22107.00006657125,11190.25448345984
2,DALYs (Disability-Adjusted Life Years),21,Oceania,3,Both,22,All ages,559,Schizophrenia,3,Rate,2009,152.8467903874679,212.43213462733314,107.53017776206816
2,DALYs (Disability-Adjusted Life Years),21,Oceania,3,Both,27,Age-standardized,559,Schizophrenia,3,Rate,2009,174.5479022470173,238.93931313307925,123.29809227982908
2,DALYs (Disability-Adjusted Life Years),167,Central Sub-Saharan Africa,3,Both,22,All ages,559,Schizophrenia,1,Number,2008,91945.23916718019,126521.54055875793,64955.17438906642
2,DALYs (Disability-Adjusted Life Years),167,Central Sub-Saharan Africa,3,Both,22,All ages,559,Schizophrenia,3,Rate,2008,97.77011644438454,134.53688157426814,69.07018809464577
2,DALYs (Disability-Adjusted Life Years),167,Central Sub-Saharan Africa,3,Both,27,Age-standardized,559,Schizophrenia,3,Rate,2008,132.48283423316255,180.19048821336804,93.1686898211913
2,DALYs (Disability-Adjusted Life Years),192,Southern Sub-Saharan Africa,3,Both,22,All ages,559,Schizophrenia,1,Number,2008,89679.0708788596,118080.77901956008,65617.58411790355
2,DALYs (Disability-Adjusted Life Years),192,Southern Sub-Saharan Africa,3,Both,22,All ages,559,Schizophrenia,3,Rate,2008,129.26316538252232,170.20130914960885,94.58100473957538
2,DALYs (Disability-Adjusted Life Years),192,Southern Sub-Saharan Africa,3,Both,27,Age-standardized,559,Schizophrenia,3,Rate,2008,140.19963405880748,183.3048556572297,103.11561443882836
2,DALYs (Disability-Adjusted Life Years),9,Southeast Asia,3,Both,22,All ages,559,Schizophrenia,1,Number,2009,1160692.0906474981,1538020.606242322,857085.6111111378
2,DALYs (Disability-Adjusted Life Years),9,Southeast Asia,3,Both,22,All ages,559,Schizophrenia,3,Rate,2009,190.14335485924536,251.95691455985047,140.40686139882737
2,DALYs (Disability-Adjusted Life Years),9,Southeast Asia,3,Both,27,Age-standardized,559,Schizophrenia,3,Rate,2009,184.30750522657303,243.27018596733583,136.25424688019143
2,DALYs (Disability-Adjusted Life Years),21,Oceania,3,Both,22,All ages,559,Schizophrenia,1,Number,2008,15461.731644794963,21395.01839035331,11073.037913465425
2,DALYs (Disability-Adjusted Life Years),21,Oceania,3,Both,22,All ages,559,Schizophrenia,3,Rate,2008,152.27095009923494,210.7034226523022,109.05001084634932
2,DALYs (Disability-Adjusted Life Years),21,Oceania,3,Both,27,Age-standardized,559,Schizophrenia,3,Rate,2008,174.65298040660517,235.72595153934557,124.80743565862454
2,DALYs (Disability-Adjusted Life Years),138,North Africa and Middle East,3,Both,22,All ages,559,Schizophrenia,1,Number,2009,761173.5581299461,1022075.6212162464,541722.8653888907
2,DALYs (Disability-Adjusted Life Years),138,North Africa and Middle East,3,Both,22,All ages,559,Schizophrenia,3,Rate,2009,150.0673512781674,201.50487315762092,106.80207512128479
2,DALYs (Disability-Adjusted Life Years),138,North Africa and Middle East,3,Both,27,Age-standardized,559,Schizophrenia,3,Rate,2009,155.52444919919515,208.24980775413982,110.94448047121864
2,DALYs (Disability-Adjusted Life Years),174,Eastern Sub-Saharan Africa,3,Both,22,All ages,559,Schizophrenia,1,Number,2009,311564.7721054564,417393.09146722825,221005.4848801546
2,DALYs (Disability-Adjusted Life Years),174,Eastern Sub-Saharan Africa,3,Both,22,All ages,559,Schizophrenia,3,Rate,2009,97.91278060384552,131.17053611105567,69.453492469915
2,DALYs (Disability-Adjusted Life Years),174,Eastern Sub-Saharan Africa,3,Both,27,Age-standardized,559,Schizophrenia,3,Rate,2009,137.19781403820346,183.33830898201353,97.88774098557181
2,DALYs (Disability-Adjusted Life Years),199,Western Sub-Saharan Africa,3,Both,22,All ages,559,Schizophrenia,1,Number,2009,380133.533427198,503827.50565497344,271832.68425796216
2,DALYs (Disability-Adjusted Life Years),199,Western Sub-Saharan Africa,3,Both,22,All ages,559,Schizophrenia,3,Rate,2009,110.79387564745498,146.8457715530515,79.22846570535076
2,DALYs (Disability-Adjusted Life Years),199,Western Sub-Saharan Africa,3,Both,27,Age-standardized,559,Schizophrenia,3,Rate,2009,149.66474242944207,196.6984879217856,107.73931565784211
2,DALYs (Disability-Adjusted Life Years),138,North Africa and Middle East,3,Both,22,All ages,559,Schizophrenia,1,Number,2010,784474.759885975,1057308.2345431696,563815.2357272527
2,DALYs (Disability-Adjusted Life Years),138,North Africa and Middle East,3,Both,22,All ages,559,Schizophrenia,3,Rate,2010,151.51883715185474,204.2157662693279,108.89914278224748
2,DALYs (Disability-Adjusted Life Years),138,North Africa and Middle East,3,Both,27,Age-standardized,559,Schizophrenia,3,Rate,2010,155.63132158261854,209.54891753113913,111.91973820507326
2,DALYs (Disability-Adjusted Life Years),174,Eastern Sub-Saharan Africa,3,Both,22,All ages,559,Schizophrenia,1,Number,2010,322081.13895169896,433515.29754085926,230508.69861918595
2,DALYs (Disability-Adjusted Life Years),174,Eastern Sub-Saharan Africa,3,Both,22,All ages,559,Schizophrenia,3,Rate,2010,98.56911154935217,132.67221378046546,70.54445256012939
2,DALYs (Disability-Adjusted Life Years),174,Eastern Sub-Saharan Africa,3,Both,27,Age-standardized,559,Schizophrenia,3,Rate,2010,137.42381751817345,183.9408164550976,98.0559097758111
2,DALYs (Disability-Adjusted Life Years),21,Oceania,3,Both,22,All ages,559,Schizophrenia,1,Number,2010,16387.33324421634,22807.678391248286,11486.083504173876
2,DALYs (Disability-Adjusted Life Years),21,Oceania,3,Both,22,All ages,559,Schizophrenia,3,Rate,2010,153.6421535293873,213.83716147188375,107.68967585512951
2,DALYs (Disability-Adjusted Life Years),21,Oceania,3,Both,27,Age-standardized,559,Schizophrenia,3,Rate,2010,174.65140391431416,236.99084759244553,124.50530944686797
2,DALYs (Disability-Adjusted Life Years),199,Western Sub-Saharan Africa,3,Both,22,All ages,559,Schizophrenia,1,Number,2010,392302.018590752,519662.20782549144,281558.1147225173
2,DALYs (Disability-Adjusted Life Years),199,Western Sub-Saharan Africa,3,Both,22,All ages,559,Schizophrenia,3,Rate,2010,110.84781645505751,146.8343732683201,79.55631310363417
2,DALYs (Disability-Adjusted Life Years),199,Western Sub-Saharan Africa,3,Both,27,Age-standardized,559,Schizophrenia,3,Rate,2010,149.93458785229734,198.16759505188048,107.92006080600001
2,DALYs (Disability-Adjusted Life Years),9,Southeast Asia,3,Both,22,All ages,559,Schizophrenia,1,Number,2010,1185053.9865674812,1562501.3794149365,869547.615497869
2,DALYs (Disability-Adjusted Life Years),9,Southeast Asia,3,Both,22,All ages,559,Schizophrenia,3,Rate,2010,191.72978208705564,252.79696316087686,140.68403357439092
2,DALYs (Disability-Adjusted Life Years),9,Southeast Asia,3,Both,27,Age-standardized,559,Schizophrenia,3,Rate,2010,184.7264460045663,242.4994422483138,135.3601546434447
2,DALYs (Disability-Adjusted Life Years),192,Southern Sub-Saharan Africa,3,Both,22,All ages,559,Schizophrenia,1,Number,2009,91261.94509560704,120412.74879075513,66871.77370215702
2,DALYs (Disability-Adjusted Life Years),192,Southern Sub-Saharan Africa,3,Both,22,All ages,559,Schizophrenia,3,Rate,2009,130.19914009811632,171.78722558436328,95.4028256107789
2,DALYs (Disability-Adjusted Life Years),192,Southern Sub-Saharan Africa,3,Both,27,Age-standardized,559,Schizophrenia,3,Rate,2009,140.19302383989535,182.7082276675142,103.50145803662109
2,DALYs (Disability-Adjusted Life Years),167,Central Sub-Saharan Africa,3,Both,22,All ages,559,Schizophrenia,1,Number,2009,95414.1104891511,131873.79409347766,66423.75871335951
2,DALYs (Disability-Adjusted Life Years),167,Central Sub-Saharan Africa,3,Both,22,All ages,559,Schizophrenia,3,Rate,2009,98.32740665638542,135.90032032656416,68.45188726458603
2,DALYs (Disability-Adjusted Life Years),167,Central Sub-Saharan Africa,3,Both,27,Age-standardized,559,Schizophrenia,3,Rate,2009,133.00551442155708,181.13228189418064,92.16540678026846
2,DALYs (Disability-Adjusted Life Years),192,Southern Sub-Saharan Africa,3,Both,22,All ages,559,Schizophrenia,1,Number,2010,92954.6739960704,121817.36778675782,68287.00907181087
2,DALYs (Disability-Adjusted Life Years),192,Southern Sub-Saharan Africa,3,Both,22,All ages,559,Schizophrenia,3,Rate,2010,131.178490197399,171.90978892318765,96.36725476026022
2,DALYs (Disability-Adjusted Life Years),192,Southern Sub-Saharan Africa,3,Both,27,Age-standardized,559,Schizophrenia,3,Rate,2010,140.18373684184752,183.19965286522003,103.61667990080768
2,DALYs (Disability-Adjusted Life Years),100,High-income North America,3,Both,22,All ages,559,Schizophrenia,1,Number,2009,879504.2814684018,1104729.7952340192,662597.1634224489
2,DALYs (Disability-Adjusted Life Years),100,High-income North America,3,Both,22,All ages,559,Schizophrenia,3,Rate,2009,258.79439715785276,325.0670717629447,194.96941297445701
2,DALYs (Disability-Adjusted Life Years),100,High-income North America,3,Both,27,Age-standardized,559,Schizophrenia,3,Rate,2009,231.8384505279928,292.4600798235823,173.45037922897987
2,DALYs (Disability-Adjusted Life Years),167,Central Sub-Saharan Africa,3,Both,22,All ages,559,Schizophrenia,1,Number,2010,98806.62846165846,136476.41190535142,68659.10453701073
2,DALYs (Disability-Adjusted Life Years),167,Central Sub-Saharan Africa,3,Both,22,All ages,559,Schizophrenia,3,Rate,2010,98.67600907824148,136.29599420411435,68.56833927115545
2,DALYs (Disability-Adjusted Life Years),167,Central Sub-Saharan Africa,3,Both,27,Age-standardized,559,Schizophrenia,3,Rate,2010,133.23523912109832,181.43046165420927,92.53513831931458
2,DALYs (Disability-Adjusted Life Years),100,High-income North America,3,Both,22,All ages,559,Schizophrenia,1,Number,2010,888863.5775471643,1115697.2278398261,668705.5221627775
2,DALYs (Disability-Adjusted Life Years),100,High-income North America,3,Both,22,All ages,559,Schizophrenia,3,Rate,2010,259.20126895349284,325.3481687504886,195.001037593537
2,DALYs (Disability-Adjusted Life Years),100,High-income North America,3,Both,27,Age-standardized,559,Schizophrenia,3,Rate,2010,232.1276728723958,291.5170130683185,174.31851377324392
2,DALYs (Disability-Adjusted Life Years),167,Central Sub-Saharan Africa,3,Both,22,All ages,559,Schizophrenia,1,Number,2011,102347.1852981169,141072.1037202351,71602.45471708314
2,DALYs (Disability-Adjusted Life Years),167,Central Sub-Saharan Africa,3,Both,22,All ages,559,Schizophrenia,3,Rate,2011,99.05918831296225,136.54003329376965,69.30216033620991
2,DALYs (Disability-Adjusted Life Years),167,Central Sub-Saharan Africa,3,Both,27,Age-standardized,559,Schizophrenia,3,Rate,2011,133.4461948056461,180.56040788168846,93.8002217761557
2,DALYs (Disability-Adjusted Life Years),192,Southern Sub-Saharan Africa,3,Both,22,All ages,559,Schizophrenia,1,Number,2011,94872.73061011691,123877.118213171,69824.47678579635
2,DALYs (Disability-Adjusted Life Years),192,Southern Sub-Saharan Africa,3,Both,22,All ages,559,Schizophrenia,3,Rate,2011,132.34341098363123,172.80329407326346,97.40216570718418
2,DALYs (Disability-Adjusted Life Years),192,Southern Sub-Saharan Africa,3,Both,27,Age-standardized,559,Schizophrenia,3,Rate,2011,140.3316588092135,182.5278731817326,103.09994010538848
2,DALYs (Disability-Adjusted Life Years),100,High-income North America,3,Both,22,All ages,559,Schizophrenia,1,Number,2011,894971.8974397584,1123882.1496100063,675102.4144297319
2,DALYs (Disability-Adjusted Life Years),100,High-income North America,3,Both,22,All ages,559,Schizophrenia,3,Rate,2011,258.73471105965854,324.9122392293063,195.17085243999176
2,DALYs (Disability-Adjusted Life Years),100,High-income North America,3,Both,27,Age-standardized,559,Schizophrenia,3,Rate,2011,231.45224071772012,291.8194517247143,173.36935839374354
2,DALYs (Disability-Adjusted Life Years),167,Central Sub-Saharan Africa,3,Both,22,All ages,559,Schizophrenia,1,Number,2012,105771.86555472037,146044.67338502064,73411.79969982327
2,DALYs (Disability-Adjusted Life Years),167,Central Sub-Saharan Africa,3,Both,22,All ages,559,Schizophrenia,3,Rate,2012,99.23834289002691,137.02350146359768,68.87715662929345
2,DALYs (Disability-Adjusted Life Years),167,Central Sub-Saharan Africa,3,Both,27,Age-standardized,559,Schizophrenia,3,Rate,2012,133.47449782885852,181.97758544011077,92.8342367098667
2,DALYs (Disability-Adjusted Life Years),124,Central Latin America,3,Both,22,All ages,559,Schizophrenia,1,Number,2010,346111.1385408053,455796.99962250947,248955.71880141346
2,DALYs (Disability-Adjusted Life Years),124,Central Latin America,3,Both,22,All ages,559,Schizophrenia,3,Rate,2010,151.47019551677866,199.47251897136786,108.95162623442819
2,DALYs (Disability-Adjusted Life Years),124,Central Latin America,3,Both,27,Age-standardized,559,Schizophrenia,3,Rate,2010,155.82465415033985,204.6731512306753,111.50144179307982
2,DALYs (Disability-Adjusted Life Years),192,Southern Sub-Saharan Africa,3,Both,22,All ages,559,Schizophrenia,1,Number,2012,96852.31685404028,127349.93158888325,71526.25384723226
2,DALYs (Disability-Adjusted Life Years),192,Southern Sub-Saharan Africa,3,Both,22,All ages,559,Schizophrenia,3,Rate,2012,133.47418918378165,175.50358539231138,98.5718158090135
2,DALYs (Disability-Adjusted Life Years),192,Southern Sub-Saharan Africa,3,Both,27,Age-standardized,559,Schizophrenia,3,Rate,2012,140.42096726234738,183.91921197826588,104.00605987900902
2,DALYs (Disability-Adjusted Life Years),138,North Africa and Middle East,3,Both,22,All ages,559,Schizophrenia,1,Number,2011,807212.3570913785,1090642.847338242,577417.4332276061
2,DALYs (Disability-Adjusted Life Years),138,North Africa and Middle East,3,Both,22,All ages,559,Schizophrenia,3,Rate,2011,152.8564868269952,206.52785176360032,109.34173579040184
2,DALYs (Disability-Adjusted Life Years),138,North Africa and Middle East,3,Both,27,Age-standardized,559,Schizophrenia,3,Rate,2011,155.76097863219772,209.3446254117927,112.84249996019057
2,DALYs (Disability-Adjusted Life Years),124,Central Latin America,3,Both,22,All ages,559,Schizophrenia,1,Number,2011,353213.089686114,467368.83232109156,254485.41343386675
2,DALYs (Disability-Adjusted Life Years),124,Central Latin America,3,Both,22,All ages,559,Schizophrenia,3,Rate,2011,152.63461031639142,201.96493753600873,109.97124128441114
2,DALYs (Disability-Adjusted Life Years),124,Central Latin America,3,Both,27,Age-standardized,559,Schizophrenia,3,Rate,2011,155.76178743635802,205.30488772301462,112.41091745946734
2,DALYs (Disability-Adjusted Life Years),21,Oceania,3,Both,22,All ages,559,Schizophrenia,1,Number,2011,16855.642403131988,23307.208825579375,12098.15998885305
2,DALYs (Disability-Adjusted Life Years),21,Oceania,3,Both,22,All ages,559,Schizophrenia,3,Rate,2011,154.1821581486227,213.1960130146526,110.66445123219287
2,DALYs (Disability-Adjusted Life Years),21,Oceania,3,Both,27,Age-standardized,559,Schizophrenia,3,Rate,2011,174.57201173161496,238.06214984823512,123.64277429508597
2,DALYs (Disability-Adjusted Life Years),174,Eastern Sub-Saharan Africa,3,Both,22,All ages,559,Schizophrenia,1,Number,2011,332485.1835220004,444648.16579978226,237167.5631120235
2,DALYs (Disability-Adjusted Life Years),174,Eastern Sub-Saharan Africa,3,Both,22,All ages,559,Schizophrenia,3,Rate,2011,99.17664612892037,132.6336209158642,70.7444561314208
2,DALYs (Disability-Adjusted Life Years),174,Eastern Sub-Saharan Africa,3,Both,27,Age-standardized,559,Schizophrenia,3,Rate,2011,137.55130235094728,183.1576631225107,98.20583407008043
2,DALYs (Disability-Adjusted Life Years),100,High-income North America,3,Both,22,All ages,559,Schizophrenia,1,Number,2012,897886.3686439113,1127983.6585204005,679100.4593233855
2,DALYs (Disability-Adjusted Life Years),100,High-income North America,3,Both,22,All ages,559,Schizophrenia,3,Rate,2012,257.4130300687829,323.3791062518727,194.6897882184707
2,DALYs (Disability-Adjusted Life Years),100,High-income North America,3,Both,27,Age-standardized,559,Schizophrenia,3,Rate,2012,230.0211167526856,289.63950224613285,172.6492049758434
2,DALYs (Disability-Adjusted Life Years),9,Southeast Asia,3,Both,22,All ages,559,Schizophrenia,1,Number,2011,1207800.3074560517,1595124.2798492727,884735.1173920144
2,DALYs (Disability-Adjusted Life Years),9,Southeast Asia,3,Both,22,All ages,559,Schizophrenia,3,Rate,2011,193.48745806335006,255.5360685850777,141.73299002061177
2,DALYs (Disability-Adjusted Life Years),9,Southeast Asia,3,Both,27,Age-standardized,559,Schizophrenia,3,Rate,2011,185.42893747236616,243.60422075110398,135.85747359394648
2,DALYs (Disability-Adjusted Life Years),124,Central Latin America,3,Both,22,All ages,559,Schizophrenia,1,Number,2012,360420.12107271864,476565.98310071207,259824.84315065405
2,DALYs (Disability-Adjusted Life Years),124,Central Latin America,3,Both,22,All ages,559,Schizophrenia,3,Rate,2012,153.81133671016173,203.3772439594832,110.88172967859082
2,DALYs (Disability-Adjusted Life Years),124,Central Latin America,3,Both,27,Age-standardized,559,Schizophrenia,3,Rate,2012,155.716528161775,205.81430858462235,112.15655451972108
2,DALYs (Disability-Adjusted Life Years),174,Eastern Sub-Saharan Africa,3,Both,22,All ages,559,Schizophrenia,1,Number,2012,343085.487028111,461522.96029231383,245945.98805282265
2,DALYs (Disability-Adjusted Life Years),174,Eastern Sub-Saharan Africa,3,Both,22,All ages,559,Schizophrenia,3,Rate,2012,99.79566455879888,134.24639710201978,71.54002209743956
2,DALYs (Disability-Adjusted Life Years),174,Eastern Sub-Saharan Africa,3,Both,27,Age-standardized,559,Schizophrenia,3,Rate,2012,137.69531033757488,184.64317952151237,98.44134197730948
2,DALYs (Disability-Adjusted Life Years),9,Southeast Asia,3,Both,22,All ages,559,Schizophrenia,1,Number,2012,1234630.3400891277,1624222.9742229125,898308.155662518
2,DALYs (Disability-Adjusted Life Years),9,Southeast Asia,3,Both,22,All ages,559,Schizophrenia,3,Rate,2012,195.58948513750002,257.3085440730578,142.30950265499305
2,DALYs (Disability-Adjusted Life Years),9,Southeast Asia,3,Both,27,Age-standardized,559,Schizophrenia,3,Rate,2012,186.48553091751376,244.57185468051225,135.78480661933196
2,DALYs (Disability-Adjusted Life Years),21,Oceania,3,Both,22,All ages,559,Schizophrenia,1,Number,2012,17387.60222827962,24023.998447248036,12302.28922051431
2,DALYs (Disability-Adjusted Life Years),21,Oceania,3,Both,22,All ages,559,Schizophrenia,3,Rate,2012,155.17742946726162,214.4046243769112,109.79303487270418
2,DALYs (Disability-Adjusted Life Years),21,Oceania,3,Both,27,Age-standardized,559,Schizophrenia,3,Rate,2012,175.05183756411168,238.58960580679746,124.43978330697004
2,DALYs (Disability-Adjusted Life Years),100,High-income North America,3,Both,22,All ages,559,Schizophrenia,1,Number,2013,898635.5154428694,1123343.5969366939,678341.6570337261
2,DALYs (Disability-Adjusted Life Years),100,High-income North America,3,Both,22,All ages,559,Schizophrenia,3,Rate,2013,255.53447017797703,319.4320788997241,192.89208244160943
2,DALYs (Disability-Adjusted Life Years),100,High-income North America,3,Both,27,Age-standardized,559,Schizophrenia,3,Rate,2013,228.14832147506561,287.05406871689576,171.4496785017008
2,DALYs (Disability-Adjusted Life Years),138,North Africa and Middle East,3,Both,22,All ages,559,Schizophrenia,1,Number,2012,829280.0313738901,1121465.8765970822,592719.6147767636
2,DALYs (Disability-Adjusted Life Years),138,North Africa and Middle East,3,Both,22,All ages,559,Schizophrenia,3,Rate,2012,154.06367553614282,208.34597289249146,110.11547240995107
2,DALYs (Disability-Adjusted Life Years),138,North Africa and Middle East,3,Both,27,Age-standardized,559,Schizophrenia,3,Rate,2012,155.88639563203654,209.74448856196423,112.09014325733908
2,DALYs (Disability-Adjusted Life Years),199,Western Sub-Saharan Africa,3,Both,22,All ages,559,Schizophrenia,1,Number,2012,417794.6323217996,553599.4909905689,301880.86366693187
2,DALYs (Disability-Adjusted Life Years),199,Western Sub-Saharan Africa,3,Both,22,All ages,559,Schizophrenia,3,Rate,2012,110.9880838011528,147.06494996568404,80.19533043886263
2,DALYs (Disability-Adjusted Life Years),199,Western Sub-Saharan Africa,3,Both,27,Age-standardized,559,Schizophrenia,3,Rate,2012,150.44024702484398,197.7008394780046,108.14154993999776
2,DALYs (Disability-Adjusted Life Years),138,North Africa and Middle East,3,Both,22,All ages,559,Schizophrenia,1,Number,2013,850574.2588630855,1146693.0843163156,609841.3423013284
2,DALYs (Disability-Adjusted Life Years),138,North Africa and Middle East,3,Both,22,All ages,559,Schizophrenia,3,Rate,2013,155.2088548127363,209.243247822138,111.2810261652736
2,DALYs (Disability-Adjusted Life Years),138,North Africa and Middle East,3,Both,27,Age-standardized,559,Schizophrenia,3,Rate,2013,156.02537336812884,209.86402608572766,112.24302546561862
2,DALYs (Disability-Adjusted Life Years),199,Western Sub-Saharan Africa,3,Both,22,All ages,559,Schizophrenia,1,Number,2011,404823.92553473735,536631.628340663,291832.84593623667
2,DALYs (Disability-Adjusted Life Years),199,Western Sub-Saharan Africa,3,Both,22,All ages,559,Schizophrenia,3,Rate,2011,110.89875866114893,147.0065815963832,79.94562156406403
2,DALYs (Disability-Adjusted Life Years),199,Western Sub-Saharan Africa,3,Both,27,Age-standardized,559,Schizophrenia,3,Rate,2011,150.1783763022578,197.49082353044665,107.61716958706616
2,DALYs (Disability-Adjusted Life Years),21,Oceania,3,Both,22,All ages,559,Schizophrenia,1,Number,2013,17937.725848520837,24535.976308250974,12795.859728584403
2,DALYs (Disability-Adjusted Life Years),21,Oceania,3,Both,22,All ages,559,Schizophrenia,3,Rate,2013,156.18997258081055,213.64321760693824,111.41796886812728
2,DALYs (Disability-Adjusted Life Years),21,Oceania,3,Both,27,Age-standardized,559,Schizophrenia,3,Rate,2013,175.5889694010768,237.4068237033499,125.75633225765438
2,DALYs (Disability-Adjusted Life Years),124,Central Latin America,3,Both,22,All ages,559,Schizophrenia,1,Number,2013,367806.3186866283,486306.0751626068,263240.850079908
2,DALYs (Disability-Adjusted Life Years),124,Central Latin America,3,Both,22,All ages,559,Schizophrenia,3,Rate,2013,155.05688613003372,205.0130785955236,110.9750008139202
2,DALYs (Disability-Adjusted Life Years),124,Central Latin America,3,Both,27,Age-standardized,559,Schizophrenia,3,Rate,2013,155.7423160772414,205.1207367052839,111.32135452114555
2,DALYs (Disability-Adjusted Life Years),9,Southeast Asia,3,Both,22,All ages,559,Schizophrenia,1,Number,2013,1264699.9366281133,1669754.9490843737,921847.7887080421
2,DALYs (Disability-Adjusted Life Years),9,Southeast Asia,3,Both,22,All ages,559,Schizophrenia,3,Rate,2013,197.91094441843106,261.29737920419524,144.2585400610317
2,DALYs (Disability-Adjusted Life Years),9,Southeast Asia,3,Both,27,Age-standardized,559,Schizophrenia,3,Rate,2013,187.75069707925618,246.93981385651566,137.06350551376212
2,DALYs (Disability-Adjusted Life Years),199,Western Sub-Saharan Africa,3,Both,22,All ages,559,Schizophrenia,1,Number,2013,430816.78276033804,571823.6151067668,312599.61361903965
2,DALYs (Disability-Adjusted Life Years),199,Western Sub-Saharan Africa,3,Both,22,All ages,559,Schizophrenia,3,Rate,2013,111.0318260192528,147.3726713695703,80.5644239081168
2,DALYs (Disability-Adjusted Life Years),199,Western Sub-Saharan Africa,3,Both,27,Age-standardized,559,Schizophrenia,3,Rate,2013,150.595660195524,198.0620435382052,108.12763012080984
2,DALYs (Disability-Adjusted Life Years),100,High-income North America,3,Both,22,All ages,559,Schizophrenia,1,Number,2014,898873.64563362,1120040.098275926,676507.5200771698
2,DALYs (Disability-Adjusted Life Years),100,High-income North America,3,Both,22,All ages,559,Schizophrenia,3,Rate,2014,253.57639876458197,315.9684745151625,190.84588975506446
2,DALYs (Disability-Adjusted Life Years),100,High-income North America,3,Both,27,Age-standardized,559,Schizophrenia,3,Rate,2014,226.12193956299598,283.80826516635034,169.75874010240435
2,DALYs (Disability-Adjusted Life Years),174,Eastern Sub-Saharan Africa,3,Both,22,All ages,559,Schizophrenia,1,Number,2013,354066.6543807853,474078.0839621671,252084.68838078983
2,DALYs (Disability-Adjusted Life Years),174,Eastern Sub-Saharan Africa,3,Both,22,All ages,559,Schizophrenia,3,Rate,2013,100.38155070944408,134.4060295898538,71.46861082985939
2,DALYs (Disability-Adjusted Life Years),174,Eastern Sub-Saharan Africa,3,Both,27,Age-standardized,559,Schizophrenia,3,Rate,2013,137.74228345615444,183.20211643496225,98.21228292073171
2,DALYs (Disability-Adjusted Life Years),138,North Africa and Middle East,3,Both,22,All ages,559,Schizophrenia,1,Number,2014,871490.8521038364,1169251.7899209976,623815.6187670068
2,DALYs (Disability-Adjusted Life Years),138,North Africa and Middle East,3,Both,22,All ages,559,Schizophrenia,3,Rate,2014,156.3052753174533,209.7098581101929,111.88375850798593
2,DALYs (Disability-Adjusted Life Years),138,North Africa and Middle East,3,Both,27,Age-standardized,559,Schizophrenia,3,Rate,2014,156.18818680993627,209.16016244759183,112.79394189452618
2,DALYs (Disability-Adjusted Life Years),124,Central Latin America,3,Both,22,All ages,559,Schizophrenia,1,Number,2014,375182.94002043735,496739.9899606096,270775.599067258
2,DALYs (Disability-Adjusted Life Years),124,Central Latin America,3,Both,22,All ages,559,Schizophrenia,3,Rate,2014,156.29881441603652,206.93870435486184,112.8033836098706
2,DALYs (Disability-Adjusted Life Years),124,Central Latin America,3,Both,27,Age-standardized,559,Schizophrenia,3,Rate,2014,155.77755015306835,205.52206475162268,112.34101283932719
2,DALYs (Disability-Adjusted Life Years),21,Oceania,3,Both,22,All ages,559,Schizophrenia,1,Number,2014,18479.740701315604,25602.956013975207,13045.344670920469
2,DALYs (Disability-Adjusted Life Years),21,Oceania,3,Both,22,All ages,559,Schizophrenia,3,Rate,2014,156.99476866560173,217.51009505687796,110.82681850770747
2,DALYs (Disability-Adjusted Life Years),21,Oceania,3,Both,27,Age-standardized,559,Schizophrenia,3,Rate,2014,175.85947348127553,240.02835031710413,124.78806627154138
2,DALYs (Disability-Adjusted Life Years),9,Southeast Asia,3,Both,22,All ages,559,Schizophrenia,1,Number,2014,1292965.3927210385,1707709.0121967848,942316.9075916896
2,DALYs (Disability-Adjusted Life Years),9,Southeast Asia,3,Both,22,All ages,559,Schizophrenia,3,Rate,2014,199.88645751299697,264.0038989695384,145.67782677981032
2,DALYs (Disability-Adjusted Life Years),9,Southeast Asia,3,Both,27,Age-standardized,559,Schizophrenia,3,Rate,2014,188.70825551718102,248.35072218498632,137.78043730961642
2,DALYs (Disability-Adjusted Life Years),167,Central Sub-Saharan Africa,3,Both,22,All ages,559,Schizophrenia,1,Number,2013,109442.16412891819,151028.5096955184,77156.92528890829
2,DALYs (Disability-Adjusted Life Years),167,Central Sub-Saharan Africa,3,Both,22,All ages,559,Schizophrenia,3,Rate,2013,99.59470689568212,137.4391695900535,70.21444998171775
2,DALYs (Disability-Adjusted Life Years),167,Central Sub-Saharan Africa,3,Both,27,Age-standardized,559,Schizophrenia,3,Rate,2013,133.66707710051156,181.5270954140551,93.12112477632915
2,DALYs (Disability-Adjusted Life Years),199,Western Sub-Saharan Africa,3,Both,22,All ages,559,Schizophrenia,1,Number,2015,458598.02906126337,609413.6584970786,328758.9606862203
2,DALYs (Disability-Adjusted Life Years),199,Western Sub-Saharan Africa,3,Both,22,All ages,559,Schizophrenia,3,Rate,2015,111.30821255385281,147.91329385358583,79.79443860661928
2,DALYs (Disability-Adjusted Life Years),199,Western Sub-Saharan Africa,3,Both,27,Age-standardized,559,Schizophrenia,3,Rate,2015,150.93474283530594,198.61582595251176,108.4260045241081
2,DALYs (Disability-Adjusted Life Years),138,North Africa and Middle East,3,Both,22,All ages,559,Schizophrenia,1,Number,2015,892525.5735031953,1196505.6350580647,638442.4780770994
2,DALYs (Disability-Adjusted Life Years),138,North Africa and Middle East,3,Both,22,All ages,559,Schizophrenia,3,Rate,2015,157.30867038884514,210.8855097842987,112.5262293066478
2,DALYs (Disability-Adjusted Life Years),138,North Africa and Middle East,3,Both,27,Age-standardized,559,Schizophrenia,3,Rate,2015,156.31442674286546,209.34106213217157,112.32780787986921
2,DALYs (Disability-Adjusted Life Years),192,Southern Sub-Saharan Africa,3,Both,22,All ages,559,Schizophrenia,1,Number,2013,99023.7403862276,130223.5503524646,72662.77798419347
2,DALYs (Disability-Adjusted Life Years),192,Southern Sub-Saharan Africa,3,Both,22,All ages,559,Schizophrenia,3,Rate,2013,134.7822177808351,177.24859569373072,98.90204438478415
2,DALYs (Disability-Adjusted Life Years),192,Southern Sub-Saharan Africa,3,Both,27,Age-standardized,559,Schizophrenia,3,Rate,2013,140.68655991189934,184.37793804343858,103.2670888481288
2,DALYs (Disability-Adjusted Life Years),174,Eastern Sub-Saharan Africa,3,Both,22,All ages,559,Schizophrenia,1,Number,2014,365773.1286441871,491134.7066665069,261743.6447598783
2,DALYs (Disability-Adjusted Life Years),174,Eastern Sub-Saharan Africa,3,Both,22,All ages,559,Schizophrenia,3,Rate,2014,101.08584516533095,135.7310393397042,72.33603421137201
2,DALYs (Disability-Adjusted Life Years),174,Eastern Sub-Saharan Africa,3,Both,27,Age-standardized,559,Schizophrenia,3,Rate,2014,137.85012873498886,182.32864144511151,98.91771817972551
2,DALYs (Disability-Adjusted Life Years),199,Western Sub-Saharan Africa,3,Both,22,All ages,559,Schizophrenia,1,Number,2014,444662.296731223,590345.3228987015,319971.9974281465
2,DALYs (Disability-Adjusted Life Years),199,Western Sub-Saharan Africa,3,Both,22,All ages,559,Schizophrenia,3,Rate,2014,111.20601696931118,147.6400236283328,80.02210135033543
2,DALYs (Disability-Adjusted Life Years),199,Western Sub-Saharan Africa,3,Both,27,Age-standardized,559,Schizophrenia,3,Rate,2014,150.84225110629453,198.89391673824667,108.47924190352859
2,DALYs (Disability-Adjusted Life Years),174,Eastern Sub-Saharan Africa,3,Both,22,All ages,559,Schizophrenia,1,Number,2015,377509.34969336505,506469.39852686715,270688.09434155165
2,DALYs (Disability-Adjusted Life Years),174,Eastern Sub-Saharan Africa,3,Both,22,All ages,559,Schizophrenia,3,Rate,2015,101.79861627601215,136.57379346513568,72.99335359175333
2,DALYs (Disability-Adjusted Life Years),174,Eastern Sub-Saharan Africa,3,Both,27,Age-standardized,559,Schizophrenia,3,Rate,2015,137.88403388667805,183.6365022346425,98.60479136124495
2,DALYs (Disability-Adjusted Life Years),9,Southeast Asia,3,Both,22,All ages,559,Schizophrenia,1,Number,2015,1319269.980918147,1732637.0463730309,959307.4217094117
2,DALYs (Disability-Adjusted Life Years),9,Southeast Asia,3,Both,22,All ages,559,Schizophrenia,3,Rate,2015,201.53505884279127,264.6820697390323,146.54625700493963
2,DALYs (Disability-Adjusted Life Years),9,Southeast Asia,3,Both,27,Age-standardized,559,Schizophrenia,3,Rate,2015,189.36709045656275,248.6941457890766,137.806731070395
2,DALYs (Disability-Adjusted Life Years),21,Oceania,3,Both,22,All ages,559,Schizophrenia,1,Number,2015,19009.68797078947,26422.97898177435,13578.616100458414
2,DALYs (Disability-Adjusted Life Years),21,Oceania,3,Both,22,All ages,559,Schizophrenia,3,Rate,2015,157.59809612744897,219.05731372035223,112.5722867606278
2,DALYs (Disability-Adjusted Life Years),21,Oceania,3,Both,27,Age-standardized,559,Schizophrenia,3,Rate,2015,175.97993902201273,241.3514972589207,125.08555385777431
2,DALYs (Disability-Adjusted Life Years),167,Central Sub-Saharan Africa,3,Both,22,All ages,559,Schizophrenia,1,Number,2014,113283.35458223897,158405.6392359995,78706.39836999896
2,DALYs (Disability-Adjusted Life Years),167,Central Sub-Saharan Africa,3,Both,22,All ages,559,Schizophrenia,3,Rate,2014,100.10290664324438,139.97524150552343,69.54895780861072
2,DALYs (Disability-Adjusted Life Years),167,Central Sub-Saharan Africa,3,Both,27,Age-standardized,559,Schizophrenia,3,Rate,2014,133.89456855788237,183.0150938206454,93.34137687469155
2,DALYs (Disability-Adjusted Life Years),192,Southern Sub-Saharan Africa,3,Both,22,All ages,559,Schizophrenia,1,Number,2014,101258.1810631088,132891.33889377356,73902.01815222584
2,DALYs (Disability-Adjusted Life Years),192,Southern Sub-Saharan Africa,3,Both,22,All ages,559,Schizophrenia,3,Rate,2014,136.12487347933052,178.65042116586469,99.3490379268134
2,DALYs (Disability-Adjusted Life Years),192,Southern Sub-Saharan Africa,3,Both,27,Age-standardized,559,Schizophrenia,3,Rate,2014,140.98041878287646,183.56897476589197,103.36875885248044
2,DALYs (Disability-Adjusted Life Years),174,Eastern Sub-Saharan Africa,3,Both,22,All ages,559,Schizophrenia,1,Number,2016,390037.4305827096,524027.28070382425,275410.22407613596
2,DALYs (Disability-Adjusted Life Years),174,Eastern Sub-Saharan Africa,3,Both,22,All ages,559,Schizophrenia,3,Rate,2016,102.73249096538659,138.02426038981352,72.54067465885669
2,DALYs (Disability-Adjusted Life Years),174,Eastern Sub-Saharan Africa,3,Both,27,Age-standardized,559,Schizophrenia,3,Rate,2016,138.11255601560484,183.55126395568308,98.01908755672135
2,DALYs (Disability-Adjusted Life Years),9,Southeast Asia,3,Both,22,All ages,559,Schizophrenia,1,Number,2016,1344034.910864862,1772367.488661436,975970.5598199791
2,DALYs (Disability-Adjusted Life Years),9,Southeast Asia,3,Both,22,All ages,559,Schizophrenia,3,Rate,2016,202.94405789284062,267.6206155946055,147.36776864401625
2,DALYs (Disability-Adjusted Life Years),9,Southeast Asia,3,Both,27,Age-standardized,559,Schizophrenia,3,Rate,2016,189.84677859538735,249.6568648154905,138.04132753107268
2,DALYs (Disability-Adjusted Life Years),199,Western Sub-Saharan Africa,3,Both,22,All ages,559,Schizophrenia,1,Number,2016,473558.69098441117,626748.0759137152,339773.24310084333
2,DALYs (Disability-Adjusted Life Years),199,Western Sub-Saharan Africa,3,Both,22,All ages,559,Schizophrenia,3,Rate,2016,111.57371557669808,147.66619828024966,80.05293516522892
2,DALYs (Disability-Adjusted Life Years),199,Western Sub-Saharan Africa,3,Both,27,Age-standardized,559,Schizophrenia,3,Rate,2016,151.10198683929573,200.01681998980007,108.21676621159952
2,DALYs (Disability-Adjusted Life Years),167,Central Sub-Saharan Africa,3,Both,22,All ages,559,Schizophrenia,1,Number,2015,117097.20541425268,162188.09437501748,81714.16223418692
2,DALYs (Disability-Adjusted Life Years),167,Central Sub-Saharan Africa,3,Both,22,All ages,559,Schizophrenia,3,Rate,2015,100.55595298604106,139.2772640062064,70.17114906240542
2,DALYs (Disability-Adjusted Life Years),167,Central Sub-Saharan Africa,3,Both,27,Age-standardized,559,Schizophrenia,3,Rate,2015,134.0702822679024,181.74688374054026,94.00785687115402
2,DALYs (Disability-Adjusted Life Years),21,Oceania,3,Both,22,All ages,559,Schizophrenia,1,Number,2016,19560.56684484914,27150.230191207706,14100.980596044079
2,DALYs (Disability-Adjusted Life Years),21,Oceania,3,Both,22,All ages,559,Schizophrenia,3,Rate,2016,158.2777078039763,219.6907806966887,114.10052194463483
2,DALYs (Disability-Adjusted Life Years),21,Oceania,3,Both,27,Age-standardized,559,Schizophrenia,3,Rate,2016,176.25535304457892,242.06813120429862,125.74407807256341
2,DALYs (Disability-Adjusted Life Years),192,Southern Sub-Saharan Africa,3,Both,22,All ages,559,Schizophrenia,1,Number,2015,103322.78716390884,134162.57835515653,75927.12168822327
2,DALYs (Disability-Adjusted Life Years),192,Southern Sub-Saharan Africa,3,Both,22,All ages,559,Schizophrenia,3,Rate,2015,137.22091461778342,178.1786207544861,100.83728254277158
2,DALYs (Disability-Adjusted Life Years),192,Southern Sub-Saharan Africa,3,Both,27,Age-standardized,559,Schizophrenia,3,Rate,2015,141.0175356794099,182.14176426160762,103.91877854550742
2,DALYs (Disability-Adjusted Life Years),124,Central Latin America,3,Both,22,All ages,559,Schizophrenia,1,Number,2015,382563.73120776116,507136.4798066703,277813.54848241224
2,DALYs (Disability-Adjusted Life Years),124,Central Latin America,3,Both,22,All ages,559,Schizophrenia,3,Rate,2015,157.5439449531121,208.84437059975102,114.40666957938232
2,DALYs (Disability-Adjusted Life Years),124,Central Latin America,3,Both,27,Age-standardized,559,Schizophrenia,3,Rate,2015,155.7798182991262,205.55770515129825,112.89538141312141
2,DALYs (Disability-Adjusted Life Years),100,High-income North America,3,Both,22,All ages,559,Schizophrenia,1,Number,2015,899919.8130959722,1121789.6830566667,678026.5179837659
2,DALYs (Disability-Adjusted Life Years),100,High-income North America,3,Both,22,All ages,559,Schizophrenia,3,Rate,2015,251.92485401247924,314.03542629482877,189.8077240593365
2,DALYs (Disability-Adjusted Life Years),100,High-income North America,3,Both,27,Age-standardized,559,Schizophrenia,3,Rate,2015,224.55444991458916,281.7020470444239,168.8619351965998
2,DALYs (Disability-Adjusted Life Years),192,Southern Sub-Saharan Africa,3,Both,22,All ages,559,Schizophrenia,1,Number,2016,105387.00859466544,137484.85758948428,76562.4306853096
2,DALYs (Disability-Adjusted Life Years),192,Southern Sub-Saharan Africa,3,Both,22,All ages,559,Schizophrenia,3,Rate,2016,138.30470267096885,180.42833366499593,100.47675090983076
2,DALYs (Disability-Adjusted Life Years),192,Southern Sub-Saharan Africa,3,Both,27,Age-standardized,559,Schizophrenia,3,Rate,2016,141.13009699382883,183.37274367412675,103.48253705246606
2,DALYs (Disability-Adjusted Life Years),192,Southern Sub-Saharan Africa,3,Both,22,All ages,559,Schizophrenia,1,Number,2017,107342.69747119727,139769.51297778985,78462.8888630578
2,DALYs (Disability-Adjusted Life Years),192,Southern Sub-Saharan Africa,3,Both,22,All ages,559,Schizophrenia,3,Rate,2017,139.22484237079738,181.28283405396402,101.76736369838105
2,DALYs (Disability-Adjusted Life Years),192,Southern Sub-Saharan Africa,3,Both,27,Age-standardized,559,Schizophrenia,3,Rate,2017,141.1127728498579,183.72693050054787,104.04537066817065
2,DALYs (Disability-Adjusted Life Years),167,Central Sub-Saharan Africa,3,Both,22,All ages,559,Schizophrenia,1,Number,2016,121063.9886831375,165891.87738532288,85236.32316061664
2,DALYs (Disability-Adjusted Life Years),167,Central Sub-Saharan Africa,3,Both,22,All ages,559,Schizophrenia,3,Rate,2016,101.0351773810754,138.44674572530656,71.13483640774086
2,DALYs (Disability-Adjusted Life Years),167,Central Sub-Saharan Africa,3,Both,27,Age-standardized,559,Schizophrenia,3,Rate,2016,134.23698559866935,182.806868606728,94.90647865509243
2,DALYs (Disability-Adjusted Life Years),124,Central Latin America,3,Both,22,All ages,559,Schizophrenia,1,Number,2016,389862.6248449961,516805.26055080304,280417.2980977458
2,DALYs (Disability-Adjusted Life Years),124,Central Latin America,3,Both,22,All ages,559,Schizophrenia,3,Rate,2016,158.7778706548642,210.47731581377823,114.20448806666842
2,DALYs (Disability-Adjusted Life Years),124,Central Latin America,3,Both,27,Age-standardized,559,Schizophrenia,3,Rate,2016,155.77756365531508,205.47052640934393,111.88867522029335
2,DALYs (Disability-Adjusted Life Years),100,High-income North America,3,Both,22,All ages,559,Schizophrenia,1,Number,2016,901390.2969855554,1126386.353280746,678321.421837767
2,DALYs (Disability-Adjusted Life Years),100,High-income North America,3,Both,22,All ages,559,Schizophrenia,3,Rate,2016,250.5051259608494,313.0337171953122,188.51211710140598
2,DALYs (Disability-Adjusted Life Years),100,High-income North America,3,Both,27,Age-standardized,559,Schizophrenia,3,Rate,2016,223.17126112805187,280.625519281192,167.82590891688227
2,DALYs (Disability-Adjusted Life Years),167,Central Sub-Saharan Africa,3,Both,22,All ages,559,Schizophrenia,1,Number,2017,125323.47108870602,171366.0206883229,86901.29357514906
2,DALYs (Disability-Adjusted Life Years),167,Central Sub-Saharan Africa,3,Both,22,All ages,559,Schizophrenia,3,Rate,2017,101.67072138336363,139.02349490181263,70.50009970342326
2,DALYs (Disability-Adjusted Life Years),167,Central Sub-Saharan Africa,3,Both,27,Age-standardized,559,Schizophrenia,3,Rate,2017,134.42243775356874,183.91794557527493,94.2654910557215
2,DALYs (Disability-Adjusted Life Years),124,Central Latin America,3,Both,22,All ages,559,Schizophrenia,1,Number,2017,397355.7566008782,523615.4043128828,285744.1729209358
2,DALYs (Disability-Adjusted Life Years),124,Central Latin America,3,Both,22,All ages,559,Schizophrenia,3,Rate,2017,160.1912938971977,211.09201950139735,115.19583653538585
2,DALYs (Disability-Adjusted Life Years),124,Central Latin America,3,Both,27,Age-standardized,559,Schizophrenia,3,Rate,2017,155.94388504890324,205.6629976076118,112.07578801660381
2,DALYs (Disability-Adjusted Life Years),192,Southern Sub-Saharan Africa,3,Both,22,All ages,559,Schizophrenia,1,Number,2018,109317.39956507643,142433.60981577158,79606.9480794657
2,DALYs (Disability-Adjusted Life Years),192,Southern Sub-Saharan Africa,3,Both,22,All ages,559,Schizophrenia,3,Rate,2018,140.15358432776242,182.61119477635083,102.06242697979053
2,DALYs (Disability-Adjusted Life Years),192,Southern Sub-Saharan Africa,3,Both,27,Age-standardized,559,Schizophrenia,3,Rate,2018,141.10659986833602,184.7824023312698,103.61318778045136
2,DALYs (Disability-Adjusted Life Years),167,Central Sub-Saharan Africa,3,Both,22,All ages,559,Schizophrenia,1,Number,2018,129768.16169523587,177506.5130590421,91106.76640611878
2,DALYs (Disability-Adjusted Life Years),167,Central Sub-Saharan Africa,3,Both,22,All ages,559,Schizophrenia,3,Rate,2018,102.41365721603687,140.08899366808325,71.90189814579408
2,DALYs (Disability-Adjusted Life Years),167,Central Sub-Saharan Africa,3,Both,27,Age-standardized,559,Schizophrenia,3,Rate,2018,134.74261081677736,182.57569953495286,93.8957878659844
2,DALYs (Disability-Adjusted Life Years),100,High-income North America,3,Both,22,All ages,559,Schizophrenia,1,Number,2017,900869.2973570148,1126750.6382634868,681174.8350117533
2,DALYs (Disability-Adjusted Life Years),100,High-income North America,3,Both,22,All ages,559,Schizophrenia,3,Rate,2017,248.6558776665139,311.0031274133655,188.0163159529524
2,DALYs (Disability-Adjusted Life Years),100,High-income North America,3,Both,27,Age-standardized,559,Schizophrenia,3,Rate,2017,221.49699549599703,278.78097032465746,166.70614718706233
2,DALYs (Disability-Adjusted Life Years),21,Oceania,3,Both,22,All ages,559,Schizophrenia,1,Number,2017,20111.680739291252,27555.180910198404,14199.421054840335
2,DALYs (Disability-Adjusted Life Years),21,Oceania,3,Both,22,All ages,559,Schizophrenia,3,Rate,2017,158.84398770415334,217.63346755670122,112.14839240336109
2,DALYs (Disability-Adjusted Life Years),21,Oceania,3,Both,27,Age-standardized,559,Schizophrenia,3,Rate,2017,176.46456433313904,240.3785651188134,125.34927920938286
2,DALYs (Disability-Adjusted Life Years),138,North Africa and Middle East,3,Both,22,All ages,559,Schizophrenia,1,Number,2016,912771.4751614142,1220794.520521681,657143.5374894901
2,DALYs (Disability-Adjusted Life Years),138,North Africa and Middle East,3,Both,22,All ages,559,Schizophrenia,3,Rate,2016,158.1726295285821,211.54942357379394,113.87529532958499
2,DALYs (Disability-Adjusted Life Years),138,North Africa and Middle East,3,Both,27,Age-standardized,559,Schizophrenia,3,Rate,2016,156.35304540361255,209.08573963890703,113.58947355887562
2,DALYs (Disability-Adjusted Life Years),199,Western Sub-Saharan Africa,3,Both,22,All ages,559,Schizophrenia,1,Number,2017,489087.2186701144,646840.3802736365,350202.476102305
2,DALYs (Disability-Adjusted Life Years),199,Western Sub-Saharan Africa,3,Both,22,All ages,559,Schizophrenia,3,Rate,2017,111.88587837945592,147.97422904447575,80.11395545340402
2,DALYs (Disability-Adjusted Life Years),199,Western Sub-Saharan Africa,3,Both,27,Age-standardized,559,Schizophrenia,3,Rate,2017,151.24462321847292,199.3618154953922,108.32222440380528
2,DALYs (Disability-Adjusted Life Years),100,High-income North America,3,Both,22,All ages,559,Schizophrenia,1,Number,2018,899684.1089818893,1126930.3941765684,680032.6873767206
2,DALYs (Disability-Adjusted Life Years),100,High-income North America,3,Both,22,All ages,559,Schizophrenia,3,Rate,2018,246.7323097590514,309.05307353656974,186.4943861884869
2,DALYs (Disability-Adjusted Life Years),100,High-income North America,3,Both,27,Age-standardized,559,Schizophrenia,3,Rate,2018,219.8408371883907,277.84282773035153,165.71195155735361
2,DALYs (Disability-Adjusted Life Years),138,North Africa and Middle East,3,Both,22,All ages,559,Schizophrenia,1,Number,2017,933221.5530668272,1254767.2025962127,668338.2087242659
2,DALYs (Disability-Adjusted Life Years),138,North Africa and Middle East,3,Both,22,All ages,559,Schizophrenia,3,Rate,2017,159.05177876807429,213.85377872694386,113.90690727933804
2,DALYs (Disability-Adjusted Life Years),138,North Africa and Middle East,3,Both,27,Age-standardized,559,Schizophrenia,3,Rate,2017,156.41032852016536,209.80675470868,113.24347667917422
2,DALYs (Disability-Adjusted Life Years),174,Eastern Sub-Saharan Africa,3,Both,22,All ages,559,Schizophrenia,1,Number,2017,402720.2641985538,539524.9571441293,289664.1933109339
2,DALYs (Disability-Adjusted Life Years),174,Eastern Sub-Saharan Africa,3,Both,22,All ages,559,Schizophrenia,3,Rate,2017,103.70853251642873,138.93848046797044,74.59433031167524
2,DALYs (Disability-Adjusted Life Years),174,Eastern Sub-Saharan Africa,3,Both,27,Age-standardized,559,Schizophrenia,3,Rate,2017,138.30578802561496,183.5622416143909,99.11244971826751
2,DALYs (Disability-Adjusted Life Years),124,Central Latin America,3,Both,22,All ages,559,Schizophrenia,1,Number,2018,403292.20888776693,530793.5188502235,294198.72004751593
2,DALYs (Disability-Adjusted Life Years),124,Central Latin America,3,Both,22,All ages,559,Schizophrenia,3,Rate,2018,161.42846065718936,212.46425987527553,117.76088269982564
2,DALYs (Disability-Adjusted Life Years),124,Central Latin America,3,Both,27,Age-standardized,559,Schizophrenia,3,Rate,2018,155.898335426406,205.17655602696965,113.2749987280292
2,DALYs (Disability-Adjusted Life Years),138,North Africa and Middle East,3,Both,22,All ages,559,Schizophrenia,1,Number,2018,953351.5863221397,1288251.9954352349,681352.3850638265
2,DALYs (Disability-Adjusted Life Years),138,North Africa and Middle East,3,Both,22,All ages,559,Schizophrenia,3,Rate,2018,159.8059279744196,215.9437384371867,114.21195677951752
2,DALYs (Disability-Adjusted Life Years),138,North Africa and Middle East,3,Both,27,Age-standardized,559,Schizophrenia,3,Rate,2018,156.4012840571635,211.18761016669288,112.45829779762073
2,DALYs (Disability-Adjusted Life Years),9,Southeast Asia,3,Both,22,All ages,559,Schizophrenia,1,Number,2017,1368517.197664887,1809109.2086947295,1002078.9562440633
2,DALYs (Disability-Adjusted Life Years),9,Southeast Asia,3,Both,22,All ages,559,Schizophrenia,3,Rate,2017,204.2967970958142,270.0698373126183,149.59367814090822
2,DALYs (Disability-Adjusted Life Years),9,Southeast Asia,3,Both,27,Age-standardized,559,Schizophrenia,3,Rate,2017,190.29419524341614,251.16106993525563,139.47346121050583
2,DALYs (Disability-Adjusted Life Years),100,High-income North America,3,Both,22,All ages,559,Schizophrenia,1,Number,2019,900911.5779747645,1128202.1413093442,681160.8383427247
2,DALYs (Disability-Adjusted Life Years),100,High-income North America,3,Both,22,All ages,559,Schizophrenia,3,Rate,2019,245.5745515080975,307.53044098438517,185.67390126889902
2,DALYs (Disability-Adjusted Life Years),100,High-income North America,3,Both,27,Age-standardized,559,Schizophrenia,3,Rate,2019,218.81195101108725,275.15207801822936,164.56721463903983
2,DALYs (Disability-Adjusted Life Years),138,North Africa and Middle East,3,Both,22,All ages,559,Schizophrenia,1,Number,2019,973189.2232834314,1306099.045924401,698306.7568940045
2,DALYs (Disability-Adjusted Life Years),138,North Africa and Middle East,3,Both,22,All ages,559,Schizophrenia,3,Rate,2019,160.55344642182823,215.4757761126089,115.20427250593357
2,DALYs (Disability-Adjusted Life Years),138,North Africa and Middle East,3,Both,27,Age-standardized,559,Schizophrenia,3,Rate,2019,156.39137223095693,208.8684522463707,113.10330509902984
2,DALYs (Disability-Adjusted Life Years),199,Western Sub-Saharan Africa,3,Both,22,All ages,559,Schizophrenia,1,Number,2018,505340.9711326131,668667.4802465446,362573.7899465539
2,DALYs (Disability-Adjusted Life Years),199,Western Sub-Saharan Africa,3,Both,22,All ages,559,Schizophrenia,3,Rate,2018,112.27694997883174,148.56492847561165,80.55685488201156
2,DALYs (Disability-Adjusted Life Years),199,Western Sub-Saharan Africa,3,Both,27,Age-standardized,559,Schizophrenia,3,Rate,2018,151.41917731998925,198.8621395326266,108.40499121644166
2,DALYs (Disability-Adjusted Life Years),9,Southeast Asia,3,Both,22,All ages,559,Schizophrenia,1,Number,2019,1412043.4759054603,1865135.8704331866,1028279.0183563156
2,DALYs (Disability-Adjusted Life Years),9,Southeast Asia,3,Both,22,All ages,559,Schizophrenia,3,Rate,2019,206.21741940245087,272.3878638290788,150.17175406384013
2,DALYs (Disability-Adjusted Life Years),9,Southeast Asia,3,Both,27,Age-standardized,559,Schizophrenia,3,Rate,2019,190.51526128785272,251.2527970890119,139.0907778882822
2,DALYs (Disability-Adjusted Life Years),199,Western Sub-Saharan Africa,3,Both,22,All ages,559,Schizophrenia,1,Number,2019,521864.25733834336,690391.5833130726,373946.6057222395
2,DALYs (Disability-Adjusted Life Years),199,Western Sub-Saharan Africa,3,Both,22,All ages,559,Schizophrenia,3,Rate,2019,112.64511582328934,149.02197031536605,80.71688781321834
2,DALYs (Disability-Adjusted Life Years),199,Western Sub-Saharan Africa,3,Both,27,Age-standardized,559,Schizophrenia,3,Rate,2019,151.46045045359745,199.12796458823001,108.79606131403135
2,DALYs (Disability-Adjusted Life Years),174,Eastern Sub-Saharan Africa,3,Both,22,All ages,559,Schizophrenia,1,Number,2019,430099.85292386013,579132.785250464,309525.16388422606
2,DALYs (Disability-Adjusted Life Years),174,Eastern Sub-Saharan Africa,3,Both,22,All ages,559,Schizophrenia,3,Rate,2019,105.69739910982346,142.3223670598148,76.06606828437167
2,DALYs (Disability-Adjusted Life Years),174,Eastern Sub-Saharan Africa,3,Both,27,Age-standardized,559,Schizophrenia,3,Rate,2019,138.6011556196828,182.34413541689457,98.2795748979747
2,DALYs (Disability-Adjusted Life Years),124,Central Latin America,3,Both,22,All ages,559,Schizophrenia,1,Number,2019,408571.27739102556,538337.4519691919,293749.2639177105
2,DALYs (Disability-Adjusted Life Years),124,Central Latin America,3,Both,22,All ages,559,Schizophrenia,3,Rate,2019,162.85245303390704,214.57596131825358,117.08553893307662
2,DALYs (Disability-Adjusted Life Years),124,Central Latin America,3,Both,27,Age-standardized,559,Schizophrenia,3,Rate,2019,156.00179971586584,205.3027733802818,112.11801489777969
2,DALYs (Disability-Adjusted Life Years),21,Oceania,3,Both,22,All ages,559,Schizophrenia,1,Number,2019,21162.084032875446,28972.451572235936,14845.814715461831
2,DALYs (Disability-Adjusted Life Years),21,Oceania,3,Both,22,All ages,559,Schizophrenia,3,Rate,2019,159.27724393756225,218.06227729609913,111.73759863220677
2,DALYs (Disability-Adjusted Life Years),21,Oceania,3,Both,27,Age-standardized,559,Schizophrenia,3,Rate,2019,176.14319693506278,237.70973503439018,124.89081021268518
2,DALYs (Disability-Adjusted Life Years),9,Southeast Asia,3,Both,22,All ages,559,Schizophrenia,1,Number,2018,1391288.4522887086,1836343.658796194,1017020.7760097889
2,DALYs (Disability-Adjusted Life Years),9,Southeast Asia,3,Both,22,All ages,559,Schizophrenia,3,Rate,2018,205.39318309481806,271.09580958260324,150.14078073787203
2,DALYs (Disability-Adjusted Life Years),9,Southeast Asia,3,Both,27,Age-standardized,559,Schizophrenia,3,Rate,2018,190.51627590330963,251.27233143957443,139.47613663660294
2,DALYs (Disability-Adjusted Life Years),21,Oceania,3,Both,22,All ages,559,Schizophrenia,1,Number,2018,20648.83562457407,28253.335229367116,14574.734849715696
2,DALYs (Disability-Adjusted Life Years),21,Oceania,3,Both,22,All ages,559,Schizophrenia,3,Rate,2018,159.19587574576929,217.82411978838516,112.3665140421561
2,DALYs (Disability-Adjusted Life Years),21,Oceania,3,Both,27,Age-standardized,559,Schizophrenia,3,Rate,2018,176.4256269638389,239.76096845464994,124.36882956609512
2,DALYs (Disability-Adjusted Life Years),100,High-income North America,3,Both,22,All ages,559,Schizophrenia,1,Number,2020,903678.035634727,1129030.0315681412,677079.5624189756
2,DALYs (Disability-Adjusted Life Years),100,High-income North America,3,Both,22,All ages,559,Schizophrenia,3,Rate,2020,245.09376376375846,306.2132849615948,183.63617547064382
2,DALYs (Disability-Adjusted Life Years),100,High-income North America,3,Both,27,Age-standardized,559,Schizophrenia,3,Rate,2020,218.31795843983045,273.5892645319562,164.50824551059085
2,DALYs (Disability-Adjusted Life Years),124,Central Latin America,3,Both,22,All ages,559,Schizophrenia,1,Number,2020,412453.2686447547,544039.4417675817,300037.8980620767
2,DALYs (Disability-Adjusted Life Years),124,Central Latin America,3,Both,22,All ages,559,Schizophrenia,3,Rate,2020,163.73156027383885,215.96731902211175,119.10603436943228
2,DALYs (Disability-Adjusted Life Years),124,Central Latin America,3,Both,27,Age-standardized,559,Schizophrenia,3,Rate,2020,155.60163671073988,205.16047873143515,113.17421159037903
2,DALYs (Disability-Adjusted Life Years),138,North Africa and Middle East,3,Both,22,All ages,559,Schizophrenia,1,Number,2020,989039.7560627989,1326591.3753944626,708095.255519139
2,DALYs (Disability-Adjusted Life Years),138,North Africa and Middle East,3,Both,22,All ages,559,Schizophrenia,3,Rate,2020,160.83407124609056,215.72549584255012,115.14789175770265
2,DALYs (Disability-Adjusted Life Years),138,North Africa and Middle East,3,Both,27,Age-standardized,559,Schizophrenia,3,Rate,2020,155.92744738663336,208.93852643309071,112.55331254848439
2,DALYs (Disability-Adjusted Life Years),174,Eastern Sub-Saharan Africa,3,Both,22,All ages,559,Schizophrenia,1,Number,2018,415803.4555173537,554386.9219734205,298850.80286085093
2,DALYs (Disability-Adjusted Life Years),174,Eastern Sub-Saharan Africa,3,Both,22,All ages,559,Schizophrenia,3,Rate,2018,104.66038548473671,139.54272912244537,75.22265583609207
2,DALYs (Disability-Adjusted Life Years),174,Eastern Sub-Saharan Africa,3,Both,27,Age-standardized,559,Schizophrenia,3,Rate,2018,138.46510559071098,182.6180281804374,99.79414485749292
2,DALYs (Disability-Adjusted Life Years),21,Oceania,3,Both,22,All ages,559,Schizophrenia,1,Number,2020,21681.91383528492,30198.704872087183,15407.75948663352
2,DALYs (Disability-Adjusted Life Years),21,Oceania,3,Both,22,All ages,559,Schizophrenia,3,Rate,2020,159.33308226469882,221.92011112234914,113.2264351038646
2,DALYs (Disability-Adjusted Life Years),21,Oceania,3,Both,27,Age-standardized,559,Schizophrenia,3,Rate,2020,175.82690980155684,241.65126687310115,126.66866732539278
2,DALYs (Disability-Adjusted Life Years),174,Eastern Sub-Saharan Africa,3,Both,22,All ages,559,Schizophrenia,1,Number,2020,443197.4076446757,589337.980429273,317892.32053259434
2,DALYs (Disability-Adjusted Life Years),174,Eastern Sub-Saharan Africa,3,Both,22,All ages,559,Schizophrenia,3,Rate,2020,106.37181647039783,141.4470175410346,76.29734062919495
2,DALYs (Disability-Adjusted Life Years),174,Eastern Sub-Saharan Africa,3,Both,27,Age-standardized,559,Schizophrenia,3,Rate,2020,138.14751480667994,182.38836818931028,99.16666684836694
2,DALYs (Disability-Adjusted Life Years),9,Southeast Asia,3,Both,22,All ages,559,Schizophrenia,1,Number,2020,1408409.0304242617,1864378.8242644705,1030487.5913434288
2,DALYs (Disability-Adjusted Life Years),9,Southeast Asia,3,Both,22,All ages,559,Schizophrenia,3,Rate,2020,203.57839362740208,269.4865184458325,148.9517632782226
2,DALYs (Disability-Adjusted Life Years),9,Southeast Asia,3,Both,27,Age-standardized,559,Schizophrenia,3,Rate,2020,187.33451332048017,247.72439765812933,137.36678268204562
2,DALYs (Disability-Adjusted Life Years),199,Western Sub-Saharan Africa,3,Both,22,All ages,559,Schizophrenia,1,Number,2020,536654.236358125,714627.1889325709,388625.5212250934
2,DALYs (Disability-Adjusted Life Years),199,Western Sub-Saharan Africa,3,Both,22,All ages,559,Schizophrenia,3,Rate,2020,112.61191026031916,149.95788240820886,81.5494583962719
2,DALYs (Disability-Adjusted Life Years),199,Western Sub-Saharan Africa,3,Both,27,Age-standardized,559,Schizophrenia,3,Rate,2020,150.9286217877057,199.3709977718903,108.96674772259314
2,DALYs (Disability-Adjusted Life Years),192,Southern Sub-Saharan Africa,3,Both,22,All ages,559,Schizophrenia,1,Number,2019,111243.52717917573,145688.55042244028,81598.14719774
2,DALYs (Disability-Adjusted Life Years),192,Southern Sub-Saharan Africa,3,Both,22,All ages,559,Schizophrenia,3,Rate,2019,141.01907358116893,184.6836839222575,103.43878350091721
2,DALYs (Disability-Adjusted Life Years),192,Southern Sub-Saharan Africa,3,Both,27,Age-standardized,559,Schizophrenia,3,Rate,2019,141.09414552437087,184.76600440831945,103.6503219951078
2,DALYs (Disability-Adjusted Life Years),167,Central Sub-Saharan Africa,3,Both,22,All ages,559,Schizophrenia,1,Number,2019,133902.0506190002,184446.81997681045,95086.93757562344
2,DALYs (Disability-Adjusted Life Years),167,Central Sub-Saharan Africa,3,Both,22,All ages,559,Schizophrenia,3,Rate,2019,102.87062076814628,141.70177963676872,73.05080280793233
2,DALYs (Disability-Adjusted Life Years),167,Central Sub-Saharan Africa,3,Both,27,Age-standardized,559,Schizophrenia,3,Rate,2019,134.483664801341,183.79798709042095,95.56772561277798
2,DALYs (Disability-Adjusted Life Years),138,North Africa and Middle East,3,Both,22,All ages,559,Schizophrenia,1,Number,2021,1005508.0828786606,1352121.0420030858,723247.3014865997
2,DALYs (Disability-Adjusted Life Years),138,North Africa and Middle East,3,Both,22,All ages,559,Schizophrenia,3,Rate,2021,161.39774955399855,217.0338528549057,116.09104771863471
2,DALYs (Disability-Adjusted Life Years),138,North Africa and Middle East,3,Both,27,Age-standardized,559,Schizophrenia,3,Rate,2021,155.75055810286275,208.93743719585194,113.04942941554661
2,DALYs (Disability-Adjusted Life Years),174,Eastern Sub-Saharan Africa,3,Both,22,All ages,559,Schizophrenia,1,Number,2021,455959.58973720187,611300.592094383,328390.0700167763
2,DALYs (Disability-Adjusted Life Years),174,Eastern Sub-Saharan Africa,3,Both,22,All ages,559,Schizophrenia,3,Rate,2021,107.00820435030596,143.46485993638387,77.06918005435548
2,DALYs (Disability-Adjusted Life Years),174,Eastern Sub-Saharan Africa,3,Both,27,Age-standardized,559,Schizophrenia,3,Rate,2021,137.71884365838136,182.65537173983597,99.55914717172858
2,DALYs (Disability-Adjusted Life Years),199,Western Sub-Saharan Africa,3,Both,22,All ages,559,Schizophrenia,1,Number,2021,553945.3021298047,734734.6925641759,396420.02781202504
2,DALYs (Disability-Adjusted Life Years),199,Western Sub-Saharan Africa,3,Both,22,All ages,559,Schizophrenia,3,Rate,2021,113.0897590405852,149.99850891662692,80.93045514016987
2,DALYs (Disability-Adjusted Life Years),199,Western Sub-Saharan Africa,3,Both,27,Age-standardized,559,Schizophrenia,3,Rate,2021,150.91461204526772,198.2357835453098,108.55674383991403
2,DALYs (Disability-Adjusted Life Years),9,Southeast Asia,3,Both,22,All ages,559,Schizophrenia,1,Number,2021,1434796.2359669688,1879530.3609796586,1038572.285858768
2,DALYs (Disability-Adjusted Life Years),9,Southeast Asia,3,Both,22,All ages,559,Schizophrenia,3,Rate,2021,205.46849996879246,269.1561869452687,148.72766204376467
2,DALYs (Disability-Adjusted Life Years),9,Southeast Asia,3,Both,27,Age-standardized,559,Schizophrenia,3,Rate,2021,188.38900553228066,246.7041199235047,136.54088723190182
2,DALYs (Disability-Adjusted Life Years),21,Oceania,3,Both,22,All ages,559,Schizophrenia,1,Number,2021,22230.124215318872,30696.176362562925,15860.357844925964
2,DALYs (Disability-Adjusted Life Years),21,Oceania,3,Both,22,All ages,559,Schizophrenia,3,Rate,2021,159.6122784889081,220.39852781163393,113.87735978252381
2,DALYs (Disability-Adjusted Life Years),21,Oceania,3,Both,27,Age-standardized,559,Schizophrenia,3,Rate,2021,175.99855411610704,242.08554811081154,124.91673790361187
2,DALYs (Disability-Adjusted Life Years),167,Central Sub-Saharan Africa,3,Both,22,All ages,559,Schizophrenia,1,Number,2021,142342.8254451832,194608.69854185486,101460.81318910937
2,DALYs (Disability-Adjusted Life Years),167,Central Sub-Saharan Africa,3,Both,22,All ages,559,Schizophrenia,3,Rate,2021,103.95424009219283,142.12447525175727,74.09774044615683
2,DALYs (Disability-Adjusted Life Years),167,Central Sub-Saharan Africa,3,Both,27,Age-standardized,559,Schizophrenia,3,Rate,2021,134.00803916118275,180.41333577538742,94.97989235565409
2,DALYs (Disability-Adjusted Life Years),167,Central Sub-Saharan Africa,3,Both,22,All ages,559,Schizophrenia,1,Number,2020,137897.9452566751,189277.8838689239,95790.24171838972
2,DALYs (Disability-Adjusted Life Years),167,Central Sub-Saharan Africa,3,Both,22,All ages,559,Schizophrenia,3,Rate,2020,103.22129838751877,141.68092854919882,71.70225128896786
2,DALYs (Disability-Adjusted Life Years),167,Central Sub-Saharan Africa,3,Both,27,Age-standardized,559,Schizophrenia,3,Rate,2020,134.0264335821073,183.5136805968793,94.6770646953088
2,DALYs (Disability-Adjusted Life Years),192,Southern Sub-Saharan Africa,3,Both,22,All ages,559,Schizophrenia,1,Number,2020,112251.55269256787,145561.6513033775,81428.02032232046
2,DALYs (Disability-Adjusted Life Years),192,Southern Sub-Saharan Africa,3,Both,22,All ages,559,Schizophrenia,3,Rate,2020,140.88314357924224,182.68952658828638,102.19756612063742
2,DALYs (Disability-Adjusted Life Years),192,Southern Sub-Saharan Africa,3,Both,27,Age-standardized,559,Schizophrenia,3,Rate,2020,140.1309444261763,181.56404271103492,102.28505617687954
2,DALYs (Disability-Adjusted Life Years),192,Southern Sub-Saharan Africa,3,Both,22,All ages,559,Schizophrenia,1,Number,2021,113604.6346764,148079.38131391196,84192.93807082606
2,DALYs (Disability-Adjusted Life Years),192,Southern Sub-Saharan Africa,3,Both,22,All ages,559,Schizophrenia,3,Rate,2021,141.4685446274872,184.39894308440262,104.84301499423081
2,DALYs (Disability-Adjusted Life Years),192,Southern Sub-Saharan Africa,3,Both,27,Age-standardized,559,Schizophrenia,3,Rate,2021,139.89152680815485,182.73282699909035,103.85528926211748
2,DALYs (Disability-Adjusted Life Years),124,Central Latin America,3,Both,22,All ages,559,Schizophrenia,1,Number,2021,416368.3251160946,546016.7685384303,300517.2271180686
2,DALYs (Disability-Adjusted Life Years),124,Central Latin America,3,Both,22,All ages,559,Schizophrenia,3,Rate,2021,164.57122882069737,215.8152893355197,118.78062370575216
2,DALYs (Disability-Adjusted Life Years),124,Central Latin America,3,Both,27,Age-standardized,559,Schizophrenia,3,Rate,2021,155.22521472426743,203.52434270039882,112.09036266135406
2,DALYs (Disability-Adjusted Life Years),100,High-income North America,3,Both,22,All ages,559,Schizophrenia,1,Number,2021,904417.318161999,1130831.1024642838,677980.3793317833
2,DALYs (Disability-Adjusted Life Years),100,High-income North America,3,Both,22,All ages,559,Schizophrenia,3,Rate,2021,244.32186042373465,305.48592251703025,183.15154330056768
2,DALYs (Disability-Adjusted Life Years),100,High-income North America,3,Both,27,Age-standardized,559,Schizophrenia,3,Rate,2021,217.60886628384952,273.3068164499447,163.91063239593916
6,Incidence,1,Global,3,Both,22,All ages,559,Schizophrenia,1,Number,1990,883493.4884484163,1065739.7493815194,721489.1224016093
6,Incidence,1,Global,3,Both,22,All ages,559,Schizophrenia,3,Rate,1990,16.56460192148,19.98153345919,13.5271852702
6,Incidence,1,Global,3,Both,22,All ages,559,Schizophrenia,1,Number,1991,897161.0852005488,1082247.3226073617,733042.6796081504
6,Incidence,1,Global,3,Both,22,All ages,559,Schizophrenia,3,Rate,1991,16.563440935230002,19.98051398018,13.53347723946
6,Incidence,1,Global,3,Both,22,All ages,559,Schizophrenia,1,Number,1992,909796.1328172176,1097344.967933485,743829.0573767894
6,Incidence,1,Global,3,Both,22,All ages,559,Schizophrenia,3,Rate,1992,16.550150361,19.96186130288,13.531034369590001
6,Incidence,1,Global,3,Both,22,All ages,559,Schizophrenia,1,Number,1993,921622.8085810108,1111939.9777954766,753888.8740293717
6,Incidence,1,Global,3,Both,22,All ages,559,Schizophrenia,3,Rate,1993,16.52996253123,19.94343672791,13.52153475846
6,Incidence,1,Global,3,Both,22,All ages,559,Schizophrenia,1,Number,1994,932673.6551313124,1125661.5566854174,763612.7813595727
6,Incidence,1,Global,3,Both,22,All ages,559,Schizophrenia,3,Rate,1994,16.5061570331,19.92159456693,13.514172306959999
6,Incidence,1,Global,3,Both,22,All ages,559,Schizophrenia,1,Number,1995,943673.7536229092,1138803.4926939614,773909.6101302922
6,Incidence,1,Global,3,Both,22,All ages,559,Schizophrenia,3,Rate,1995,16.486087675049998,19.89502638293,13.5202888034
6,Incidence,1,Global,3,Both,22,All ages,559,Schizophrenia,1,Number,1996,954428.74883896,1151268.456746469,783431.2427616415
6,Incidence,1,Global,3,Both,22,All ages,559,Schizophrenia,3,Rate,1996,16.460224984929997,19.85495285965,13.511175697259999
6,Incidence,1,Global,3,Both,22,All ages,559,Schizophrenia,1,Number,1997,964861.6548605371,1163208.297387283,792659.3637142369
6,Incidence,1,Global,3,Both,22,All ages,559,Schizophrenia,3,Rate,1997,16.42855625332,19.80577510951,13.496493389389999
6,Incidence,1,Global,3,Both,22,All ages,559,Schizophrenia,1,Number,1998,975723.5503621044,1175529.2465981012,802229.5778066181
6,Incidence,1,Global,3,Both,22,All ages,559,Schizophrenia,3,Rate,1998,16.404554136919998,19.76382875887,13.48765081511
6,Incidence,1,Global,3,Both,22,All ages,559,Schizophrenia,1,Number,1999,987394.923957704,1188730.7422671702,812408.4858809777
6,Incidence,1,Global,3,Both,22,All ages,559,Schizophrenia,3,Rate,1999,16.39405529528,19.73690267904,13.48869567458
6,Incidence,1,Global,3,Both,22,All ages,559,Schizophrenia,1,Number,2000,1000379.5394771332,1203485.2150210803,823721.141318212
6,Incidence,1,Global,3,Both,22,All ages,559,Schizophrenia,3,Rate,2000,16.40295041684,19.73321877385,13.506330852589999
6,Incidence,1,Global,3,Both,22,All ages,559,Schizophrenia,1,Number,2001,1014027.007671966,1218987.0404586792,835940.627431114
6,Incidence,1,Global,3,Both,22,All ages,559,Schizophrenia,3,Rate,2001,16.418291696940003,19.73683605429,13.534863429329999
6,Incidence,1,Global,3,Both,22,All ages,559,Schizophrenia,1,Number,2002,1027873.9300109354,1234013.3540079517,848279.9122258828
6,Incidence,1,Global,3,Both,22,All ages,559,Schizophrenia,3,Rate,2002,16.4318409839,19.727235620090003,13.56080762491
6,Incidence,1,Global,3,Both,22,All ages,559,Schizophrenia,1,Number,2003,1042123.3562546052,1249823.3677661628,860899.3568959029
6,Incidence,1,Global,3,Both,22,All ages,559,Schizophrenia,3,Rate,2003,16.44734445974,19.72537638668,13.587171022560002
6,Incidence,1,Global,3,Both,22,All ages,559,Schizophrenia,1,Number,2004,1056782.434460957,1266744.7380934637,873738.351396332
6,Incidence,1,Global,3,Both,22,All ages,559,Schizophrenia,3,Rate,2004,16.46496127416,19.736231769969997,13.613084065709998
6,Incidence,1,Global,3,Both,22,All ages,559,Schizophrenia,1,Number,2005,1072029.476788059,1285227.2755921036,887004.4799396566
6,Incidence,1,Global,3,Both,22,All ages,559,Schizophrenia,3,Rate,2005,16.486805994519997,19.76558780364,13.64129540621
6,Incidence,1,Global,3,Both,22,All ages,559,Schizophrenia,1,Number,2006,1087614.0433783943,1305218.6497428657,899895.7961226722
6,Incidence,1,Global,3,Both,22,All ages,559,Schizophrenia,3,Rate,2006,16.507213745469997,19.80989797534,13.65812840105
6,Incidence,1,Global,3,Both,22,All ages,559,Schizophrenia,1,Number,2007,1103173.9338202493,1325833.235742492,912563.0437053188
6,Incidence,1,Global,3,Both,22,All ages,559,Schizophrenia,3,Rate,2007,16.521047152519998,19.855575564800002,13.66647326637
6,Incidence,1,Global,3,Both,22,All ages,559,Schizophrenia,1,Number,2008,1118464.417892364,1346558.974439366,925020.6198969976
6,Incidence,1,Global,3,Both,22,All ages,559,Schizophrenia,3,Rate,2008,16.52445640174,19.89437903391,13.66647222716
6,Incidence,1,Global,3,Both,22,All ages,559,Schizophrenia,1,Number,2009,1132690.425663996,1366195.9463633408,936053.4775626918
6,Incidence,1,Global,3,Both,22,All ages,559,Schizophrenia,3,Rate,2009,16.50896646036,19.91231014738,13.642982333079999
6,Incidence,1,Global,3,Both,22,All ages,559,Schizophrenia,1,Number,2010,1144537.4737123717,1382011.350647435,945259.2754918304
6,Incidence,1,Global,3,Both,22,All ages,559,Schizophrenia,3,Rate,2010,16.46637395998,19.88289264386,13.59937361325
6,Incidence,1,Global,3,Both,22,All ages,559,Schizophrenia,1,Number,2011,1154348.9008169514,1394710.484565725,952925.0631233264
6,Incidence,1,Global,3,Both,22,All ages,559,Schizophrenia,3,Rate,2011,16.40202364224,19.81729642202,13.54001325212
6,Incidence,1,Global,3,Both,22,All ages,559,Schizophrenia,1,Number,2012,1163457.0368812997,1406281.3162629134,960117.0697154806
6,Incidence,1,Global,3,Both,22,All ages,559,Schizophrenia,3,Rate,2012,16.32617028673,19.73359351704,13.472809290310002
6,Incidence,1,Global,3,Both,22,All ages,559,Schizophrenia,1,Number,2013,1171770.03560598,1416441.2486114013,966443.3580338276
6,Incidence,1,Global,3,Both,22,All ages,559,Schizophrenia,3,Rate,2013,16.23800678018,19.62858060864,13.392656684810001
6,Incidence,1,Global,3,Both,22,All ages,559,Schizophrenia,1,Number,2014,1179134.365058865,1424867.8876653465,971080.33558427
6,Incidence,1,Global,3,Both,22,All ages,559,Schizophrenia,3,Rate,2014,16.13898630777,19.50237734633,13.29132005999
6,Incidence,1,Global,3,Both,22,All ages,559,Schizophrenia,1,Number,2015,1185664.570469279,1431720.7066861566,974644.0502485866
6,Incidence,1,Global,3,Both,22,All ages,559,Schizophrenia,3,Rate,2015,16.03026868242,19.35696501184,13.177256354230002
6,Incidence,1,Global,3,Both,22,All ages,559,Schizophrenia,1,Number,2016,1191494.152445298,1435832.3155076597,979928.157818718
6,Incidence,1,Global,3,Both,22,All ages,559,Schizophrenia,3,Rate,2016,15.91499798684,19.17866601682,13.08907360302
6,Incidence,1,Global,3,Both,22,All ages,559,Schizophrenia,1,Number,2017,1197080.8049343314,1440663.4467494232,986510.2804976004
6,Incidence,1,Global,3,Both,22,All ages,559,Schizophrenia,3,Rate,2017,15.8018897351,19.01726670171,13.022284386079999
6,Incidence,1,Global,3,Both,22,All ages,559,Schizophrenia,1,Number,2018,1202762.934972636,1446128.8681796158,993056.3624701612
6,Incidence,1,Global,3,Both,22,All ages,559,Schizophrenia,3,Rate,2018,15.69771185886,18.87397227117,12.96075243458
6,Incidence,1,Global,3,Both,22,All ages,559,Schizophrenia,1,Number,2019,1208948.9006598727,1451917.9544388438,999162.493546525
6,Incidence,1,Global,3,Both,22,All ages,559,Schizophrenia,3,Rate,2019,15.608749266010001,18.74572473104,12.90019522683
6,Incidence,1,Global,3,Both,22,All ages,559,Schizophrenia,1,Number,2020,1216545.247825723,1462248.6430062298,1002905.0245848336
6,Incidence,1,Global,3,Both,22,All ages,559,Schizophrenia,3,Rate,2020,15.55214378239,18.69318151732,12.82099713948
6,Incidence,1,Global,3,Both,22,All ages,559,Schizophrenia,1,Number,2021,1223221.0313858208,1473083.2669144804,1008219.0268838172
6,Incidence,1,Global,3,Both,22,All ages,559,Schizophrenia,3,Rate,2021,15.50077641652,18.667055076300002,12.776250010110001
6,Incidence,1,Global,3,Both,27,Age-standardized,559,Schizophrenia,3,Rate,1990,15.63622785011,18.61784656807,13.037400885270001
6,Incidence,1,Global,3,Both,27,Age-standardized,559,Schizophrenia,3,Rate,1991,15.62748304109,18.62570852988,13.02336999108
6,Incidence,1,Global,3,Both,27,Age-standardized,559,Schizophrenia,3,Rate,1992,15.615162666789999,18.62919346004,13.00667764924
6,Incidence,1,Global,3,Both,27,Age-standardized,559,Schizophrenia,3,Rate,1993,15.601381715609998,18.63034134467,12.9894960408
6,Incidence,1,Global,3,Both,27,Age-standardized,559,Schizophrenia,3,Rate,1994,15.58829111907,18.63154530841,12.974256214690001
6,Incidence,1,Global,3,Both,27,Age-standardized,559,Schizophrenia,3,Rate,1995,15.57630789,18.63333649138,12.96113777935
6,Incidence,1,Global,3,Both,27,Age-standardized,559,Schizophrenia,3,Rate,1996,15.56199956273,18.61980461159,12.940432853249998
6,Incidence,1,Global,3,Both,27,Age-standardized,559,Schizophrenia,3,Rate,1997,15.5442263735,18.601544310370002,12.91747600833
6,Incidence,1,Global,3,Both,27,Age-standardized,559,Schizophrenia,3,Rate,1998,15.52688250217,18.581757341990002,12.89621492963
6,Incidence,1,Global,3,Both,27,Age-standardized,559,Schizophrenia,3,Rate,1999,15.51323096341,18.56352647569,12.87831171785
6,Incidence,1,Global,3,Both,27,Age-standardized,559,Schizophrenia,3,Rate,2000,15.50663005777,18.551515934810002,12.868132426949998
6,Incidence,1,Global,3,Both,27,Age-standardized,559,Schizophrenia,3,Rate,2001,15.50406291123,18.55035091166,12.86882642492
6,Incidence,1,Global,3,Both,27,Age-standardized,559,Schizophrenia,3,Rate,2002,15.500276242670001,18.54667692265,12.86957510951
6,Incidence,1,Global,3,Both,27,Age-standardized,559,Schizophrenia,3,Rate,2003,15.49662673915,18.54203423427,12.871581377800002
6,Incidence,1,Global,3,Both,27,Age-standardized,559,Schizophrenia,3,Rate,2004,15.494052614000001,18.538204734500003,12.875690853860002
6,Incidence,1,Global,3,Both,27,Age-standardized,559,Schizophrenia,3,Rate,2005,15.493755919669999,18.53809971176,12.88273015492
6,Incidence,1,Global,3,Both,27,Age-standardized,559,Schizophrenia,3,Rate,2006,15.499185876879999,18.552552321529998,12.88784100043
6,Incidence,1,Global,3,Both,27,Age-standardized,559,Schizophrenia,3,Rate,2007,15.508544402970001,18.572337307719998,12.8943736051
6,Incidence,1,Global,3,Both,27,Age-standardized,559,Schizophrenia,3,Rate,2008,15.51694773324,18.591732361200002,12.8955143198
6,Incidence,1,Global,3,Both,27,Age-standardized,559,Schizophrenia,3,Rate,2009,15.52015281825,18.605804320849998,12.88956421682
6,Incidence,1,Global,3,Both,27,Age-standardized,559,Schizophrenia,3,Rate,2010,15.514123918670002,18.609396780089998,12.87627796338
6,Incidence,1,Global,3,Both,27,Age-standardized,559,Schizophrenia,3,Rate,2011,15.503860919169998,18.6166332171,12.85167425396
6,Incidence,1,Global,3,Both,27,Age-standardized,559,Schizophrenia,3,Rate,2012,15.49610388695,18.62955466139,12.82555750851
6,Incidence,1,Global,3,Both,27,Age-standardized,559,Schizophrenia,3,Rate,2013,15.48921955976,18.64455081404,12.799048483249999
6,Incidence,1,Global,3,Both,27,Age-standardized,559,Schizophrenia,3,Rate,2014,15.48111531068,18.65730076716,12.77259023593
6,Incidence,1,Global,3,Both,27,Age-standardized,559,Schizophrenia,3,Rate,2015,15.46965051129,18.66345933153,12.746397874049999
6,Incidence,1,Global,3,Both,27,Age-standardized,559,Schizophrenia,3,Rate,2016,15.454438506359999,18.642345975719998,12.730121692820001
6,Incidence,1,Global,3,Both,27,Age-standardized,559,Schizophrenia,3,Rate,2017,15.439078803280001,18.61906120344,12.716240476630002
6,Incidence,1,Global,3,Both,27,Age-standardized,559,Schizophrenia,3,Rate,2018,15.42707125745,18.596799453150002,12.707311423219998
6,Incidence,1,Global,3,Both,27,Age-standardized,559,Schizophrenia,3,Rate,2019,15.42176922514,18.58078423349,12.70514492654
6,Incidence,1,Global,3,Both,27,Age-standardized,559,Schizophrenia,3,Rate,2020,15.43277423907,18.57259186296,12.71362172896
6,Incidence,1,Global,3,Both,27,Age-standardized,559,Schizophrenia,3,Rate,2021,15.431258158950001,18.61752485916,12.73592158798
6,Incidence,42,Central Europe,3,Both,22,All ages,559,Schizophrenia,1,Number,1990,15423.437656496835,19259.592530754824,12258.633855752909
6,Incidence,42,Central Europe,3,Both,22,All ages,559,Schizophrenia,3,Rate,1990,12.329675863250001,15.39634279018,9.79969481084
6,Incidence,42,Central Europe,3,Both,22,All ages,559,Schizophrenia,1,Number,1991,15448.63306016278,19214.86345465825,12265.361208991955
6,Incidence,42,Central Europe,3,Both,22,All ages,559,Schizophrenia,3,Rate,1991,12.34626435787,15.35616665162,9.80225184592
6,Incidence,42,Central Europe,3,Both,22,All ages,559,Schizophrenia,1,Number,1992,15493.383833044394,19233.20702628108,12288.456023641858
6,Incidence,42,Central Europe,3,Both,22,All ages,559,Schizophrenia,3,Rate,1992,12.37748504396,15.365186513189999,9.8171053067
6,Incidence,42,Central Europe,3,Both,22,All ages,559,Schizophrenia,1,Number,1993,15553.76953207221,19308.59543939217,12332.894887464356
6,Incidence,42,Central Europe,3,Both,22,All ages,559,Schizophrenia,3,Rate,1993,12.421175226330002,15.41976347486,9.84899822061
6,Incidence,42,Central Europe,3,Both,22,All ages,559,Schizophrenia,1,Number,1994,15580.658227264135,19309.825069490784,12354.2682520959
6,Incidence,42,Central Europe,3,Both,22,All ages,559,Schizophrenia,3,Rate,1994,12.465274279740001,15.44878671197,9.88400746886
6,Incidence,42,Central Europe,3,Both,22,All ages,559,Schizophrenia,1,Number,1995,15598.900216541131,19318.231437954557,12370.1570814886
6,Incidence,42,Central Europe,3,Both,22,All ages,559,Schizophrenia,3,Rate,1995,12.51750255378,15.502119252149999,9.92656345696
6,Incidence,42,Central Europe,3,Both,22,All ages,559,Schizophrenia,1,Number,1996,15631.684564926672,19345.29302131172,12395.493354689152
6,Incidence,42,Central Europe,3,Both,22,All ages,559,Schizophrenia,3,Rate,1996,12.58069960432,15.56948768047,9.97614669711
6,Incidence,42,Central Europe,3,Both,22,All ages,559,Schizophrenia,1,Number,1997,15650.117408530052,19370.546927160176,12412.994865850267
6,Incidence,42,Central Europe,3,Both,22,All ages,559,Schizophrenia,3,Rate,1997,12.639160249989999,15.643808947330001,10.02483413998
6,Incidence,42,Central Europe,3,Both,22,All ages,559,Schizophrenia,1,Number,1998,15650.967600017324,19373.40692502821,12424.362760149868
6,Incidence,42,Central Europe,3,Both,22,All ages,559,Schizophrenia,3,Rate,1998,12.688809076530001,15.70672612173,10.07288309516
6,Incidence,42,Central Europe,3,Both,22,All ages,559,Schizophrenia,1,Number,1999,15656.53252824736,19388.29262986276,12439.451217642463
6,Incidence,42,Central Europe,3,Both,22,All ages,559,Schizophrenia,3,Rate,1999,12.742917561030001,15.78021277609,10.12452157493
6,Incidence,42,Central Europe,3,Both,22,All ages,559,Schizophrenia,1,Number,2000,15662.941161164574,19404.93043236469,12442.078553482374
6,Incidence,42,Central Europe,3,Both,22,All ages,559,Schizophrenia,3,Rate,2000,12.79062467097,15.84639687865,10.16041337746
6,Incidence,42,Central Europe,3,Both,22,All ages,559,Schizophrenia,1,Number,2001,15662.80346311896,19432.14604351387,12447.77501841931
6,Incidence,42,Central Europe,3,Both,22,All ages,559,Schizophrenia,3,Rate,2001,12.829826449979999,15.917397027679998,10.19630959111
6,Incidence,42,Central Europe,3,Both,22,All ages,559,Schizophrenia,1,Number,2002,15639.63356653482,19432.131999791985,12435.866069191314
6,Incidence,42,Central Europe,3,Both,22,All ages,559,Schizophrenia,3,Rate,2002,12.85828477169,15.97632616592,10.2242745407
6,Incidence,42,Central Europe,3,Both,22,All ages,559,Schizophrenia,1,Number,2003,15588.752768728818,19382.12248852305,12401.774525309052
6,Incidence,42,Central Europe,3,Both,22,All ages,559,Schizophrenia,3,Rate,2003,12.86813876612,15.999473817090001,10.2373652277
6,Incidence,42,Central Europe,3,Both,22,All ages,559,Schizophrenia,1,Number,2004,15546.895604467514,19318.5112447518,12373.177086451858
6,Incidence,42,Central Europe,3,Both,22,All ages,559,Schizophrenia,3,Rate,2004,12.87149883835,15.99407376055,10.24393155693
6,Incidence,42,Central Europe,3,Both,22,All ages,559,Schizophrenia,1,Number,2005,15498.591523613168,19247.305810402795,12316.810438388307
6,Incidence,42,Central Europe,3,Both,22,All ages,559,Schizophrenia,3,Rate,2005,12.859971321080002,15.97047062972,10.2198853853
6,Incidence,42,Central Europe,3,Both,22,All ages,559,Schizophrenia,1,Number,2006,15407.144586528097,19174.812134896616,12219.265159344077
6,Incidence,42,Central Europe,3,Both,22,All ages,559,Schizophrenia,3,Rate,2006,12.817699178669999,15.95214300563,10.16559973961
6,Incidence,42,Central Europe,3,Both,22,All ages,559,Schizophrenia,1,Number,2007,15288.387014673346,19004.16830617969,12149.843066805124
6,Incidence,42,Central Europe,3,Both,22,All ages,559,Schizophrenia,3,Rate,2007,12.751791901779999,15.85106390061,10.13398406768
6,Incidence,42,Central Europe,3,Both,22,All ages,559,Schizophrenia,1,Number,2008,15158.104855416124,18831.3427060056,12065.831294687843
6,Incidence,42,Central Europe,3,Both,22,All ages,559,Schizophrenia,3,Rate,2008,12.6663567217,15.73577347155,10.08240309591
6,Incidence,42,Central Europe,3,Both,22,All ages,559,Schizophrenia,1,Number,2009,15005.677952232334,18637.239770127257,11943.009284792395
6,Incidence,42,Central Europe,3,Both,22,All ages,559,Schizophrenia,3,Rate,2009,12.56238669945,15.602641463320001,9.998395371960001
6,Incidence,42,Central Europe,3,Both,22,All ages,559,Schizophrenia,1,Number,2010,14827.241674381394,18441.29836733817,11797.706449899548
6,Incidence,42,Central Europe,3,Both,22,All ages,559,Schizophrenia,3,Rate,2010,12.44218369457,15.474895930870002,9.89996885786
6,Incidence,42,Central Europe,3,Both,22,All ages,559,Schizophrenia,1,Number,2011,14635.978467813602,18205.396422808044,11633.344788154038
6,Incidence,42,Central Europe,3,Both,22,All ages,559,Schizophrenia,3,Rate,2011,12.312477670740002,15.315240961569998,9.78652013292
6,Incidence,42,Central Europe,3,Both,22,All ages,559,Schizophrenia,1,Number,2012,14441.661179922145,17943.99696769814,11480.799427423948
6,Incidence,42,Central Europe,3,Both,22,All ages,559,Schizophrenia,3,Rate,2012,12.17851828037,15.132005409320001,9.68165115898
6,Incidence,42,Central Europe,3,Both,22,All ages,559,Schizophrenia,1,Number,2013,14241.712581372609,17676.965299256808,11317.104495620162
6,Incidence,42,Central Europe,3,Both,22,All ages,559,Schizophrenia,3,Rate,2013,12.03720899049,14.940711969089998,9.56530692518
6,Incidence,42,Central Europe,3,Both,22,All ages,559,Schizophrenia,1,Number,2014,14028.70440090514,17388.4020626355,11167.573929505534
6,Incidence,42,Central Europe,3,Both,22,All ages,559,Schizophrenia,3,Rate,2014,11.88626562033,14.7328762317,9.46208190489
6,Incidence,42,Central Europe,3,Both,22,All ages,559,Schizophrenia,1,Number,2015,13793.67811724008,17076.59299609391,11000.22425793645
6,Incidence,42,Central Europe,3,Both,22,All ages,559,Schizophrenia,3,Rate,2015,11.72335859137,14.513534498230001,9.34917956365
6,Incidence,42,Central Europe,3,Both,22,All ages,559,Schizophrenia,1,Number,2016,13563.9221528013,16791.655848726612,10817.767690765617
6,Incidence,42,Central Europe,3,Both,22,All ages,559,Schizophrenia,3,Rate,2016,11.56203930777,14.3133956962,9.22118645728
6,Incidence,42,Central Europe,3,Both,22,All ages,559,Schizophrenia,1,Number,2017,13350.644181188694,16533.31540840464,10646.844872229294
6,Incidence,42,Central Europe,3,Both,22,All ages,559,Schizophrenia,3,Rate,2017,11.4076674888,14.127150878019998,9.09736372709
6,Incidence,42,Central Europe,3,Both,22,All ages,559,Schizophrenia,1,Number,2018,13136.158835042572,16268.45915470274,10493.37822470266
6,Incidence,42,Central Europe,3,Both,22,All ages,559,Schizophrenia,3,Rate,2018,11.25403979901,13.93755123508,8.98991079888
6,Incidence,42,Central Europe,3,Both,22,All ages,559,Schizophrenia,1,Number,2019,12923.352425534244,16005.003996901629,10344.62614848282
6,Incidence,42,Central Europe,3,Both,22,All ages,559,Schizophrenia,3,Rate,2019,11.10516691015,13.75326114546,8.88924144598
6,Incidence,42,Central Europe,3,Both,22,All ages,559,Schizophrenia,1,Number,2020,12736.98547644608,15760.91849334764,10183.63809928791
6,Incidence,42,Central Europe,3,Both,22,All ages,559,Schizophrenia,3,Rate,2020,10.98859225665,13.59743302165,8.78574031268
6,Incidence,42,Central Europe,3,Both,22,All ages,559,Schizophrenia,1,Number,2021,12540.443004792323,15505.332220704491,10077.544831563522
6,Incidence,42,Central Europe,3,Both,22,All ages,559,Schizophrenia,3,Rate,2021,10.87977410803,13.4520376965,8.74302536913
6,Incidence,42,Central Europe,3,Both,27,Age-standardized,559,Schizophrenia,3,Rate,1990,12.477838586459999,15.616909742149998,9.82240988634
6,Incidence,42,Central Europe,3,Both,27,Age-standardized,559,Schizophrenia,3,Rate,1991,12.486618880390001,15.638581415200001,9.82700881039
6,Incidence,42,Central Europe,3,Both,27,Age-standardized,559,Schizophrenia,3,Rate,1992,12.494342686000001,15.66532382005,9.82872825127
6,Incidence,42,Central Europe,3,Both,27,Age-standardized,559,Schizophrenia,3,Rate,1993,12.500575717490001,15.69570188474,9.83827652956
6,Incidence,42,Central Europe,3,Both,27,Age-standardized,559,Schizophrenia,3,Rate,1994,12.5056824711,15.717491856649998,9.847595054560001
6,Incidence,42,Central Europe,3,Both,27,Age-standardized,559,Schizophrenia,3,Rate,1995,12.50876835742,15.71763985901,9.855224937220001
6,Incidence,42,Central Europe,3,Both,27,Age-standardized,559,Schizophrenia,3,Rate,1996,12.51074129141,15.6949138164,9.86312271743
6,Incidence,42,Central Europe,3,Both,27,Age-standardized,559,Schizophrenia,3,Rate,1997,12.51276495402,15.67588053559,9.87134485176
6,Incidence,42,Central Europe,3,Both,27,Age-standardized,559,Schizophrenia,3,Rate,1998,12.51504745507,15.65900604246,9.87915196439
6,Incidence,42,Central Europe,3,Both,27,Age-standardized,559,Schizophrenia,3,Rate,1999,12.51751717844,15.64228373356,9.87786762241
6,Incidence,42,Central Europe,3,Both,27,Age-standardized,559,Schizophrenia,3,Rate,2000,12.52027375995,15.622091929719998,9.877150408750001
6,Incidence,42,Central Europe,3,Both,27,Age-standardized,559,Schizophrenia,3,Rate,2001,12.52619530314,15.640639217,9.89398568204
6,Incidence,42,Central Europe,3,Both,27,Age-standardized,559,Schizophrenia,3,Rate,2002,12.536423773740001,15.662979534329999,9.91261482186
6,Incidence,42,Central Europe,3,Both,27,Age-standardized,559,Schizophrenia,3,Rate,2003,12.549012318139999,15.68873764367,9.93043288473
6,Incidence,42,Central Europe,3,Both,27,Age-standardized,559,Schizophrenia,3,Rate,2004,12.560028940799999,15.703057848919999,9.94627699812
6,Incidence,42,Central Europe,3,Both,27,Age-standardized,559,Schizophrenia,3,Rate,2005,12.56656865431,15.70062291824,9.95497875298
6,Incidence,42,Central Europe,3,Both,27,Age-standardized,559,Schizophrenia,3,Rate,2006,12.56920022224,15.706789014480002,9.9423148044
6,Incidence,42,Central Europe,3,Both,27,Age-standardized,559,Schizophrenia,3,Rate,2007,12.57038974296,15.712697807519998,9.92514998647
6,Incidence,42,Central Europe,3,Both,27,Age-standardized,559,Schizophrenia,3,Rate,2008,12.57080277246,15.717864314160002,9.90320924254
6,Incidence,42,Central Europe,3,Both,27,Age-standardized,559,Schizophrenia,3,Rate,2009,12.570849953280002,15.720748649099999,9.87995614005
6,Incidence,42,Central Europe,3,Both,27,Age-standardized,559,Schizophrenia,3,Rate,2010,12.57149523762,15.72173902643,9.85862679696
6,Incidence,42,Central Europe,3,Both,27,Age-standardized,559,Schizophrenia,3,Rate,2011,12.57333340478,15.73318318966,9.85898399256
6,Incidence,42,Central Europe,3,Both,27,Age-standardized,559,Schizophrenia,3,Rate,2012,12.575442347170002,15.744758558220001,9.862971947450001
6,Incidence,42,Central Europe,3,Both,27,Age-standardized,559,Schizophrenia,3,Rate,2013,12.57701502305,15.73313987575,9.87800549049
6,Incidence,42,Central Europe,3,Both,27,Age-standardized,559,Schizophrenia,3,Rate,2014,12.57781215482,15.705546733259999,9.89079854734
6,Incidence,42,Central Europe,3,Both,27,Age-standardized,559,Schizophrenia,3,Rate,2015,12.57788115507,15.696792052540001,9.901535597039999
6,Incidence,42,Central Europe,3,Both,27,Age-standardized,559,Schizophrenia,3,Rate,2016,12.575125939,15.70421876791,9.90355688667
6,Incidence,42,Central Europe,3,Both,27,Age-standardized,559,Schizophrenia,3,Rate,2017,12.56955255806,15.6943341423,9.91081605775
6,Incidence,42,Central Europe,3,Both,27,Age-standardized,559,Schizophrenia,3,Rate,2018,12.56402739577,15.70916122572,9.91679889371
6,Incidence,42,Central Europe,3,Both,27,Age-standardized,559,Schizophrenia,3,Rate,2019,12.56177111633,15.7191676449,9.938350395359999
6,Incidence,42,Central Europe,3,Both,27,Age-standardized,559,Schizophrenia,3,Rate,2020,12.5940394168,15.77612877485,9.891592060199999
6,Incidence,42,Central Europe,3,Both,27,Age-standardized,559,Schizophrenia,3,Rate,2021,12.59651123143,15.81666991257,9.97222472338
6,Incidence,5,East Asia,3,Both,22,All ages,559,Schizophrenia,1,Number,1990,259598.5980352017,300729.9847196018,221425.3472098244
6,Incidence,5,East Asia,3,Both,22,All ages,559,Schizophrenia,3,Rate,1990,21.323320916030003,24.701835918150003,18.18778596353
6,Incidence,5,East Asia,3,Both,22,All ages,559,Schizophrenia,1,Number,1991,262665.7601991954,304292.95434174966,224984.4017096377
6,Incidence,5,East Asia,3,Both,22,All ages,559,Schizophrenia,3,Rate,1991,21.28041525259,24.65292934229,18.22758128089
6,Incidence,5,East Asia,3,Both,22,All ages,559,Schizophrenia,1,Number,1992,264638.46003614133,307209.6530297883,226951.26785518427
6,Incidence,5,East Asia,3,Both,22,All ages,559,Schizophrenia,3,Rate,1992,21.2006349941,24.61108532622,18.18145023437
6,Incidence,5,East Asia,3,Both,22,All ages,559,Schizophrenia,1,Number,1993,265818.33400363376,307816.2557300265,227547.86926479812
6,Incidence,5,East Asia,3,Both,22,All ages,559,Schizophrenia,3,Rate,1993,21.10021452354,24.433939269399996,18.0623690757
6,Incidence,5,East Asia,3,Both,22,All ages,559,Schizophrenia,1,Number,1994,266324.9473431127,310150.7580858219,228127.17983645503
6,Incidence,5,East Asia,3,Both,22,All ages,559,Schizophrenia,3,Rate,1994,20.980712537080002,24.43324954523,17.97154502344
6,Incidence,5,East Asia,3,Both,22,All ages,559,Schizophrenia,1,Number,1995,266448.63218635134,310309.23467361555,227961.565556331
6,Incidence,5,East Asia,3,Both,22,All ages,559,Schizophrenia,3,Rate,1995,20.86027621383,24.29412488958,17.84712191848
6,Incidence,5,East Asia,3,Both,22,All ages,559,Schizophrenia,1,Number,1996,265943.38778865704,309471.38229100034,227266.92027857684
6,Incidence,5,East Asia,3,Both,22,All ages,559,Schizophrenia,3,Rate,1996,20.71450351795,24.10492733238,17.70196829772
6,Incidence,5,East Asia,3,Both,22,All ages,559,Schizophrenia,1,Number,1997,265104.2414729236,309248.389049081,227501.5819655709
6,Incidence,5,East Asia,3,Both,22,All ages,559,Schizophrenia,3,Rate,1997,20.55969853468,23.983221150509998,17.64348965292
6,Incidence,5,East Asia,3,Both,22,All ages,559,Schizophrenia,1,Number,1998,264479.35179449554,308772.54725913465,227321.62328631905
6,Incidence,5,East Asia,3,Both,22,All ages,559,Schizophrenia,3,Rate,1998,20.43127644198,23.85296707642,17.560807280760002
6,Incidence,5,East Asia,3,Both,22,All ages,559,Schizophrenia,1,Number,1999,264400.2621420202,308561.0876291158,227604.43608985757
6,Incidence,5,East Asia,3,Both,22,All ages,559,Schizophrenia,3,Rate,1999,20.347243924049998,23.74569398909,17.51557635305
6,Incidence,5,East Asia,3,Both,22,All ages,559,Schizophrenia,1,Number,2000,265181.56747840927,308469.35415630846,227418.6074893754
6,Incidence,5,East Asia,3,Both,22,All ages,559,Schizophrenia,3,Rate,2000,20.324240579759998,23.64193493904,17.429984047829997
6,Incidence,5,East Asia,3,Both,22,All ages,559,Schizophrenia,1,Number,2001,266355.6673975494,309145.3810840575,227509.7727999452
6,Incidence,5,East Asia,3,Both,22,All ages,559,Schizophrenia,3,Rate,2001,20.31897149704,23.58318953023,17.3556081385
6,Incidence,5,East Asia,3,Both,22,All ages,559,Schizophrenia,1,Number,2002,267733.5247849526,309585.7762703538,228580.5003817426
6,Incidence,5,East Asia,3,Both,22,All ages,559,Schizophrenia,3,Rate,2002,20.31933356178,23.49566293229,17.34785898294
6,Incidence,5,East Asia,3,Both,22,All ages,559,Schizophrenia,1,Number,2003,269450.35807067,311947.57274485705,230650.02164023457
6,Incidence,5,East Asia,3,Both,22,All ages,559,Schizophrenia,3,Rate,2003,20.33932801661,23.54720940611,17.41050366668
6,Incidence,5,East Asia,3,Both,22,All ages,559,Schizophrenia,1,Number,2004,271529.6775668932,315007.8451431958,232710.4956520418
6,Incidence,5,East Asia,3,Both,22,All ages,559,Schizophrenia,3,Rate,2004,20.381789255210002,23.64538407359,17.4679111409
6,Incidence,5,East Asia,3,Both,22,All ages,559,Schizophrenia,1,Number,2005,274087.78978266055,318128.95881617605,235426.6045066348
6,Incidence,5,East Asia,3,Both,22,All ages,559,Schizophrenia,3,Rate,2005,20.45187074718,23.73813277783,17.56705210996
6,Incidence,5,East Asia,3,Both,22,All ages,559,Schizophrenia,1,Number,2006,276549.2298647104,319359.4188184154,237789.7107643772
6,Incidence,5,East Asia,3,Both,22,All ages,559,Schizophrenia,3,Rate,2006,20.50141264866,23.67505862025,17.6280548182
6,Incidence,5,East Asia,3,Both,22,All ages,559,Schizophrenia,1,Number,2007,278581.0816296464,321728.2872952857,239744.0154933029
6,Incidence,5,East Asia,3,Both,22,All ages,559,Schizophrenia,3,Rate,2007,20.50781670268,23.68410914812,17.64881626756
6,Incidence,5,East Asia,3,Both,22,All ages,559,Schizophrenia,1,Number,2008,279955.7629864236,323360.2250379184,240494.94326497623
6,Incidence,5,East Asia,3,Both,22,All ages,559,Schizophrenia,3,Rate,2008,20.46393654324,23.63667407734,17.579467575320002
6,Incidence,5,East Asia,3,Both,22,All ages,559,Schizophrenia,1,Number,2009,280451.40252820967,323778.93118884374,240628.7486135077
6,Incidence,5,East Asia,3,Both,22,All ages,559,Schizophrenia,3,Rate,2009,20.362277275060002,23.5080884362,17.4709388345
6,Incidence,5,East Asia,3,Both,22,All ages,559,Schizophrenia,1,Number,2010,280085.28976702667,323081.62278065714,240606.74157627305
6,Incidence,5,East Asia,3,Both,22,All ages,559,Schizophrenia,3,Rate,2010,20.21559972562,23.3189282103,17.366172936239998
6,Incidence,5,East Asia,3,Both,22,All ages,559,Schizophrenia,1,Number,2011,278275.8740963369,321095.1663878454,238387.13210563664
6,Incidence,5,East Asia,3,Both,22,All ages,559,Schizophrenia,3,Rate,2011,19.9823075178,23.05705580146,17.11799485848
6,Incidence,5,East Asia,3,Both,22,All ages,559,Schizophrenia,1,Number,2012,275063.7708604116,318374.92341365444,235459.0979812214
6,Incidence,5,East Asia,3,Both,22,All ages,559,Schizophrenia,3,Rate,2012,19.64564753405,22.73902342537,16.81699641198
6,Incidence,5,East Asia,3,Both,22,All ages,559,Schizophrenia,1,Number,2013,270887.5228824984,315523.4618600847,231925.78458142403
6,Incidence,5,East Asia,3,Both,22,All ages,559,Schizophrenia,3,Rate,2013,19.23278570577,22.40189973508,16.46653513987
6,Incidence,5,East Asia,3,Both,22,All ages,559,Schizophrenia,1,Number,2014,266228.5072331828,311192.8898896723,227823.44247062685
6,Incidence,5,East Asia,3,Both,22,All ages,559,Schizophrenia,3,Rate,2014,18.78545839556,21.95820855839,16.0755429407
6,Incidence,5,East Asia,3,Both,22,All ages,559,Schizophrenia,1,Number,2015,261767.19589093784,307255.33164243563,224022.38299892857
6,Incidence,5,East Asia,3,Both,22,All ages,559,Schizophrenia,3,Rate,2015,18.34637753558,21.53448714208,15.70097124252
6,Incidence,5,East Asia,3,Both,22,All ages,559,Schizophrenia,1,Number,2016,258014.50937081085,303805.11527488474,221107.7574768357
6,Incidence,5,East Asia,3,Both,22,All ages,559,Schizophrenia,3,Rate,2016,17.94970185386,21.1352890741,15.382151701329999
6,Incidence,5,East Asia,3,Both,22,All ages,559,Schizophrenia,1,Number,2017,254906.6154045681,299484.27140798094,218436.5924835825
6,Incidence,5,East Asia,3,Both,22,All ages,559,Schizophrenia,3,Rate,2017,17.60545113374,20.68426391065,15.08660239628
6,Incidence,5,East Asia,3,Both,22,All ages,559,Schizophrenia,1,Number,2018,252079.1116447537,295679.73041908233,215730.0586783798
6,Incidence,5,East Asia,3,Both,22,All ages,559,Schizophrenia,3,Rate,2018,17.3012004029,20.29368573095,14.80641911886
6,Incidence,5,East Asia,3,Both,22,All ages,559,Schizophrenia,1,Number,2019,249247.5553167424,291448.6107212982,213230.94833941897
6,Incidence,5,East Asia,3,Both,22,All ages,559,Schizophrenia,3,Rate,2019,17.02173392683,19.90374869971,14.56207048044
6,Incidence,5,East Asia,3,Both,22,All ages,559,Schizophrenia,1,Number,2020,248418.66993193884,289796.19235724123,211965.5173730956
6,Incidence,5,East Asia,3,Both,22,All ages,559,Schizophrenia,3,Rate,2020,16.90530716199,19.72111696564,14.42460898742
6,Incidence,5,East Asia,3,Both,22,All ages,559,Schizophrenia,1,Number,2021,244885.3576870368,286291.6795297612,209048.1787902652
6,Incidence,5,East Asia,3,Both,22,All ages,559,Schizophrenia,3,Rate,2021,16.62748031309,19.43892975123,14.19417032588
6,Incidence,5,East Asia,3,Both,27,Age-standardized,559,Schizophrenia,3,Rate,1990,18.16052911633,20.98203123648,15.663056878969998
6,Incidence,5,East Asia,3,Both,27,Age-standardized,559,Schizophrenia,3,Rate,1991,18.15128978408,20.95274833311,15.64486457245
6,Incidence,5,East Asia,3,Both,27,Age-standardized,559,Schizophrenia,3,Rate,1992,18.143284617859997,20.92542921938,15.628234115340002
6,Incidence,5,East Asia,3,Both,27,Age-standardized,559,Schizophrenia,3,Rate,1993,18.13797436534,20.89178708151,15.62910662564
6,Incidence,5,East Asia,3,Both,27,Age-standardized,559,Schizophrenia,3,Rate,1994,18.13724884407,20.88402779005,15.61236680334
6,Incidence,5,East Asia,3,Both,27,Age-standardized,559,Schizophrenia,3,Rate,1995,18.14148815639,20.893496237089998,15.614508361310001
6,Incidence,5,East Asia,3,Both,27,Age-standardized,559,Schizophrenia,3,Rate,1996,18.14470515386,20.898135783689998,15.63255942287
6,Incidence,5,East Asia,3,Both,27,Age-standardized,559,Schizophrenia,3,Rate,1997,18.14324627109,20.89776199046,15.64915806607
6,Incidence,5,East Asia,3,Both,27,Age-standardized,559,Schizophrenia,3,Rate,1998,18.14054366657,20.89508674448,15.65535034567
6,Incidence,5,East Asia,3,Both,27,Age-standardized,559,Schizophrenia,3,Rate,1999,18.13937161612,20.90475161025,15.66691171221
6,Incidence,5,East Asia,3,Both,27,Age-standardized,559,Schizophrenia,3,Rate,2000,18.142284017279998,20.922110514059998,15.679030512959999
6,Incidence,5,East Asia,3,Both,27,Age-standardized,559,Schizophrenia,3,Rate,2001,18.14203385295,20.89210947656,15.69092619229
6,Incidence,5,East Asia,3,Both,27,Age-standardized,559,Schizophrenia,3,Rate,2002,18.13295589673,20.85108479824,15.689139961779999
6,Incidence,5,East Asia,3,Both,27,Age-standardized,559,Schizophrenia,3,Rate,2003,18.11979588597,20.81652135185,15.665402883279999
6,Incidence,5,East Asia,3,Both,27,Age-standardized,559,Schizophrenia,3,Rate,2004,18.10656339903,20.80267747057,15.66455101042
6,Incidence,5,East Asia,3,Both,27,Age-standardized,559,Schizophrenia,3,Rate,2005,18.09704923562,20.767001628070002,15.673374409680001
6,Incidence,5,East Asia,3,Both,27,Age-standardized,559,Schizophrenia,3,Rate,2006,18.08856607046,20.7774191649,15.663238965989999
6,Incidence,5,East Asia,3,Both,27,Age-standardized,559,Schizophrenia,3,Rate,2007,18.075678913169998,20.780758284130002,15.648122826579998
6,Incidence,5,East Asia,3,Both,27,Age-standardized,559,Schizophrenia,3,Rate,2008,18.05862433814,20.776035697370002,15.647375636629999
6,Incidence,5,East Asia,3,Both,27,Age-standardized,559,Schizophrenia,3,Rate,2009,18.03758220764,20.76922059177,15.644409434209999
6,Incidence,5,East Asia,3,Both,27,Age-standardized,559,Schizophrenia,3,Rate,2010,18.01297923064,20.756545920260002,15.63250232142
6,Incidence,5,East Asia,3,Both,27,Age-standardized,559,Schizophrenia,3,Rate,2011,17.96494085922,20.709965025219997,15.57483127605
6,Incidence,5,East Asia,3,Both,27,Age-standardized,559,Schizophrenia,3,Rate,2012,17.88870113278,20.6512193009,15.48774929307
6,Incidence,5,East Asia,3,Both,27,Age-standardized,559,Schizophrenia,3,Rate,2013,17.807504480280002,20.584639980680002,15.39374902758
6,Incidence,5,East Asia,3,Both,27,Age-standardized,559,Schizophrenia,3,Rate,2014,17.743722104339998,20.52684531363,15.31589679032
6,Incidence,5,East Asia,3,Both,27,Age-standardized,559,Schizophrenia,3,Rate,2015,17.71919110867,20.51407230745,15.27362612389
6,Incidence,5,East Asia,3,Both,27,Age-standardized,559,Schizophrenia,3,Rate,2016,17.755333280429998,20.521735346430003,15.31175139024
6,Incidence,5,East Asia,3,Both,27,Age-standardized,559,Schizophrenia,3,Rate,2017,17.84226125165,20.59162832434,15.394326079190002
6,Incidence,5,East Asia,3,Both,27,Age-standardized,559,Schizophrenia,3,Rate,2018,17.95446239127,20.714488708799998,15.482735246699999
6,Incidence,5,East Asia,3,Both,27,Age-standardized,559,Schizophrenia,3,Rate,2019,18.06652431782,20.82795827227,15.56375453878
6,Incidence,5,East Asia,3,Both,27,Age-standardized,559,Schizophrenia,3,Rate,2020,18.31346123881,21.132586458909998,15.779417924419999
6,Incidence,5,East Asia,3,Both,27,Age-standardized,559,Schizophrenia,3,Rate,2021,18.32254869078,21.16756958623,15.77456412012
6,Incidence,21,Oceania,3,Both,22,All ages,559,Schizophrenia,1,Number,1990,1142.5987314563845,1462.915306308752,863.0565955377295
6,Incidence,21,Oceania,3,Both,22,All ages,559,Schizophrenia,3,Rate,1990,17.44439480221,22.33476325755,13.176541838119999
6,Incidence,21,Oceania,3,Both,22,All ages,559,Schizophrenia,1,Number,1991,1170.7728323248218,1500.5349954202238,886.7194870579754
6,Incidence,21,Oceania,3,Both,22,All ages,559,Schizophrenia,3,Rate,1991,17.46458778493,22.38369769808,13.227322922739999
6,Incidence,21,Oceania,3,Both,22,All ages,559,Schizophrenia,1,Number,1992,1198.6003525715066,1537.8998133511432,910.2674234283216
6,Incidence,21,Oceania,3,Both,22,All ages,559,Schizophrenia,3,Rate,1992,17.472806501460003,22.41900379861,13.26958274292
6,Incidence,21,Oceania,3,Both,22,All ages,559,Schizophrenia,1,Number,1993,1227.1354758642276,1575.4267462801265,934.4990575707172
6,Incidence,21,Oceania,3,Both,22,All ages,559,Schizophrenia,3,Rate,1993,17.47969735581,22.44086596212,13.31129368102
6,Incidence,21,Oceania,3,Both,22,All ages,559,Schizophrenia,1,Number,1994,1257.140444549961,1613.4173075625354,959.9587069295776
6,Incidence,21,Oceania,3,Both,22,All ages,559,Schizophrenia,3,Rate,1994,17.49097275228,22.44795980192,13.3561939392
6,Incidence,21,Oceania,3,Both,22,All ages,559,Schizophrenia,1,Number,1995,1289.1583602943872,1654.2513408263703,987.2755726230154
6,Incidence,21,Oceania,3,Both,22,All ages,559,Schizophrenia,3,Rate,1995,17.51063008353,22.46968579391,13.41015803424
6,Incidence,21,Oceania,3,Both,22,All ages,559,Schizophrenia,1,Number,1996,1323.6655354919585,1693.9684535182737,1015.042947700741
6,Incidence,21,Oceania,3,Both,22,All ages,559,Schizophrenia,3,Rate,1996,17.5433707838,22.45122795698,13.45300177086
6,Incidence,21,Oceania,3,Both,22,All ages,559,Schizophrenia,1,Number,1997,1360.1750865214124,1735.575679837155,1043.226729584554
6,Incidence,21,Oceania,3,Both,22,All ages,559,Schizophrenia,3,Rate,1997,17.582595781440002,22.43529228631,13.48549468112
6,Incidence,21,Oceania,3,Both,22,All ages,559,Schizophrenia,1,Number,1998,1398.4992020846923,1778.6932741901728,1070.1297855381397
6,Incidence,21,Oceania,3,Both,22,All ages,559,Schizophrenia,3,Rate,1998,17.62845293617,22.42089993703,13.48926944816
6,Incidence,21,Oceania,3,Both,22,All ages,559,Schizophrenia,1,Number,1999,1437.946070932206,1828.877797868226,1097.2190634167723
6,Incidence,21,Oceania,3,Both,22,All ages,559,Schizophrenia,3,Rate,1999,17.67226213777,22.476787214229997,13.484749743560002
6,Incidence,21,Oceania,3,Both,22,All ages,559,Schizophrenia,1,Number,2000,1477.2894236724203,1881.6026553336524,1123.419027049074
6,Incidence,21,Oceania,3,Both,22,All ages,559,Schizophrenia,3,Rate,2000,17.70162124294,22.54630473941,13.46136904202
6,Incidence,21,Oceania,3,Both,22,All ages,559,Schizophrenia,1,Number,2001,1514.576178156884,1925.0958090096228,1153.395066252891
6,Incidence,21,Oceania,3,Both,22,All ages,559,Schizophrenia,3,Rate,2001,17.70265704661,22.50088927864,13.48110289307
6,Incidence,21,Oceania,3,Both,22,All ages,559,Schizophrenia,1,Number,2002,1550.1496366499427,1973.211316671211,1182.8084999530977
6,Incidence,21,Oceania,3,Both,22,All ages,559,Schizophrenia,3,Rate,2002,17.68167868058,22.507303582429998,13.491626448420002
6,Incidence,21,Oceania,3,Both,22,All ages,559,Schizophrenia,1,Number,2003,1586.4447913043534,2020.420591735532,1210.7640493574054
6,Incidence,21,Oceania,3,Both,22,All ages,559,Schizophrenia,3,Rate,2003,17.66159085487,22.49296164706,13.47920796156
6,Incidence,21,Oceania,3,Both,22,All ages,559,Schizophrenia,1,Number,2004,1625.1818860283593,2070.965373087509,1236.0681614733717
6,Incidence,21,Oceania,3,Both,22,All ages,559,Schizophrenia,3,Rate,2004,17.65689058537,22.50013325466,13.42934010699
6,Incidence,21,Oceania,3,Both,22,All ages,559,Schizophrenia,1,Number,2005,1667.3155289627327,2126.49640733556,1271.8695263736051
6,Incidence,21,Oceania,3,Both,22,All ages,559,Schizophrenia,3,Rate,2005,17.6766718801,22.54485044595,13.484202540830001
6,Incidence,21,Oceania,3,Both,22,All ages,559,Schizophrenia,1,Number,2006,1711.8967814482958,2190.8855711325787,1303.4066044404049
6,Incidence,21,Oceania,3,Both,22,All ages,559,Schizophrenia,3,Rate,2006,17.709004401799998,22.66398455998,13.483309008760001
6,Incidence,21,Oceania,3,Both,22,All ages,559,Schizophrenia,1,Number,2007,1757.5159326046016,2251.065410690594,1341.99334223824
6,Incidence,21,Oceania,3,Both,22,All ages,559,Schizophrenia,3,Rate,2007,17.73910931387,22.72064488982,13.5451213584
6,Incidence,21,Oceania,3,Both,22,All ages,559,Schizophrenia,1,Number,2008,1804.1619795314343,2309.203182407022,1381.1706396946638
6,Incidence,21,Oceania,3,Both,22,All ages,559,Schizophrenia,3,Rate,2008,17.76783254731,22.74160298698,13.602109413549998
6,Incidence,21,Oceania,3,Both,22,All ages,559,Schizophrenia,1,Number,2009,1851.955888219839,2361.175017369991,1421.4697984929285
6,Incidence,21,Oceania,3,Both,22,All ages,559,Schizophrenia,3,Rate,2009,17.79594433371,22.6891684832,13.65928722544
6,Incidence,21,Oceania,3,Both,22,All ages,559,Schizophrenia,1,Number,2010,1901.211640659823,2421.272059752697,1462.6989662547903
6,Incidence,21,Oceania,3,Both,22,All ages,559,Schizophrenia,3,Rate,2010,17.82512422448,22.70103670908,13.71377610935
6,Incidence,21,Oceania,3,Both,22,All ages,559,Schizophrenia,1,Number,2011,1952.8261065561935,2482.48126709421,1499.9861641109328
6,Incidence,21,Oceania,3,Both,22,All ages,559,Schizophrenia,3,Rate,2011,17.86291714054,22.70778592532,13.720693548449999
6,Incidence,21,Oceania,3,Both,22,All ages,559,Schizophrenia,1,Number,2012,2006.7795493608005,2549.2136745530297,1538.2563925826753
6,Incidence,21,Oceania,3,Both,22,All ages,559,Schizophrenia,3,Rate,2012,17.90970876195,22.75071743569,13.728326064090002
6,Incidence,21,Oceania,3,Both,22,All ages,559,Schizophrenia,1,Number,2013,2062.026264727613,2625.980828965456,1579.1934323741862
6,Incidence,21,Oceania,3,Both,22,All ages,559,Schizophrenia,3,Rate,2013,17.954774672579997,22.86532178813,13.75058248661
6,Incidence,21,Oceania,3,Both,22,All ages,559,Schizophrenia,1,Number,2014,2117.106746740116,2702.0747750953647,1627.474438807053
6,Incidence,21,Oceania,3,Both,22,All ages,559,Schizophrenia,3,Rate,2014,17.985895436350003,22.95549548501,13.82622067914
6,Incidence,21,Oceania,3,Both,22,All ages,559,Schizophrenia,1,Number,2015,2170.100415482554,2766.883861811423,1671.6890023114263
6,Incidence,21,Oceania,3,Both,22,All ages,559,Schizophrenia,3,Rate,2015,17.9910209158,22.938600017909998,13.85898624355
6,Incidence,21,Oceania,3,Both,22,All ages,559,Schizophrenia,1,Number,2016,2220.9556257927284,2829.8013328165234,1713.5141139946802
6,Incidence,21,Oceania,3,Both,22,All ages,559,Schizophrenia,3,Rate,2016,17.971246353589997,22.89782663516,13.86519564611
6,Incidence,21,Oceania,3,Both,22,All ages,559,Schizophrenia,1,Number,2017,2271.051936642932,2891.034265251012,1746.7214137083968
6,Incidence,21,Oceania,3,Both,22,All ages,559,Schizophrenia,3,Rate,2017,17.93698649933,22.83366652617,13.795773628180001
6,Incidence,21,Oceania,3,Both,22,All ages,559,Schizophrenia,1,Number,2018,2320.545717234851,2957.189234537872,1782.9207107499426
6,Incidence,21,Oceania,3,Both,22,All ages,559,Schizophrenia,3,Rate,2018,17.890660489520002,22.79897707054,13.74574475256
6,Incidence,21,Oceania,3,Both,22,All ages,559,Schizophrenia,1,Number,2019,2369.4344718181123,3011.35556442894,1814.2335164220287
6,Incidence,21,Oceania,3,Both,22,All ages,559,Schizophrenia,3,Rate,2019,17.83364019231,22.66508412277,13.654898728589998
6,Incidence,21,Oceania,3,Both,22,All ages,559,Schizophrenia,1,Number,2020,2412.1506749695664,3066.623329722667,1852.4542146321207
6,Incidence,21,Oceania,3,Both,22,All ages,559,Schizophrenia,3,Rate,2020,17.7260828933,22.53558200542,13.613062113139998
6,Incidence,21,Oceania,3,Both,22,All ages,559,Schizophrenia,1,Number,2021,2473.2051555912167,3183.7784864667774,1911.9360020809368
6,Incidence,21,Oceania,3,Both,22,All ages,559,Schizophrenia,3,Rate,2021,17.75761152888,22.859527616970002,13.727699344420001
6,Incidence,21,Oceania,3,Both,27,Age-standardized,559,Schizophrenia,3,Rate,1990,17.03526185258,21.35571476038,13.33588735779
6,Incidence,21,Oceania,3,Both,27,Age-standardized,559,Schizophrenia,3,Rate,1991,17.01035634531,21.31304015196,13.37781815831
6,Incidence,21,Oceania,3,Both,27,Age-standardized,559,Schizophrenia,3,Rate,1992,16.99009839132,21.29496860415,13.37987596511
6,Incidence,21,Oceania,3,Both,27,Age-standardized,559,Schizophrenia,3,Rate,1993,16.9747835995,21.282080291529997,13.35548898535
6,Incidence,21,Oceania,3,Both,27,Age-standardized,559,Schizophrenia,3,Rate,1994,16.964656374,21.27524490643,13.33660920078
6,Incidence,21,Oceania,3,Both,27,Age-standardized,559,Schizophrenia,3,Rate,1995,16.96006058211,21.27613167934,13.32305952278
6,Incidence,21,Oceania,3,Both,27,Age-standardized,559,Schizophrenia,3,Rate,1996,16.96651167863,21.27685003666,13.328300123619998
6,Incidence,21,Oceania,3,Both,27,Age-standardized,559,Schizophrenia,3,Rate,1997,16.98425762069,21.280511634459998,13.34414316867
6,Incidence,21,Oceania,3,Both,27,Age-standardized,559,Schizophrenia,3,Rate,1998,17.00552085003,21.27217845691,13.35844740088
6,Incidence,21,Oceania,3,Both,27,Age-standardized,559,Schizophrenia,3,Rate,1999,17.02229724929,21.24624495968,13.35694936255
6,Incidence,21,Oceania,3,Both,27,Age-standardized,559,Schizophrenia,3,Rate,2000,17.02658640511,21.25701416766,13.337540045359999
6,Incidence,21,Oceania,3,Both,27,Age-standardized,559,Schizophrenia,3,Rate,2001,17.01014672957,21.26229954506,13.34894356878
6,Incidence,21,Oceania,3,Both,27,Age-standardized,559,Schizophrenia,3,Rate,2002,16.9773587017,21.27332899858,13.32843947625
6,Incidence,21,Oceania,3,Both,27,Age-standardized,559,Schizophrenia,3,Rate,2003,16.93878987338,21.269844368159998,13.325832192590001
6,Incidence,21,Oceania,3,Both,27,Age-standardized,559,Schizophrenia,3,Rate,2004,16.90481708036,21.26226779269,13.348177654410001
6,Incidence,21,Oceania,3,Both,27,Age-standardized,559,Schizophrenia,3,Rate,2005,16.8858260815,21.2672980532,13.29752518829
6,Incidence,21,Oceania,3,Both,27,Age-standardized,559,Schizophrenia,3,Rate,2006,16.87653601621,21.31317629146,13.31582678362
6,Incidence,21,Oceania,3,Both,27,Age-standardized,559,Schizophrenia,3,Rate,2007,16.86615573636,21.29559450729,13.26875302064
6,Incidence,21,Oceania,3,Both,27,Age-standardized,559,Schizophrenia,3,Rate,2008,16.8568004099,21.3148384285,13.23652798799
6,Incidence,21,Oceania,3,Both,27,Age-standardized,559,Schizophrenia,3,Rate,2009,16.85078009599,21.26708479466,13.21108970997
6,Incidence,21,Oceania,3,Both,27,Age-standardized,559,Schizophrenia,3,Rate,2010,16.85060022799,21.291718031,13.17875742228
6,Incidence,21,Oceania,3,Both,27,Age-standardized,559,Schizophrenia,3,Rate,2011,16.86639570279,21.25216018252,13.19667892519
6,Incidence,21,Oceania,3,Both,27,Age-standardized,559,Schizophrenia,3,Rate,2012,16.899351013220002,21.26541113713,13.2488232021
6,Incidence,21,Oceania,3,Both,27,Age-standardized,559,Schizophrenia,3,Rate,2013,16.93874346395,21.36681931639,13.29858906261
6,Incidence,21,Oceania,3,Both,27,Age-standardized,559,Schizophrenia,3,Rate,2014,16.9739545309,21.37258558534,13.35039596737
6,Incidence,21,Oceania,3,Both,27,Age-standardized,559,Schizophrenia,3,Rate,2015,16.99442420723,21.354373167640002,13.399648968470002
6,Incidence,21,Oceania,3,Both,27,Age-standardized,559,Schizophrenia,3,Rate,2016,17.00342720489,21.397326314359997,13.3842521154
6,Incidence,21,Oceania,3,Both,27,Age-standardized,559,Schizophrenia,3,Rate,2017,17.01063945987,21.405173609869998,13.28626684758
6,Incidence,21,Oceania,3,Both,27,Age-standardized,559,Schizophrenia,3,Rate,2018,17.01505382688,21.35373170383,13.23679872882
6,Incidence,21,Oceania,3,Both,27,Age-standardized,559,Schizophrenia,3,Rate,2019,17.015659864569997,21.30234610755,13.22413554151
6,Incidence,21,Oceania,3,Both,27,Age-standardized,559,Schizophrenia,3,Rate,2020,16.96324888682,21.41928530617,13.12771319331
6,Incidence,21,Oceania,3,Both,27,Age-standardized,559,Schizophrenia,3,Rate,2021,17.051446823870002,21.66907917706,13.40506975584
6,Incidence,32,Central Asia,3,Both,22,All ages,559,Schizophrenia,1,Number,1990,8960.051423963958,11589.461660147232,6752.341907278973
6,Incidence,32,Central Asia,3,Both,22,All ages,559,Schizophrenia,3,Rate,1990,12.92716220213,16.72075790942,9.741977467469999
6,Incidence,32,Central Asia,3,Both,22,All ages,559,Schizophrenia,1,Number,1991,9026.66001493852,11647.466647532689,6816.193580753242
6,Incidence,32,Central Asia,3,Both,22,All ages,559,Schizophrenia,3,Rate,1991,12.875162603589999,16.613346105730002,9.722267211190001
6,Incidence,32,Central Asia,3,Both,22,All ages,559,Schizophrenia,1,Number,1992,9087.033333531625,11679.580301766942,6888.323427957554
6,Incidence,32,Central Asia,3,Both,22,All ages,559,Schizophrenia,3,Rate,1992,12.83461570119,16.4963546652,9.729136097380001
6,Incidence,32,Central Asia,3,Both,22,All ages,559,Schizophrenia,1,Number,1993,9143.652086289914,11692.55739082773,6943.636446863236
6,Incidence,32,Central Asia,3,Both,22,All ages,559,Schizophrenia,3,Rate,1993,12.80879028618,16.37939787242,9.72692117242
6,Incidence,32,Central Asia,3,Both,22,All ages,559,Schizophrenia,1,Number,1994,9204.7430944168,11748.325597109202,7004.692676983526
6,Incidence,32,Central Asia,3,Both,22,All ages,559,Schizophrenia,3,Rate,1994,12.80381699902,16.341945608630002,9.74354224236
6,Incidence,32,Central Asia,3,Both,22,All ages,559,Schizophrenia,1,Number,1995,9274.488090969477,11851.7803430138,7051.252464034997
6,Incidence,32,Central Asia,3,Both,22,All ages,559,Schizophrenia,3,Rate,1995,12.819845273470001,16.3823586512,9.74673369424
6,Incidence,32,Central Asia,3,Both,22,All ages,559,Schizophrenia,1,Number,1996,9347.408406959814,11922.743883346187,7125.564115275298
6,Incidence,32,Central Asia,3,Both,22,All ages,559,Schizophrenia,3,Rate,1996,12.847917448499999,16.38768977494,9.79401514745
6,Incidence,32,Central Asia,3,Both,22,All ages,559,Schizophrenia,1,Number,1997,9431.20280458182,12009.806793651294,7222.127063639652
6,Incidence,32,Central Asia,3,Both,22,All ages,559,Schizophrenia,3,Rate,1997,12.89360410232,16.41887014321,9.87352823015
6,Incidence,32,Central Asia,3,Both,22,All ages,559,Schizophrenia,1,Number,1998,9528.780779478286,12112.741986736555,7304.435112262207
6,Incidence,32,Central Asia,3,Both,22,All ages,559,Schizophrenia,3,Rate,1998,12.957185513839999,16.47084224473,9.93253208503
6,Incidence,32,Central Asia,3,Both,22,All ages,559,Schizophrenia,1,Number,1999,9644.633950137952,12228.068278440496,7372.597716356679
6,Incidence,32,Central Asia,3,Both,22,All ages,559,Schizophrenia,3,Rate,1999,13.04116013156,16.53439594943,9.96898668231
6,Incidence,32,Central Asia,3,Both,22,All ages,559,Schizophrenia,1,Number,2000,9780.80151740768,12382.900854739486,7451.412926385292
6,Incidence,32,Central Asia,3,Both,22,All ages,559,Schizophrenia,3,Rate,2000,13.146393022349999,16.643879451340002,10.01545760107
6,Incidence,32,Central Asia,3,Both,22,All ages,559,Schizophrenia,1,Number,2001,9928.397295089582,12590.689016512257,7570.102353306178
6,Incidence,32,Central Asia,3,Both,22,All ages,559,Schizophrenia,3,Rate,2001,13.25991266955,16.81554754976,10.110281964039999
6,Incidence,32,Central Asia,3,Both,22,All ages,559,Schizophrenia,1,Number,2002,10091.46014475031,12814.210608756854,7697.489195907626
6,Incidence,32,Central Asia,3,Both,22,All ages,559,Schizophrenia,3,Rate,2002,13.38535605593,16.99682395942,10.209982712710001
6,Incidence,32,Central Asia,3,Both,22,All ages,559,Schizophrenia,1,Number,2003,10268.34746069216,13036.539993828828,7829.959781116276
6,Incidence,32,Central Asia,3,Both,22,All ages,559,Schizophrenia,3,Rate,2003,13.518419637180001,17.16278290426,10.308248962990001
6,Incidence,32,Central Asia,3,Both,22,All ages,559,Schizophrenia,1,Number,2004,10457.109626727197,13314.573040838572,7949.534880930256
6,Incidence,32,Central Asia,3,Both,22,All ages,559,Schizophrenia,3,Rate,2004,13.654069100100001,17.38511948591,10.37987574506
6,Incidence,32,Central Asia,3,Both,22,All ages,559,Schizophrenia,1,Number,2005,10658.089353916384,13588.544416331166,8077.874570089769
6,Incidence,32,Central Asia,3,Both,22,All ages,559,Schizophrenia,3,Rate,2005,13.790948047919999,17.58278654548,10.45230011069
6,Incidence,32,Central Asia,3,Both,22,All ages,559,Schizophrenia,1,Number,2006,10855.99109426548,13885.013466956843,8241.0377776309
6,Incidence,32,Central Asia,3,Both,22,All ages,559,Schizophrenia,3,Rate,2006,13.907909528620001,17.78847361104,10.557820731240001
6,Incidence,32,Central Asia,3,Both,22,All ages,559,Schizophrenia,1,Number,2007,11048.77192094224,14144.470364226832,8400.57686509656
6,Incidence,32,Central Asia,3,Both,22,All ages,559,Schizophrenia,3,Rate,2007,14.001259482610001,17.92420019444,10.64540542002
6,Incidence,32,Central Asia,3,Both,22,All ages,559,Schizophrenia,1,Number,2008,11232.621938921093,14406.140915324862,8527.825112175376
6,Incidence,32,Central Asia,3,Both,22,All ages,559,Schizophrenia,3,Rate,2008,14.067722710120002,18.04223420157,10.68023829617
6,Incidence,32,Central Asia,3,Both,22,All ages,559,Schizophrenia,1,Number,2009,11407.111232120233,14650.103958239266,8647.4300615141
6,Incidence,32,Central Asia,3,Both,22,All ages,559,Schizophrenia,3,Rate,2009,14.1082173681,18.11912296657,10.69506735761
6,Incidence,32,Central Asia,3,Both,22,All ages,559,Schizophrenia,1,Number,2010,11574.405720598208,14877.173403995062,8768.273649653684
6,Incidence,32,Central Asia,3,Both,22,All ages,559,Schizophrenia,3,Rate,2010,14.129346161530002,18.161168530330002,10.703787012969999
6,Incidence,32,Central Asia,3,Both,22,All ages,559,Schizophrenia,1,Number,2011,11731.333723597929,15059.81569051202,8882.346559720494
6,Incidence,32,Central Asia,3,Both,22,All ages,559,Schizophrenia,3,Rate,2011,14.1271913701,18.135439948349998,10.69636348443
6,Incidence,32,Central Asia,3,Both,22,All ages,559,Schizophrenia,1,Number,2012,11874.563877512715,15293.86601991279,8987.890526402287
6,Incidence,32,Central Asia,3,Both,22,All ages,559,Schizophrenia,3,Rate,2012,14.102289824749999,18.16306968227,10.67406251075
6,Incidence,32,Central Asia,3,Both,22,All ages,559,Schizophrenia,1,Number,2013,11995.573102780128,15405.827836728393,9081.07441143653
6,Incidence,32,Central Asia,3,Both,22,All ages,559,Schizophrenia,3,Rate,2013,14.044916480829999,18.03778472533,10.63250005414
6,Incidence,32,Central Asia,3,Both,22,All ages,559,Schizophrenia,1,Number,2014,12092.893493127624,15479.734882741686,9155.476756944106
6,Incidence,32,Central Asia,3,Both,22,All ages,559,Schizophrenia,3,Rate,2014,13.95415241654,17.86227423934,10.5646277448
6,Incidence,32,Central Asia,3,Both,22,All ages,559,Schizophrenia,1,Number,2015,12162.328806349366,15549.105730724572,9207.636720745671
6,Incidence,32,Central Asia,3,Both,22,All ages,559,Schizophrenia,3,Rate,2015,13.82958877158,17.68063842423,10.46985585026
6,Incidence,32,Central Asia,3,Both,22,All ages,559,Schizophrenia,1,Number,2016,12201.19763732926,15592.860611306296,9260.718761721271
6,Incidence,32,Central Asia,3,Both,22,All ages,559,Schizophrenia,3,Rate,2016,13.6717856191,17.472239513119998,10.37689621564
6,Incidence,32,Central Asia,3,Both,22,All ages,559,Schizophrenia,1,Number,2017,12225.205688178849,15679.325972065451,9325.16720025524
6,Incidence,32,Central Asia,3,Both,22,All ages,559,Schizophrenia,3,Rate,2017,13.49919337386,17.31326725024,10.296942112109999
6,Incidence,32,Central Asia,3,Both,22,All ages,559,Schizophrenia,1,Number,2018,12238.264011486435,15742.409266450357,9390.610135294162
6,Incidence,32,Central Asia,3,Both,22,All ages,559,Schizophrenia,3,Rate,2018,13.31629863676,17.12911429737,10.21780285386
6,Incidence,32,Central Asia,3,Both,22,All ages,559,Schizophrenia,1,Number,2019,12243.595729635485,15781.385796101456,9415.942912752404
6,Incidence,32,Central Asia,3,Both,22,All ages,559,Schizophrenia,3,Rate,2019,13.12742646381,16.92059964329,10.095653344339999
6,Incidence,32,Central Asia,3,Both,22,All ages,559,Schizophrenia,1,Number,2020,12252.091151513418,15636.59235858876,9432.07518495142
6,Incidence,32,Central Asia,3,Both,22,All ages,559,Schizophrenia,3,Rate,2020,12.954154836679999,16.532593173389998,9.9725476138
6,Incidence,32,Central Asia,3,Both,22,All ages,559,Schizophrenia,1,Number,2021,12222.244087120727,15539.788706488367,9355.678478028934
6,Incidence,32,Central Asia,3,Both,22,All ages,559,Schizophrenia,3,Rate,2021,12.756909520659999,16.21958104303,9.76494520956
6,Incidence,32,Central Asia,3,Both,27,Age-standardized,559,Schizophrenia,3,Rate,1990,12.436205681790002,15.884818429629998,9.6131388338
6,Incidence,32,Central Asia,3,Both,27,Age-standardized,559,Schizophrenia,3,Rate,1991,12.436028996850002,15.84369199025,9.60618758338
6,Incidence,32,Central Asia,3,Both,27,Age-standardized,559,Schizophrenia,3,Rate,1992,12.43555021946,15.793508593479999,9.58791732849
6,Incidence,32,Central Asia,3,Both,27,Age-standardized,559,Schizophrenia,3,Rate,1993,12.43473842279,15.76701461334,9.57206070332
6,Incidence,32,Central Asia,3,Both,27,Age-standardized,559,Schizophrenia,3,Rate,1994,12.43358370277,15.76534663717,9.57857169641
6,Incidence,32,Central Asia,3,Both,27,Age-standardized,559,Schizophrenia,3,Rate,1995,12.43228188376,15.791882032560002,9.58333561557
6,Incidence,32,Central Asia,3,Both,27,Age-standardized,559,Schizophrenia,3,Rate,1996,12.43108749782,15.755470426130001,9.57253666402
6,Incidence,32,Central Asia,3,Both,27,Age-standardized,559,Schizophrenia,3,Rate,1997,12.43009345411,15.740052596349999,9.56301596096
6,Incidence,32,Central Asia,3,Both,27,Age-standardized,559,Schizophrenia,3,Rate,1998,12.42917862111,15.72823535848,9.55125895835
6,Incidence,32,Central Asia,3,Both,27,Age-standardized,559,Schizophrenia,3,Rate,1999,12.4283239302,15.73124701594,9.53485856807
6,Incidence,32,Central Asia,3,Both,27,Age-standardized,559,Schizophrenia,3,Rate,2000,12.42747301204,15.740181622749999,9.52228310886
6,Incidence,32,Central Asia,3,Both,27,Age-standardized,559,Schizophrenia,3,Rate,2001,12.42566741057,15.765591300859999,9.52850462576
6,Incidence,32,Central Asia,3,Both,27,Age-standardized,559,Schizophrenia,3,Rate,2002,12.42252100875,15.782656633250001,9.53504630378
6,Incidence,32,Central Asia,3,Both,27,Age-standardized,559,Schizophrenia,3,Rate,2003,12.41863308482,15.768179099980001,9.53382235179
6,Incidence,32,Central Asia,3,Both,27,Age-standardized,559,Schizophrenia,3,Rate,2004,12.414690204980001,15.75591155026,9.51295366432
6,Incidence,32,Central Asia,3,Both,27,Age-standardized,559,Schizophrenia,3,Rate,2005,12.41139438452,15.76349209267,9.49395853044
6,Incidence,32,Central Asia,3,Both,27,Age-standardized,559,Schizophrenia,3,Rate,2006,12.404181714809999,15.748240818760001,9.50093275486
6,Incidence,32,Central Asia,3,Both,27,Age-standardized,559,Schizophrenia,3,Rate,2007,12.391040172370001,15.72541898287,9.49539361852
6,Incidence,32,Central Asia,3,Both,27,Age-standardized,559,Schizophrenia,3,Rate,2008,12.37634533334,15.7046920508,9.48558403257
6,Incidence,32,Central Asia,3,Both,27,Age-standardized,559,Schizophrenia,3,Rate,2009,12.364549647139999,15.66540704244,9.47963442382
6,Incidence,32,Central Asia,3,Both,27,Age-standardized,559,Schizophrenia,3,Rate,2010,12.360187345559998,15.64920414634,9.48643857895
6,Incidence,32,Central Asia,3,Both,27,Age-standardized,559,Schizophrenia,3,Rate,2011,12.36756635366,15.71036648577,9.48854908416
6,Incidence,32,Central Asia,3,Both,27,Age-standardized,559,Schizophrenia,3,Rate,2012,12.38408861343,15.7073002587,9.496298794629999
6,Incidence,32,Central Asia,3,Both,27,Age-standardized,559,Schizophrenia,3,Rate,2013,12.403989423270001,15.695777954079999,9.505411670560001
6,Incidence,32,Central Asia,3,Both,27,Age-standardized,559,Schizophrenia,3,Rate,2014,12.421530407110001,15.680755543699998,9.51215091565
6,Incidence,32,Central Asia,3,Both,27,Age-standardized,559,Schizophrenia,3,Rate,2015,12.43099368278,15.69097556375,9.51339239684
6,Incidence,32,Central Asia,3,Both,27,Age-standardized,559,Schizophrenia,3,Rate,2016,12.434305238759999,15.68849701335,9.53163976222
6,Incidence,32,Central Asia,3,Both,27,Age-standardized,559,Schizophrenia,3,Rate,2017,12.43710687676,15.8095809438,9.56048225105
6,Incidence,32,Central Asia,3,Both,27,Age-standardized,559,Schizophrenia,3,Rate,2018,12.43927855453,15.85436149823,9.60007181567
6,Incidence,32,Central Asia,3,Both,27,Age-standardized,559,Schizophrenia,3,Rate,2019,12.44069518353,15.89379884037,9.619002480259999
6,Incidence,32,Central Asia,3,Both,27,Age-standardized,559,Schizophrenia,3,Rate,2020,12.45542752387,15.764208863619999,9.5841446811
6,Incidence,32,Central Asia,3,Both,27,Age-standardized,559,Schizophrenia,3,Rate,2021,12.42777796993,15.74051459898,9.554842947840001
6,Incidence,9,Southeast Asia,3,Both,22,All ages,559,Schizophrenia,1,Number,1990,86321.15695444902,106067.30181858472,68048.36679655247
6,Incidence,9,Southeast Asia,3,Both,22,All ages,559,Schizophrenia,3,Rate,1990,18.54347092591,22.78532861301,14.618118613880002
6,Incidence,9,Southeast Asia,3,Both,22,All ages,559,Schizophrenia,1,Number,1991,87935.53835703955,107941.018673801,69441.41847591469
6,Incidence,9,Southeast Asia,3,Both,22,All ages,559,Schizophrenia,3,Rate,1991,18.566560752130002,22.7904840102,14.661743578720001
6,Incidence,9,Southeast Asia,3,Both,22,All ages,559,Schizophrenia,1,Number,1992,89561.34505258621,109963.81693894407,70931.92496887736
6,Incidence,9,Southeast Asia,3,Both,22,All ages,559,Schizophrenia,3,Rate,1992,18.592840165829998,22.82837167274,14.72539233111
6,Incidence,9,Southeast Asia,3,Both,22,All ages,559,Schizophrenia,1,Number,1993,91202.29759853108,112038.3866611996,72447.09165242927
6,Incidence,9,Southeast Asia,3,Both,22,All ages,559,Schizophrenia,3,Rate,1993,18.62364599957,22.87840664636,14.79380480712
6,Incidence,9,Southeast Asia,3,Both,22,All ages,559,Schizophrenia,1,Number,1994,92864.91469819064,114139.86498549522,73925.22767438591
6,Incidence,9,Southeast Asia,3,Both,22,All ages,559,Schizophrenia,3,Rate,1994,18.66130101798,22.93652436519,14.85535124797
6,Incidence,9,Southeast Asia,3,Both,22,All ages,559,Schizophrenia,1,Number,1995,94550.2229556195,116267.59377560834,75339.95370726498
6,Incidence,9,Southeast Asia,3,Both,22,All ages,559,Schizophrenia,3,Rate,1995,18.70742745787,23.00436221371,14.906540403600001
6,Incidence,9,Southeast Asia,3,Both,22,All ages,559,Schizophrenia,1,Number,1996,96220.8690120558,118156.49539345076,76681.24617394205
6,Incidence,9,Southeast Asia,3,Both,22,All ages,559,Schizophrenia,3,Rate,1996,18.75384912138,23.02919429092,14.94549504645
6,Incidence,9,Southeast Asia,3,Both,22,All ages,559,Schizophrenia,1,Number,1997,97887.68545112056,120056.3654350081,78103.21226027771
6,Incidence,9,Southeast Asia,3,Both,22,All ages,559,Schizophrenia,3,Rate,1997,18.80080939121,23.05863942275,15.000902307370001
6,Incidence,9,Southeast Asia,3,Both,22,All ages,559,Schizophrenia,1,Number,1998,99528.44084078749,121927.23121619275,79492.74448659673
6,Incidence,9,Southeast Asia,3,Both,22,All ages,559,Schizophrenia,3,Rate,1998,18.84458316507,23.08554046794,15.051050954310002
6,Incidence,9,Southeast Asia,3,Both,22,All ages,559,Schizophrenia,1,Number,1999,101115.79018352008,123907.61604074042,80857.45338697534
6,Incidence,9,Southeast Asia,3,Both,22,All ages,559,Schizophrenia,3,Rate,1999,18.88118887201,23.13706985724,15.09838222436
6,Incidence,9,Southeast Asia,3,Both,22,All ages,559,Schizophrenia,1,Number,2000,102636.44436893667,125793.78345502936,82175.93478195055
6,Incidence,9,Southeast Asia,3,Both,22,All ages,559,Schizophrenia,3,Rate,2000,18.90743860737,23.17342784513,15.13825280529
6,Incidence,9,Southeast Asia,3,Both,22,All ages,559,Schizophrenia,1,Number,2001,104055.9232920276,127238.7300059632,83445.56388802765
6,Incidence,9,Southeast Asia,3,Both,22,All ages,559,Schizophrenia,3,Rate,2001,18.91571635034,23.12998289214,15.169079926090001
6,Incidence,9,Southeast Asia,3,Both,22,All ages,559,Schizophrenia,1,Number,2002,105400.95841793428,128575.73376809288,84663.81383456315
6,Incidence,9,Southeast Asia,3,Both,22,All ages,559,Schizophrenia,3,Rate,2002,18.9117798272,23.06996069715,15.19097578052
6,Incidence,9,Southeast Asia,3,Both,22,All ages,559,Schizophrenia,1,Number,2003,106689.88768439376,129997.42660335229,85740.31881205602
6,Incidence,9,Southeast Asia,3,Both,22,All ages,559,Schizophrenia,3,Rate,2003,18.899371485249997,23.02813988118,15.188301081419999
6,Incidence,9,Southeast Asia,3,Both,22,All ages,559,Schizophrenia,1,Number,2004,107941.79573294226,131465.35973612312,86812.04792903476
6,Incidence,9,Southeast Asia,3,Both,22,All ages,559,Schizophrenia,3,Rate,2004,18.884152044,22.99954178934,15.18755456319
6,Incidence,9,Southeast Asia,3,Both,22,All ages,559,Schizophrenia,1,Number,2005,109205.25034690302,132965.5760792275,87950.86747605895
6,Incidence,9,Southeast Asia,3,Both,22,All ages,559,Schizophrenia,3,Rate,2005,18.8704801104,22.9762236779,15.197759174829999
6,Incidence,9,Southeast Asia,3,Both,22,All ages,559,Schizophrenia,1,Number,2006,110511.43026820492,134442.4690822639,89265.75119027187
6,Incidence,9,Southeast Asia,3,Both,22,All ages,559,Schizophrenia,3,Rate,2006,18.860042691340002,22.944148856520002,15.23422395527
6,Incidence,9,Southeast Asia,3,Both,22,All ages,559,Schizophrenia,1,Number,2007,111877.7135025965,135986.58486791427,90592.70323835258
6,Incidence,9,Southeast Asia,3,Both,22,All ages,559,Schizophrenia,3,Rate,2007,18.85794987661,22.92170729133,15.270178513400001
6,Incidence,9,Southeast Asia,3,Both,22,All ages,559,Schizophrenia,1,Number,2008,113494.76601257644,137849.06911406363,92004.45266265594
6,Incidence,9,Southeast Asia,3,Both,22,All ages,559,Schizophrenia,3,Rate,2008,18.87216397424,22.92185205905,15.298706522
6,Incidence,9,Southeast Asia,3,Both,22,All ages,559,Schizophrenia,1,Number,2009,115337.57038953846,140001.03978014973,93466.33576806787
6,Incidence,9,Southeast Asia,3,Both,22,All ages,559,Schizophrenia,3,Rate,2009,18.89447920933,22.93482276831,15.311556607079998
6,Incidence,9,Southeast Asia,3,Both,22,All ages,559,Schizophrenia,1,Number,2010,116683.32550388294,141495.24306123093,94609.73438800265
6,Incidence,9,Southeast Asia,3,Both,22,All ages,559,Schizophrenia,3,Rate,2010,18.87818515074,22.89250314837,15.30690075147
6,Incidence,9,Southeast Asia,3,Both,22,All ages,559,Schizophrenia,1,Number,2011,117657.90982604754,142581.03667121724,95632.2823730938
6,Incidence,9,Southeast Asia,3,Both,22,All ages,559,Schizophrenia,3,Rate,2011,18.84858759577,22.84122812624,15.32012130725
6,Incidence,9,Southeast Asia,3,Both,22,All ages,559,Schizophrenia,1,Number,2012,119077.98906520192,144234.68043198256,96893.58372048767
6,Incidence,9,Southeast Asia,3,Both,22,All ages,559,Schizophrenia,3,Rate,2012,18.86427201423,22.849581748189998,15.34983025903
6,Incidence,9,Southeast Asia,3,Both,22,All ages,559,Schizophrenia,1,Number,2013,120765.98676206422,146300.32021428668,98217.40425374464
6,Incidence,9,Southeast Asia,3,Both,22,All ages,559,Schizophrenia,3,Rate,2013,18.89848319074,22.89431168908,15.369890257129999
6,Incidence,9,Southeast Asia,3,Both,22,All ages,559,Schizophrenia,1,Number,2014,122358.42252398746,148288.3832285751,99542.11184268854
6,Incidence,9,Southeast Asia,3,Both,22,All ages,559,Schizophrenia,3,Rate,2014,18.91604505649,22.924696809950003,15.388749166530001
6,Incidence,9,Southeast Asia,3,Both,22,All ages,559,Schizophrenia,1,Number,2015,123694.34979885072,149961.69557750414,100699.91495471164
6,Incidence,9,Southeast Asia,3,Both,22,All ages,559,Schizophrenia,3,Rate,2015,18.89586546029,22.90853243044,15.38317674122
6,Incidence,9,Southeast Asia,3,Both,22,All ages,559,Schizophrenia,1,Number,2016,124815.09591886814,151359.2325217337,101675.40589248332
6,Incidence,9,Southeast Asia,3,Both,22,All ages,559,Schizophrenia,3,Rate,2016,18.84659531333,22.85465697296,15.352591880550001
6,Incidence,9,Southeast Asia,3,Both,22,All ages,559,Schizophrenia,1,Number,2017,125849.7093725069,152991.79203805723,102594.01401616028
6,Incidence,9,Southeast Asia,3,Both,22,All ages,559,Schizophrenia,3,Rate,2017,18.78726302023,22.83912335822,15.31557550059
6,Incidence,9,Southeast Asia,3,Both,22,All ages,559,Schizophrenia,1,Number,2018,126758.67343717984,154124.19312991493,103398.97704916378
6,Incidence,9,Southeast Asia,3,Both,22,All ages,559,Schizophrenia,3,Rate,2018,18.71313413067,22.75305208405,15.26458800828
6,Incidence,9,Southeast Asia,3,Both,22,All ages,559,Schizophrenia,1,Number,2019,127519.3541255887,155050.26938203667,104072.70116525766
6,Incidence,9,Southeast Asia,3,Both,22,All ages,559,Schizophrenia,3,Rate,2019,18.623160391560003,22.643825756930003,15.19896818387
6,Incidence,9,Southeast Asia,3,Both,22,All ages,559,Schizophrenia,1,Number,2020,126468.5290118467,153751.19340586424,102599.5592881498
6,Incidence,9,Southeast Asia,3,Both,22,All ages,559,Schizophrenia,3,Rate,2020,18.280385473589998,22.2239564613,14.830246764650001
6,Incidence,9,Southeast Asia,3,Both,22,All ages,559,Schizophrenia,1,Number,2021,127997.46433357436,155998.7895767867,104673.60370182188
6,Incidence,9,Southeast Asia,3,Both,22,All ages,559,Schizophrenia,3,Rate,2021,18.329743511420002,22.339644116560002,14.98967435222
6,Incidence,9,Southeast Asia,3,Both,27,Age-standardized,559,Schizophrenia,3,Rate,1990,17.23195234643,21.064761160710002,14.027623931079999
6,Incidence,9,Southeast Asia,3,Both,27,Age-standardized,559,Schizophrenia,3,Rate,1991,17.18608288032,20.97728907453,14.0100926597
6,Incidence,9,Southeast Asia,3,Both,27,Age-standardized,559,Schizophrenia,3,Rate,1992,17.1458368341,20.88488991336,13.99499784646
6,Incidence,9,Southeast Asia,3,Both,27,Age-standardized,559,Schizophrenia,3,Rate,1993,17.11337556303,20.79339232794,13.97445810142
6,Incidence,9,Southeast Asia,3,Both,27,Age-standardized,559,Schizophrenia,3,Rate,1994,17.09097108945,20.732906829090002,13.9483162625
6,Incidence,9,Southeast Asia,3,Both,27,Age-standardized,559,Schizophrenia,3,Rate,1995,17.08108499907,20.70342790697,13.93051820397
6,Incidence,9,Southeast Asia,3,Both,27,Age-standardized,559,Schizophrenia,3,Rate,1996,17.08058571687,20.693222823710002,13.92486269628
6,Incidence,9,Southeast Asia,3,Both,27,Age-standardized,559,Schizophrenia,3,Rate,1997,17.08362532181,20.71495179996,13.92523149987
6,Incidence,9,Southeast Asia,3,Both,27,Age-standardized,559,Schizophrenia,3,Rate,1998,17.08836792676,20.73946908479,13.93279753242
6,Incidence,9,Southeast Asia,3,Both,27,Age-standardized,559,Schizophrenia,3,Rate,1999,17.09315927798,20.76524936972,13.93935159304
6,Incidence,9,Southeast Asia,3,Both,27,Age-standardized,559,Schizophrenia,3,Rate,2000,17.09650770437,20.79015514659,13.94590762532
6,Incidence,9,Southeast Asia,3,Both,27,Age-standardized,559,Schizophrenia,3,Rate,2001,17.09576906664,20.774947101320002,13.932183033369999
6,Incidence,9,Southeast Asia,3,Both,27,Age-standardized,559,Schizophrenia,3,Rate,2002,17.09144265649,20.75528414408,13.919793958920001
6,Incidence,9,Southeast Asia,3,Both,27,Age-standardized,559,Schizophrenia,3,Rate,2003,17.08626978025,20.733965286169997,13.925849525460002
6,Incidence,9,Southeast Asia,3,Both,27,Age-standardized,559,Schizophrenia,3,Rate,2004,17.08333569371,20.71512464277,13.93603692
6,Incidence,9,Southeast Asia,3,Both,27,Age-standardized,559,Schizophrenia,3,Rate,2005,17.085383929,20.7032212361,13.951535922829999
6,Incidence,9,Southeast Asia,3,Both,27,Age-standardized,559,Schizophrenia,3,Rate,2006,17.09717475905,20.71190435788,13.96961742768
6,Incidence,9,Southeast Asia,3,Both,27,Age-standardized,559,Schizophrenia,3,Rate,2007,17.11903099142,20.73402771082,13.99768284353
6,Incidence,9,Southeast Asia,3,Both,27,Age-standardized,559,Schizophrenia,3,Rate,2008,17.14569140976,20.762531971839998,14.00607045899
6,Incidence,9,Southeast Asia,3,Both,27,Age-standardized,559,Schizophrenia,3,Rate,2009,17.171909574100003,20.789757303360002,14.00713669479
6,Incidence,9,Southeast Asia,3,Both,27,Age-standardized,559,Schizophrenia,3,Rate,2010,17.19273777191,20.813038541420003,14.01204883083
6,Incidence,9,Southeast Asia,3,Both,27,Age-standardized,559,Schizophrenia,3,Rate,2011,17.2308940488,20.85116926852,14.053918773380001
6,Incidence,9,Southeast Asia,3,Both,27,Age-standardized,559,Schizophrenia,3,Rate,2012,17.29904833746,20.93883564209,14.118991294930002
6,Incidence,9,Southeast Asia,3,Both,27,Age-standardized,559,Schizophrenia,3,Rate,2013,17.37710348724,21.04236194828,14.17482730897
6,Incidence,9,Southeast Asia,3,Both,27,Age-standardized,559,Schizophrenia,3,Rate,2014,17.44499340487,21.13470982067,14.21401828037
6,Incidence,9,Southeast Asia,3,Both,27,Age-standardized,559,Schizophrenia,3,Rate,2015,17.48258402081,21.18891409765,14.2414931066
6,Incidence,9,Southeast Asia,3,Both,27,Age-standardized,559,Schizophrenia,3,Rate,2016,17.496729450060002,21.20592690587,14.26971314559
6,Incidence,9,Southeast Asia,3,Both,27,Age-standardized,559,Schizophrenia,3,Rate,2017,17.50478567921,21.24461161891,14.28996283727
6,Incidence,9,Southeast Asia,3,Both,27,Age-standardized,559,Schizophrenia,3,Rate,2018,17.5029419818,21.28994906244,14.29945210901
6,Incidence,9,Southeast Asia,3,Both,27,Age-standardized,559,Schizophrenia,3,Rate,2019,17.48760759407,21.29678874551,14.298099761960001
6,Incidence,9,Southeast Asia,3,Both,27,Age-standardized,559,Schizophrenia,3,Rate,2020,17.22877105765,20.88618967343,14.053744033900001
6,Incidence,9,Southeast Asia,3,Both,27,Age-standardized,559,Schizophrenia,3,Rate,2021,17.33516830591,21.0642516048,14.18430898876
6,Incidence,56,Eastern Europe,3,Both,22,All ages,559,Schizophrenia,1,Number,1990,25246.618144742944,30695.687299141533,20671.80372743084
6,Incidence,56,Eastern Europe,3,Both,22,All ages,559,Schizophrenia,3,Rate,1990,11.146851675039999,13.552717097610001,9.12698598617
6,Incidence,56,Eastern Europe,3,Both,22,All ages,559,Schizophrenia,1,Number,1991,25184.9487914328,30562.35708768361,20647.97746907347
6,Incidence,56,Eastern Europe,3,Both,22,All ages,559,Schizophrenia,3,Rate,1991,11.09801875466,13.467631598329998,9.09875350931
6,Incidence,56,Eastern Europe,3,Both,22,All ages,559,Schizophrenia,1,Number,1992,25117.791446946107,30412.490119651546,20642.37247393792
6,Incidence,56,Eastern Europe,3,Both,22,All ages,559,Schizophrenia,3,Rate,1992,11.06339213298,13.39549715766,9.092147361630001
6,Incidence,56,Eastern Europe,3,Both,22,All ages,559,Schizophrenia,1,Number,1993,25074.05710422501,30264.0263099856,20654.54683280379
6,Incidence,56,Eastern Europe,3,Both,22,All ages,559,Schizophrenia,3,Rate,1993,11.06066142728,13.35005926841,9.11112822715
6,Incidence,56,Eastern Europe,3,Both,22,All ages,559,Schizophrenia,1,Number,1994,25037.434106575987,30229.291140436013,20631.492626047
6,Incidence,56,Eastern Europe,3,Both,22,All ages,559,Schizophrenia,3,Rate,1994,11.08134242794,13.37921150606,9.13131248257
6,Incidence,56,Eastern Europe,3,Both,22,All ages,559,Schizophrenia,1,Number,1995,25017.291219097515,30203.198742642737,20639.926758522302
6,Incidence,56,Eastern Europe,3,Both,22,All ages,559,Schizophrenia,3,Rate,1995,11.11806358606,13.42275952988,9.17269644036
6,Incidence,56,Eastern Europe,3,Both,22,All ages,559,Schizophrenia,1,Number,1996,25018.13564442192,30142.630827192723,20758.721166553463
6,Incidence,56,Eastern Europe,3,Both,22,All ages,559,Schizophrenia,3,Rate,1996,11.16335407633,13.44995748279,9.26275873821
6,Incidence,56,Eastern Europe,3,Both,22,All ages,559,Schizophrenia,1,Number,1997,25034.12752476646,30113.144647535137,20828.669482842943
6,Incidence,56,Eastern Europe,3,Both,22,All ages,559,Schizophrenia,3,Rate,1997,11.2121888594,13.48695953573,9.32866446817
6,Incidence,56,Eastern Europe,3,Both,22,All ages,559,Schizophrenia,1,Number,1998,25104.59785581773,30157.5631859122,20899.54375687286
6,Incidence,56,Eastern Europe,3,Both,22,All ages,559,Schizophrenia,3,Rate,1998,11.284138462669999,13.55537024098,9.39403000653
6,Incidence,56,Eastern Europe,3,Both,22,All ages,559,Schizophrenia,1,Number,1999,25184.48018333409,30231.401814311143,20942.084421569096
6,Incidence,56,Eastern Europe,3,Both,22,All ages,559,Schizophrenia,3,Rate,1999,11.3659528359,13.64366803219,9.451326455350001
6,Incidence,56,Eastern Europe,3,Both,22,All ages,559,Schizophrenia,1,Number,2000,25256.39125501475,30338.947172706048,21015.91048283046
6,Incidence,56,Eastern Europe,3,Both,22,All ages,559,Schizophrenia,3,Rate,2000,11.452034862029999,13.75662410322,9.52926873347
6,Incidence,56,Eastern Europe,3,Both,22,All ages,559,Schizophrenia,1,Number,2001,25319.6835649919,30416.676470890903,21041.335007906848
6,Incidence,56,Eastern Europe,3,Both,22,All ages,559,Schizophrenia,3,Rate,2001,11.536699994900001,13.85910176903,9.58730660498
6,Incidence,56,Eastern Europe,3,Both,22,All ages,559,Schizophrenia,1,Number,2002,25366.845150386784,30456.738704965253,21047.590455077367
6,Incidence,56,Eastern Europe,3,Both,22,All ages,559,Schizophrenia,3,Rate,2002,11.61571929169,13.94642988673,9.63789154873
6,Incidence,56,Eastern Europe,3,Both,22,All ages,559,Schizophrenia,1,Number,2003,25426.912306087663,30552.948106554293,21066.510257877308
6,Incidence,56,Eastern Europe,3,Both,22,All ages,559,Schizophrenia,3,Rate,2003,11.70309726028,14.06242798869,9.69616033259
6,Incidence,56,Eastern Europe,3,Both,22,All ages,559,Schizophrenia,1,Number,2004,25463.08495405476,30621.96915979873,21099.001552961905
6,Incidence,56,Eastern Europe,3,Both,22,All ages,559,Schizophrenia,3,Rate,2004,11.78019962514,14.16689730519,9.761207278439999
6,Incidence,56,Eastern Europe,3,Both,22,All ages,559,Schizophrenia,1,Number,2005,25459.250713025525,30656.1510084385,21112.268451871914
6,Incidence,56,Eastern Europe,3,Both,22,All ages,559,Schizophrenia,3,Rate,2005,11.84127018017,14.25838375477,9.81945924776
6,Incidence,56,Eastern Europe,3,Both,22,All ages,559,Schizophrenia,1,Number,2006,25545.46209751412,30791.38814219697,21145.578571073027
6,Incidence,56,Eastern Europe,3,Both,22,All ages,559,Schizophrenia,3,Rate,2006,11.94046745711,14.39251976212,9.883872596469999
6,Incidence,56,Eastern Europe,3,Both,22,All ages,559,Schizophrenia,1,Number,2007,25757.10287992641,31066.219851469403,21224.887629710203
6,Incidence,56,Eastern Europe,3,Both,22,All ages,559,Schizophrenia,3,Rate,2007,12.086835030129999,14.5782029953,9.96003768395
6,Incidence,56,Eastern Europe,3,Both,22,All ages,559,Schizophrenia,1,Number,2008,25981.112332459288,31397.170251826738,21279.932811623512
6,Incidence,56,Eastern Europe,3,Both,22,All ages,559,Schizophrenia,3,Rate,2008,12.23189501553,14.781772442640001,10.01858198981
6,Incidence,56,Eastern Europe,3,Both,22,All ages,559,Schizophrenia,1,Number,2009,26098.93243560272,31499.78674688015,21333.737325941584
6,Incidence,56,Eastern Europe,3,Both,22,All ages,559,Schizophrenia,3,Rate,2009,12.31853314604,14.86770265765,10.06939080849
6,Incidence,56,Eastern Europe,3,Both,22,All ages,559,Schizophrenia,1,Number,2010,25989.91397916749,31376.58161115373,21285.47742965034
6,Incidence,56,Eastern Europe,3,Both,22,All ages,559,Schizophrenia,3,Rate,2010,12.29011235039,14.83736011905,10.06547806398
6,Incidence,56,Eastern Europe,3,Both,22,All ages,559,Schizophrenia,1,Number,2011,25696.580211635548,31175.527097541926,21074.885066282277
6,Incidence,56,Eastern Europe,3,Both,22,All ages,559,Schizophrenia,3,Rate,2011,12.16724870271,14.76151256354,9.97889080456
6,Incidence,56,Eastern Europe,3,Both,22,All ages,559,Schizophrenia,1,Number,2012,25330.803834770923,30858.333169100777,20760.923535646645
6,Incidence,56,Eastern Europe,3,Both,22,All ages,559,Schizophrenia,3,Rate,2012,12.00258865782,14.62171836751,9.83722533957
6,Incidence,56,Eastern Europe,3,Both,22,All ages,559,Schizophrenia,1,Number,2013,24906.37389962724,30516.002170623025,20307.200578780303
6,Incidence,56,Eastern Europe,3,Both,22,All ages,559,Schizophrenia,3,Rate,2013,11.8076669332,14.46709148491,9.62728102237
6,Incidence,56,Eastern Europe,3,Both,22,All ages,559,Schizophrenia,1,Number,2014,24447.48999973112,29960.67368473976,19906.846690022878
6,Incidence,56,Eastern Europe,3,Both,22,All ages,559,Schizophrenia,3,Rate,2014,11.59755597048,14.212935151049999,9.443536685609999
6,Incidence,56,Eastern Europe,3,Both,22,All ages,559,Schizophrenia,1,Number,2015,23966.10799500231,29417.66605691441,19584.843662370866
6,Incidence,56,Eastern Europe,3,Both,22,All ages,559,Schizophrenia,3,Rate,2015,11.37898578479,13.967357735070001,9.29878383583
6,Incidence,56,Eastern Europe,3,Both,22,All ages,559,Schizophrenia,1,Number,2016,23467.894330454783,28861.86575335965,19164.37473378254
6,Incidence,56,Eastern Europe,3,Both,22,All ages,559,Schizophrenia,3,Rate,2016,11.15612829688,13.72030539672,9.110328359630001
6,Incidence,56,Eastern Europe,3,Both,22,All ages,559,Schizophrenia,1,Number,2017,22960.04754549644,28212.861108221357,18785.038320186704
6,Incidence,56,Eastern Europe,3,Both,22,All ages,559,Schizophrenia,3,Rate,2017,10.93334306535,13.43467990387,8.94524578155
6,Incidence,56,Eastern Europe,3,Both,22,All ages,559,Schizophrenia,1,Number,2018,22470.727468795216,27481.30851281304,18449.451030434564
6,Incidence,56,Eastern Europe,3,Both,22,All ages,559,Schizophrenia,3,Rate,2018,10.724644442059999,13.116053452730002,8.80540261669
6,Incidence,56,Eastern Europe,3,Both,22,All ages,559,Schizophrenia,1,Number,2019,22019.6215284002,26855.587531456604,18109.205196270304
6,Incidence,56,Eastern Europe,3,Both,22,All ages,559,Schizophrenia,3,Rate,2019,10.53951352176,12.85420948574,8.66782441235
6,Incidence,56,Eastern Europe,3,Both,22,All ages,559,Schizophrenia,1,Number,2020,21643.65153012094,26305.42368155064,17764.716426299918
6,Incidence,56,Eastern Europe,3,Both,22,All ages,559,Schizophrenia,3,Rate,2020,10.402030802630001,12.64249828782,8.53779812566
6,Incidence,56,Eastern Europe,3,Both,22,All ages,559,Schizophrenia,1,Number,2021,21245.22135961849,25696.321746056587,17519.41010312526
6,Incidence,56,Eastern Europe,3,Both,22,All ages,559,Schizophrenia,3,Rate,2021,10.27534445708,12.42813867417,8.47333950762
6,Incidence,56,Eastern Europe,3,Both,27,Age-standardized,559,Schizophrenia,3,Rate,1990,11.18092888163,13.55042446133,9.17689694379
6,Incidence,56,Eastern Europe,3,Both,27,Age-standardized,559,Schizophrenia,3,Rate,1991,11.19083700955,13.55224721752,9.19297133134
6,Incidence,56,Eastern Europe,3,Both,27,Age-standardized,559,Schizophrenia,3,Rate,1992,11.198481942099999,13.55194385707,9.19642196203
6,Incidence,56,Eastern Europe,3,Both,27,Age-standardized,559,Schizophrenia,3,Rate,1993,11.20369118248,13.549191621180002,9.19889135777
6,Incidence,56,Eastern Europe,3,Both,27,Age-standardized,559,Schizophrenia,3,Rate,1994,11.206648351530001,13.543640915020001,9.200702326890001
6,Incidence,56,Eastern Europe,3,Both,27,Age-standardized,559,Schizophrenia,3,Rate,1995,11.207206304,13.53852296789,9.20172524373
6,Incidence,56,Eastern Europe,3,Both,27,Age-standardized,559,Schizophrenia,3,Rate,1996,11.2043993217,13.52791906585,9.20340340535
6,Incidence,56,Eastern Europe,3,Both,27,Age-standardized,559,Schizophrenia,3,Rate,1997,11.19880764277,13.52159181507,9.206865307400001
6,Incidence,56,Eastern Europe,3,Both,27,Age-standardized,559,Schizophrenia,3,Rate,1998,11.192014443529999,13.520382620720001,9.20951597558
6,Incidence,56,Eastern Europe,3,Both,27,Age-standardized,559,Schizophrenia,3,Rate,1999,11.185758373979999,13.52025569926,9.211297636780001
6,Incidence,56,Eastern Europe,3,Both,27,Age-standardized,559,Schizophrenia,3,Rate,2000,11.18150927612,13.52377655166,9.197862350360001
6,Incidence,56,Eastern Europe,3,Both,27,Age-standardized,559,Schizophrenia,3,Rate,2001,11.176727201739999,13.51233146915,9.21018384141
6,Incidence,56,Eastern Europe,3,Both,27,Age-standardized,559,Schizophrenia,3,Rate,2002,11.17019829613,13.49985777579,9.21282138446
6,Incidence,56,Eastern Europe,3,Both,27,Age-standardized,559,Schizophrenia,3,Rate,2003,11.16494145597,13.491381916719998,9.20847554002
6,Incidence,56,Eastern Europe,3,Both,27,Age-standardized,559,Schizophrenia,3,Rate,2004,11.16380842671,13.49502985091,9.20733881955
6,Incidence,56,Eastern Europe,3,Both,27,Age-standardized,559,Schizophrenia,3,Rate,2005,11.16972639045,13.509693023279999,9.21243736352
6,Incidence,56,Eastern Europe,3,Both,27,Age-standardized,559,Schizophrenia,3,Rate,2006,11.23485236164,13.579997072760001,9.26014897068
6,Incidence,56,Eastern Europe,3,Both,27,Age-standardized,559,Schizophrenia,3,Rate,2007,11.37676535083,13.750051997589999,9.36734258372
6,Incidence,56,Eastern Europe,3,Both,27,Age-standardized,559,Schizophrenia,3,Rate,2008,11.54596937812,13.957946732229999,9.49585716647
6,Incidence,56,Eastern Europe,3,Both,27,Age-standardized,559,Schizophrenia,3,Rate,2009,11.6926353399,14.13699700821,9.60735097345
6,Incidence,56,Eastern Europe,3,Both,27,Age-standardized,559,Schizophrenia,3,Rate,2010,11.76662203043,14.230870680089998,9.66317670726
6,Incidence,56,Eastern Europe,3,Both,27,Age-standardized,559,Schizophrenia,3,Rate,2011,11.78322731698,14.26720015652,9.69027299382
6,Incidence,56,Eastern Europe,3,Both,27,Age-standardized,559,Schizophrenia,3,Rate,2012,11.79239407376,14.2937532034,9.69945325999
6,Incidence,56,Eastern Europe,3,Both,27,Age-standardized,559,Schizophrenia,3,Rate,2013,11.79583173569,14.313132862600002,9.7046035679
6,Incidence,56,Eastern Europe,3,Both,27,Age-standardized,559,Schizophrenia,3,Rate,2014,11.79548392461,14.32788256408,9.70771202123
6,Incidence,56,Eastern Europe,3,Both,27,Age-standardized,559,Schizophrenia,3,Rate,2015,11.79317825409,14.34054140378,9.7038503033
6,Incidence,56,Eastern Europe,3,Both,27,Age-standardized,559,Schizophrenia,3,Rate,2016,11.78089925706,14.321023361080002,9.701506305219999
6,Incidence,56,Eastern Europe,3,Both,27,Age-standardized,559,Schizophrenia,3,Rate,2017,11.75687294768,14.285775790050002,9.692285256969999
6,Incidence,56,Eastern Europe,3,Both,27,Age-standardized,559,Schizophrenia,3,Rate,2018,11.732425976470001,14.22999201856,9.682124898709999
6,Incidence,56,Eastern Europe,3,Both,27,Age-standardized,559,Schizophrenia,3,Rate,2019,11.71907413914,14.20250237788,9.65947709136
6,Incidence,56,Eastern Europe,3,Both,27,Age-standardized,559,Schizophrenia,3,Rate,2020,11.760132290000001,14.220790342799999,9.65069212116
6,Incidence,56,Eastern Europe,3,Both,27,Age-standardized,559,Schizophrenia,3,Rate,2021,11.7341631442,14.20724999763,9.65277818837
6,Incidence,73,Western Europe,3,Both,22,All ages,559,Schizophrenia,1,Number,1990,55778.71154921386,66798.31066106702,46652.048181687525
6,Incidence,73,Western Europe,3,Both,22,All ages,559,Schizophrenia,3,Rate,1990,14.510109848929998,17.3767159279,12.13592650301
6,Incidence,73,Western Europe,3,Both,22,All ages,559,Schizophrenia,1,Number,1991,55903.86904506676,67157.27268118708,46806.39674118828
6,Incidence,73,Western Europe,3,Both,22,All ages,559,Schizophrenia,3,Rate,1991,14.48890688842,17.40551212965,12.13106598434
6,Incidence,73,Western Europe,3,Both,22,All ages,559,Schizophrenia,1,Number,1992,55997.052029314014,67356.05756208903,46891.36583513108
6,Incidence,73,Western Europe,3,Both,22,All ages,559,Schizophrenia,3,Rate,1992,14.45811705925,17.39094701579,12.10708120773
6,Incidence,73,Western Europe,3,Both,22,All ages,559,Schizophrenia,1,Number,1993,56011.60674469516,67339.6776829469,46927.56234417778
6,Incidence,73,Western Europe,3,Both,22,All ages,559,Schizophrenia,3,Rate,1993,14.41140721268,17.32604317321,12.074144088079999
6,Incidence,73,Western Europe,3,Both,22,All ages,559,Schizophrenia,1,Number,1994,55963.59920285541,67266.20926238583,46842.33802290295
6,Incidence,73,Western Europe,3,Both,22,All ages,559,Schizophrenia,3,Rate,1994,14.3530956589,17.25189855383,12.01374765215
6,Incidence,73,Western Europe,3,Both,22,All ages,559,Schizophrenia,1,Number,1995,55899.69913509808,67221.35348671493,46830.22153489733
6,Incidence,73,Western Europe,3,Both,22,All ages,559,Schizophrenia,3,Rate,1995,14.29248079893,17.18721064428,11.973589347579999
6,Incidence,73,Western Europe,3,Both,22,All ages,559,Schizophrenia,1,Number,1996,55825.53056378283,67126.50731069231,46793.05066547353
6,Incidence,73,Western Europe,3,Both,22,All ages,559,Schizophrenia,3,Rate,1996,14.22917796677,17.10964515994,11.92692015289
6,Incidence,73,Western Europe,3,Both,22,All ages,559,Schizophrenia,1,Number,1997,55759.24358582028,67132.9990962644,46740.28904453233
6,Incidence,73,Western Europe,3,Both,22,All ages,559,Schizophrenia,3,Rate,1997,14.165496247359998,17.054970362149998,11.874253423859999
6,Incidence,73,Western Europe,3,Both,22,All ages,559,Schizophrenia,1,Number,1998,55700.16432478413,67196.5262304926,46682.261123952674
6,Incidence,73,Western Europe,3,Both,22,All ages,559,Schizophrenia,3,Rate,1998,14.09955683271,17.00966688398,11.81682678634
6,Incidence,73,Western Europe,3,Both,22,All ages,559,Schizophrenia,1,Number,1999,55661.41479435242,67239.92341606057,46617.90903031691
6,Incidence,73,Western Europe,3,Both,22,All ages,559,Schizophrenia,3,Rate,1999,14.03338754757,16.95256772493,11.75333373212
6,Incidence,73,Western Europe,3,Both,22,All ages,559,Schizophrenia,1,Number,2000,55681.90335752718,67330.06771611465,46686.41227709741
6,Incidence,73,Western Europe,3,Both,22,All ages,559,Schizophrenia,3,Rate,2000,13.973808598920002,16.89700643271,11.71631984528
6,Incidence,73,Western Europe,3,Both,22,All ages,559,Schizophrenia,1,Number,2001,55725.19754176432,67411.05345948829,46689.43050517989
6,Incidence,73,Western Europe,3,Both,22,All ages,559,Schizophrenia,3,Rate,2001,13.911567043689999,16.8288930512,11.65582485764
6,Incidence,73,Western Europe,3,Both,22,All ages,559,Schizophrenia,1,Number,2002,55764.94895293794,67444.43522219668,46662.95199075591
6,Incidence,73,Western Europe,3,Both,22,All ages,559,Schizophrenia,3,Rate,2002,13.844139807820001,16.74367515809,11.58448888299
6,Incidence,73,Western Europe,3,Both,22,All ages,559,Schizophrenia,1,Number,2003,55805.72314672444,67453.84596102506,46812.27264013793
6,Incidence,73,Western Europe,3,Both,22,All ages,559,Schizophrenia,3,Rate,2003,13.774215262579999,16.64925642327,11.5544120552
6,Incidence,73,Western Europe,3,Both,22,All ages,559,Schizophrenia,1,Number,2004,55836.83418674155,67542.59689883346,46849.35992961768
6,Incidence,73,Western Europe,3,Both,22,All ages,559,Schizophrenia,3,Rate,2004,13.69825353789,16.56998700595,11.49338818633
6,Incidence,73,Western Europe,3,Both,22,All ages,559,Schizophrenia,1,Number,2005,55887.26376494042,67650.39904263768,46877.07860790112
6,Incidence,73,Western Europe,3,Both,22,All ages,559,Schizophrenia,3,Rate,2005,13.62584738939,16.49381184707,11.42907840073
6,Incidence,73,Western Europe,3,Both,22,All ages,559,Schizophrenia,1,Number,2006,55964.65831606632,67661.22416833867,47006.06335419085
6,Incidence,73,Western Europe,3,Both,22,All ages,559,Schizophrenia,3,Rate,2006,13.56219778482,16.39668555379,11.391216304670001
6,Incidence,73,Western Europe,3,Both,22,All ages,559,Schizophrenia,1,Number,2007,56061.86751119353,67656.269569955,47130.18456269406
6,Incidence,73,Western Europe,3,Both,22,All ages,559,Schizophrenia,3,Rate,2007,13.50531947194,16.298414151819998,11.35367456611
6,Incidence,73,Western Europe,3,Both,22,All ages,559,Schizophrenia,1,Number,2008,56159.08757436683,67719.81044759626,47209.48618414516
6,Incidence,73,Western Europe,3,Both,22,All ages,559,Schizophrenia,3,Rate,2008,13.45113550102,16.22014149051,11.30754118389
6,Incidence,73,Western Europe,3,Both,22,All ages,559,Schizophrenia,1,Number,2009,56185.15251003187,67739.75698222297,47156.78248431182
6,Incidence,73,Western Europe,3,Both,22,All ages,559,Schizophrenia,3,Rate,2009,13.38540657568,16.13814589865,11.23451086549
6,Incidence,73,Western Europe,3,Both,22,All ages,559,Schizophrenia,1,Number,2010,56110.32202413457,67648.62690720239,47058.1017709908
6,Incidence,73,Western Europe,3,Both,22,All ages,559,Schizophrenia,3,Rate,2010,13.3024840685,16.03795432331,11.15640806398
6,Incidence,73,Western Europe,3,Both,22,All ages,559,Schizophrenia,1,Number,2011,55955.29797995546,67535.41852118178,46996.66486974047
6,Incidence,73,Western Europe,3,Both,22,All ages,559,Schizophrenia,3,Rate,2011,13.207937311599999,15.941360449200001,11.09330172232
6,Incidence,73,Western Europe,3,Both,22,All ages,559,Schizophrenia,1,Number,2012,55783.45107757941,67414.03738426964,46869.175586310346
6,Incidence,73,Western Europe,3,Both,22,All ages,559,Schizophrenia,3,Rate,2012,13.11370790042,15.84785411386,11.0181185692
6,Incidence,73,Western Europe,3,Both,22,All ages,559,Schizophrenia,1,Number,2013,55603.033352578605,67306.05193600005,46628.65320040315
6,Incidence,73,Western Europe,3,Both,22,All ages,559,Schizophrenia,3,Rate,2013,13.020214599,15.760637274259999,10.91874012128
6,Incidence,73,Western Europe,3,Both,22,All ages,559,Schizophrenia,1,Number,2014,55422.71789776864,67202.38024174335,46380.82198282173
6,Incidence,73,Western Europe,3,Both,22,All ages,559,Schizophrenia,3,Rate,2014,12.92618091195,15.67353889646,10.81734924838
6,Incidence,73,Western Europe,3,Both,22,All ages,559,Schizophrenia,1,Number,2015,55248.882704143885,67013.71099898379,46141.507833493306
6,Incidence,73,Western Europe,3,Both,22,All ages,559,Schizophrenia,3,Rate,2015,12.834400951120001,15.56738877036,10.71874367479
6,Incidence,73,Western Europe,3,Both,22,All ages,559,Schizophrenia,1,Number,2016,54982.63007488413,66608.17118908014,45874.49418078197
6,Incidence,73,Western Europe,3,Both,22,All ages,559,Schizophrenia,3,Rate,2016,12.72324961848,15.413456713779999,10.61558240827
6,Incidence,73,Western Europe,3,Both,22,All ages,559,Schizophrenia,1,Number,2017,54619.201086265246,66079.53446229723,45520.45496594311
6,Incidence,73,Western Europe,3,Both,22,All ages,559,Schizophrenia,3,Rate,2017,12.59128468068,15.233218601409998,10.49376402201
6,Incidence,73,Western Europe,3,Both,22,All ages,559,Schizophrenia,1,Number,2018,54224.43899647872,65504.14811487806,45139.07996832122
6,Incidence,73,Western Europe,3,Both,22,All ages,559,Schizophrenia,3,Rate,2018,12.46111765604,15.05326586544,10.37324492019
6,Incidence,73,Western Europe,3,Both,22,All ages,559,Schizophrenia,1,Number,2019,53933.96344259181,65057.06018479244,44864.0918399503
6,Incidence,73,Western Europe,3,Both,22,All ages,559,Schizophrenia,3,Rate,2019,12.3643514744,14.914319413440001,10.28508503142
6,Incidence,73,Western Europe,3,Both,22,All ages,559,Schizophrenia,1,Number,2020,53942.935372860695,65027.9700414501,44891.8812213336
6,Incidence,73,Western Europe,3,Both,22,All ages,559,Schizophrenia,3,Rate,2020,12.345930582689999,14.88296472033,10.2744139794
6,Incidence,73,Western Europe,3,Both,22,All ages,559,Schizophrenia,1,Number,2021,53702.00873245405,64511.45069866878,45054.83231287055
6,Incidence,73,Western Europe,3,Both,22,All ages,559,Schizophrenia,3,Rate,2021,12.27785259887,14.74920773567,10.300854717750001
6,Incidence,73,Western Europe,3,Both,27,Age-standardized,559,Schizophrenia,3,Rate,1990,14.20837724844,16.94721892414,11.83886742722
6,Incidence,73,Western Europe,3,Both,27,Age-standardized,559,Schizophrenia,3,Rate,1991,14.215272899499999,16.983241900499998,11.84412925745
6,Incidence,73,Western Europe,3,Both,27,Age-standardized,559,Schizophrenia,3,Rate,1992,14.221971036069998,17.01950141819,11.84788218242
6,Incidence,73,Western Europe,3,Both,27,Age-standardized,559,Schizophrenia,3,Rate,1993,14.22834601891,17.05686372226,11.84468662274
6,Incidence,73,Western Europe,3,Both,27,Age-standardized,559,Schizophrenia,3,Rate,1994,14.23348522074,17.09432808724,11.834845374
6,Incidence,73,Western Europe,3,Both,27,Age-standardized,559,Schizophrenia,3,Rate,1995,14.236475258719999,17.13015875333,11.82213082825
6,Incidence,73,Western Europe,3,Both,27,Age-standardized,559,Schizophrenia,3,Rate,1996,14.24064350774,17.14191078893,11.81784684338
6,Incidence,73,Western Europe,3,Both,27,Age-standardized,559,Schizophrenia,3,Rate,1997,14.24684755101,17.15674559756,11.81711336775
6,Incidence,73,Western Europe,3,Both,27,Age-standardized,559,Schizophrenia,3,Rate,1998,14.25269777485,17.16959968003,11.825739689199999
6,Incidence,73,Western Europe,3,Both,27,Age-standardized,559,Schizophrenia,3,Rate,1999,14.25639867314,17.175011850060002,11.83650115018
6,Incidence,73,Western Europe,3,Both,27,Age-standardized,559,Schizophrenia,3,Rate,2000,14.25571290974,17.1495407359,11.84218892024
6,Incidence,73,Western Europe,3,Both,27,Age-standardized,559,Schizophrenia,3,Rate,2001,14.24734537351,17.14671321797,11.84798725224
6,Incidence,73,Western Europe,3,Both,27,Age-standardized,559,Schizophrenia,3,Rate,2002,14.23152463955,17.10867416107,11.84534536892
6,Incidence,73,Western Europe,3,Both,27,Age-standardized,559,Schizophrenia,3,Rate,2003,14.21285666769,17.053197908690002,11.83903462531
6,Incidence,73,Western Europe,3,Both,27,Age-standardized,559,Schizophrenia,3,Rate,2004,14.19614186651,17.02383419937,11.8210485643
6,Incidence,73,Western Europe,3,Both,27,Age-standardized,559,Schizophrenia,3,Rate,2005,14.18621099118,17.00736237801,11.7977768925
6,Incidence,73,Western Europe,3,Both,27,Age-standardized,559,Schizophrenia,3,Rate,2006,14.19149068993,16.97260642614,11.82643005629
6,Incidence,73,Western Europe,3,Both,27,Age-standardized,559,Schizophrenia,3,Rate,2007,14.21108303518,16.968402600220003,11.85676167873
6,Incidence,73,Western Europe,3,Both,27,Age-standardized,559,Schizophrenia,3,Rate,2008,14.23581749777,17.0121192786,11.87503767544
6,Incidence,73,Western Europe,3,Both,27,Age-standardized,559,Schizophrenia,3,Rate,2009,14.25695430122,17.031179067369997,11.88349221187
6,Incidence,73,Western Europe,3,Both,27,Age-standardized,559,Schizophrenia,3,Rate,2010,14.265512295850002,17.03331634517,11.91332580102
6,Incidence,73,Western Europe,3,Both,27,Age-standardized,559,Schizophrenia,3,Rate,2011,14.26401605004,17.05816917807,11.86380698859
6,Incidence,73,Western Europe,3,Both,27,Age-standardized,559,Schizophrenia,3,Rate,2012,14.26190066298,17.08835221233,11.81783384247
6,Incidence,73,Western Europe,3,Both,27,Age-standardized,559,Schizophrenia,3,Rate,2013,14.26006774062,17.11823474401,11.798280653980001
6,Incidence,73,Western Europe,3,Both,27,Age-standardized,559,Schizophrenia,3,Rate,2014,14.25831317373,17.13255367607,11.7763725765
6,Incidence,73,Western Europe,3,Both,27,Age-standardized,559,Schizophrenia,3,Rate,2015,14.25711674441,17.16140955344,11.75131913001
6,Incidence,73,Western Europe,3,Both,27,Age-standardized,559,Schizophrenia,3,Rate,2016,14.22124905666,17.1230847678,11.701617656429999
6,Incidence,73,Western Europe,3,Both,27,Age-standardized,559,Schizophrenia,3,Rate,2017,14.14345369024,17.03060111553,11.62107495235
6,Incidence,73,Western Europe,3,Both,27,Age-standardized,559,Schizophrenia,3,Rate,2018,14.06628359085,16.935278843269998,11.54657316018
6,Incidence,73,Western Europe,3,Both,27,Age-standardized,559,Schizophrenia,3,Rate,2019,14.03274078026,16.90746424776,11.521769228470001
6,Incidence,73,Western Europe,3,Both,27,Age-standardized,559,Schizophrenia,3,Rate,2020,14.086940481840001,16.989951826509998,11.58449307072
6,Incidence,73,Western Europe,3,Both,27,Age-standardized,559,Schizophrenia,3,Rate,2021,14.08252079126,16.96516998536,11.570323206080001
6,Incidence,96,Southern Latin America,3,Both,22,All ages,559,Schizophrenia,1,Number,1990,7608.637615086443,9693.482420615295,5709.967830269884
6,Incidence,96,Southern Latin America,3,Both,22,All ages,559,Schizophrenia,3,Rate,1990,15.35906784645,19.567610089800002,11.52634515439
6,Incidence,96,Southern Latin America,3,Both,22,All ages,559,Schizophrenia,1,Number,1991,7719.303440635374,9843.986771624295,5809.644637902048
6,Incidence,96,Southern Latin America,3,Both,22,All ages,559,Schizophrenia,3,Rate,1991,15.38683184899,19.62194780183,11.58032273679
6,Incidence,96,Southern Latin America,3,Both,22,All ages,559,Schizophrenia,1,Number,1992,7823.798764739532,9996.323099280013,5906.672523124563
6,Incidence,96,Southern Latin America,3,Both,22,All ages,559,Schizophrenia,3,Rate,1992,15.40815225441,19.68671139551,11.63257290862
6,Incidence,96,Southern Latin America,3,Both,22,All ages,559,Schizophrenia,1,Number,1993,7922.601936844567,10107.304484573033,5998.41050840786
6,Incidence,96,Southern Latin America,3,Both,22,All ages,559,Schizophrenia,3,Rate,1993,15.4247047755,19.67815485284,11.678450078900001
6,Incidence,96,Southern Latin America,3,Both,22,All ages,559,Schizophrenia,1,Number,1994,8020.7897427098,10213.69101692736,6087.859322424802
6,Incidence,96,Southern Latin America,3,Both,22,All ages,559,Schizophrenia,3,Rate,1994,15.444296637349998,19.66680076248,11.72237501269
6,Incidence,96,Southern Latin America,3,Both,22,All ages,559,Schizophrenia,1,Number,1995,8122.986678076288,10336.469857486314,6178.496394939336
6,Incidence,96,Southern Latin America,3,Both,22,All ages,559,Schizophrenia,3,Rate,1995,15.47452521489,19.69127486991,11.77021482894
6,Incidence,96,Southern Latin America,3,Both,22,All ages,559,Schizophrenia,1,Number,1996,8221.744483592738,10421.90510008348,6244.515668626324
6,Incidence,96,Southern Latin America,3,Both,22,All ages,559,Schizophrenia,3,Rate,1996,15.499389019050001,19.64706660346,11.77197585947
6,Incidence,96,Southern Latin America,3,Both,22,All ages,559,Schizophrenia,1,Number,1997,8310.840426337849,10527.30847448908,6305.188460684043
6,Incidence,96,Southern Latin America,3,Both,22,All ages,559,Schizophrenia,3,Rate,1997,15.5057320764,19.64104907776,11.76373963971
6,Incidence,96,Southern Latin America,3,Both,22,All ages,559,Schizophrenia,1,Number,1998,8394.451836803439,10610.5097730831,6360.932792945487
6,Incidence,96,Southern Latin America,3,Both,22,All ages,559,Schizophrenia,3,Rate,1998,15.502562185570001,19.59509575797,11.7471346668
6,Incidence,96,Southern Latin America,3,Both,22,All ages,559,Schizophrenia,1,Number,1999,8479.80103258899,10702.230011249709,6418.930914552073
6,Incidence,96,Southern Latin America,3,Both,22,All ages,559,Schizophrenia,3,Rate,1999,15.50404797846,19.567426987170002,11.73605518421
6,Incidence,96,Southern Latin America,3,Both,22,All ages,559,Schizophrenia,1,Number,2000,8576.13906751112,10819.73701329163,6498.895736090879
6,Incidence,96,Southern Latin America,3,Both,22,All ages,559,Schizophrenia,3,Rate,2000,15.525040816729998,19.58653625312,11.76469047111
6,Incidence,96,Southern Latin America,3,Both,22,All ages,559,Schizophrenia,1,Number,2001,8686.22792299659,10968.6126350689,6587.006823061145
6,Incidence,96,Southern Latin America,3,Both,22,All ages,559,Schizophrenia,3,Rate,2001,15.56905341738,19.65996259179,11.80644371734
6,Incidence,96,Southern Latin America,3,Both,22,All ages,559,Schizophrenia,1,Number,2002,8803.687726594766,11099.316930569326,6709.849100887867
6,Incidence,96,Southern Latin America,3,Both,22,All ages,559,Schizophrenia,3,Rate,2002,15.623674393799998,19.69766751187,11.907793738199999
6,Incidence,96,Southern Latin America,3,Both,22,All ages,559,Schizophrenia,1,Number,2003,8921.939298810481,11276.825070778574,6856.558083802659
6,Incidence,96,Southern Latin America,3,Both,22,All ages,559,Schizophrenia,3,Rate,2003,15.67491618533,19.81220471257,12.04625694974
6,Incidence,96,Southern Latin America,3,Both,22,All ages,559,Schizophrenia,1,Number,2004,9036.796305905027,11456.506726310125,6976.135933054853
6,Incidence,96,Southern Latin America,3,Both,22,All ages,559,Schizophrenia,3,Rate,2004,15.71475086863,19.922563587179997,12.131316730250001
6,Incidence,96,Southern Latin America,3,Both,22,All ages,559,Schizophrenia,1,Number,2005,9148.108732360895,11614.46532976214,7080.994998667996
6,Incidence,96,Southern Latin America,3,Both,22,All ages,559,Schizophrenia,3,Rate,2005,15.74593639191,19.99108642659,12.187972410739999
6,Incidence,96,Southern Latin America,3,Both,22,All ages,559,Schizophrenia,1,Number,2006,9254.34354874093,11749.646173505003,7152.873745488185
6,Incidence,96,Southern Latin America,3,Both,22,All ages,559,Schizophrenia,3,Rate,2006,15.76736794415,20.018815322290003,12.18692515673
6,Incidence,96,Southern Latin America,3,Both,22,All ages,559,Schizophrenia,1,Number,2007,9355.159145626723,11869.945385278585,7195.556207102109
6,Incidence,96,Southern Latin America,3,Both,22,All ages,559,Schizophrenia,3,Rate,2007,15.77618415761,20.01702391417,12.134311995400001
6,Incidence,96,Southern Latin America,3,Both,22,All ages,559,Schizophrenia,1,Number,2008,9453.445392645734,11995.53353116764,7234.633932481791
6,Incidence,96,Southern Latin America,3,Both,22,All ages,559,Schizophrenia,3,Rate,2008,15.77412978919,20.0158878538,12.07179497932
6,Incidence,96,Southern Latin America,3,Both,22,All ages,559,Schizophrenia,1,Number,2009,9551.109666143311,12131.183248729829,7306.950358976309
6,Incidence,96,Southern Latin America,3,Both,22,All ages,559,Schizophrenia,3,Rate,2009,15.7659160523,20.02481631977,12.06150593855
6,Incidence,96,Southern Latin America,3,Both,22,All ages,559,Schizophrenia,1,Number,2010,9652.102861204892,12272.10512808216,7343.575871997627
6,Incidence,96,Southern Latin America,3,Both,22,All ages,559,Schizophrenia,3,Rate,2010,15.76339710009,20.04227153085,11.99321062669
6,Incidence,96,Southern Latin America,3,Both,22,All ages,559,Schizophrenia,1,Number,2011,9759.491192934747,12400.899004633897,7454.431409656981
6,Incidence,96,Southern Latin America,3,Both,22,All ages,559,Schizophrenia,3,Rate,2011,15.773502781600001,20.042603766630002,12.04801482485
6,Incidence,96,Southern Latin America,3,Both,22,All ages,559,Schizophrenia,1,Number,2012,9869.663304974723,12497.726306049271,7544.119340797946
6,Incidence,96,Southern Latin America,3,Both,22,All ages,559,Schizophrenia,3,Rate,2012,15.789015349220001,19.99326485404,12.068721331979999
6,Incidence,96,Southern Latin America,3,Both,22,All ages,559,Schizophrenia,1,Number,2013,9976.539359048798,12609.167684691924,7620.283708595782
6,Incidence,96,Southern Latin America,3,Both,22,All ages,559,Schizophrenia,3,Rate,2013,15.79769809854,19.966424948340002,12.06660316981
6,Incidence,96,Southern Latin America,3,Both,22,All ages,559,Schizophrenia,1,Number,2014,10072.442925370577,12773.90967288871,7702.855953039784
6,Incidence,96,Southern Latin America,3,Both,22,All ages,559,Schizophrenia,3,Rate,2014,15.78807034421,20.02248967608,12.07385661442
6,Incidence,96,Southern Latin America,3,Both,22,All ages,559,Schizophrenia,1,Number,2015,10149.091159910851,12867.144742689865,7783.288017431229
6,Incidence,96,Southern Latin America,3,Both,22,All ages,559,Schizophrenia,3,Rate,2015,15.753967726510002,19.97307737361,12.08164024746
6,Incidence,96,Southern Latin America,3,Both,22,All ages,559,Schizophrenia,1,Number,2016,10202.144224891155,12989.165786435036,7805.770211875497
6,Incidence,96,Southern Latin America,3,Both,22,All ages,559,Schizophrenia,3,Rate,2016,15.695962417499999,19.98378512638,12.009149565469999
6,Incidence,96,Southern Latin America,3,Both,22,All ages,559,Schizophrenia,1,Number,2017,10250.267690588717,13098.88702205266,7866.25136481666
6,Incidence,96,Southern Latin America,3,Both,22,All ages,559,Schizophrenia,3,Rate,2017,15.63373445326,19.97845593087,11.997626666190001
6,Incidence,96,Southern Latin America,3,Both,22,All ages,559,Schizophrenia,1,Number,2018,10322.802458394246,13140.944626020017,7896.531890751992
6,Incidence,96,Southern Latin America,3,Both,22,All ages,559,Schizophrenia,3,Rate,2018,15.595122629350001,19.8526169356,11.92964639973
6,Incidence,96,Southern Latin America,3,Both,22,All ages,559,Schizophrenia,1,Number,2019,10421.646932686166,13238.132064213492,7924.966334407417
6,Incidence,96,Southern Latin America,3,Both,22,All ages,559,Schizophrenia,3,Rate,2019,15.591346784799999,19.804960687039998,11.85617774001
6,Incidence,96,Southern Latin America,3,Both,22,All ages,559,Schizophrenia,1,Number,2020,10548.090635935305,13512.018485286955,8050.21301793051
6,Incidence,96,Southern Latin America,3,Both,22,All ages,559,Schizophrenia,3,Rate,2020,15.659471108559998,20.0596553814,11.95117510107
6,Incidence,96,Southern Latin America,3,Both,22,All ages,559,Schizophrenia,1,Number,2021,10585.241013186243,13526.018307893311,8109.856294161402
6,Incidence,96,Southern Latin America,3,Both,22,All ages,559,Schizophrenia,3,Rate,2021,15.63680015837,19.98099476011,11.98009587377
6,Incidence,96,Southern Latin America,3,Both,27,Age-standardized,559,Schizophrenia,3,Rate,1990,15.22628694955,19.32606445438,11.56279312541
6,Incidence,96,Southern Latin America,3,Both,27,Age-standardized,559,Schizophrenia,3,Rate,1991,15.25033688324,19.40895697131,11.57084867568
6,Incidence,96,Southern Latin America,3,Both,27,Age-standardized,559,Schizophrenia,3,Rate,1992,15.268033327980001,19.421793186349998,11.583923703550001
6,Incidence,96,Southern Latin America,3,Both,27,Age-standardized,559,Schizophrenia,3,Rate,1993,15.28005857261,19.400399312719998,11.62217184672
6,Incidence,96,Southern Latin America,3,Both,27,Age-standardized,559,Schizophrenia,3,Rate,1994,15.28712572217,19.37241462431,11.655566721409999
6,Incidence,96,Southern Latin America,3,Both,27,Age-standardized,559,Schizophrenia,3,Rate,1995,15.28980172556,19.34880912678,11.68611578473
6,Incidence,96,Southern Latin America,3,Both,27,Age-standardized,559,Schizophrenia,3,Rate,1996,15.28195753736,19.32067873516,11.68535453947
6,Incidence,96,Southern Latin America,3,Both,27,Age-standardized,559,Schizophrenia,3,Rate,1997,15.26215988176,19.29854000662,11.66602687928
6,Incidence,96,Southern Latin America,3,Both,27,Age-standardized,559,Schizophrenia,3,Rate,1998,15.23817461177,19.24485261835,11.61744317923
6,Incidence,96,Southern Latin America,3,Both,27,Age-standardized,559,Schizophrenia,3,Rate,1999,15.217931988259998,19.20212918602,11.570847800080001
6,Incidence,96,Southern Latin America,3,Both,27,Age-standardized,559,Schizophrenia,3,Rate,2000,15.20919998276,19.21899938574,11.57150763958
6,Incidence,96,Southern Latin America,3,Both,27,Age-standardized,559,Schizophrenia,3,Rate,2001,15.213830407120001,19.19187823482,11.591967565200001
6,Incidence,96,Southern Latin America,3,Both,27,Age-standardized,559,Schizophrenia,3,Rate,2002,15.22509462965,19.208698199929998,11.66566403985
6,Incidence,96,Southern Latin America,3,Both,27,Age-standardized,559,Schizophrenia,3,Rate,2003,15.238119423599999,19.26293596345,11.78381912942
6,Incidence,96,Southern Latin America,3,Both,27,Age-standardized,559,Schizophrenia,3,Rate,2004,15.24819496095,19.33627910032,11.81789088914
6,Incidence,96,Southern Latin America,3,Both,27,Age-standardized,559,Schizophrenia,3,Rate,2005,15.25062351945,19.40710293429,11.80075809513
6,Incidence,96,Southern Latin America,3,Both,27,Age-standardized,559,Schizophrenia,3,Rate,2006,15.23925721218,19.35264405501,11.7864885136
6,Incidence,96,Southern Latin America,3,Both,27,Age-standardized,559,Schizophrenia,3,Rate,2007,15.2164109312,19.3395060725,11.74970657646
6,Incidence,96,Southern Latin America,3,Both,27,Age-standardized,559,Schizophrenia,3,Rate,2008,15.19025086986,19.28581679577,11.67179465556
6,Incidence,96,Southern Latin America,3,Both,27,Age-standardized,559,Schizophrenia,3,Rate,2009,15.168977119800001,19.271084424250002,11.6044520847
6,Incidence,96,Southern Latin America,3,Both,27,Age-standardized,559,Schizophrenia,3,Rate,2010,15.16068771174,19.27096207294,11.570086389530001
6,Incidence,96,Southern Latin America,3,Both,27,Age-standardized,559,Schizophrenia,3,Rate,2011,15.170597473740001,19.32261588419,11.587680311749999
6,Incidence,96,Southern Latin America,3,Both,27,Age-standardized,559,Schizophrenia,3,Rate,2012,15.19305412076,19.25593033279,11.58016960539
6,Incidence,96,Southern Latin America,3,Both,27,Age-standardized,559,Schizophrenia,3,Rate,2013,15.219789382519998,19.2357253052,11.58948545279
6,Incidence,96,Southern Latin America,3,Both,27,Age-standardized,559,Schizophrenia,3,Rate,2014,15.242568072240001,19.29765292457,11.62375646409
6,Incidence,96,Southern Latin America,3,Both,27,Age-standardized,559,Schizophrenia,3,Rate,2015,15.25325159534,19.31276721839,11.65787139885
6,Incidence,96,Southern Latin America,3,Both,27,Age-standardized,559,Schizophrenia,3,Rate,2016,15.243448400250001,19.343160159059998,11.60522662939
6,Incidence,96,Southern Latin America,3,Both,27,Age-standardized,559,Schizophrenia,3,Rate,2017,15.219358797079998,19.32189227408,11.64707867766
6,Incidence,96,Southern Latin America,3,Both,27,Age-standardized,559,Schizophrenia,3,Rate,2018,15.194756399660001,19.27102724115,11.68655843196
6,Incidence,96,Southern Latin America,3,Both,27,Age-standardized,559,Schizophrenia,3,Rate,2019,15.18296870923,19.26101227699,11.64068262168
6,Incidence,96,Southern Latin America,3,Both,27,Age-standardized,559,Schizophrenia,3,Rate,2020,15.246650210030001,19.53517980345,11.605631248929999
6,Incidence,96,Southern Latin America,3,Both,27,Age-standardized,559,Schizophrenia,3,Rate,2021,15.24533672663,19.37238625595,11.63501603167
6,Incidence,70,Australasia,3,Both,22,All ages,559,Schizophrenia,1,Number,1990,4253.685693957846,4797.187802126847,3755.741079723809
6,Incidence,70,Australasia,3,Both,22,All ages,559,Schizophrenia,3,Rate,1990,20.97863916527,23.65912273486,18.52283938647
6,Incidence,70,Australasia,3,Both,22,All ages,559,Schizophrenia,1,Number,1991,4292.247048993225,4840.116147019518,3794.9782428503822
6,Incidence,70,Australasia,3,Both,22,All ages,559,Schizophrenia,3,Rate,1991,20.89814598764,23.56561788802,18.47703741974
6,Incidence,70,Australasia,3,Both,22,All ages,559,Schizophrenia,1,Number,1992,4325.982433907098,4890.898131688455,3826.665664136025
6,Incidence,70,Australasia,3,Both,22,All ages,559,Schizophrenia,3,Rate,1992,20.8036717612,23.52035425563,18.40245484877
6,Incidence,70,Australasia,3,Both,22,All ages,559,Schizophrenia,1,Number,1993,4351.63925080642,4926.405844483057,3848.7214779695655
6,Incidence,70,Australasia,3,Both,22,All ages,559,Schizophrenia,3,Rate,1993,20.67820580028,23.40939311296,18.28843114113
6,Incidence,70,Australasia,3,Both,22,All ages,559,Schizophrenia,1,Number,1994,4368.968764437514,4952.371535072829,3858.074815934216
6,Incidence,70,Australasia,3,Both,22,All ages,559,Schizophrenia,3,Rate,1994,20.51910444998,23.259087963829998,18.11966264634
6,Incidence,70,Australasia,3,Both,22,All ages,559,Schizophrenia,1,Number,1995,4382.401752799177,4969.5489450874575,3875.3279486723486
6,Incidence,70,Australasia,3,Both,22,All ages,559,Schizophrenia,3,Rate,1995,20.34451949117,23.07024574164,17.99051968161
6,Incidence,70,Australasia,3,Both,22,All ages,559,Schizophrenia,1,Number,1996,4387.145389409309,4994.77568182637,3867.20137115341
6,Incidence,70,Australasia,3,Both,22,All ages,559,Schizophrenia,3,Rate,1996,20.12922296571,22.91716923854,17.7436013042
6,Incidence,70,Australasia,3,Both,22,All ages,559,Schizophrenia,1,Number,1997,4390.1991061497765,5032.658876441274,3863.9831507917634
6,Incidence,70,Australasia,3,Both,22,All ages,559,Schizophrenia,3,Rate,1997,19.913194289099998,22.82728221983,17.52636847466
6,Incidence,70,Australasia,3,Both,22,All ages,559,Schizophrenia,1,Number,1998,4395.072214259056,5029.8385354256325,3864.454182906065
6,Incidence,70,Australasia,3,Both,22,All ages,559,Schizophrenia,3,Rate,1998,19.720720650649998,22.56892170126,17.339833725840002
6,Incidence,70,Australasia,3,Both,22,All ages,559,Schizophrenia,1,Number,1999,4399.333710256952,5025.600878991132,3857.9427544720174
6,Incidence,70,Australasia,3,Both,22,All ages,559,Schizophrenia,3,Rate,1999,19.53714382935,22.31835402094,17.13286316602
6,Incidence,70,Australasia,3,Both,22,All ages,559,Schizophrenia,1,Number,2000,4410.941804089254,5073.683219971249,3854.4516678697855
6,Incidence,70,Australasia,3,Both,22,All ages,559,Schizophrenia,3,Rate,2000,19.38955257355,22.30282146184,16.94334148482
6,Incidence,70,Australasia,3,Both,22,All ages,559,Schizophrenia,1,Number,2001,4431.484292982525,5068.577763907646,3889.599214266585
6,Incidence,70,Australasia,3,Both,22,All ages,559,Schizophrenia,3,Rate,2001,19.27789672899,22.0493884747,16.920581686040002
6,Incidence,70,Australasia,3,Both,22,All ages,559,Schizophrenia,1,Number,2002,4467.460228725623,5083.843843445029,3922.947507732274
6,Incidence,70,Australasia,3,Both,22,All ages,559,Schizophrenia,3,Rate,2002,19.20220017761,21.85156266772,16.86175577913
6,Incidence,70,Australasia,3,Both,22,All ages,559,Schizophrenia,1,Number,2003,4524.559704997095,5118.722317606447,3981.93037142697
6,Incidence,70,Australasia,3,Both,22,All ages,559,Schizophrenia,3,Rate,2003,19.18185266351,21.700802668890002,16.88137778726
6,Incidence,70,Australasia,3,Both,22,All ages,559,Schizophrenia,1,Number,2004,4581.978598855552,5176.386310311206,4031.0840209289
6,Incidence,70,Australasia,3,Both,22,All ages,559,Schizophrenia,3,Rate,2004,19.16496769989,21.651187210699998,16.86074986817
6,Incidence,70,Australasia,3,Both,22,All ages,559,Schizophrenia,1,Number,2005,4635.540398309091,5239.075595823596,4077.0774584678784
6,Incidence,70,Australasia,3,Both,22,All ages,559,Schizophrenia,3,Rate,2005,19.13883645691,21.63066274872,16.83310078114
6,Incidence,70,Australasia,3,Both,22,All ages,559,Schizophrenia,1,Number,2006,4684.050389764306,5295.205612293847,4118.213171666443
6,Incidence,70,Australasia,3,Both,22,All ages,559,Schizophrenia,3,Rate,2006,19.08281525573,21.57266084526,16.77759515789
6,Incidence,70,Australasia,3,Both,22,All ages,559,Schizophrenia,1,Number,2007,4730.863710464546,5344.921451305255,4155.996298928852
6,Incidence,70,Australasia,3,Both,22,All ages,559,Schizophrenia,3,Rate,2007,19.00731362155,21.47442930618,16.6976539377
6,Incidence,70,Australasia,3,Both,22,All ages,559,Schizophrenia,1,Number,2008,4778.301306941736,5404.159069604162,4199.834735381857
6,Incidence,70,Australasia,3,Both,22,All ages,559,Schizophrenia,3,Rate,2008,18.92844066427,21.40767141258,16.63694218549
6,Incidence,70,Australasia,3,Both,22,All ages,559,Schizophrenia,1,Number,2009,4830.719278936087,5455.194743692685,4246.960169231049
6,Incidence,70,Australasia,3,Both,22,All ages,559,Schizophrenia,3,Rate,2009,18.86470419254,21.30337724264,16.58503479169
6,Incidence,70,Australasia,3,Both,22,All ages,559,Schizophrenia,1,Number,2010,4888.362678758065,5531.952367428894,4298.989027329343
6,Incidence,70,Australasia,3,Both,22,All ages,559,Schizophrenia,3,Rate,2010,18.81864251321,21.29625824515,16.54974129172
6,Incidence,70,Australasia,3,Both,22,All ages,559,Schizophrenia,1,Number,2011,4943.476239163943,5570.406906672077,4346.652012412547
6,Incidence,70,Australasia,3,Both,22,All ages,559,Schizophrenia,3,Rate,2011,18.76805063257,21.14821105849,16.50219018043
6,Incidence,70,Australasia,3,Both,22,All ages,559,Schizophrenia,1,Number,2012,4998.275206497819,5632.266213639372,4390.224918338159
6,Incidence,70,Australasia,3,Both,22,All ages,559,Schizophrenia,3,Rate,2012,18.72049663993,21.09504106347,16.44311036043
6,Incidence,70,Australasia,3,Both,22,All ages,559,Schizophrenia,1,Number,2013,5055.161213058082,5702.425844071793,4442.697713214888
6,Incidence,70,Australasia,3,Both,22,All ages,559,Schizophrenia,3,Rate,2013,18.67274487067,21.0636097332,16.410428360239997
6,Incidence,70,Australasia,3,Both,22,All ages,559,Schizophrenia,1,Number,2014,5117.518042388274,5773.861418947917,4509.3726994104
6,Incidence,70,Australasia,3,Both,22,All ages,559,Schizophrenia,3,Rate,2014,18.62516749923,21.01392416294,16.4118272075
6,Incidence,70,Australasia,3,Both,22,All ages,559,Schizophrenia,1,Number,2015,5184.037709193158,5850.706693890517,4573.119361560632
6,Incidence,70,Australasia,3,Both,22,All ages,559,Schizophrenia,3,Rate,2015,18.56791062179,20.95575014315,16.37975576792
6,Incidence,70,Australasia,3,Both,22,All ages,559,Schizophrenia,1,Number,2016,5248.341368614314,5928.922960967597,4643.194111407952
6,Incidence,70,Australasia,3,Both,22,All ages,559,Schizophrenia,3,Rate,2016,18.4812780776,20.87784811361,16.35033918608
6,Incidence,70,Australasia,3,Both,22,All ages,559,Schizophrenia,1,Number,2017,5308.923592215555,6015.594747273348,4690.027427926737
6,Incidence,70,Australasia,3,Both,22,All ages,559,Schizophrenia,3,Rate,2017,18.36762263134,20.81253804123,16.22638797309
6,Incidence,70,Australasia,3,Both,22,All ages,559,Schizophrenia,1,Number,2018,5366.348738143606,6093.294048138399,4740.6657090985045
6,Incidence,70,Australasia,3,Both,22,All ages,559,Schizophrenia,3,Rate,2018,18.24183182352,20.7129373623,16.11494720465
6,Incidence,70,Australasia,3,Both,22,All ages,559,Schizophrenia,1,Number,2019,5426.516385413151,6173.1604074337065,4771.337529555301
6,Incidence,70,Australasia,3,Both,22,All ages,559,Schizophrenia,3,Rate,2019,18.130013930780002,20.62455472991,15.94105863419
6,Incidence,70,Australasia,3,Both,22,All ages,559,Schizophrenia,1,Number,2020,5512.590625265524,6326.393331010706,4829.681388608546
6,Incidence,70,Australasia,3,Both,22,All ages,559,Schizophrenia,3,Rate,2020,18.096137756119997,20.76760147809,15.85435699249
6,Incidence,70,Australasia,3,Both,22,All ages,559,Schizophrenia,1,Number,2021,5551.296808740028,6304.663436953854,4848.81545997988
6,Incidence,70,Australasia,3,Both,22,All ages,559,Schizophrenia,3,Rate,2021,17.92969975556,20.36293975607,15.66081014272
6,Incidence,70,Australasia,3,Both,27,Age-standardized,559,Schizophrenia,3,Rate,1990,20.08594444405,22.62567988195,17.77096752644
6,Incidence,70,Australasia,3,Both,27,Age-standardized,559,Schizophrenia,3,Rate,1991,20.10975821844,22.576805475620002,17.834797010200003
6,Incidence,70,Australasia,3,Both,27,Age-standardized,559,Schizophrenia,3,Rate,1992,20.13248973271,22.632081630640002,17.8806898425
6,Incidence,70,Australasia,3,Both,27,Age-standardized,559,Schizophrenia,3,Rate,1993,20.15311539277,22.59489724398,17.923433599040003
6,Incidence,70,Australasia,3,Both,27,Age-standardized,559,Schizophrenia,3,Rate,1994,20.16950187367,22.644157940899998,17.93012053039
6,Incidence,70,Australasia,3,Both,27,Age-standardized,559,Schizophrenia,3,Rate,1995,20.17995661451,22.6223367301,17.907814609389998
6,Incidence,70,Australasia,3,Both,27,Age-standardized,559,Schizophrenia,3,Rate,1996,20.186041477270003,22.71059129734,17.915294713010002
6,Incidence,70,Australasia,3,Both,27,Age-standardized,559,Schizophrenia,3,Rate,1997,20.189193684059997,22.63968117497,17.90114670467
6,Incidence,70,Australasia,3,Both,27,Age-standardized,559,Schizophrenia,3,Rate,1998,20.18916087211,22.78528739531,17.899812114419998
6,Incidence,70,Australasia,3,Both,27,Age-standardized,559,Schizophrenia,3,Rate,1999,20.18642128907,22.90129017134,17.88991052291
6,Incidence,70,Australasia,3,Both,27,Age-standardized,559,Schizophrenia,3,Rate,2000,20.18521212957,22.95302247904,17.856742252140002
6,Incidence,70,Australasia,3,Both,27,Age-standardized,559,Schizophrenia,3,Rate,2001,20.18820883331,22.920402180940002,17.909627048220003
6,Incidence,70,Australasia,3,Both,27,Age-standardized,559,Schizophrenia,3,Rate,2002,20.19625208355,22.82013400878,17.920529702
6,Incidence,70,Australasia,3,Both,27,Age-standardized,559,Schizophrenia,3,Rate,2003,20.20645793747,22.64793286815,17.99166889346
6,Incidence,70,Australasia,3,Both,27,Age-standardized,559,Schizophrenia,3,Rate,2004,20.21551907875,22.52046509622,18.06035573536
6,Incidence,70,Australasia,3,Both,27,Age-standardized,559,Schizophrenia,3,Rate,2005,20.21651680486,22.48482453882,18.06256162115
6,Incidence,70,Australasia,3,Both,27,Age-standardized,559,Schizophrenia,3,Rate,2006,20.20834989468,22.54112630212,18.05255771883
6,Incidence,70,Australasia,3,Both,27,Age-standardized,559,Schizophrenia,3,Rate,2007,20.19518545752,22.62265941962,17.99051160035
6,Incidence,70,Australasia,3,Both,27,Age-standardized,559,Schizophrenia,3,Rate,2008,20.181458095500002,22.71581284578,17.926485639350002
6,Incidence,70,Australasia,3,Both,27,Age-standardized,559,Schizophrenia,3,Rate,2009,20.171361467639997,22.709119897380003,17.84760649191
6,Incidence,70,Australasia,3,Both,27,Age-standardized,559,Schizophrenia,3,Rate,2010,20.16828362234,22.78602077048,17.83860919137
6,Incidence,70,Australasia,3,Both,27,Age-standardized,559,Schizophrenia,3,Rate,2011,20.179140299729998,22.70672142289,17.871625704830002
6,Incidence,70,Australasia,3,Both,27,Age-standardized,559,Schizophrenia,3,Rate,2012,20.20209592558,22.680370819220002,17.86594847564
6,Incidence,70,Australasia,3,Both,27,Age-standardized,559,Schizophrenia,3,Rate,2013,20.23160285702,22.62710850271,17.98627894531
6,Incidence,70,Australasia,3,Both,27,Age-standardized,559,Schizophrenia,3,Rate,2014,20.25718553113,22.62707736064,18.019770282699998
6,Incidence,70,Australasia,3,Both,27,Age-standardized,559,Schizophrenia,3,Rate,2015,20.27128153577,22.65719280705,18.02757168302
6,Incidence,70,Australasia,3,Both,27,Age-standardized,559,Schizophrenia,3,Rate,2016,20.26589704303,22.609505960219998,18.04289703227
6,Incidence,70,Australasia,3,Both,27,Age-standardized,559,Schizophrenia,3,Rate,2017,20.24210698407,22.57155423041,18.04876696574
6,Incidence,70,Australasia,3,Both,27,Age-standardized,559,Schizophrenia,3,Rate,2018,20.216861164490002,22.55935914595,17.91606959925
6,Incidence,70,Australasia,3,Both,27,Age-standardized,559,Schizophrenia,3,Rate,2019,20.20570097905,22.59610993676,17.83210331003
6,Incidence,70,Australasia,3,Both,27,Age-standardized,559,Schizophrenia,3,Rate,2020,20.270354309090003,22.883804492670002,17.92159318462
6,Incidence,70,Australasia,3,Both,27,Age-standardized,559,Schizophrenia,3,Rate,2021,20.1925327616,22.73659687815,17.87359384241
6,Incidence,104,Caribbean,3,Both,22,All ages,559,Schizophrenia,1,Number,1990,4719.767163340883,6069.461915553554,3596.90416800189
6,Incidence,104,Caribbean,3,Both,22,All ages,559,Schizophrenia,3,Rate,1990,13.37327792987,17.19758587074,10.19168900945
6,Incidence,104,Caribbean,3,Both,22,All ages,559,Schizophrenia,1,Number,1991,4777.811769295444,6117.7190244778485,3642.897044786333
6,Incidence,104,Caribbean,3,Both,22,All ages,559,Schizophrenia,3,Rate,1991,13.35428399188,17.09940893034,10.182126052320001
6,Incidence,104,Caribbean,3,Both,22,All ages,559,Schizophrenia,1,Number,1992,4833.100467095818,6167.77770423965,3685.333520810449
6,Incidence,104,Caribbean,3,Both,22,All ages,559,Schizophrenia,3,Rate,1992,13.327972421450001,17.00853762577,10.162839333380001
6,Incidence,104,Caribbean,3,Both,22,All ages,559,Schizophrenia,1,Number,1993,4884.061711714576,6205.765295965395,3734.402278544068
6,Incidence,104,Caribbean,3,Both,22,All ages,559,Schizophrenia,3,Rate,1993,13.29166474632,16.88859737593,10.16293938204
6,Incidence,104,Caribbean,3,Both,22,All ages,559,Schizophrenia,1,Number,1994,4931.224414435063,6248.694786758008,3783.170887579584
6,Incidence,104,Caribbean,3,Both,22,All ages,559,Schizophrenia,3,Rate,1994,13.24574864538,16.78460227135,10.16196515265
6,Incidence,104,Caribbean,3,Both,22,All ages,559,Schizophrenia,1,Number,1995,4977.221199813726,6289.723826174125,3826.9713802634487
6,Incidence,104,Caribbean,3,Both,22,All ages,559,Schizophrenia,3,Rate,1995,13.195957616569999,16.67575655132,10.14633469288
6,Incidence,104,Caribbean,3,Both,22,All ages,559,Schizophrenia,1,Number,1996,5021.878296757142,6331.141999708268,3871.5894359166177
6,Incidence,104,Caribbean,3,Both,22,All ages,559,Schizophrenia,3,Rate,1996,13.14254823756,16.56896766768,10.13217523619
6,Incidence,104,Caribbean,3,Both,22,All ages,559,Schizophrenia,1,Number,1997,5066.981114449122,6376.780194952318,3916.3025492781258
6,Incidence,104,Caribbean,3,Both,22,All ages,559,Schizophrenia,3,Rate,1997,13.090599299059999,16.47447907637,10.11780905603
6,Incidence,104,Caribbean,3,Both,22,All ages,559,Schizophrenia,1,Number,1998,5112.920955454578,6423.574309696147,3960.147714220394
6,Incidence,104,Caribbean,3,Both,22,All ages,559,Schizophrenia,3,Rate,1998,13.043298978620001,16.38683659746,10.10252086549
6,Incidence,104,Caribbean,3,Both,22,All ages,559,Schizophrenia,1,Number,1999,5158.8701361798485,6498.727073823742,4007.890105563916
6,Incidence,104,Caribbean,3,Both,22,All ages,559,Schizophrenia,3,Rate,1999,13.00128401237,16.3779653636,10.10060656254
6,Incidence,104,Caribbean,3,Both,22,All ages,559,Schizophrenia,1,Number,2000,5204.937367397987,6541.30448361951,4057.906154809587
6,Incidence,104,Caribbean,3,Both,22,All ages,559,Schizophrenia,3,Rate,2000,12.96522306788,16.29404271342,10.108029121569999
6,Incidence,104,Caribbean,3,Both,22,All ages,559,Schizophrenia,1,Number,2001,5249.891564274088,6584.808923841587,4093.586214641692
6,Incidence,104,Caribbean,3,Both,22,All ages,559,Schizophrenia,3,Rate,2001,12.93213824123,16.22046060431,10.08379357593
6,Incidence,104,Caribbean,3,Both,22,All ages,559,Schizophrenia,1,Number,2002,5295.875107913679,6633.7790278621615,4143.402024564152
6,Incidence,104,Caribbean,3,Both,22,All ages,559,Schizophrenia,3,Rate,2002,12.90694817323,16.16764752955,10.09817529722
6,Incidence,104,Caribbean,3,Both,22,All ages,559,Schizophrenia,1,Number,2003,5343.684227986963,6688.552578848796,4185.632108296215
6,Incidence,104,Caribbean,3,Both,22,All ages,559,Schizophrenia,3,Rate,2003,12.893437628080001,16.138385394460002,10.09924692776
6,Incidence,104,Caribbean,3,Both,22,All ages,559,Schizophrenia,1,Number,2004,5392.285033523877,6747.271832850778,4220.694489282636
6,Incidence,104,Caribbean,3,Both,22,All ages,559,Schizophrenia,3,Rate,2004,12.89161190989,16.13104822518,10.09063041137
6,Incidence,104,Caribbean,3,Both,22,All ages,559,Schizophrenia,1,Number,2005,5441.553385058224,6794.366258704995,4252.810856524512
6,Incidence,104,Caribbean,3,Both,22,All ages,559,Schizophrenia,3,Rate,2005,12.89815825168,16.10474161024,10.08047216674
6,Incidence,104,Caribbean,3,Both,22,All ages,559,Schizophrenia,1,Number,2006,5490.751623295002,6838.977610161596,4299.690992229493
6,Incidence,104,Caribbean,3,Both,22,All ages,559,Schizophrenia,3,Rate,2006,12.90447577695,16.07310382335,10.10522093591
6,Incidence,104,Caribbean,3,Both,22,All ages,559,Schizophrenia,1,Number,2007,5539.900102053418,6893.981994279463,4339.230280610385
6,Incidence,104,Caribbean,3,Both,22,All ages,559,Schizophrenia,3,Rate,2007,12.909122200979999,16.06441531004,10.11131120033
6,Incidence,104,Caribbean,3,Both,22,All ages,559,Schizophrenia,1,Number,2008,5588.234927765572,6949.656239218822,4378.01841296724
6,Incidence,104,Caribbean,3,Both,22,All ages,559,Schizophrenia,3,Rate,2008,12.911786063400001,16.05739123979,10.11554414955
6,Incidence,104,Caribbean,3,Both,22,All ages,559,Schizophrenia,1,Number,2009,5634.994654555933,7003.963851981223,4415.697631959689
6,Incidence,104,Caribbean,3,Both,22,All ages,559,Schizophrenia,3,Rate,2009,12.9109540388,16.04754945228,10.11728895419
6,Incidence,104,Caribbean,3,Both,22,All ages,559,Schizophrenia,1,Number,2010,5670.56747332581,7043.3328332858,4446.166205467485
6,Incidence,104,Caribbean,3,Both,22,All ages,559,Schizophrenia,3,Rate,2010,12.917454986929998,16.04459082092,10.12828999808
6,Incidence,104,Caribbean,3,Both,22,All ages,559,Schizophrenia,1,Number,2011,5702.6899569301295,7133.461709605175,4465.889942165555
6,Incidence,104,Caribbean,3,Both,22,All ages,559,Schizophrenia,3,Rate,2011,12.91714168513,16.157977428960002,10.11567059911
6,Incidence,104,Caribbean,3,Both,22,All ages,559,Schizophrenia,1,Number,2012,5740.859664787728,7227.999168652365,4489.636079776689
6,Incidence,104,Caribbean,3,Both,22,All ages,559,Schizophrenia,3,Rate,2012,12.898354937710002,16.23960594936,10.08715124205
6,Incidence,104,Caribbean,3,Both,22,All ages,559,Schizophrenia,1,Number,2013,5775.957603954843,7312.0118622595855,4513.461002275177
6,Incidence,104,Caribbean,3,Both,22,All ages,559,Schizophrenia,3,Rate,2013,12.873139473050001,16.29661347705,10.05935586312
6,Incidence,104,Caribbean,3,Both,22,All ages,559,Schizophrenia,1,Number,2014,5807.445548209316,7340.356303171971,4537.359073365116
6,Incidence,104,Caribbean,3,Both,22,All ages,559,Schizophrenia,3,Rate,2014,12.84140694254,16.23097480808,10.03299537152
6,Incidence,104,Caribbean,3,Both,22,All ages,559,Schizophrenia,1,Number,2015,5835.189035212416,7337.680302274467,4559.885791657395
6,Incidence,104,Caribbean,3,Both,22,All ages,559,Schizophrenia,3,Rate,2015,12.80301628525,16.099639589920002,10.004867314010001
6,Incidence,104,Caribbean,3,Both,22,All ages,559,Schizophrenia,1,Number,2016,5864.2222712091525,7396.491596426062,4576.202210496109
6,Incidence,104,Caribbean,3,Both,22,All ages,559,Schizophrenia,3,Rate,2016,12.769561667629999,16.106134999069997,9.96485017585
6,Incidence,104,Caribbean,3,Both,22,All ages,559,Schizophrenia,1,Number,2017,5886.266786626691,7426.940244291714,4590.7411356820685
6,Incidence,104,Caribbean,3,Both,22,All ages,559,Schizophrenia,3,Rate,2017,12.735681850990002,16.06912352198,9.93264843129
6,Incidence,104,Caribbean,3,Both,22,All ages,559,Schizophrenia,1,Number,2018,5910.90887586351,7455.822556960219,4609.159705370128
6,Incidence,104,Caribbean,3,Both,22,All ages,559,Schizophrenia,3,Rate,2018,12.70237583256,16.02235159573,9.90495371854
6,Incidence,104,Caribbean,3,Both,22,All ages,559,Schizophrenia,1,Number,2019,5939.9687064904165,7506.221286442434,4624.908690789453
6,Incidence,104,Caribbean,3,Both,22,All ages,559,Schizophrenia,3,Rate,2019,12.66763038428,16.00783464319,9.86312163429
6,Incidence,104,Caribbean,3,Both,22,All ages,559,Schizophrenia,1,Number,2020,5976.323580764213,7524.79298467377,4656.024432706006
6,Incidence,104,Caribbean,3,Both,22,All ages,559,Schizophrenia,3,Rate,2020,12.66047510667,15.94081260459,9.86350230702
6,Incidence,104,Caribbean,3,Both,22,All ages,559,Schizophrenia,1,Number,2021,5992.332353261188,7578.129599829444,4650.504554860294
6,Incidence,104,Caribbean,3,Both,22,All ages,559,Schizophrenia,3,Rate,2021,12.62641121786,15.96783605261,9.79905309295
6,Incidence,104,Caribbean,3,Both,27,Age-standardized,559,Schizophrenia,3,Rate,1990,12.4140913772,15.64427397983,9.67021674155
6,Incidence,104,Caribbean,3,Both,27,Age-standardized,559,Schizophrenia,3,Rate,1991,12.40033537968,15.59130127413,9.66467870158
6,Incidence,104,Caribbean,3,Both,27,Age-standardized,559,Schizophrenia,3,Rate,1992,12.3864642827,15.499629135730002,9.65631045734
6,Incidence,104,Caribbean,3,Both,27,Age-standardized,559,Schizophrenia,3,Rate,1993,12.373414178720001,15.4654784159,9.646579929329999
6,Incidence,104,Caribbean,3,Both,27,Age-standardized,559,Schizophrenia,3,Rate,1994,12.36200053786,15.462393841139999,9.63652185658
6,Incidence,104,Caribbean,3,Both,27,Age-standardized,559,Schizophrenia,3,Rate,1995,12.35328086308,15.5093853618,9.62206872393
6,Incidence,104,Caribbean,3,Both,27,Age-standardized,559,Schizophrenia,3,Rate,1996,12.34478744587,15.46526632367,9.62480244989
6,Incidence,104,Caribbean,3,Both,27,Age-standardized,559,Schizophrenia,3,Rate,1997,12.33498009899,15.44191124699,9.62549561783
6,Incidence,104,Caribbean,3,Both,27,Age-standardized,559,Schizophrenia,3,Rate,1998,12.325310059,15.4578396612,9.623755311
6,Incidence,104,Caribbean,3,Both,27,Age-standardized,559,Schizophrenia,3,Rate,1999,12.316493368620002,15.46609745053,9.622487193889999
6,Incidence,104,Caribbean,3,Both,27,Age-standardized,559,Schizophrenia,3,Rate,2000,12.30921897003,15.43008987273,9.64163458114
6,Incidence,104,Caribbean,3,Both,27,Age-standardized,559,Schizophrenia,3,Rate,2001,12.30061705995,15.417739449900001,9.6422033343
6,Incidence,104,Caribbean,3,Both,27,Age-standardized,559,Schizophrenia,3,Rate,2002,12.2893407959,15.400660384270001,9.6422301527
6,Incidence,104,Caribbean,3,Both,27,Age-standardized,559,Schizophrenia,3,Rate,2003,12.27752437605,15.38381898955,9.63484903978
6,Incidence,104,Caribbean,3,Both,27,Age-standardized,559,Schizophrenia,3,Rate,2004,12.267230621269999,15.36956401728,9.612547734389999
6,Incidence,104,Caribbean,3,Both,27,Age-standardized,559,Schizophrenia,3,Rate,2005,12.26049574946,15.360796659079998,9.5924302751
6,Incidence,104,Caribbean,3,Both,27,Age-standardized,559,Schizophrenia,3,Rate,2006,12.25626194151,15.36189512523,9.61109967636
6,Incidence,104,Caribbean,3,Both,27,Age-standardized,559,Schizophrenia,3,Rate,2007,12.2528229165,15.337763573019998,9.63091251852
6,Incidence,104,Caribbean,3,Both,27,Age-standardized,559,Schizophrenia,3,Rate,2008,12.25051048138,15.312758380090001,9.62859545817
6,Incidence,104,Caribbean,3,Both,27,Age-standardized,559,Schizophrenia,3,Rate,2009,12.249312521379998,15.30286384746,9.61972331116
6,Incidence,104,Caribbean,3,Both,27,Age-standardized,559,Schizophrenia,3,Rate,2010,12.25113538039,15.298316104620001,9.612399436599999
6,Incidence,104,Caribbean,3,Both,27,Age-standardized,559,Schizophrenia,3,Rate,2011,12.25423844784,15.288767308899999,9.61770271119
6,Incidence,104,Caribbean,3,Both,27,Age-standardized,559,Schizophrenia,3,Rate,2012,12.256476347620001,15.326885217380001,9.623155901779999
6,Incidence,104,Caribbean,3,Both,27,Age-standardized,559,Schizophrenia,3,Rate,2013,12.259264977900001,15.39360087906,9.61330652261
6,Incidence,104,Caribbean,3,Both,27,Age-standardized,559,Schizophrenia,3,Rate,2014,12.261965159,15.40770711259,9.59952875182
6,Incidence,104,Caribbean,3,Both,27,Age-standardized,559,Schizophrenia,3,Rate,2015,12.263782325529998,15.424945189530002,9.5887800717
6,Incidence,104,Caribbean,3,Both,27,Age-standardized,559,Schizophrenia,3,Rate,2016,12.273840434399999,15.41855997638,9.582958122560001
6,Incidence,104,Caribbean,3,Both,27,Age-standardized,559,Schizophrenia,3,Rate,2017,12.29253222877,15.45196711354,9.58270994438
6,Incidence,104,Caribbean,3,Both,27,Age-standardized,559,Schizophrenia,3,Rate,2018,12.31138998401,15.496473453419998,9.58050911738
6,Incidence,104,Caribbean,3,Both,27,Age-standardized,559,Schizophrenia,3,Rate,2019,12.322317653,15.55814465326,9.58375998618
6,Incidence,104,Caribbean,3,Both,27,Age-standardized,559,Schizophrenia,3,Rate,2020,12.360887253929999,15.589317198529999,9.607313371590001
6,Incidence,104,Caribbean,3,Both,27,Age-standardized,559,Schizophrenia,3,Rate,2021,12.36284642663,15.613223297680001,9.55155628444
6,Incidence,100,High-income North America,3,Both,22,All ages,559,Schizophrenia,1,Number,1990,50619.72602889455,60930.94221847002,41922.84053638262
6,Incidence,100,High-income North America,3,Both,22,All ages,559,Schizophrenia,3,Rate,1990,17.98793285312,21.65206695662,14.897457962339999
6,Incidence,100,High-income North America,3,Both,22,All ages,559,Schizophrenia,1,Number,1991,50643.28470566861,60992.201903208654,41943.55880093077
6,Incidence,100,High-income North America,3,Both,22,All ages,559,Schizophrenia,3,Rate,1991,17.79494250844,21.4313256464,14.738049117460001
6,Incidence,100,High-income North America,3,Both,22,All ages,559,Schizophrenia,1,Number,1992,50582.27040434068,60883.91982849839,41988.72382447115
6,Incidence,100,High-income North America,3,Both,22,All ages,559,Schizophrenia,3,Rate,1992,17.57794607758,21.157892897689997,14.591585497310001
6,Incidence,100,High-income North America,3,Both,22,All ages,559,Schizophrenia,1,Number,1993,50449.180433077214,60587.75450045115,41981.662373544095
6,Incidence,100,High-income North America,3,Both,22,All ages,559,Schizophrenia,3,Rate,1993,17.34624099925,20.83224706816,14.43480403109
6,Incidence,100,High-income North America,3,Both,22,All ages,559,Schizophrenia,1,Number,1994,50295.21896570638,60372.92357552757,41953.34297270204
6,Incidence,100,High-income North America,3,Both,22,All ages,559,Schizophrenia,3,Rate,1994,17.11771460673,20.54760863939,14.278600761129999
6,Incidence,100,High-income North America,3,Both,22,All ages,559,Schizophrenia,1,Number,1995,50140.48331501161,60129.19731084806,41896.02947627999
6,Incidence,100,High-income North America,3,Both,22,All ages,559,Schizophrenia,3,Rate,1995,16.89664942706,20.2627078983,14.11838250539
6,Incidence,100,High-income North America,3,Both,22,All ages,559,Schizophrenia,1,Number,1996,49993.97104278224,59903.386425189005,41808.791494104575
6,Incidence,100,High-income North America,3,Both,22,All ages,559,Schizophrenia,3,Rate,1996,16.684822030270002,19.99195744342,13.95312736376
6,Incidence,100,High-income North America,3,Both,22,All ages,559,Schizophrenia,1,Number,1997,49815.663968291934,59608.44237431985,41677.35094790279
6,Incidence,100,High-income North America,3,Both,22,All ages,559,Schizophrenia,3,Rate,1997,16.465157531480003,19.70188321737,13.775268543820001
6,Incidence,100,High-income North America,3,Both,22,All ages,559,Schizophrenia,1,Number,1998,49685.64048112871,59346.90318880772,41548.761821598586
6,Incidence,100,High-income North America,3,Both,22,All ages,559,Schizophrenia,3,Rate,1998,16.26454290778,19.42714724036,13.600944113199999
6,Incidence,100,High-income North America,3,Both,22,All ages,559,Schizophrenia,1,Number,1999,49658.85587464077,59234.16073614161,41497.97946262987
6,Incidence,100,High-income North America,3,Both,22,All ages,559,Schizophrenia,3,Rate,1999,16.0998891974,19.20429715417,13.4540528471
6,Incidence,100,High-income North America,3,Both,22,All ages,559,Schizophrenia,1,Number,2000,49791.354176241046,59381.03521609027,41541.62324193011
6,Incidence,100,High-income North America,3,Both,22,All ages,559,Schizophrenia,3,Rate,2000,15.98819244696,19.067475356750002,13.3391725921
6,Incidence,100,High-income North America,3,Both,22,All ages,559,Schizophrenia,1,Number,2001,50193.09274339324,59787.12529911187,41893.047842451546
6,Incidence,100,High-income North America,3,Both,22,All ages,559,Schizophrenia,3,Rate,2001,15.96448663943,19.01597831254,13.32456252467
6,Incidence,100,High-income North America,3,Both,22,All ages,559,Schizophrenia,1,Number,2002,50769.13309209347,60366.54274115148,42404.6217518496
6,Incidence,100,High-income North America,3,Both,22,All ages,559,Schizophrenia,3,Rate,2002,15.99514137778,19.018866914300002,13.359848370109999
6,Incidence,100,High-income North America,3,Both,22,All ages,559,Schizophrenia,1,Number,2003,51460.68497744719,61135.38325683309,42968.94770321059
6,Incidence,100,High-income North America,3,Both,22,All ages,559,Schizophrenia,3,Rate,2003,16.05867565409,19.07773460731,13.408768162840001
6,Incidence,100,High-income North America,3,Both,22,All ages,559,Schizophrenia,1,Number,2004,52171.6521950403,62025.76406872154,43550.18030095165
6,Incidence,100,High-income North America,3,Both,22,All ages,559,Schizophrenia,3,Rate,2004,16.12320466649,19.168533995,13.458812222969998
6,Incidence,100,High-income North America,3,Both,22,All ages,559,Schizophrenia,1,Number,2005,52757.51999919687,62762.11533436363,44053.73900269456
6,Incidence,100,High-income North America,3,Both,22,All ages,559,Schizophrenia,3,Rate,2005,16.14431240996,19.20581554029,13.48087107387
6,Incidence,100,High-income North America,3,Both,22,All ages,559,Schizophrenia,1,Number,2006,53355.29813215177,63443.58216887619,44540.596846560366
6,Incidence,100,High-income North America,3,Both,22,All ages,559,Schizophrenia,3,Rate,2006,16.16535570097,19.22186003278,13.494715920710002
6,Incidence,100,High-income North America,3,Both,22,All ages,559,Schizophrenia,1,Number,2007,54006.931279360666,64173.65776664665,45129.412192555305
6,Incidence,100,High-income North America,3,Both,22,All ages,559,Schizophrenia,3,Rate,2007,16.19954372845,19.2490843412,13.53670480685
6,Incidence,100,High-income North America,3,Both,22,All ages,559,Schizophrenia,1,Number,2008,54657.21740404383,64903.89497100558,45729.13231919639
6,Incidence,100,High-income North America,3,Both,22,All ages,559,Schizophrenia,3,Rate,2008,16.23474085355,19.2782941629,13.582846839270001
6,Incidence,100,High-income North America,3,Both,22,All ages,559,Schizophrenia,1,Number,2009,55280.37540364221,65697.94676085675,46293.73582450967
6,Incidence,100,High-income North America,3,Both,22,All ages,559,Schizophrenia,3,Rate,2009,16.26626695137,19.331640430550003,13.62194557471
6,Incidence,100,High-income North America,3,Both,22,All ages,559,Schizophrenia,1,Number,2010,55734.84470690902,66315.39793028042,46733.49936523248
6,Incidence,100,High-income North America,3,Both,22,All ages,559,Schizophrenia,3,Rate,2010,16.252823085430002,19.33821536721,13.62794318958
6,Incidence,100,High-income North America,3,Both,22,All ages,559,Schizophrenia,1,Number,2011,55974.95778324559,66537.2066905844,46982.73800809606
6,Incidence,100,High-income North America,3,Both,22,All ages,559,Schizophrenia,3,Rate,2011,16.18225619156,19.23578270675,13.582622178509999
6,Incidence,100,High-income North America,3,Both,22,All ages,559,Schizophrenia,1,Number,2012,55995.54562628091,66520.21069554906,46944.76060009586
6,Incidence,100,High-income North America,3,Both,22,All ages,559,Schizophrenia,3,Rate,2012,16.05323744003,19.070530073660002,13.45848817169
6,Incidence,100,High-income North America,3,Both,22,All ages,559,Schizophrenia,1,Number,2013,55858.63088197928,66498.20013245818,46791.44106087199
6,Incidence,100,High-income North America,3,Both,22,All ages,559,Schizophrenia,3,Rate,2013,15.88386548495,18.90931534156,13.30553477453
6,Incidence,100,High-income North America,3,Both,22,All ages,559,Schizophrenia,1,Number,2014,55683.011005002765,66256.42972945125,46575.06093574
6,Incidence,100,High-income North America,3,Both,22,All ages,559,Schizophrenia,3,Rate,2014,15.70843407369,18.69124423372,13.139039376329999
6,Incidence,100,High-income North America,3,Both,22,All ages,559,Schizophrenia,1,Number,2015,55496.77726799893,66163.33476739281,46391.75918653487
6,Incidence,100,High-income North America,3,Both,22,All ages,559,Schizophrenia,3,Rate,2015,15.53584809218,18.52185962537,12.98697616206
6,Incidence,100,High-income North America,3,Both,22,All ages,559,Schizophrenia,1,Number,2016,55307.432561942,65958.79396474524,46329.04788999976
6,Incidence,100,High-income North America,3,Both,22,All ages,559,Schizophrenia,3,Rate,2016,15.370473153339999,18.33059002922,12.875292773990001
6,Incidence,100,High-income North America,3,Both,22,All ages,559,Schizophrenia,1,Number,2017,55051.90306069648,65658.29697354458,46152.57452336534
6,Incidence,100,High-income North America,3,Both,22,All ages,559,Schizophrenia,3,Rate,2017,15.19530004289,18.122852569109998,12.738927787129999
6,Incidence,100,High-income North America,3,Both,22,All ages,559,Schizophrenia,1,Number,2018,54794.30255938502,65345.81526234408,45949.60357547994
6,Incidence,100,High-income North America,3,Both,22,All ages,559,Schizophrenia,3,Rate,2018,15.0269685739,17.92064989456,12.60136942456
6,Incidence,100,High-income North America,3,Both,22,All ages,559,Schizophrenia,1,Number,2019,54620.55751861404,65132.449015188526,45758.8027096189
6,Incidence,100,High-income North America,3,Both,22,All ages,559,Schizophrenia,3,Rate,2019,14.88871854206,17.75409745702,12.4731413467
6,Incidence,100,High-income North America,3,Both,22,All ages,559,Schizophrenia,1,Number,2020,54594.93437065241,64935.56313307164,45673.87869150149
6,Incidence,100,High-income North America,3,Both,22,All ages,559,Schizophrenia,3,Rate,2020,14.807129773749999,17.61169458901,12.38757875345
6,Incidence,100,High-income North America,3,Both,22,All ages,559,Schizophrenia,1,Number,2021,54816.57436403941,65191.13996535448,45915.07573195467
6,Incidence,100,High-income North America,3,Both,22,All ages,559,Schizophrenia,3,Rate,2021,14.80830492929,17.61091951649,12.40362883267
6,Incidence,100,High-income North America,3,Both,27,Age-standardized,559,Schizophrenia,3,Rate,1990,17.407540461099998,20.77181317221,14.42086145801
6,Incidence,100,High-income North America,3,Both,27,Age-standardized,559,Schizophrenia,3,Rate,1991,17.422521473070002,20.78948979155,14.439485821699998
6,Incidence,100,High-income North America,3,Both,27,Age-standardized,559,Schizophrenia,3,Rate,1992,17.424504955059998,20.777266083919997,14.4298846209
6,Incidence,100,High-income North America,3,Both,27,Age-standardized,559,Schizophrenia,3,Rate,1993,17.41715601944,20.7732734782,14.41366520956
6,Incidence,100,High-income North America,3,Both,27,Age-standardized,559,Schizophrenia,3,Rate,1994,17.4039015978,20.768698384140002,14.395122543240001
6,Incidence,100,High-income North America,3,Both,27,Age-standardized,559,Schizophrenia,3,Rate,1995,17.38725659765,20.74840853469,14.376220001410001
6,Incidence,100,High-income North America,3,Both,27,Age-standardized,559,Schizophrenia,3,Rate,1996,17.33530707092,20.70098300455,14.32120746023
6,Incidence,100,High-income North America,3,Both,27,Age-standardized,559,Schizophrenia,3,Rate,1997,17.23543675879,20.59651695271,14.22859325108
6,Incidence,100,High-income North America,3,Both,27,Age-standardized,559,Schizophrenia,3,Rate,1998,17.1218821168,20.4756428721,14.12591368396
6,Incidence,100,High-income North America,3,Both,27,Age-standardized,559,Schizophrenia,3,Rate,1999,17.02747973795,20.35882627062,14.04094041066
6,Incidence,100,High-income North America,3,Both,27,Age-standardized,559,Schizophrenia,3,Rate,2000,16.98554757885,20.30048814061,14.000541500499999
6,Incidence,100,High-income North America,3,Both,27,Age-standardized,559,Schizophrenia,3,Rate,2001,17.01058148705,20.31554874634,14.04193621714
6,Incidence,100,High-income North America,3,Both,27,Age-standardized,559,Schizophrenia,3,Rate,2002,17.078784109569998,20.38038586866,14.12405755123
6,Incidence,100,High-income North America,3,Both,27,Age-standardized,559,Schizophrenia,3,Rate,2003,17.16760691625,20.46979722899,14.2251432642
6,Incidence,100,High-income North America,3,Both,27,Age-standardized,559,Schizophrenia,3,Rate,2004,17.25312892693,20.58393217985,14.32224193031
6,Incidence,100,High-income North America,3,Both,27,Age-standardized,559,Schizophrenia,3,Rate,2005,17.31183154681,20.65466730681,14.38124430981
6,Incidence,100,High-income North America,3,Both,27,Age-standardized,559,Schizophrenia,3,Rate,2006,17.36372587056,20.6925152364,14.417743568390001
6,Incidence,100,High-income North America,3,Both,27,Age-standardized,559,Schizophrenia,3,Rate,2007,17.433044392950002,20.739086286430002,14.459784469939999
6,Incidence,100,High-income North America,3,Both,27,Age-standardized,559,Schizophrenia,3,Rate,2008,17.504706292439998,20.8202471882,14.505295106270001
6,Incidence,100,High-income North America,3,Both,27,Age-standardized,559,Schizophrenia,3,Rate,2009,17.56312347198,20.91664149069,14.54189234959
6,Incidence,100,High-income North America,3,Both,27,Age-standardized,559,Schizophrenia,3,Rate,2010,17.59200092475,20.96012341025,14.555337948230001
6,Incidence,100,High-income North America,3,Both,27,Age-standardized,559,Schizophrenia,3,Rate,2011,17.55697685267,20.86465730116,14.530070856870001
6,Incidence,100,High-income North America,3,Both,27,Age-standardized,559,Schizophrenia,3,Rate,2012,17.45471617255,20.74154505649,14.456230138119999
6,Incidence,100,High-income North America,3,Both,27,Age-standardized,559,Schizophrenia,3,Rate,2013,17.31776291278,20.6006220401,14.32863125185
6,Incidence,100,High-income North America,3,Both,27,Age-standardized,559,Schizophrenia,3,Rate,2014,17.17888306541,20.46032625526,14.185476446780001
6,Incidence,100,High-income North America,3,Both,27,Age-standardized,559,Schizophrenia,3,Rate,2015,17.06960711883,20.31474085508,14.10194825492
6,Incidence,100,High-income North America,3,Both,27,Age-standardized,559,Schizophrenia,3,Rate,2016,16.96907414974,20.19164463081,14.008676709980001
6,Incidence,100,High-income North America,3,Both,27,Age-standardized,559,Schizophrenia,3,Rate,2017,16.84976991238,20.01723954113,13.94185649009
6,Incidence,100,High-income North America,3,Both,27,Age-standardized,559,Schizophrenia,3,Rate,2018,16.73491256832,19.852237171309998,13.883538205179999
6,Incidence,100,High-income North America,3,Both,27,Age-standardized,559,Schizophrenia,3,Rate,2019,16.648541832590002,19.743527677979998,13.83444566775
6,Incidence,100,High-income North America,3,Both,27,Age-standardized,559,Schizophrenia,3,Rate,2020,16.633564585840002,19.83477105021,13.74620076302
6,Incidence,100,High-income North America,3,Both,27,Age-standardized,559,Schizophrenia,3,Rate,2021,16.68308813298,19.81663276514,13.807927917819999
6,Incidence,65,High-income Asia Pacific,3,Both,22,All ages,559,Schizophrenia,1,Number,1990,27504.91134846474,33376.27206340209,22411.462326818324
6,Incidence,65,High-income Asia Pacific,3,Both,22,All ages,559,Schizophrenia,3,Rate,1990,15.86394039514,19.25035074346,12.926204270069999
6,Incidence,65,High-income Asia Pacific,3,Both,22,All ages,559,Schizophrenia,1,Number,1991,27729.673226641327,33643.82221576433,22586.26284950244
6,Incidence,65,High-income Asia Pacific,3,Both,22,All ages,559,Schizophrenia,3,Rate,1991,15.91665857064,19.31134300945,12.96437326268
6,Incidence,65,High-income Asia Pacific,3,Both,22,All ages,559,Schizophrenia,1,Number,1992,27861.11948261284,33836.64855174486,22676.482555345647
6,Incidence,65,High-income Asia Pacific,3,Both,22,All ages,559,Schizophrenia,3,Rate,1992,15.92374867375,19.33900351119,12.960520457240001
6,Incidence,65,High-income Asia Pacific,3,Both,22,All ages,559,Schizophrenia,1,Number,1993,27955.214084091614,33948.22299050141,22777.728708011746
6,Incidence,65,High-income Asia Pacific,3,Both,22,All ages,559,Schizophrenia,3,Rate,1993,15.91614728422,19.328233921909998,12.968374480200001
6,Incidence,65,High-income Asia Pacific,3,Both,22,All ages,559,Schizophrenia,1,Number,1994,28018.11077826014,34026.594380027884,22870.810612732406
6,Incidence,65,High-income Asia Pacific,3,Both,22,All ages,559,Schizophrenia,3,Rate,1994,15.891956825040001,19.29998682174,12.97239266729
6,Incidence,65,High-income Asia Pacific,3,Both,22,All ages,559,Schizophrenia,1,Number,1995,28029.77721930225,34024.4584107812,22933.691074791717
6,Incidence,65,High-income Asia Pacific,3,Both,22,All ages,559,Schizophrenia,3,Rate,1995,15.840985825470002,19.22887075369,12.96094051691
6,Incidence,65,High-income Asia Pacific,3,Both,22,All ages,559,Schizophrenia,1,Number,1996,28045.800075368763,34066.88428945402,22904.73264452067
6,Incidence,65,High-income Asia Pacific,3,Both,22,All ages,559,Schizophrenia,3,Rate,1996,15.78826065646,19.17780371642,12.894119200959999
6,Incidence,65,High-income Asia Pacific,3,Both,22,All ages,559,Schizophrenia,1,Number,1997,27933.94700531678,33980.55449385303,22781.92976382773
6,Incidence,65,High-income Asia Pacific,3,Both,22,All ages,559,Schizophrenia,3,Rate,1997,15.66451780213,19.05527352415,12.77542139979
6,Incidence,65,High-income Asia Pacific,3,Both,22,All ages,559,Schizophrenia,1,Number,1998,27785.920650873923,33812.29787525814,22711.762737457862
6,Incidence,65,High-income Asia Pacific,3,Both,22,All ages,559,Schizophrenia,3,Rate,1998,15.52199156999,18.888494254919998,12.68742519566
6,Incidence,65,High-income Asia Pacific,3,Both,22,All ages,559,Schizophrenia,1,Number,1999,27599.793677438814,33640.61233920435,22554.25539664485
6,Incidence,65,High-income Asia Pacific,3,Both,22,All ages,559,Schizophrenia,3,Rate,1999,15.37028982645,18.73441401903,12.56043600607
6,Incidence,65,High-income Asia Pacific,3,Both,22,All ages,559,Schizophrenia,1,Number,2000,27423.32572393305,33449.816690526466,22414.56617025529
6,Incidence,65,High-income Asia Pacific,3,Both,22,All ages,559,Schizophrenia,3,Rate,2000,15.223676537560001,18.56919888797,12.4431335769
6,Incidence,65,High-income Asia Pacific,3,Both,22,All ages,559,Schizophrenia,1,Number,2001,27257.68746220389,33294.9977941929,22374.456107162197
6,Incidence,65,High-income Asia Pacific,3,Both,22,All ages,559,Schizophrenia,3,Rate,2001,15.08381199749,18.42472835896,12.3815378665
6,Incidence,65,High-income Asia Pacific,3,Both,22,All ages,559,Schizophrenia,1,Number,2002,26988.179959454264,33006.24460089387,22236.413233956948
6,Incidence,65,High-income Asia Pacific,3,Both,22,All ages,559,Schizophrenia,3,Rate,2002,14.897309483459999,18.21924418189,12.27436345266
6,Incidence,65,High-income Asia Pacific,3,Both,22,All ages,559,Schizophrenia,1,Number,2003,26682.404169763235,32663.135860484275,21980.431914247118
6,Incidence,65,High-income Asia Pacific,3,Both,22,All ages,559,Schizophrenia,3,Rate,2003,14.704069396589999,17.99991535047,12.11291884261
6,Incidence,65,High-income Asia Pacific,3,Both,22,All ages,559,Schizophrenia,1,Number,2004,26396.99630332717,32272.1365788665,21742.73099834843
6,Incidence,65,High-income Asia Pacific,3,Both,22,All ages,559,Schizophrenia,3,Rate,2004,14.517239490449999,17.748319930060003,11.95758901704
6,Incidence,65,High-income Asia Pacific,3,Both,22,All ages,559,Schizophrenia,1,Number,2005,26152.050703870693,31942.872961287685,21540.936862960712
6,Incidence,65,High-income Asia Pacific,3,Both,22,All ages,559,Schizophrenia,3,Rate,2005,14.35168352483,17.529562358430002,11.82120332306
6,Incidence,65,High-income Asia Pacific,3,Both,22,All ages,559,Schizophrenia,1,Number,2006,26151.90061323032,31968.21664745391,21557.966625446094
6,Incidence,65,High-income Asia Pacific,3,Both,22,All ages,559,Schizophrenia,3,Rate,2006,14.317492525779999,17.50177586255,11.80243189952
6,Incidence,65,High-income Asia Pacific,3,Both,22,All ages,559,Schizophrenia,1,Number,2007,26383.74894335665,32225.86611546292,21757.25871372142
6,Incidence,65,High-income Asia Pacific,3,Both,22,All ages,559,Schizophrenia,3,Rate,2007,14.4035854251,17.59295149785,11.87786220873
6,Incidence,65,High-income Asia Pacific,3,Both,22,All ages,559,Schizophrenia,1,Number,2008,26697.976859671264,32645.50880683466,22026.56008002124
6,Incidence,65,High-income Asia Pacific,3,Both,22,All ages,559,Schizophrenia,3,Rate,2008,14.52760045019,17.76392686726,11.98566714687
6,Incidence,65,High-income Asia Pacific,3,Both,22,All ages,559,Schizophrenia,1,Number,2009,26899.976830447413,32903.545374609326,22261.10501803737
6,Incidence,65,High-income Asia Pacific,3,Both,22,All ages,559,Schizophrenia,3,Rate,2009,14.59635594535,17.85398787438,12.07923020262
6,Incidence,65,High-income Asia Pacific,3,Both,22,All ages,559,Schizophrenia,1,Number,2010,26850.06322283409,32814.56292989309,22094.13221316509
6,Incidence,65,High-income Asia Pacific,3,Both,22,All ages,559,Schizophrenia,3,Rate,2010,14.53115380601,17.75911874226,11.957261729159999
6,Incidence,65,High-income Asia Pacific,3,Both,22,All ages,559,Schizophrenia,1,Number,2011,26647.70218855307,32581.864840832728,21940.18208584276
6,Incidence,65,High-income Asia Pacific,3,Both,22,All ages,559,Schizophrenia,3,Rate,2011,14.382099780779999,17.58484194506,11.84139201701
6,Incidence,65,High-income Asia Pacific,3,Both,22,All ages,559,Schizophrenia,1,Number,2012,26425.67553027093,32215.249193759933,21786.363538608864
6,Incidence,65,High-income Asia Pacific,3,Both,22,All ages,559,Schizophrenia,3,Rate,2012,14.22179556297,17.33763390529,11.72500615743
6,Incidence,65,High-income Asia Pacific,3,Both,22,All ages,559,Schizophrenia,1,Number,2013,26173.2985495986,31834.715043364413,21611.815128024515
6,Incidence,65,High-income Asia Pacific,3,Both,22,All ages,559,Schizophrenia,3,Rate,2013,14.05075542122,17.09000469051,11.60198925623
6,Incidence,65,High-income Asia Pacific,3,Both,22,All ages,559,Schizophrenia,1,Number,2014,25904.837705538983,31473.208425251894,21422.24705580577
6,Incidence,65,High-income Asia Pacific,3,Both,22,All ages,559,Schizophrenia,3,Rate,2014,13.877772265419999,16.86086683702,11.47635315972
6,Incidence,65,High-income Asia Pacific,3,Both,22,All ages,559,Schizophrenia,1,Number,2015,25627.440764897856,31191.934192065703,21200.10292304479
6,Incidence,65,High-income Asia Pacific,3,Both,22,All ages,559,Schizophrenia,3,Rate,2015,13.708745916120002,16.68532977578,11.34045443842
6,Incidence,65,High-income Asia Pacific,3,Both,22,All ages,559,Schizophrenia,1,Number,2016,25191.2698375758,30624.66070363469,20808.928806029813
6,Incidence,65,High-income Asia Pacific,3,Both,22,All ages,559,Schizophrenia,3,Rate,2016,13.46708560553,16.37174028921,11.12431518526
6,Incidence,65,High-income Asia Pacific,3,Both,22,All ages,559,Schizophrenia,1,Number,2017,24520.14955608126,29824.656537796327,20255.005592896283
6,Incidence,65,High-income Asia Pacific,3,Both,22,All ages,559,Schizophrenia,3,Rate,2017,13.115771809300002,15.95314043848,10.83435607703
6,Incidence,65,High-income Asia Pacific,3,Both,22,All ages,559,Schizophrenia,1,Number,2018,23839.565809474792,29045.541366044105,19661.724843638327
6,Incidence,65,High-income Asia Pacific,3,Both,22,All ages,559,Schizophrenia,3,Rate,2018,12.767252175120001,15.55530642408,10.52981422912
6,Incidence,65,High-income Asia Pacific,3,Both,22,All ages,559,Schizophrenia,1,Number,2019,23325.79289318327,28475.366400953924,19195.588141487573
6,Incidence,65,High-income Asia Pacific,3,Both,22,All ages,559,Schizophrenia,3,Rate,2019,12.51596543227,15.27908196637,10.29981354679
6,Incidence,65,High-income Asia Pacific,3,Both,22,All ages,559,Schizophrenia,1,Number,2020,23041.076390059407,28006.90454044152,18897.93252033036
6,Incidence,65,High-income Asia Pacific,3,Both,22,All ages,559,Schizophrenia,3,Rate,2020,12.39139022841,15.06199091463,10.16322555445
6,Incidence,65,High-income Asia Pacific,3,Both,22,All ages,559,Schizophrenia,1,Number,2021,22803.86046520283,27722.610153512465,18712.42925912063
6,Incidence,65,High-income Asia Pacific,3,Both,22,All ages,559,Schizophrenia,3,Rate,2021,12.296741925189998,14.94912596359,10.09048067733
6,Incidence,65,High-income Asia Pacific,3,Both,27,Age-standardized,559,Schizophrenia,3,Rate,1990,15.039235567979999,18.30658891071,12.2439176823
6,Incidence,65,High-income Asia Pacific,3,Both,27,Age-standardized,559,Schizophrenia,3,Rate,1991,15.049693846730001,18.321449925459998,12.2546199616
6,Incidence,65,High-income Asia Pacific,3,Both,27,Age-standardized,559,Schizophrenia,3,Rate,1992,15.058756484019998,18.3646658877,12.292432690650001
6,Incidence,65,High-income Asia Pacific,3,Both,27,Age-standardized,559,Schizophrenia,3,Rate,1993,15.067311060129999,18.37450678733,12.32040441689
6,Incidence,65,High-income Asia Pacific,3,Both,27,Age-standardized,559,Schizophrenia,3,Rate,1994,15.07297939599,18.38220282549,12.311545437520001
6,Incidence,65,High-income Asia Pacific,3,Both,27,Age-standardized,559,Schizophrenia,3,Rate,1995,15.07653025315,18.39748155664,12.29889395198
6,Incidence,65,High-income Asia Pacific,3,Both,27,Age-standardized,559,Schizophrenia,3,Rate,1996,15.07683696062,18.424449953539998,12.339017672969998
6,Incidence,65,High-income Asia Pacific,3,Both,27,Age-standardized,559,Schizophrenia,3,Rate,1997,15.07053623445,18.42694178287,12.30350232752
6,Incidence,65,High-income Asia Pacific,3,Both,27,Age-standardized,559,Schizophrenia,3,Rate,1998,15.062509211430001,18.39996860239,12.23978005984
6,Incidence,65,High-income Asia Pacific,3,Both,27,Age-standardized,559,Schizophrenia,3,Rate,1999,15.055161736639999,18.37990905206,12.18179395078
6,Incidence,65,High-income Asia Pacific,3,Both,27,Age-standardized,559,Schizophrenia,3,Rate,2000,15.04974761301,18.36462853617,12.15742617952
6,Incidence,65,High-income Asia Pacific,3,Both,27,Age-standardized,559,Schizophrenia,3,Rate,2001,15.04425195733,18.35265990533,12.19607378731
6,Incidence,65,High-income Asia Pacific,3,Both,27,Age-standardized,559,Schizophrenia,3,Rate,2002,15.03643615094,18.35214071498,12.217042785019999
6,Incidence,65,High-income Asia Pacific,3,Both,27,Age-standardized,559,Schizophrenia,3,Rate,2003,15.03182118262,18.37525922287,12.24862463411
6,Incidence,65,High-income Asia Pacific,3,Both,27,Age-standardized,559,Schizophrenia,3,Rate,2004,15.03229730702,18.40856945877,12.27290821682
6,Incidence,65,High-income Asia Pacific,3,Both,27,Age-standardized,559,Schizophrenia,3,Rate,2005,15.04204308146,18.45710293432,12.28639780593
6,Incidence,65,High-income Asia Pacific,3,Both,27,Age-standardized,559,Schizophrenia,3,Rate,2006,15.15375085609,18.556844977089998,12.39348626637
6,Incidence,65,High-income Asia Pacific,3,Both,27,Age-standardized,559,Schizophrenia,3,Rate,2007,15.394713294330002,18.80491440657,12.579229944660002
6,Incidence,65,High-income Asia Pacific,3,Both,27,Age-standardized,559,Schizophrenia,3,Rate,2008,15.673177297370001,19.103400966,12.772185841050002
6,Incidence,65,High-income Asia Pacific,3,Both,27,Age-standardized,559,Schizophrenia,3,Rate,2009,15.90326122566,19.40990680824,12.93145448942
6,Incidence,65,High-income Asia Pacific,3,Both,27,Age-standardized,559,Schizophrenia,3,Rate,2010,15.99679837433,19.54183214432,12.999044951810001
6,Incidence,65,High-income Asia Pacific,3,Both,27,Age-standardized,559,Schizophrenia,3,Rate,2011,15.98570011965,19.5129213551,13.00713261456
6,Incidence,65,High-income Asia Pacific,3,Both,27,Age-standardized,559,Schizophrenia,3,Rate,2012,15.961892302410002,19.467618946589997,13.0053081999
6,Incidence,65,High-income Asia Pacific,3,Both,27,Age-standardized,559,Schizophrenia,3,Rate,2013,15.92901179708,19.41721746158,12.98170175114
6,Incidence,65,High-income Asia Pacific,3,Both,27,Age-standardized,559,Schizophrenia,3,Rate,2014,15.89037042724,19.359601132599998,12.947924338790001
6,Incidence,65,High-income Asia Pacific,3,Both,27,Age-standardized,559,Schizophrenia,3,Rate,2015,15.8467661409,19.29480226351,12.90996596754
6,Incidence,65,High-income Asia Pacific,3,Both,27,Age-standardized,559,Schizophrenia,3,Rate,2016,15.71589751961,19.1510207643,12.77398095446
6,Incidence,65,High-income Asia Pacific,3,Both,27,Age-standardized,559,Schizophrenia,3,Rate,2017,15.483383353159999,18.93445533106,12.55140377149
6,Incidence,65,High-income Asia Pacific,3,Both,27,Age-standardized,559,Schizophrenia,3,Rate,2018,15.248539106329998,18.7015252437,12.3427506112
6,Incidence,65,High-income Asia Pacific,3,Both,27,Age-standardized,559,Schizophrenia,3,Rate,2019,15.11558286236,18.54410667481,12.233966788860002
6,Incidence,65,High-income Asia Pacific,3,Both,27,Age-standardized,559,Schizophrenia,3,Rate,2020,15.124353301729998,18.3710001683,12.17438376466
6,Incidence,65,High-income Asia Pacific,3,Both,27,Age-standardized,559,Schizophrenia,3,Rate,2021,15.138169884749999,18.54682480595,12.25236092072
6,Incidence,124,Central Latin America,3,Both,22,All ages,559,Schizophrenia,1,Number,1990,23645.322791512808,29734.567539846557,18376.147889726224
6,Incidence,124,Central Latin America,3,Both,22,All ages,559,Schizophrenia,3,Rate,1990,14.3821021799,18.085842701489998,11.177163405770001
6,Incidence,124,Central Latin America,3,Both,22,All ages,559,Schizophrenia,1,Number,1991,24258.235577835854,30500.52033725494,18848.061029558223
6,Incidence,124,Central Latin America,3,Both,22,All ages,559,Schizophrenia,3,Rate,1991,14.4388516876,18.154349607630003,11.218637766599999
6,Incidence,124,Central Latin America,3,Both,22,All ages,559,Schizophrenia,1,Number,1992,24874.83381155393,31255.284729829764,19328.999348220517
6,Incidence,124,Central Latin America,3,Both,22,All ages,559,Schizophrenia,3,Rate,1992,14.490065373350001,18.20679978926,11.25951096916
6,Incidence,124,Central Latin America,3,Both,22,All ages,559,Schizophrenia,1,Number,1993,25484.86422924067,32013.50567690419,19813.77051344666
6,Incidence,124,Central Latin America,3,Both,22,All ages,559,Schizophrenia,3,Rate,1993,14.53390963743,18.2571660771,11.299709020569999
6,Incidence,124,Central Latin America,3,Both,22,All ages,559,Schizophrenia,1,Number,1994,26077.234064030705,32758.538171733628,20272.6137014912
6,Incidence,124,Central Latin America,3,Both,22,All ages,559,Schizophrenia,3,Rate,1994,14.56856383908,18.30120684801,11.32569758625
6,Incidence,124,Central Latin America,3,Both,22,All ages,559,Schizophrenia,1,Number,1995,26648.075116830943,33442.29520893724,20704.48411494166
6,Incidence,124,Central Latin America,3,Both,22,All ages,559,Schizophrenia,3,Rate,1995,14.59532537385,18.31656424274,11.33998163209
6,Incidence,124,Central Latin America,3,Both,22,All ages,559,Schizophrenia,1,Number,1996,27175.93016395893,34065.0337485175,21154.5433235281
6,Incidence,124,Central Latin America,3,Both,22,All ages,559,Schizophrenia,3,Rate,1996,14.605741411830001,18.30829970177,11.36953869121
6,Incidence,124,Central Latin America,3,Both,22,All ages,559,Schizophrenia,1,Number,1997,27660.124584880043,34617.93707153112,21571.90292961503
6,Incidence,124,Central Latin America,3,Both,22,All ages,559,Schizophrenia,3,Rate,1997,14.60023414792,18.27287456394,11.386602139919999
6,Incidence,124,Central Latin America,3,Both,22,All ages,559,Schizophrenia,1,Number,1998,28109.910737526578,35120.38703911675,21964.69484399404
6,Incidence,124,Central Latin America,3,Both,22,All ages,559,Schizophrenia,3,Rate,1998,14.58559270387,18.22316924938,11.39698008473
6,Incidence,124,Central Latin America,3,Both,22,All ages,559,Schizophrenia,1,Number,1999,28540.284689516477,35588.67115868212,22346.184058122803
6,Incidence,124,Central Latin America,3,Both,22,All ages,559,Schizophrenia,3,Rate,1999,14.56943413211,18.167541281970003,11.40742849207
6,Incidence,124,Central Latin America,3,Both,22,All ages,559,Schizophrenia,1,Number,2000,28978.39792281696,36090.75511300223,22757.424893005536
6,Incidence,124,Central Latin America,3,Both,22,All ages,559,Schizophrenia,3,Rate,2000,14.56175462353,18.135741027959998,11.43569213308
6,Incidence,124,Central Latin America,3,Both,22,All ages,559,Schizophrenia,1,Number,2001,29423.561702481173,36588.73348748165,23107.11091019858
6,Incidence,124,Central Latin America,3,Both,22,All ages,559,Schizophrenia,3,Rate,2001,14.560301095349999,18.10599891549,11.43459434646
6,Incidence,124,Central Latin America,3,Both,22,All ages,559,Schizophrenia,1,Number,2002,29863.990376849662,37099.06915583892,23451.296991409865
6,Incidence,124,Central Latin America,3,Both,22,All ages,559,Schizophrenia,3,Rate,2002,14.56021000338,18.08767786966,11.43369672766
6,Incidence,124,Central Latin America,3,Both,22,All ages,559,Schizophrenia,1,Number,2003,30303.12065532632,37607.13487094386,23802.896367993228
6,Incidence,124,Central Latin America,3,Both,22,All ages,559,Schizophrenia,3,Rate,2003,14.56248434037,18.07250543181,11.43873297925
6,Incidence,124,Central Latin America,3,Both,22,All ages,559,Schizophrenia,1,Number,2004,30745.840361705494,38112.92475009078,24151.540321526478
6,Incidence,124,Central Latin America,3,Both,22,All ages,559,Schizophrenia,3,Rate,2004,14.56809719639,18.05879382921,11.44356383521
6,Incidence,124,Central Latin America,3,Both,22,All ages,559,Schizophrenia,1,Number,2005,31198.97655420156,38649.86466935667,24540.48196230168
6,Incidence,124,Central Latin America,3,Both,22,All ages,559,Schizophrenia,3,Rate,2005,14.579474572330001,18.06132063953,11.46791889601
6,Incidence,124,Central Latin America,3,Both,22,All ages,559,Schizophrenia,1,Number,2006,31662.54592594156,39226.61774464563,24883.471513433276
6,Incidence,124,Central Latin America,3,Both,22,All ages,559,Schizophrenia,3,Rate,2006,14.59635057145,18.08336782748,11.47121505941
6,Incidence,124,Central Latin America,3,Both,22,All ages,559,Schizophrenia,1,Number,2007,32135.216869896703,39837.56293042364,25230.622294621087
6,Incidence,124,Central Latin America,3,Both,22,All ages,559,Schizophrenia,3,Rate,2007,14.61726589038,18.12081281843,11.47659018931
6,Incidence,124,Central Latin America,3,Both,22,All ages,559,Schizophrenia,1,Number,2008,32607.026408725847,40451.27046383002,25600.72423116196
6,Incidence,124,Central Latin America,3,Both,22,All ages,559,Schizophrenia,3,Rate,2008,14.638554425279999,18.16013876377,11.49315458229
6,Incidence,124,Central Latin America,3,Both,22,All ages,559,Schizophrenia,1,Number,2009,33068.73110028278,41059.428014427096,25968.216561516118
6,Incidence,124,Central Latin America,3,Both,22,All ages,559,Schizophrenia,3,Rate,2009,14.65669119823,18.19832020039,11.509607972460001
6,Incidence,124,Central Latin America,3,Both,22,All ages,559,Schizophrenia,1,Number,2010,33515.73550704016,41654.134360596494,26320.6534790178
6,Incidence,124,Central Latin America,3,Both,22,All ages,559,Schizophrenia,3,Rate,2010,14.667644131709999,18.22928872581,11.518827580650001
6,Incidence,124,Central Latin America,3,Both,22,All ages,559,Schizophrenia,1,Number,2011,33941.65351245369,42138.75310808927,26726.06869011387
6,Incidence,124,Central Latin America,3,Both,22,All ages,559,Schizophrenia,3,Rate,2011,14.667268027830001,18.2094954793,11.54918432787
6,Incidence,124,Central Latin America,3,Both,22,All ages,559,Schizophrenia,1,Number,2012,34347.61137662198,42628.16304721461,27129.43619328785
6,Incidence,124,Central Latin America,3,Both,22,All ages,559,Schizophrenia,3,Rate,2012,14.658038521580002,18.19181104616,11.57764120566
6,Incidence,124,Central Latin America,3,Both,22,All ages,559,Schizophrenia,1,Number,2013,34735.25106204906,43151.27198380773,27521.96437829573
6,Incidence,124,Central Latin America,3,Both,22,All ages,559,Schizophrenia,3,Rate,2013,14.64341310899,18.19137281341,11.602492616
6,Incidence,124,Central Latin America,3,Both,22,All ages,559,Schizophrenia,1,Number,2014,35109.70497831668,43613.3556163801,27908.24340837209
6,Incidence,124,Central Latin America,3,Both,22,All ages,559,Schizophrenia,3,Rate,2014,14.62647865147,18.16904514681,11.626395797539999
6,Incidence,124,Central Latin America,3,Both,22,All ages,559,Schizophrenia,1,Number,2015,35476.92907937974,44052.496679297095,28273.267189571143
6,Incidence,124,Central Latin America,3,Both,22,All ages,559,Schizophrenia,3,Rate,2015,14.609788921549999,18.141301816509998,11.643241861149999
6,Incidence,124,Central Latin America,3,Both,22,All ages,559,Schizophrenia,1,Number,2016,35828.17152974471,44389.5707628101,28558.44471787342
6,Incidence,124,Central Latin America,3,Both,22,All ages,559,Schizophrenia,3,Rate,2016,14.59160335569,18.07837190806,11.63088932498
6,Incidence,124,Central Latin America,3,Both,22,All ages,559,Schizophrenia,1,Number,2017,36131.97142695433,44725.23166148676,28804.56136192764
6,Incidence,124,Central Latin America,3,Both,22,All ages,559,Schizophrenia,3,Rate,2017,14.566360642289998,18.030675561349998,11.61236468342
6,Incidence,124,Central Latin America,3,Both,22,All ages,559,Schizophrenia,1,Number,2018,36276.45548265585,44951.78456294186,28949.29679070531
6,Incidence,124,Central Latin America,3,Both,22,All ages,559,Schizophrenia,3,Rate,2018,14.52061864228,17.993150439969998,11.58772799236
6,Incidence,124,Central Latin America,3,Both,22,All ages,559,Schizophrenia,1,Number,2019,36288.00527800339,44999.23650994092,29009.81325144513
6,Incidence,124,Central Latin America,3,Both,22,All ages,559,Schizophrenia,3,Rate,2019,14.4640384732,17.93624871795,11.56302342205
6,Incidence,124,Central Latin America,3,Both,22,All ages,559,Schizophrenia,1,Number,2020,36441.74865658404,45007.36157713029,29289.029427394114
6,Incidence,124,Central Latin America,3,Both,22,All ages,559,Schizophrenia,3,Rate,2020,14.46627974668,17.86657082157,11.62686503324
6,Incidence,124,Central Latin America,3,Both,22,All ages,559,Schizophrenia,1,Number,2021,36521.22331593984,45125.043312017246,29189.504396313205
6,Incidence,124,Central Latin America,3,Both,22,All ages,559,Schizophrenia,3,Rate,2021,14.43515809581,17.83585201005,11.53726716802
6,Incidence,124,Central Latin America,3,Both,27,Age-standardized,559,Schizophrenia,3,Rate,1990,13.655113406039998,16.91033145108,10.92147246212
6,Incidence,124,Central Latin America,3,Both,27,Age-standardized,559,Schizophrenia,3,Rate,1991,13.669308457560001,16.886539257880003,10.93817435061
6,Incidence,124,Central Latin America,3,Both,27,Age-standardized,559,Schizophrenia,3,Rate,1992,13.679909963499998,16.89666797104,10.96207377309
6,Incidence,124,Central Latin America,3,Both,27,Age-standardized,559,Schizophrenia,3,Rate,1993,13.68695842038,16.93460536028,10.970468823
6,Incidence,124,Central Latin America,3,Both,27,Age-standardized,559,Schizophrenia,3,Rate,1994,13.690343389819999,16.936194426460002,10.96903190636
6,Incidence,124,Central Latin America,3,Both,27,Age-standardized,559,Schizophrenia,3,Rate,1995,13.69006033879,16.93443192265,10.980086414399999
6,Incidence,124,Central Latin America,3,Both,27,Age-standardized,559,Schizophrenia,3,Rate,1996,13.68199011812,16.931072100279998,10.97698226121
6,Incidence,124,Central Latin America,3,Both,27,Age-standardized,559,Schizophrenia,3,Rate,1997,13.6653824072,16.916580737889998,10.96622548144
6,Incidence,124,Central Latin America,3,Both,27,Age-standardized,559,Schizophrenia,3,Rate,1998,13.64534634802,16.88576506924,10.95328045754
6,Incidence,124,Central Latin America,3,Both,27,Age-standardized,559,Schizophrenia,3,Rate,1999,13.62707796966,16.86976579687,10.94009963263
6,Incidence,124,Central Latin America,3,Both,27,Age-standardized,559,Schizophrenia,3,Rate,2000,13.6159418162,16.849822517870003,10.927089192339999
6,Incidence,124,Central Latin America,3,Both,27,Age-standardized,559,Schizophrenia,3,Rate,2001,13.60964075407,16.83251763361,10.919766381379999
6,Incidence,124,Central Latin America,3,Both,27,Age-standardized,559,Schizophrenia,3,Rate,2002,13.602844983639999,16.8153501258,10.91283164141
6,Incidence,124,Central Latin America,3,Both,27,Age-standardized,559,Schizophrenia,3,Rate,2003,13.59668050978,16.79931495182,10.90459116605
6,Incidence,124,Central Latin America,3,Both,27,Age-standardized,559,Schizophrenia,3,Rate,2004,13.59228101306,16.78595296779,10.896898904359999
6,Incidence,124,Central Latin America,3,Both,27,Age-standardized,559,Schizophrenia,3,Rate,2005,13.590786785239999,16.77714570349,10.9063574313
6,Incidence,124,Central Latin America,3,Both,27,Age-standardized,559,Schizophrenia,3,Rate,2006,13.594577289579998,16.789662561110003,10.88997544173
6,Incidence,124,Central Latin America,3,Both,27,Age-standardized,559,Schizophrenia,3,Rate,2007,13.60318799749,16.83141822189,10.87970975576
6,Incidence,124,Central Latin America,3,Both,27,Age-standardized,559,Schizophrenia,3,Rate,2008,13.61337127836,16.85524224533,10.86871874803
6,Incidence,124,Central Latin America,3,Both,27,Age-standardized,559,Schizophrenia,3,Rate,2009,13.621904866809999,16.86634501711,10.855588299659999
6,Incidence,124,Central Latin America,3,Both,27,Age-standardized,559,Schizophrenia,3,Rate,2010,13.62565704799,16.87224665701,10.84159436308
6,Incidence,124,Central Latin America,3,Both,27,Age-standardized,559,Schizophrenia,3,Rate,2011,13.62320493811,16.86023356606,10.843821065470001
6,Incidence,124,Central Latin America,3,Both,27,Age-standardized,559,Schizophrenia,3,Rate,2012,13.61677220407,16.84307427529,10.855065960160001
6,Incidence,124,Central Latin America,3,Both,27,Age-standardized,559,Schizophrenia,3,Rate,2013,13.60874869117,16.871875901699998,10.87178707376
6,Incidence,124,Central Latin America,3,Both,27,Age-standardized,559,Schizophrenia,3,Rate,2014,13.60158849865,16.88983927935,10.878116895709999
6,Incidence,124,Central Latin America,3,Both,27,Age-standardized,559,Schizophrenia,3,Rate,2015,13.597756344179999,16.90852049655,10.88527942237
6,Incidence,124,Central Latin America,3,Both,27,Age-standardized,559,Schizophrenia,3,Rate,2016,13.59608569069,16.87936979533,10.88472911127
6,Incidence,124,Central Latin America,3,Both,27,Age-standardized,559,Schizophrenia,3,Rate,2017,13.59454182274,16.84868151654,10.88480419772
6,Incidence,124,Central Latin America,3,Both,27,Age-standardized,559,Schizophrenia,3,Rate,2018,13.594449876779999,16.85081170246,10.89369022394
6,Incidence,124,Central Latin America,3,Both,27,Age-standardized,559,Schizophrenia,3,Rate,2019,13.59714944963,16.862238063830002,10.90669588786
6,Incidence,124,Central Latin America,3,Both,27,Age-standardized,559,Schizophrenia,3,Rate,2020,13.63039946486,16.83202597314,10.95278531702
6,Incidence,124,Central Latin America,3,Both,27,Age-standardized,559,Schizophrenia,3,Rate,2021,13.61314077255,16.81083194157,10.88374862406
6,Incidence,138,North Africa and Middle East,3,Both,22,All ages,559,Schizophrenia,1,Number,1990,48836.09342900382,61571.7452107927,37285.68285773504
6,Incidence,138,North Africa and Middle East,3,Both,22,All ages,559,Schizophrenia,3,Rate,1990,14.397779471129999,18.1524840943,10.99250577847
6,Incidence,138,North Africa and Middle East,3,Both,22,All ages,559,Schizophrenia,1,Number,1991,50433.66244375052,63659.26069291629,38512.37443960335
6,Incidence,138,North Africa and Middle East,3,Both,22,All ages,559,Schizophrenia,3,Rate,1991,14.51707082493,18.32399138516,11.08558927283
6,Incidence,138,North Africa and Middle East,3,Both,22,All ages,559,Schizophrenia,1,Number,1992,52090.55755623394,65733.31934136705,39767.28129320258
6,Incidence,138,North Africa and Middle East,3,Both,22,All ages,559,Schizophrenia,3,Rate,1992,14.640340246110002,18.47471414805,11.17681507185
6,Incidence,138,North Africa and Middle East,3,Both,22,All ages,559,Schizophrenia,1,Number,1993,53715.49442328935,67773.21644052371,40977.62999863088
6,Incidence,138,North Africa and Middle East,3,Both,22,All ages,559,Schizophrenia,3,Rate,1993,14.754407072209998,18.615738991,11.25560958426
6,Incidence,138,North Africa and Middle East,3,Both,22,All ages,559,Schizophrenia,1,Number,1994,55291.9499897183,69751.18428625775,42185.45663879106
6,Incidence,138,North Africa and Middle East,3,Both,22,All ages,559,Schizophrenia,3,Rate,1994,14.863188472769998,18.75001692721,11.33999421162
6,Incidence,138,North Africa and Middle East,3,Both,22,All ages,559,Schizophrenia,1,Number,1995,56909.31959904215,71770.46842435353,43445.83118522633
6,Incidence,138,North Africa and Middle East,3,Both,22,All ages,559,Schizophrenia,3,Rate,1995,14.98021802271,18.89211243718,11.43622921374
6,Incidence,138,North Africa and Middle East,3,Both,22,All ages,559,Schizophrenia,1,Number,1996,58563.67449693378,74012.6032435789,44719.83333738007
6,Incidence,138,North Africa and Middle East,3,Both,22,All ages,559,Schizophrenia,3,Rate,1996,15.10255671542,19.08656770163,11.53247000096
6,Incidence,138,North Africa and Middle East,3,Both,22,All ages,559,Schizophrenia,1,Number,1997,60241.83349324103,76268.10555479227,46014.26538210393
6,Incidence,138,North Africa and Middle East,3,Both,22,All ages,559,Schizophrenia,3,Rate,1997,15.22396032619,19.2740251382,11.62845335202
6,Incidence,138,North Africa and Middle East,3,Both,22,All ages,559,Schizophrenia,1,Number,1998,61981.17690033621,78595.34808951491,47358.9081437248
6,Incidence,138,North Africa and Middle East,3,Both,22,All ages,559,Schizophrenia,3,Rate,1998,15.344548493460001,19.45768361351,11.7245444335
6,Incidence,138,North Africa and Middle East,3,Both,22,All ages,559,Schizophrenia,1,Number,1999,63757.887434250566,80978.4785167069,48738.49593599146
6,Incidence,138,North Africa and Middle East,3,Both,22,All ages,559,Schizophrenia,3,Rate,1999,15.46371210717,19.64036026053,11.82093855396
6,Incidence,138,North Africa and Middle East,3,Both,22,All ages,559,Schizophrenia,1,Number,2000,65545.17862116189,83373.45941344452,50138.7569708524
6,Incidence,138,North Africa and Middle East,3,Both,22,All ages,559,Schizophrenia,3,Rate,2000,15.58593707373,19.825310104779998,11.92245604546
6,Incidence,138,North Africa and Middle East,3,Both,22,All ages,559,Schizophrenia,1,Number,2001,67321.489876345,85554.75153774011,51457.67891725314
6,Incidence,138,North Africa and Middle East,3,Both,22,All ages,559,Schizophrenia,3,Rate,2001,15.704376268419999,19.95772838907,12.00375620178
6,Incidence,138,North Africa and Middle East,3,Both,22,All ages,559,Schizophrenia,1,Number,2002,69125.44847041598,87727.20054582844,52865.07301568591
6,Incidence,138,North Africa and Middle East,3,Both,22,All ages,559,Schizophrenia,3,Rate,2002,15.80975965958,20.06418745813,12.09083076143
6,Incidence,138,North Africa and Middle East,3,Both,22,All ages,559,Schizophrenia,1,Number,2003,70907.6302201946,89780.54407185079,54229.87819926924
6,Incidence,138,North Africa and Middle East,3,Both,22,All ages,559,Schizophrenia,3,Rate,2003,15.891752963300002,20.121533082830002,12.15395049724
6,Incidence,138,North Africa and Middle East,3,Both,22,All ages,559,Schizophrenia,1,Number,2004,72655.13850751691,91853.40064286876,55435.95151829654
6,Incidence,138,North Africa and Middle East,3,Both,22,All ages,559,Schizophrenia,3,Rate,2004,15.95880653577,20.17573265462,12.17658714277
6,Incidence,138,North Africa and Middle East,3,Both,22,All ages,559,Schizophrenia,1,Number,2005,74450.59693391882,94059.03836961802,56668.56520045332
6,Incidence,138,North Africa and Middle East,3,Both,22,All ages,559,Schizophrenia,3,Rate,2005,16.023151998779998,20.24325298552,12.19612832071
6,Incidence,138,North Africa and Middle East,3,Both,22,All ages,559,Schizophrenia,1,Number,2006,76336.93042145917,96494.76562973791,58167.75016640262
6,Incidence,138,North Africa and Middle East,3,Both,22,All ages,559,Schizophrenia,3,Rate,2006,16.08300942155,20.32995322429,12.255044429889999
6,Incidence,138,North Africa and Middle East,3,Both,22,All ages,559,Schizophrenia,1,Number,2007,78251.06038220348,99148.39169107452,59672.60841231403
6,Incidence,138,North Africa and Middle East,3,Both,22,All ages,559,Schizophrenia,3,Rate,2007,16.13271370307,20.44103440208,12.30246724746
6,Incidence,138,North Africa and Middle East,3,Both,22,All ages,559,Schizophrenia,1,Number,2008,80219.07791972159,101880.17579824915,61221.918040393706
6,Incidence,138,North Africa and Middle East,3,Both,22,All ages,559,Schizophrenia,3,Rate,2008,16.17235860018,20.53928790989,12.342485583430001
6,Incidence,138,North Africa and Middle East,3,Both,22,All ages,559,Schizophrenia,1,Number,2009,82023.09196063358,104372.29104043398,62706.38072215134
6,Incidence,138,North Africa and Middle East,3,Both,22,All ages,559,Schizophrenia,3,Rate,2009,16.1710664049,20.5772692653,12.36272642777
6,Incidence,138,North Africa and Middle East,3,Both,22,All ages,559,Schizophrenia,1,Number,2010,83384.28573542887,106192.15572409966,63983.62817273298
6,Incidence,138,North Africa and Middle East,3,Both,22,All ages,559,Schizophrenia,3,Rate,2010,16.10541301954,20.510681506570002,12.35823691624
6,Incidence,138,North Africa and Middle East,3,Both,22,All ages,559,Schizophrenia,1,Number,2011,84589.04207534088,107551.81545849792,65002.89324771356
6,Incidence,138,North Africa and Middle East,3,Both,22,All ages,559,Schizophrenia,3,Rate,2011,16.01806969641,20.366378832560002,12.30916970998
6,Incidence,138,North Africa and Middle East,3,Both,22,All ages,559,Schizophrenia,1,Number,2012,85658.44471421296,108980.14062859771,65999.73870558321
6,Incidence,138,North Africa and Middle East,3,Both,22,All ages,559,Schizophrenia,3,Rate,2012,15.91362909283,20.24633464026,12.261433948379999
6,Incidence,138,North Africa and Middle East,3,Both,22,All ages,559,Schizophrenia,1,Number,2013,86565.07567653157,109969.72209486924,66927.19472431134
6,Incidence,138,North Africa and Middle East,3,Both,22,All ages,559,Schizophrenia,3,Rate,2013,15.79599443849,20.06676601433,12.2125647946
6,Incidence,138,North Africa and Middle East,3,Both,22,All ages,559,Schizophrenia,1,Number,2014,87385.71874673056,110610.27159223732,67696.28385059506
6,Incidence,138,North Africa and Middle East,3,Both,22,All ages,559,Schizophrenia,3,Rate,2014,15.672968677230001,19.83838259739,12.14159191653
6,Incidence,138,North Africa and Middle East,3,Both,22,All ages,559,Schizophrenia,1,Number,2015,88213.19820778497,111252.8437749855,68470.82522391384
6,Incidence,138,North Africa and Middle East,3,Both,22,All ages,559,Schizophrenia,3,Rate,2015,15.547678781170001,19.60844310883,12.068062581240001
6,Incidence,138,North Africa and Middle East,3,Both,22,All ages,559,Schizophrenia,1,Number,2016,88932.95743645243,111828.80040788474,69239.36508701887
6,Incidence,138,North Africa and Middle East,3,Both,22,All ages,559,Schizophrenia,3,Rate,2016,15.41104220745,19.37862422181,11.99837280275
6,Incidence,138,North Africa and Middle East,3,Both,22,All ages,559,Schizophrenia,1,Number,2017,89622.63509022792,112436.43551078628,69969.61750929005
6,Incidence,138,North Africa and Middle East,3,Both,22,All ages,559,Schizophrenia,3,Rate,2017,15.27465742956,19.16288260548,11.92513405632
6,Incidence,138,North Africa and Middle East,3,Both,22,All ages,559,Schizophrenia,1,Number,2018,90402.66240251546,113296.95410839532,70866.22457527324
6,Incidence,138,North Africa and Middle East,3,Both,22,All ages,559,Schizophrenia,3,Rate,2018,15.15378121132,18.99144570348,11.87897827283
6,Incidence,138,North Africa and Middle East,3,Both,22,All ages,559,Schizophrenia,1,Number,2019,91231.69642437831,114235.81236042906,71797.32096525168
6,Incidence,138,North Africa and Middle East,3,Both,22,All ages,559,Schizophrenia,3,Rate,2019,15.05109482657,18.84623559371,11.84487769596
6,Incidence,138,North Africa and Middle East,3,Both,22,All ages,559,Schizophrenia,1,Number,2020,92077.45030002226,115185.58463651816,72189.27181865384
6,Incidence,138,North Africa and Middle East,3,Both,22,All ages,559,Schizophrenia,3,Rate,2020,14.97330224688,18.731063551680002,11.73915852796
6,Incidence,138,North Africa and Middle East,3,Both,22,All ages,559,Schizophrenia,1,Number,2021,93042.33987060402,116456.47076851896,73553.26138684817
6,Incidence,138,North Africa and Middle East,3,Both,22,All ages,559,Schizophrenia,3,Rate,2021,14.934563455080001,18.69285053306,11.806300777019999
6,Incidence,138,North Africa and Middle East,3,Both,27,Age-standardized,559,Schizophrenia,3,Rate,1990,14.20705999467,17.65902989229,11.234991052609999
6,Incidence,138,North Africa and Middle East,3,Both,27,Age-standardized,559,Schizophrenia,3,Rate,1991,14.20667400872,17.652640747390002,11.24951245085
6,Incidence,138,North Africa and Middle East,3,Both,27,Age-standardized,559,Schizophrenia,3,Rate,1992,14.204105773150001,17.64563800758,11.25914533265
6,Incidence,138,North Africa and Middle East,3,Both,27,Age-standardized,559,Schizophrenia,3,Rate,1993,14.19774762561,17.641698180739997,11.261593702599999
6,Incidence,138,North Africa and Middle East,3,Both,27,Age-standardized,559,Schizophrenia,3,Rate,1994,14.190197536260001,17.64864982233,11.261344147219999
6,Incidence,138,North Africa and Middle East,3,Both,27,Age-standardized,559,Schizophrenia,3,Rate,1995,14.185214696449998,17.643822465499998,11.25271367934
6,Incidence,138,North Africa and Middle East,3,Both,27,Age-standardized,559,Schizophrenia,3,Rate,1996,14.18159889061,17.64968728638,11.23553373147
6,Incidence,138,North Africa and Middle East,3,Both,27,Age-standardized,559,Schizophrenia,3,Rate,1997,14.177369619020002,17.6420933455,11.21533415916
6,Incidence,138,North Africa and Middle East,3,Both,27,Age-standardized,559,Schizophrenia,3,Rate,1998,14.17294877247,17.641895980380003,11.19544514296
6,Incidence,138,North Africa and Middle East,3,Both,27,Age-standardized,559,Schizophrenia,3,Rate,1999,14.16927273762,17.65306180027,11.18913723203
6,Incidence,138,North Africa and Middle East,3,Both,27,Age-standardized,559,Schizophrenia,3,Rate,2000,14.16801250398,17.66359351379,11.197465838420001
6,Incidence,138,North Africa and Middle East,3,Both,27,Age-standardized,559,Schizophrenia,3,Rate,2001,14.165293353070002,17.65660287274,11.20488516755
6,Incidence,138,North Africa and Middle East,3,Both,27,Age-standardized,559,Schizophrenia,3,Rate,2002,14.156325488550001,17.64142587163,11.20762281182
6,Incidence,138,North Africa and Middle East,3,Both,27,Age-standardized,559,Schizophrenia,3,Rate,2003,14.14357010733,17.63721693623,11.20436608235
6,Incidence,138,North Africa and Middle East,3,Both,27,Age-standardized,559,Schizophrenia,3,Rate,2004,14.13238893385,17.63495047679,11.19724595685
6,Incidence,138,North Africa and Middle East,3,Both,27,Age-standardized,559,Schizophrenia,3,Rate,2005,14.12580617325,17.63662768542,11.18006374613
6,Incidence,138,North Africa and Middle East,3,Both,27,Age-standardized,559,Schizophrenia,3,Rate,2006,14.118321150599998,17.64447107065,11.171422981700001
6,Incidence,138,North Africa and Middle East,3,Both,27,Age-standardized,559,Schizophrenia,3,Rate,2007,14.1063359398,17.62902603469,11.15148649951
6,Incidence,138,North Africa and Middle East,3,Both,27,Age-standardized,559,Schizophrenia,3,Rate,2008,14.09445443104,17.61385042887,11.130093014329999
6,Incidence,138,North Africa and Middle East,3,Both,27,Age-standardized,559,Schizophrenia,3,Rate,2009,14.08324794835,17.60187496924,11.11569426244
6,Incidence,138,North Africa and Middle East,3,Both,27,Age-standardized,559,Schizophrenia,3,Rate,2010,14.075062065369998,17.60876478239,11.1102788929
6,Incidence,138,North Africa and Middle East,3,Both,27,Age-standardized,559,Schizophrenia,3,Rate,2011,14.07642882404,17.60975946541,11.08638797619
6,Incidence,138,North Africa and Middle East,3,Both,27,Age-standardized,559,Schizophrenia,3,Rate,2012,14.08304321714,17.618563766050002,11.0700335285
6,Incidence,138,North Africa and Middle East,3,Both,27,Age-standardized,559,Schizophrenia,3,Rate,2013,14.091608571870001,17.64417273015,11.06674646501
6,Incidence,138,North Africa and Middle East,3,Both,27,Age-standardized,559,Schizophrenia,3,Rate,2014,14.098488306259998,17.66471326285,11.06332423977
6,Incidence,138,North Africa and Middle East,3,Both,27,Age-standardized,559,Schizophrenia,3,Rate,2015,14.099119092099999,17.65526589357,11.05498432736
6,Incidence,138,North Africa and Middle East,3,Both,27,Age-standardized,559,Schizophrenia,3,Rate,2016,14.091251723760001,17.61136801517,11.0628930967
6,Incidence,138,North Africa and Middle East,3,Both,27,Age-standardized,559,Schizophrenia,3,Rate,2017,14.078572509579999,17.58239923431,11.0669646952
6,Incidence,138,North Africa and Middle East,3,Both,27,Age-standardized,559,Schizophrenia,3,Rate,2018,14.065250780609999,17.558465822349998,11.072646200429999
6,Incidence,138,North Africa and Middle East,3,Both,27,Age-standardized,559,Schizophrenia,3,Rate,2019,14.055271024460001,17.54510023518,11.08764623432
6,Incidence,138,North Africa and Middle East,3,Both,27,Age-standardized,559,Schizophrenia,3,Rate,2020,14.054835884869998,17.54205154325,11.02126974425
6,Incidence,138,North Africa and Middle East,3,Both,27,Age-standardized,559,Schizophrenia,3,Rate,2021,14.070336281400001,17.66418144853,11.05015924418
6,Incidence,120,Andean Latin America,3,Both,22,All ages,559,Schizophrenia,1,Number,1990,5248.90447486699,6801.882112666698,3963.806065514952
6,Incidence,120,Andean Latin America,3,Both,22,All ages,559,Schizophrenia,3,Rate,1990,13.815301873029998,17.90279383845,10.43287749347
6,Incidence,120,Andean Latin America,3,Both,22,All ages,559,Schizophrenia,1,Number,1991,5379.033903924286,6955.010984735182,4056.908772877482
6,Incidence,120,Andean Latin America,3,Both,22,All ages,559,Schizophrenia,3,Rate,1991,13.85952328379,17.92015785802,10.45295913768
6,Incidence,120,Andean Latin America,3,Both,22,All ages,559,Schizophrenia,1,Number,1992,5508.271285484773,7113.125930104758,4148.127256374408
6,Incidence,120,Andean Latin America,3,Both,22,All ages,559,Schizophrenia,3,Rate,1992,13.89551776828,17.94402683293,10.46433136798
6,Incidence,120,Andean Latin America,3,Both,22,All ages,559,Schizophrenia,1,Number,1993,5636.408567506486,7264.513034158389,4238.535732038423
6,Incidence,120,Andean Latin America,3,Both,22,All ages,559,Schizophrenia,3,Rate,1993,13.923153847650001,17.94492563685,10.470104212479999
6,Incidence,120,Andean Latin America,3,Both,22,All ages,559,Schizophrenia,1,Number,1994,5763.263294517752,7423.072631143095,4337.102218690139
6,Incidence,120,Andean Latin America,3,Both,22,All ages,559,Schizophrenia,3,Rate,1994,13.945797322279999,17.962161562360002,10.49480917615
6,Incidence,120,Andean Latin America,3,Both,22,All ages,559,Schizophrenia,1,Number,1995,5889.589099952283,7568.755603991866,4436.670102198315
6,Incidence,120,Andean Latin America,3,Both,22,All ages,559,Schizophrenia,3,Rate,1995,13.967435866099999,17.94965772499,10.52177054457
6,Incidence,120,Andean Latin America,3,Both,22,All ages,559,Schizophrenia,1,Number,1996,6012.431401545756,7722.630445222345,4521.18018942563
6,Incidence,120,Andean Latin America,3,Both,22,All ages,559,Schizophrenia,3,Rate,1996,13.98161101255,17.95859406413,10.513780283620001
6,Incidence,120,Andean Latin America,3,Both,22,All ages,559,Schizophrenia,1,Number,1997,6130.98247785716,7869.595315530815,4603.2845754588425
6,Incidence,120,Andean Latin America,3,Both,22,All ages,559,Schizophrenia,3,Rate,1997,13.98678003267,17.95312562415,10.50160052116
6,Incidence,120,Andean Latin America,3,Both,22,All ages,559,Schizophrenia,1,Number,1998,6247.277704676822,8018.375466849942,4684.887668553278
6,Incidence,120,Andean Latin America,3,Both,22,All ages,559,Schizophrenia,3,Rate,1998,13.98883301869,17.954654937609998,10.49034706071
6,Incidence,120,Andean Latin America,3,Both,22,All ages,559,Schizophrenia,1,Number,1999,6364.978698348656,8186.572511370103,4768.195471124425
6,Incidence,120,Andean Latin America,3,Both,22,All ages,559,Schizophrenia,3,Rate,1999,13.9955396723,18.00092440102,10.48447638933
6,Incidence,120,Andean Latin America,3,Both,22,All ages,559,Schizophrenia,1,Number,2000,6487.460284377881,8371.38097867489,4857.503117590311
6,Incidence,120,Andean Latin America,3,Both,22,All ages,559,Schizophrenia,3,Rate,2000,14.01508397547,18.08498276117,10.49383134846
6,Incidence,120,Andean Latin America,3,Both,22,All ages,559,Schizophrenia,1,Number,2001,6612.359746296504,8500.790182276021,4962.491667208046
6,Incidence,120,Andean Latin America,3,Both,22,All ages,559,Schizophrenia,3,Rate,2001,14.043876651940002,18.05468143665,10.539750336420001
6,Incidence,120,Andean Latin America,3,Both,22,All ages,559,Schizophrenia,1,Number,2002,6736.766709907794,8640.942390279419,5063.074957508099
6,Incidence,120,Andean Latin America,3,Both,22,All ages,559,Schizophrenia,3,Rate,2002,14.076460305989999,18.05523150805,10.57928480153
6,Incidence,120,Andean Latin America,3,Both,22,All ages,559,Schizophrenia,1,Number,2003,6861.099720391142,8791.155481315584,5165.930957242065
6,Incidence,120,Andean Latin America,3,Both,22,All ages,559,Schizophrenia,3,Rate,2003,14.11345573366,18.08362927076,10.62645069441
6,Incidence,120,Andean Latin America,3,Both,22,All ages,559,Schizophrenia,1,Number,2004,6986.502341618878,8922.837147315226,5258.46353155386
6,Incidence,120,Andean Latin America,3,Both,22,All ages,559,Schizophrenia,3,Rate,2004,14.154810242629999,18.07786793311,10.65376490515
6,Incidence,120,Andean Latin America,3,Both,22,All ages,559,Schizophrenia,1,Number,2005,7113.009332346538,9088.284198118172,5345.035871242449
6,Incidence,120,Andean Latin America,3,Both,22,All ages,559,Schizophrenia,3,Rate,2005,14.19818047586,18.140999573,10.66915287243
6,Incidence,120,Andean Latin America,3,Both,22,All ages,559,Schizophrenia,1,Number,2006,7240.084000807825,9282.231218229446,5462.308789622626
6,Incidence,120,Andean Latin America,3,Both,22,All ages,559,Schizophrenia,3,Rate,2006,14.240544540719998,18.25725048021,10.743832751820001
6,Incidence,120,Andean Latin America,3,Both,22,All ages,559,Schizophrenia,1,Number,2007,7369.5782785383,9461.803263618644,5582.486203744391
6,Incidence,120,Andean Latin America,3,Both,22,All ages,559,Schizophrenia,3,Rate,2007,14.28382821357,18.33901036124,10.82005929309
6,Incidence,120,Andean Latin America,3,Both,22,All ages,559,Schizophrenia,1,Number,2008,7500.811367990396,9632.980557737192,5693.440086950503
6,Incidence,120,Andean Latin America,3,Both,22,All ages,559,Schizophrenia,3,Rate,2008,14.32617630574,18.39851331401,10.874187133920001
6,Incidence,120,Andean Latin America,3,Both,22,All ages,559,Schizophrenia,1,Number,2009,7634.338057756461,9797.223895290144,5797.038246951662
6,Incidence,120,Andean Latin America,3,Both,22,All ages,559,Schizophrenia,3,Rate,2009,14.36398284201,18.433445685349998,10.907109075300001
6,Incidence,120,Andean Latin America,3,Both,22,All ages,559,Schizophrenia,1,Number,2010,7770.837540188109,9964.4687850186,5906.270739980528
6,Incidence,120,Andean Latin America,3,Both,22,All ages,559,Schizophrenia,3,Rate,2010,14.39260379595,18.45549472862,10.939183097379999
6,Incidence,120,Andean Latin America,3,Both,22,All ages,559,Schizophrenia,1,Number,2011,7913.367425606693,10106.675875880146,6020.926479625582
6,Incidence,120,Andean Latin America,3,Both,22,All ages,559,Schizophrenia,3,Rate,2011,14.40971632547,18.403585292109998,10.9637070948
6,Incidence,120,Andean Latin America,3,Both,22,All ages,559,Schizophrenia,1,Number,2012,8069.149145056623,10297.455386981046,6148.076203244509
6,Incidence,120,Andean Latin America,3,Both,22,All ages,559,Schizophrenia,3,Rate,2012,14.42144807997,18.40395010051,10.98804349293
6,Incidence,120,Andean Latin America,3,Both,22,All ages,559,Schizophrenia,1,Number,2013,8243.269728250652,10517.392517846009,6260.598443011288
6,Incidence,120,Andean Latin America,3,Both,22,All ages,559,Schizophrenia,3,Rate,2013,14.42954143404,18.41031000044,10.95894804045
6,Incidence,120,Andean Latin America,3,Both,22,All ages,559,Schizophrenia,1,Number,2014,8407.796872709363,10728.74356548601,6371.508992030487
6,Incidence,120,Andean Latin America,3,Both,22,All ages,559,Schizophrenia,3,Rate,2014,14.427348629920001,18.409974232699998,10.933182963190001
6,Incidence,120,Andean Latin America,3,Both,22,All ages,559,Schizophrenia,1,Number,2015,8549.30180411156,10922.794045537245,6472.500692034859
6,Incidence,120,Andean Latin America,3,Both,22,All ages,559,Schizophrenia,3,Rate,2015,14.41138693426,18.41233529945,10.91056486745
6,Incidence,120,Andean Latin America,3,Both,22,All ages,559,Schizophrenia,1,Number,2016,8666.170668710542,11063.009746576565,6584.76648787846
6,Incidence,120,Andean Latin America,3,Both,22,All ages,559,Schizophrenia,3,Rate,2016,14.38603534884,18.36484133107,10.9308582856
6,Incidence,120,Andean Latin America,3,Both,22,All ages,559,Schizophrenia,1,Number,2017,8794.439372698025,11210.339922034462,6702.497431750009
6,Incidence,120,Andean Latin America,3,Both,22,All ages,559,Schizophrenia,3,Rate,2017,14.36230816635,18.30774535891,10.9459318007
6,Incidence,120,Andean Latin America,3,Both,22,All ages,559,Schizophrenia,1,Number,2018,8967.946341142177,11463.960292076254,6843.792407130579
6,Incidence,120,Andean Latin America,3,Both,22,All ages,559,Schizophrenia,3,Rate,2018,14.363233604389999,18.36089707084,10.96114822103
6,Incidence,120,Andean Latin America,3,Both,22,All ages,559,Schizophrenia,1,Number,2019,9196.839658657607,11821.041530043,7025.252096266786
6,Incidence,120,Andean Latin America,3,Both,22,All ages,559,Schizophrenia,3,Rate,2019,14.391147467849999,18.49747937297,10.99306312479
6,Incidence,120,Andean Latin America,3,Both,22,All ages,559,Schizophrenia,1,Number,2020,9369.673753227496,12086.195037079313,7212.857007691019
6,Incidence,120,Andean Latin America,3,Both,22,All ages,559,Schizophrenia,3,Rate,2020,14.369758438169999,18.53593921129,11.06196603845
6,Incidence,120,Andean Latin America,3,Both,22,All ages,559,Schizophrenia,1,Number,2021,9504.77851721824,12140.142098686549,7301.505685240481
6,Incidence,120,Andean Latin America,3,Both,22,All ages,559,Schizophrenia,3,Rate,2021,14.372152447520001,18.35707930078,11.04058896424
6,Incidence,120,Andean Latin America,3,Both,27,Age-standardized,559,Schizophrenia,3,Rate,1990,13.34583332961,17.005798425440002,10.25432136673
6,Incidence,120,Andean Latin America,3,Both,27,Age-standardized,559,Schizophrenia,3,Rate,1991,13.354272161959999,17.0058605539,10.26551240959
6,Incidence,120,Andean Latin America,3,Both,27,Age-standardized,559,Schizophrenia,3,Rate,1992,13.35960068766,16.947952034510003,10.274711746
6,Incidence,120,Andean Latin America,3,Both,27,Age-standardized,559,Schizophrenia,3,Rate,1993,13.36232962642,16.897612508759998,10.27617733907
6,Incidence,120,Andean Latin America,3,Both,27,Age-standardized,559,Schizophrenia,3,Rate,1994,13.3631085121,16.87195795313,10.28274116125
6,Incidence,120,Andean Latin America,3,Both,27,Age-standardized,559,Schizophrenia,3,Rate,1995,13.36248007795,16.869652215360002,10.29262551525
6,Incidence,120,Andean Latin America,3,Both,27,Age-standardized,559,Schizophrenia,3,Rate,1996,13.35494940184,16.894018245359998,10.28622793664
6,Incidence,120,Andean Latin America,3,Both,27,Age-standardized,559,Schizophrenia,3,Rate,1997,13.338573596820002,16.90095949224,10.2730287074
6,Incidence,120,Andean Latin America,3,Both,27,Age-standardized,559,Schizophrenia,3,Rate,1998,13.31895329956,16.90445124847,10.259020719519999
6,Incidence,120,Andean Latin America,3,Both,27,Age-standardized,559,Schizophrenia,3,Rate,1999,13.30196878053,16.91219842529,10.24614074198
6,Incidence,120,Andean Latin America,3,Both,27,Age-standardized,559,Schizophrenia,3,Rate,2000,13.293406373140002,16.8914272723,10.24756623937
6,Incidence,120,Andean Latin America,3,Both,27,Age-standardized,559,Schizophrenia,3,Rate,2001,13.29101173268,16.89761910579,10.21586285057
6,Incidence,120,Andean Latin America,3,Both,27,Age-standardized,559,Schizophrenia,3,Rate,2002,13.289047468260001,16.869574438649998,10.22788181922
6,Incidence,120,Andean Latin America,3,Both,27,Age-standardized,559,Schizophrenia,3,Rate,2003,13.287849123349998,16.8439427385,10.2603253881
6,Incidence,120,Andean Latin America,3,Both,27,Age-standardized,559,Schizophrenia,3,Rate,2004,13.287913648399998,16.86211866374,10.28369056983
6,Incidence,120,Andean Latin America,3,Both,27,Age-standardized,559,Schizophrenia,3,Rate,2005,13.28975922051,16.8392279348,10.26849046181
6,Incidence,120,Andean Latin America,3,Both,27,Age-standardized,559,Schizophrenia,3,Rate,2006,13.29680867397,16.81632846733,10.29259364595
6,Incidence,120,Andean Latin America,3,Both,27,Age-standardized,559,Schizophrenia,3,Rate,2007,13.30970130575,16.828317612659998,10.32184943134
6,Incidence,120,Andean Latin America,3,Both,27,Age-standardized,559,Schizophrenia,3,Rate,2008,13.32463492314,16.876652288349998,10.34280578389
6,Incidence,120,Andean Latin America,3,Both,27,Age-standardized,559,Schizophrenia,3,Rate,2009,13.33761043079,16.92516798068,10.35326042452
6,Incidence,120,Andean Latin America,3,Both,27,Age-standardized,559,Schizophrenia,3,Rate,2010,13.344740316260001,16.96755094617,10.34725898735
6,Incidence,120,Andean Latin America,3,Both,27,Age-standardized,559,Schizophrenia,3,Rate,2011,13.34756693844,16.91265988567,10.3417365929
6,Incidence,120,Andean Latin America,3,Both,27,Age-standardized,559,Schizophrenia,3,Rate,2012,13.3502649961,16.85990403986,10.309450383409999
6,Incidence,120,Andean Latin America,3,Both,27,Age-standardized,559,Schizophrenia,3,Rate,2013,13.35288849528,16.83101488417,10.27877659826
6,Incidence,120,Andean Latin America,3,Both,27,Age-standardized,559,Schizophrenia,3,Rate,2014,13.355677399729998,16.84623311815,10.25215504108
6,Incidence,120,Andean Latin America,3,Both,27,Age-standardized,559,Schizophrenia,3,Rate,2015,13.35852996338,16.87539925334,10.24026288236
6,Incidence,120,Andean Latin America,3,Both,27,Age-standardized,559,Schizophrenia,3,Rate,2016,13.36433686024,16.85844596559,10.25012430775
6,Incidence,120,Andean Latin America,3,Both,27,Age-standardized,559,Schizophrenia,3,Rate,2017,13.3738870317,16.87163502965,10.27463016608
6,Incidence,120,Andean Latin America,3,Both,27,Age-standardized,559,Schizophrenia,3,Rate,2018,13.38467526333,16.94901505259,10.27733382738
6,Incidence,120,Andean Latin America,3,Both,27,Age-standardized,559,Schizophrenia,3,Rate,2019,13.39295556969,17.04624067444,10.25712901564
6,Incidence,120,Andean Latin America,3,Both,27,Age-standardized,559,Schizophrenia,3,Rate,2020,13.360197977359999,17.14395673881,10.35299808102
6,Incidence,120,Andean Latin America,3,Both,27,Age-standardized,559,Schizophrenia,3,Rate,2021,13.36319771684,16.956901267230002,10.3063102333
6,Incidence,167,Central Sub-Saharan Africa,3,Both,22,All ages,559,Schizophrenia,1,Number,1990,7089.507051773198,9106.034366063375,5341.895159071526
6,Incidence,167,Central Sub-Saharan Africa,3,Both,22,All ages,559,Schizophrenia,3,Rate,1990,12.89876059335,16.567662093419997,9.7191280393
6,Incidence,167,Central Sub-Saharan Africa,3,Both,22,All ages,559,Schizophrenia,1,Number,1991,7302.280386145913,9365.860961898265,5508.052237305376
6,Incidence,167,Central Sub-Saharan Africa,3,Both,22,All ages,559,Schizophrenia,3,Rate,1991,12.90850543644,16.55637153744,9.736783373089999
6,Incidence,167,Central Sub-Saharan Africa,3,Both,22,All ages,559,Schizophrenia,1,Number,1992,7521.665966085451,9619.580648307168,5677.810591379923
6,Incidence,167,Central Sub-Saharan Africa,3,Both,22,All ages,559,Schizophrenia,3,Rate,1992,12.91624593992,16.51879650767,9.74996740472
6,Incidence,167,Central Sub-Saharan Africa,3,Both,22,All ages,559,Schizophrenia,1,Number,1993,7747.291957029255,9923.37097769807,5846.3164522274255
6,Incidence,167,Central Sub-Saharan Africa,3,Both,22,All ages,559,Schizophrenia,3,Rate,1993,12.92235151086,16.552014388739998,9.75155662888
6,Incidence,167,Central Sub-Saharan Africa,3,Both,22,All ages,559,Schizophrenia,1,Number,1994,7981.102782356423,10264.12280939536,6007.811494112404
6,Incidence,167,Central Sub-Saharan Africa,3,Both,22,All ages,559,Schizophrenia,3,Rate,1994,12.92993453006,16.62858373749,9.73306714701
6,Incidence,167,Central Sub-Saharan Africa,3,Both,22,All ages,559,Schizophrenia,1,Number,1995,8225.416495939462,10585.004447919582,6201.046085010043
6,Incidence,167,Central Sub-Saharan Africa,3,Both,22,All ages,559,Schizophrenia,3,Rate,1995,12.94278334413,16.655620944389998,9.75741423245
6,Incidence,167,Central Sub-Saharan Africa,3,Both,22,All ages,559,Schizophrenia,1,Number,1996,8464.524904851052,10856.214869961812,6393.609146793539
6,Incidence,167,Central Sub-Saharan Africa,3,Both,22,All ages,559,Schizophrenia,3,Rate,1996,12.940128598249999,16.59642071902,9.77421952165
6,Incidence,167,Central Sub-Saharan Africa,3,Both,22,All ages,559,Schizophrenia,1,Number,1997,8703.751806345483,11132.446536920956,6588.040594274004
6,Incidence,167,Central Sub-Saharan Africa,3,Both,22,All ages,559,Schizophrenia,3,Rate,1997,12.92735259281,16.534600802659998,9.78496693757
6,Incidence,167,Central Sub-Saharan Africa,3,Both,22,All ages,559,Schizophrenia,1,Number,1998,8952.567907982075,11433.273018909884,6787.775270979537
6,Incidence,167,Central Sub-Saharan Africa,3,Both,22,All ages,559,Schizophrenia,3,Rate,1998,12.91433920783,16.492828375000002,9.791562959030001
6,Incidence,167,Central Sub-Saharan Africa,3,Both,22,All ages,559,Schizophrenia,1,Number,1999,9216.012411515068,11746.248782620043,6997.005814096562
6,Incidence,167,Central Sub-Saharan Africa,3,Both,22,All ages,559,Schizophrenia,3,Rate,1999,12.90823316796,16.452160800639998,9.80022362091
6,Incidence,167,Central Sub-Saharan Africa,3,Both,22,All ages,559,Schizophrenia,1,Number,2000,9502.840492148567,12123.887677060093,7220.850981060556
6,Incidence,167,Central Sub-Saharan Africa,3,Both,22,All ages,559,Schizophrenia,3,Rate,2000,12.91862550138,16.48180506136,9.81637750341
6,Incidence,167,Central Sub-Saharan Africa,3,Both,22,All ages,559,Schizophrenia,1,Number,2001,9803.188622643658,12520.673953062756,7454.680008730185
6,Incidence,167,Central Sub-Saharan Africa,3,Both,22,All ages,559,Schizophrenia,3,Rate,2001,12.93279577585,16.51782143995,9.83454035604
6,Incidence,167,Central Sub-Saharan Africa,3,Both,22,All ages,559,Schizophrenia,1,Number,2002,10114.60689842434,12948.372098351923,7690.308689272142
6,Incidence,167,Central Sub-Saharan Africa,3,Both,22,All ages,559,Schizophrenia,3,Rate,2002,12.947618652609998,16.575096371529998,9.84429599978
6,Incidence,167,Central Sub-Saharan Africa,3,Both,22,All ages,559,Schizophrenia,1,Number,2003,10440.23160288592,13389.832728164602,7939.884258014352
6,Incidence,167,Central Sub-Saharan Africa,3,Both,22,All ages,559,Schizophrenia,3,Rate,2003,12.96415051415,16.62681571156,9.85934589396
6,Incidence,167,Central Sub-Saharan Africa,3,Both,22,All ages,559,Schizophrenia,1,Number,2004,10780.365102914597,13864.692471040147,8199.516987289811
6,Incidence,167,Central Sub-Saharan Africa,3,Both,22,All ages,559,Schizophrenia,3,Rate,2004,12.98224686171,16.696545859300002,9.87426238904
6,Incidence,167,Central Sub-Saharan Africa,3,Both,22,All ages,559,Schizophrenia,1,Number,2005,11136.63731714703,14386.95626325178,8454.473579661393
6,Incidence,167,Central Sub-Saharan Africa,3,Both,22,All ages,559,Schizophrenia,3,Rate,2005,13.003022075079999,16.798060721280002,9.87135555005
6,Incidence,167,Central Sub-Saharan Africa,3,Both,22,All ages,559,Schizophrenia,1,Number,2006,11505.009572318975,14832.701103472476,8757.738454219088
6,Incidence,167,Central Sub-Saharan Africa,3,Both,22,All ages,559,Schizophrenia,3,Rate,2006,13.021742224819999,16.788131209550002,9.91229185047
6,Incidence,167,Central Sub-Saharan Africa,3,Both,22,All ages,559,Schizophrenia,1,Number,2007,11887.76067669814,15295.131890793464,9070.970721283542
6,Incidence,167,Central Sub-Saharan Africa,3,Both,22,All ages,559,Schizophrenia,3,Rate,2007,13.042165248380002,16.78042173296,9.95184058021
6,Incidence,167,Central Sub-Saharan Africa,3,Both,22,All ages,559,Schizophrenia,1,Number,2008,12283.548738776572,15806.3640349577,9390.4520123136
6,Incidence,167,Central Sub-Saharan Africa,3,Both,22,All ages,559,Schizophrenia,3,Rate,2008,13.06173110667,16.807722360150002,9.985352096809999
6,Incidence,167,Central Sub-Saharan Africa,3,Both,22,All ages,559,Schizophrenia,1,Number,2009,12690.9036922072,16326.1839535478,9713.2893225198
6,Incidence,167,Central Sub-Saharan Africa,3,Both,22,All ages,559,Schizophrenia,3,Rate,2009,13.078397333300002,16.82467425957,10.00986692943
6,Incidence,167,Central Sub-Saharan Africa,3,Both,22,All ages,559,Schizophrenia,1,Number,2010,13108.737026684865,16828.343470558353,10035.229165501056
6,Incidence,167,Central Sub-Saharan Africa,3,Both,22,All ages,559,Schizophrenia,3,Rate,2010,13.091407671610002,16.80609690793,10.02196289514
6,Incidence,167,Central Sub-Saharan Africa,3,Both,22,All ages,559,Schizophrenia,1,Number,2011,13531.353161653837,17371.64463167464,10349.526031391828
6,Incidence,167,Central Sub-Saharan Africa,3,Both,22,All ages,559,Schizophrenia,3,Rate,2011,13.09664605885,16.81356465116,10.01703803682
6,Incidence,167,Central Sub-Saharan Africa,3,Both,22,All ages,559,Schizophrenia,1,Number,2012,13961.047835879272,17925.264764196276,10682.611826653798
6,Incidence,167,Central Sub-Saharan Africa,3,Both,22,All ages,559,Schizophrenia,3,Rate,2012,13.098674633129999,16.81802208682,10.02274744663
6,Incidence,167,Central Sub-Saharan Africa,3,Both,22,All ages,559,Schizophrenia,1,Number,2013,14396.134928869882,18485.46265969566,11011.60599966205
6,Incidence,167,Central Sub-Saharan Africa,3,Both,22,All ages,559,Schizophrenia,3,Rate,2013,13.10079026747,16.8221658451,10.02079665288
6,Incidence,167,Central Sub-Saharan Africa,3,Both,22,All ages,559,Schizophrenia,1,Number,2014,14831.282433149736,19078.800782372626,11330.642934834545
6,Incidence,167,Central Sub-Saharan Africa,3,Both,22,All ages,559,Schizophrenia,3,Rate,2014,13.105671934590001,16.85899416225,10.01232966746
6,Incidence,167,Central Sub-Saharan Africa,3,Both,22,All ages,559,Schizophrenia,1,Number,2015,15279.663183684392,19657.403870996797,11703.292196191276
6,Incidence,167,Central Sub-Saharan Africa,3,Both,22,All ages,559,Schizophrenia,3,Rate,2015,13.12124475819,16.880582012919998,10.05007502697
6,Incidence,167,Central Sub-Saharan Africa,3,Both,22,All ages,559,Schizophrenia,1,Number,2016,15763.91258322576,20234.88137645908,12041.63874592176
6,Incidence,167,Central Sub-Saharan Africa,3,Both,22,All ages,559,Schizophrenia,3,Rate,2016,13.155932836759998,16.88722510627,10.04947152234
6,Incidence,167,Central Sub-Saharan Africa,3,Both,22,All ages,559,Schizophrenia,1,Number,2017,16280.028120498318,20810.614334829683,12408.282012774256
6,Incidence,167,Central Sub-Saharan Africa,3,Both,22,All ages,559,Schizophrenia,3,Rate,2017,13.2074398257,16.882952199389997,10.066422294299999
6,Incidence,167,Central Sub-Saharan Africa,3,Both,22,All ages,559,Schizophrenia,1,Number,2018,16813.231058172274,21471.420659789863,12840.753999720757
6,Incidence,167,Central Sub-Saharan Africa,3,Both,22,All ages,559,Schizophrenia,3,Rate,2018,13.26908279959,16.94534843267,10.13398480292
6,Incidence,167,Central Sub-Saharan Africa,3,Both,22,All ages,559,Schizophrenia,1,Number,2019,17360.89504860139,22187.04578267286,13246.0984603103
6,Incidence,167,Central Sub-Saharan Africa,3,Both,22,All ages,559,Schizophrenia,3,Rate,2019,13.33755564223,17.04525929307,10.17635178153
6,Incidence,167,Central Sub-Saharan Africa,3,Both,22,All ages,559,Schizophrenia,1,Number,2020,17895.401161333666,22697.088467020767,13595.094931346506
6,Incidence,167,Central Sub-Saharan Africa,3,Both,22,All ages,559,Schizophrenia,3,Rate,2020,13.395315931639999,16.98954206185,10.17639057567
6,Incidence,167,Central Sub-Saharan Africa,3,Both,22,All ages,559,Schizophrenia,1,Number,2021,18469.348975208348,23687.65963510686,14119.930702004272
6,Incidence,167,Central Sub-Saharan Africa,3,Both,22,All ages,559,Schizophrenia,3,Rate,2021,13.48833094826,17.29930995277,10.31191183461
6,Incidence,167,Central Sub-Saharan Africa,3,Both,27,Age-standardized,559,Schizophrenia,3,Rate,1990,13.880961531670001,17.5563471876,10.772709255039999
6,Incidence,167,Central Sub-Saharan Africa,3,Both,27,Age-standardized,559,Schizophrenia,3,Rate,1991,13.88791754714,17.50020692731,10.782751910570001
6,Incidence,167,Central Sub-Saharan Africa,3,Both,27,Age-standardized,559,Schizophrenia,3,Rate,1992,13.89150487488,17.49180269019,10.79335581934
6,Incidence,167,Central Sub-Saharan Africa,3,Both,27,Age-standardized,559,Schizophrenia,3,Rate,1993,13.892394055330001,17.47957385135,10.812759368850001
6,Incidence,167,Central Sub-Saharan Africa,3,Both,27,Age-standardized,559,Schizophrenia,3,Rate,1994,13.89121518818,17.45724267697,10.818516597879999
6,Incidence,167,Central Sub-Saharan Africa,3,Both,27,Age-standardized,559,Schizophrenia,3,Rate,1995,13.88870139228,17.43303626225,10.82506281671
6,Incidence,167,Central Sub-Saharan Africa,3,Both,27,Age-standardized,559,Schizophrenia,3,Rate,1996,13.879964938070001,17.434329599090002,10.87760312237
6,Incidence,167,Central Sub-Saharan Africa,3,Both,27,Age-standardized,559,Schizophrenia,3,Rate,1997,13.862877459249999,17.426553212680002,10.84831201672
6,Incidence,167,Central Sub-Saharan Africa,3,Both,27,Age-standardized,559,Schizophrenia,3,Rate,1998,13.84284614175,17.44563871479,10.80167024785
6,Incidence,167,Central Sub-Saharan Africa,3,Both,27,Age-standardized,559,Schizophrenia,3,Rate,1999,13.82532554462,17.43346486579,10.81210930896
6,Incidence,167,Central Sub-Saharan Africa,3,Both,27,Age-standardized,559,Schizophrenia,3,Rate,2000,13.815544946020001,17.41583070368,10.83411762707
6,Incidence,167,Central Sub-Saharan Africa,3,Both,27,Age-standardized,559,Schizophrenia,3,Rate,2001,13.811046741659998,17.42329458835,10.82396155144
6,Incidence,167,Central Sub-Saharan Africa,3,Both,27,Age-standardized,559,Schizophrenia,3,Rate,2002,13.80619446837,17.46281827218,10.81490771061
6,Incidence,167,Central Sub-Saharan Africa,3,Both,27,Age-standardized,559,Schizophrenia,3,Rate,2003,13.8018338228,17.50532711899,10.79511374755
6,Incidence,167,Central Sub-Saharan Africa,3,Both,27,Age-standardized,559,Schizophrenia,3,Rate,2004,13.79894188058,17.53912420166,10.809153177579999
6,Incidence,167,Central Sub-Saharan Africa,3,Both,27,Age-standardized,559,Schizophrenia,3,Rate,2005,13.79851680588,17.557443093499998,10.828111294160001
6,Incidence,167,Central Sub-Saharan Africa,3,Both,27,Age-standardized,559,Schizophrenia,3,Rate,2006,13.80337081841,17.53250119038,10.80575334263
6,Incidence,167,Central Sub-Saharan Africa,3,Both,27,Age-standardized,559,Schizophrenia,3,Rate,2007,13.813129386009999,17.5134810367,10.82132061726
6,Incidence,167,Central Sub-Saharan Africa,3,Both,27,Age-standardized,559,Schizophrenia,3,Rate,2008,13.82436051172,17.49395343116,10.85152232719
6,Incidence,167,Central Sub-Saharan Africa,3,Both,27,Age-standardized,559,Schizophrenia,3,Rate,2009,13.83363469271,17.46831227318,10.88584066638
6,Incidence,167,Central Sub-Saharan Africa,3,Both,27,Age-standardized,559,Schizophrenia,3,Rate,2010,13.837592814230002,17.43109827092,10.91541265323
6,Incidence,167,Central Sub-Saharan Africa,3,Both,27,Age-standardized,559,Schizophrenia,3,Rate,2011,13.833318883619999,17.456725012929997,10.90622558506
6,Incidence,167,Central Sub-Saharan Africa,3,Both,27,Age-standardized,559,Schizophrenia,3,Rate,2012,13.82274642908,17.438888204850002,10.90902000947
6,Incidence,167,Central Sub-Saharan Africa,3,Both,27,Age-standardized,559,Schizophrenia,3,Rate,2013,13.810084648319998,17.42708329877,10.89724928143
6,Incidence,167,Central Sub-Saharan Africa,3,Both,27,Age-standardized,559,Schizophrenia,3,Rate,2014,13.799619322060002,17.41854733554,10.87747412839
6,Incidence,167,Central Sub-Saharan Africa,3,Both,27,Age-standardized,559,Schizophrenia,3,Rate,2015,13.795016727370001,17.42387779457,10.83773071879
6,Incidence,167,Central Sub-Saharan Africa,3,Both,27,Age-standardized,559,Schizophrenia,3,Rate,2016,13.799959339159999,17.496422274129998,10.84932198526
6,Incidence,167,Central Sub-Saharan Africa,3,Both,27,Age-standardized,559,Schizophrenia,3,Rate,2017,13.811515709539998,17.58309774121,10.856993452680001
6,Incidence,167,Central Sub-Saharan Africa,3,Both,27,Age-standardized,559,Schizophrenia,3,Rate,2018,13.823042664310002,17.616579856719998,10.90349258442
6,Incidence,167,Central Sub-Saharan Africa,3,Both,27,Age-standardized,559,Schizophrenia,3,Rate,2019,13.82748786686,17.65650476951,10.919500573919999
6,Incidence,167,Central Sub-Saharan Africa,3,Both,27,Age-standardized,559,Schizophrenia,3,Rate,2020,13.797868894870001,17.41833314783,10.73090495876
6,Incidence,167,Central Sub-Saharan Africa,3,Both,27,Age-standardized,559,Schizophrenia,3,Rate,2021,13.787156682460001,17.57145717286,10.849344732239999
6,Incidence,174,Eastern Sub-Saharan Africa,3,Both,22,All ages,559,Schizophrenia,1,Number,1990,24723.695138761443,30991.45785336299,19099.27307307728
6,Incidence,174,Eastern Sub-Saharan Africa,3,Both,22,All ages,559,Schizophrenia,3,Rate,1990,12.95622120576,16.24078363624,10.0087954254
6,Incidence,174,Eastern Sub-Saharan Africa,3,Both,22,All ages,559,Schizophrenia,1,Number,1991,25472.783022695538,31940.00000924336,19700.974199024444
6,Incidence,174,Eastern Sub-Saharan Africa,3,Both,22,All ages,559,Schizophrenia,3,Rate,1991,12.97786623129,16.27278209758,10.03724671753
6,Incidence,174,Eastern Sub-Saharan Africa,3,Both,22,All ages,559,Schizophrenia,1,Number,1992,26246.22229243707,32920.455377811755,20330.923493928603
6,Incidence,174,Eastern Sub-Saharan Africa,3,Both,22,All ages,559,Schizophrenia,3,Rate,1992,13.01002492102,16.318384417559997,10.07786257299
6,Incidence,174,Eastern Sub-Saharan Africa,3,Both,22,All ages,559,Schizophrenia,1,Number,1993,27005.704786218448,33882.861229140166,20967.91360392269
6,Incidence,174,Eastern Sub-Saharan Africa,3,Both,22,All ages,559,Schizophrenia,3,Rate,1993,13.03682248977,16.356723543650002,10.12211937437
6,Incidence,174,Eastern Sub-Saharan Africa,3,Both,22,All ages,559,Schizophrenia,1,Number,1994,27652.927758347065,34702.71519113728,21514.746226677427
6,Incidence,174,Eastern Sub-Saharan Africa,3,Both,22,All ages,559,Schizophrenia,3,Rate,1994,13.05486926068,16.38305403933,10.15705105876
6,Incidence,174,Eastern Sub-Saharan Africa,3,Both,22,All ages,559,Schizophrenia,1,Number,1995,28386.11035268009,35617.68710227856,22101.52663867261
6,Incidence,174,Eastern Sub-Saharan Africa,3,Both,22,All ages,559,Schizophrenia,3,Rate,1995,13.09868294471,16.4356716993,10.19868120138
6,Incidence,174,Eastern Sub-Saharan Africa,3,Both,22,All ages,559,Schizophrenia,1,Number,1996,29333.60973407279,36798.76101559737,22804.65577492254
6,Incidence,174,Eastern Sub-Saharan Africa,3,Both,22,All ages,559,Schizophrenia,3,Rate,1996,13.15089896624,16.49768959859,10.223826074409999
6,Incidence,174,Eastern Sub-Saharan Africa,3,Both,22,All ages,559,Schizophrenia,1,Number,1997,30344.36364944357,38067.2860682326,23554.124206908054
6,Incidence,174,Eastern Sub-Saharan Africa,3,Both,22,All ages,559,Schizophrenia,3,Rate,1997,13.19625005998,16.55481828074,10.24328987647
6,Incidence,174,Eastern Sub-Saharan Africa,3,Both,22,All ages,559,Schizophrenia,1,Number,1998,31337.560249061826,39316.4304044554,24294.440427783687
6,Incidence,174,Eastern Sub-Saharan Africa,3,Both,22,All ages,559,Schizophrenia,3,Rate,1998,13.239730206559999,16.6107038041,10.26409950956
6,Incidence,174,Eastern Sub-Saharan Africa,3,Both,22,All ages,559,Schizophrenia,1,Number,1999,32312.231829474866,40537.636035071126,25041.053997482148
6,Incidence,174,Eastern Sub-Saharan Africa,3,Both,22,All ages,559,Schizophrenia,3,Rate,1999,13.28367147922,16.66516390685,10.29446485008
6,Incidence,174,Eastern Sub-Saharan Africa,3,Both,22,All ages,559,Schizophrenia,1,Number,2000,33296.90116356625,41766.384764705,25774.64463773492
6,Incidence,174,Eastern Sub-Saharan Africa,3,Both,22,All ages,559,Schizophrenia,3,Rate,2000,13.32834202395,16.71857265376,10.31727479954
6,Incidence,174,Eastern Sub-Saharan Africa,3,Both,22,All ages,559,Schizophrenia,1,Number,2001,34293.0936974725,43048.60538987412,26529.959995537545
6,Incidence,174,Eastern Sub-Saharan Africa,3,Both,22,All ages,559,Schizophrenia,3,Rate,2001,13.366244731999998,16.778835997959998,10.34044758863
6,Incidence,174,Eastern Sub-Saharan Africa,3,Both,22,All ages,559,Schizophrenia,1,Number,2002,35319.234209482114,44356.04762043004,27289.344965225857
6,Incidence,174,Eastern Sub-Saharan Africa,3,Both,22,All ages,559,Schizophrenia,3,Rate,2002,13.40000134251,16.82853864092,10.353487762539999
6,Incidence,174,Eastern Sub-Saharan Africa,3,Both,22,All ages,559,Schizophrenia,1,Number,2003,36366.234255200325,45681.58118748207,28062.50422825985
6,Incidence,174,Eastern Sub-Saharan Africa,3,Both,22,All ages,559,Schizophrenia,3,Rate,2003,13.42728984244,16.866740360330002,10.36135265844
6,Incidence,174,Eastern Sub-Saharan Africa,3,Both,22,All ages,559,Schizophrenia,1,Number,2004,37437.89254333597,47026.01432314051,28855.729252274028
6,Incidence,174,Eastern Sub-Saharan Africa,3,Both,22,All ages,559,Schizophrenia,3,Rate,2004,13.45108270796,16.89600469242,10.36759214802
6,Incidence,174,Eastern Sub-Saharan Africa,3,Both,22,All ages,559,Schizophrenia,1,Number,2005,38531.903318643206,48386.34623521052,29658.62990498729
6,Incidence,174,Eastern Sub-Saharan Africa,3,Both,22,All ages,559,Schizophrenia,3,Rate,2005,13.47580635481,16.9222118796,10.37254635577
6,Incidence,174,Eastern Sub-Saharan Africa,3,Both,22,All ages,559,Schizophrenia,1,Number,2006,39639.93509787918,49803.54831611426,30526.531676880688
6,Incidence,174,Eastern Sub-Saharan Africa,3,Both,22,All ages,559,Schizophrenia,3,Rate,2006,13.49895146576,16.960060098030002,10.39548042919
6,Incidence,174,Eastern Sub-Saharan Africa,3,Both,22,All ages,559,Schizophrenia,1,Number,2007,40789.616337266816,51265.43783738805,31425.71457878756
6,Incidence,174,Eastern Sub-Saharan Africa,3,Both,22,All ages,559,Schizophrenia,3,Rate,2007,13.52438312732,16.99779220207,10.41964701259
6,Incidence,174,Eastern Sub-Saharan Africa,3,Both,22,All ages,559,Schizophrenia,1,Number,2008,41984.69772382037,52775.927782943545,32362.3245584454
6,Incidence,174,Eastern Sub-Saharan Africa,3,Both,22,All ages,559,Schizophrenia,3,Rate,2008,13.55208341567,17.03534417131,10.446113601339999
6,Incidence,174,Eastern Sub-Saharan Africa,3,Both,22,All ages,559,Schizophrenia,1,Number,2009,43218.99859883251,54330.5070151044,33295.60176299566
6,Incidence,174,Eastern Sub-Saharan Africa,3,Both,22,All ages,559,Schizophrenia,3,Rate,2009,13.582062885760001,17.07398104579,10.46352233104
6,Incidence,174,Eastern Sub-Saharan Africa,3,Both,22,All ages,559,Schizophrenia,1,Number,2010,44489.44808640821,55920.529017364825,34293.995837907954
6,Incidence,174,Eastern Sub-Saharan Africa,3,Both,22,All ages,559,Schizophrenia,3,Rate,2010,13.61546778389,17.11381448957,10.49527057753
6,Incidence,174,Eastern Sub-Saharan Africa,3,Both,22,All ages,559,Schizophrenia,1,Number,2011,45749.12868114019,57522.98273903269,35290.842127583484
6,Incidence,174,Eastern Sub-Saharan Africa,3,Both,22,All ages,559,Schizophrenia,3,Rate,2011,13.646458160489999,17.15846836528,10.52686716503
6,Incidence,174,Eastern Sub-Saharan Africa,3,Both,22,All ages,559,Schizophrenia,1,Number,2012,47009.68138913243,59129.6492417475,36297.11881231288
6,Incidence,174,Eastern Sub-Saharan Africa,3,Both,22,All ages,559,Schizophrenia,3,Rate,2012,13.67403335991,17.19945280205,10.557995690290001
6,Incidence,174,Eastern Sub-Saharan Africa,3,Both,22,All ages,559,Schizophrenia,1,Number,2013,48336.911439709445,60826.90291579691,37396.30354259226
6,Incidence,174,Eastern Sub-Saharan Africa,3,Both,22,All ages,559,Schizophrenia,3,Rate,2013,13.70401326074,17.24505474885,10.602238007899999
6,Incidence,174,Eastern Sub-Saharan Africa,3,Both,22,All ages,559,Schizophrenia,1,Number,2014,49724.47036001627,62600.44274921551,38444.77754411203
6,Incidence,174,Eastern Sub-Saharan Africa,3,Both,22,All ages,559,Schizophrenia,3,Rate,2014,13.74196111773,17.300392422159998,10.62468105474
6,Incidence,174,Eastern Sub-Saharan Africa,3,Both,22,All ages,559,Schizophrenia,1,Number,2015,51145.866918746775,64405.352888462745,39508.26907351593
6,Incidence,174,Eastern Sub-Saharan Africa,3,Both,22,All ages,559,Schizophrenia,3,Rate,2015,13.791919285690001,17.36745278001,10.65374175874
6,Incidence,174,Eastern Sub-Saharan Africa,3,Both,22,All ages,559,Schizophrenia,1,Number,2016,52609.27007542896,66109.0470190191,40745.065700134975
6,Incidence,174,Eastern Sub-Saharan Africa,3,Both,22,All ages,559,Schizophrenia,3,Rate,2016,13.856827419470001,17.412552086250003,10.731898442839999
6,Incidence,174,Eastern Sub-Saharan Africa,3,Both,22,All ages,559,Schizophrenia,1,Number,2017,54100.86094046709,67837.45796867074,41879.78587816014
6,Incidence,174,Eastern Sub-Saharan Africa,3,Both,22,All ages,559,Schizophrenia,3,Rate,2017,13.93205506352,17.46950387405,10.78488350758
6,Incidence,174,Eastern Sub-Saharan Africa,3,Both,22,All ages,559,Schizophrenia,1,Number,2018,55690.28166666327,69709.2941173336,43078.10626758661
6,Incidence,174,Eastern Sub-Saharan Africa,3,Both,22,All ages,559,Schizophrenia,3,Rate,2018,14.01759958857,17.54627456164,10.84303448683
6,Incidence,174,Eastern Sub-Saharan Africa,3,Both,22,All ages,559,Schizophrenia,1,Number,2019,57412.39756501971,71831.19597779491,44427.9071865561
6,Incidence,174,Eastern Sub-Saharan Africa,3,Both,22,All ages,559,Schizophrenia,3,Rate,2019,14.109144790510001,17.65257657771,10.918195404130001
6,Incidence,174,Eastern Sub-Saharan Africa,3,Both,22,All ages,559,Schizophrenia,1,Number,2020,59062.82124131518,74185.26383245697,45735.26278467385
6,Incidence,174,Eastern Sub-Saharan Africa,3,Both,22,All ages,559,Schizophrenia,3,Rate,2020,14.175668613880001,17.80520628748,10.976921108380001
6,Incidence,174,Eastern Sub-Saharan Africa,3,Both,22,All ages,559,Schizophrenia,1,Number,2021,60847.19502322666,76142.63836608222,47224.87672609052
6,Incidence,174,Eastern Sub-Saharan Africa,3,Both,22,All ages,559,Schizophrenia,3,Rate,2021,14.28010118822,17.86975685881,11.083107742140001
6,Incidence,174,Eastern Sub-Saharan Africa,3,Both,27,Age-standardized,559,Schizophrenia,3,Rate,1990,14.29251984245,17.68435337315,11.56102529815
6,Incidence,174,Eastern Sub-Saharan Africa,3,Both,27,Age-standardized,559,Schizophrenia,3,Rate,1991,14.28740809363,17.70167722356,11.57111686549
6,Incidence,174,Eastern Sub-Saharan Africa,3,Both,27,Age-standardized,559,Schizophrenia,3,Rate,1992,14.28408486566,17.71711784196,11.56962212907
6,Incidence,174,Eastern Sub-Saharan Africa,3,Both,27,Age-standardized,559,Schizophrenia,3,Rate,1993,14.280719799300002,17.73468145559,11.57611728837
6,Incidence,174,Eastern Sub-Saharan Africa,3,Both,27,Age-standardized,559,Schizophrenia,3,Rate,1994,14.27899577274,17.76082189946,11.57810865425
6,Incidence,174,Eastern Sub-Saharan Africa,3,Both,27,Age-standardized,559,Schizophrenia,3,Rate,1995,14.277908336760001,17.78645729699,11.57793039846
6,Incidence,174,Eastern Sub-Saharan Africa,3,Both,27,Age-standardized,559,Schizophrenia,3,Rate,1996,14.277342128429998,17.77438422469,11.5749942942
6,Incidence,174,Eastern Sub-Saharan Africa,3,Both,27,Age-standardized,559,Schizophrenia,3,Rate,1997,14.278724833730001,17.75920288312,11.57105969022
6,Incidence,174,Eastern Sub-Saharan Africa,3,Both,27,Age-standardized,559,Schizophrenia,3,Rate,1998,14.28080303527,17.74283788516,11.56267982164
6,Incidence,174,Eastern Sub-Saharan Africa,3,Both,27,Age-standardized,559,Schizophrenia,3,Rate,1999,14.28240027021,17.7280547109,11.56558987814
6,Incidence,174,Eastern Sub-Saharan Africa,3,Both,27,Age-standardized,559,Schizophrenia,3,Rate,2000,14.281975827060002,17.71577743577,11.55683469761
6,Incidence,174,Eastern Sub-Saharan Africa,3,Both,27,Age-standardized,559,Schizophrenia,3,Rate,2001,14.279780191510001,17.72708339074,11.55488506882
6,Incidence,174,Eastern Sub-Saharan Africa,3,Both,27,Age-standardized,559,Schizophrenia,3,Rate,2002,14.27732186723,17.72882808522,11.55294333643
6,Incidence,174,Eastern Sub-Saharan Africa,3,Both,27,Age-standardized,559,Schizophrenia,3,Rate,2003,14.27477432134,17.730310515510002,11.5526858105
6,Incidence,174,Eastern Sub-Saharan Africa,3,Both,27,Age-standardized,559,Schizophrenia,3,Rate,2004,14.27242566865,17.72873277074,11.54811383954
6,Incidence,174,Eastern Sub-Saharan Africa,3,Both,27,Age-standardized,559,Schizophrenia,3,Rate,2005,14.27066330925,17.72335495195,11.53794985878
6,Incidence,174,Eastern Sub-Saharan Africa,3,Both,27,Age-standardized,559,Schizophrenia,3,Rate,2006,14.27016335113,17.73046162933,11.544441888689999
6,Incidence,174,Eastern Sub-Saharan Africa,3,Both,27,Age-standardized,559,Schizophrenia,3,Rate,2007,14.270667472629999,17.73307800989,11.54470546693
6,Incidence,174,Eastern Sub-Saharan Africa,3,Both,27,Age-standardized,559,Schizophrenia,3,Rate,2008,14.271178317190001,17.735969596,11.541487228280001
6,Incidence,174,Eastern Sub-Saharan Africa,3,Both,27,Age-standardized,559,Schizophrenia,3,Rate,2009,14.270802441070002,17.73889231158,11.5386759137
6,Incidence,174,Eastern Sub-Saharan Africa,3,Both,27,Age-standardized,559,Schizophrenia,3,Rate,2010,14.26863070569,17.74053850456,11.539381886800001
6,Incidence,174,Eastern Sub-Saharan Africa,3,Both,27,Age-standardized,559,Schizophrenia,3,Rate,2011,14.260545409059999,17.74820039194,11.518804387260001
6,Incidence,174,Eastern Sub-Saharan Africa,3,Both,27,Age-standardized,559,Schizophrenia,3,Rate,2012,14.24587416635,17.74704915542,11.49206978284
6,Incidence,174,Eastern Sub-Saharan Africa,3,Both,27,Age-standardized,559,Schizophrenia,3,Rate,2013,14.22862205189,17.72325972126,11.46793344043
6,Incidence,174,Eastern Sub-Saharan Africa,3,Both,27,Age-standardized,559,Schizophrenia,3,Rate,2014,14.21331089144,17.69356109924,11.439694189279999
6,Incidence,174,Eastern Sub-Saharan Africa,3,Both,27,Age-standardized,559,Schizophrenia,3,Rate,2015,14.2049919382,17.64254743984,11.42252616896
6,Incidence,174,Eastern Sub-Saharan Africa,3,Both,27,Age-standardized,559,Schizophrenia,3,Rate,2016,14.20450346054,17.69111027389,11.43981601082
6,Incidence,174,Eastern Sub-Saharan Africa,3,Both,27,Age-standardized,559,Schizophrenia,3,Rate,2017,14.20713545368,17.72440759184,11.469972242399999
6,Incidence,174,Eastern Sub-Saharan Africa,3,Both,27,Age-standardized,559,Schizophrenia,3,Rate,2018,14.209167021519999,17.720094494450002,11.5024634783
6,Incidence,174,Eastern Sub-Saharan Africa,3,Both,27,Age-standardized,559,Schizophrenia,3,Rate,2019,14.206426631540001,17.73093956784,11.50873358726
6,Incidence,174,Eastern Sub-Saharan Africa,3,Both,27,Age-standardized,559,Schizophrenia,3,Rate,2020,14.16073676127,17.598894293759997,11.434063585599999
6,Incidence,174,Eastern Sub-Saharan Africa,3,Both,27,Age-standardized,559,Schizophrenia,3,Rate,2021,14.16252582891,17.531043143679998,11.457425518660001
6,Incidence,134,Tropical Latin America,3,Both,22,All ages,559,Schizophrenia,1,Number,1990,22629.934443868333,27506.71748141392,18290.286167271417
6,Incidence,134,Tropical Latin America,3,Both,22,All ages,559,Schizophrenia,3,Rate,1990,14.834282956160001,18.03109201781,11.98957429715
6,Incidence,134,Tropical Latin America,3,Both,22,All ages,559,Schizophrenia,1,Number,1991,23088.14230426969,28077.167793488938,18667.567522532885
6,Incidence,134,Tropical Latin America,3,Both,22,All ages,559,Schizophrenia,3,Rate,1991,14.89237285208,18.11040688768,12.04100235191
6,Incidence,134,Tropical Latin America,3,Both,22,All ages,559,Schizophrenia,1,Number,1992,23553.55214778105,28656.28565511552,19053.350020696893
6,Incidence,134,Tropical Latin America,3,Both,22,All ages,559,Schizophrenia,3,Rate,1992,14.94690085667,18.18505582173,12.09110761553
6,Incidence,134,Tropical Latin America,3,Both,22,All ages,559,Schizophrenia,1,Number,1993,24025.02216157295,29243.24248924327,19441.589952591523
6,Incidence,134,Tropical Latin America,3,Both,22,All ages,559,Schizophrenia,3,Rate,1993,14.99763310622,18.25510997411,12.13642306549
6,Incidence,134,Tropical Latin America,3,Both,22,All ages,559,Schizophrenia,1,Number,1994,24501.63264587572,29837.50373231503,19831.00843330517
6,Incidence,134,Tropical Latin America,3,Both,22,All ages,559,Schizophrenia,3,Rate,1994,15.04369176369,18.31984895188,12.17598772072
6,Incidence,134,Tropical Latin America,3,Both,22,All ages,559,Schizophrenia,1,Number,1995,24986.10259694514,30386.073791692528,20223.54874943809
6,Incidence,134,Tropical Latin America,3,Both,22,All ages,559,Schizophrenia,3,Rate,1995,15.08638617871,18.34684068464,12.210798589100001
6,Incidence,134,Tropical Latin America,3,Both,22,All ages,559,Schizophrenia,1,Number,1996,25468.066354309565,30947.212573769684,20613.53479395122
6,Incidence,134,Tropical Latin America,3,Both,22,All ages,559,Schizophrenia,3,Rate,1996,15.120798394689999,18.3738551524,12.23858535175
6,Incidence,134,Tropical Latin America,3,Both,22,All ages,559,Schizophrenia,1,Number,1997,25945.032209518205,31533.37867603588,20999.9765313744
6,Incidence,134,Tropical Latin America,3,Both,22,All ages,559,Schizophrenia,3,Rate,1997,15.147019611070002,18.40956300814,12.260037057729999
6,Incidence,134,Tropical Latin America,3,Both,22,All ages,559,Schizophrenia,1,Number,1998,26420.04945868693,32133.459226581133,21395.97079442069
6,Incidence,134,Tropical Latin America,3,Both,22,All ages,559,Schizophrenia,3,Rate,1998,15.16960394585,18.45007332934,12.28492791037
6,Incidence,134,Tropical Latin America,3,Both,22,All ages,559,Schizophrenia,1,Number,1999,26893.966958659392,32701.532686020957,21790.233698547014
6,Incidence,134,Tropical Latin America,3,Both,22,All ages,559,Schizophrenia,3,Rate,1999,15.19250175711,18.4732171924,12.30938389498
6,Incidence,134,Tropical Latin America,3,Both,22,All ages,559,Schizophrenia,1,Number,2000,27369.952471363165,33255.30227373156,22185.38805667188
6,Incidence,134,Tropical Latin America,3,Both,22,All ages,559,Schizophrenia,3,Rate,2000,15.220118068380001,18.492893896520002,12.337040992990001
6,Incidence,134,Tropical Latin America,3,Both,22,All ages,559,Schizophrenia,1,Number,2001,27828.330568568043,33843.076919878826,22576.0995233911
6,Incidence,134,Tropical Latin America,3,Both,22,All ages,559,Schizophrenia,3,Rate,2001,15.244318595950002,18.53918780944,12.36715414676
6,Incidence,134,Tropical Latin America,3,Both,22,All ages,559,Schizophrenia,1,Number,2002,28259.60876862049,34345.45768853472,22948.07946839178
6,Incidence,134,Tropical Latin America,3,Both,22,All ages,559,Schizophrenia,3,Rate,2002,15.260747767049999,18.54722657416,12.392416872179998
6,Incidence,134,Tropical Latin America,3,Both,22,All ages,559,Schizophrenia,1,Number,2003,28671.070869771465,34832.1699877053,23335.7935162522
6,Incidence,134,Tropical Latin America,3,Both,22,All ages,559,Schizophrenia,3,Rate,2003,15.27345617361,18.55555462702,12.43128382493
6,Incidence,134,Tropical Latin America,3,Both,22,All ages,559,Schizophrenia,1,Number,2004,29069.092905436155,35296.47935155769,23729.61028618844
6,Incidence,134,Tropical Latin America,3,Both,22,All ages,559,Schizophrenia,3,Rate,2004,15.285300858429999,18.55982599412,12.47765912949
6,Incidence,134,Tropical Latin America,3,Both,22,All ages,559,Schizophrenia,1,Number,2005,29463.89515483739,35747.92638096406,24138.180268949567
6,Incidence,134,Tropical Latin America,3,Both,22,All ages,559,Schizophrenia,3,Rate,2005,15.299795716510001,18.56292143464,12.53429748994
6,Incidence,134,Tropical Latin America,3,Both,22,All ages,559,Schizophrenia,1,Number,2006,29864.38609290119,36258.66641705104,24484.228333080293
6,Incidence,134,Tropical Latin America,3,Both,22,All ages,559,Schizophrenia,3,Rate,2006,15.320561938460001,18.600855980109998,12.5605172504
6,Incidence,134,Tropical Latin America,3,Both,22,All ages,559,Schizophrenia,1,Number,2007,30268.937695749108,36773.41562133409,24791.458203214057
6,Incidence,134,Tropical Latin America,3,Both,22,All ages,559,Schizophrenia,3,Rate,2007,15.346744827519998,18.644599676720002,12.569591532119999
6,Incidence,134,Tropical Latin America,3,Both,22,All ages,559,Schizophrenia,1,Number,2008,30659.18874169712,37344.7733238442,25130.236548437235
6,Incidence,134,Tropical Latin America,3,Both,22,All ages,559,Schizophrenia,3,Rate,2008,15.36829905293,18.71953133986,12.596843112879998
6,Incidence,134,Tropical Latin America,3,Both,22,All ages,559,Schizophrenia,1,Number,2009,31013.17627395783,37888.84578685776,25446.63294865689
6,Incidence,134,Tropical Latin America,3,Both,22,All ages,559,Schizophrenia,3,Rate,2009,15.3739509406,18.7823798239,12.614486278360001
6,Incidence,134,Tropical Latin America,3,Both,22,All ages,559,Schizophrenia,1,Number,2010,31311.708811616856,38134.77921563412,25698.17068159525
6,Incidence,134,Tropical Latin America,3,Both,22,All ages,559,Schizophrenia,3,Rate,2010,15.3539323802,18.69967637133,12.601291654630002
6,Incidence,134,Tropical Latin America,3,Both,22,All ages,559,Schizophrenia,1,Number,2011,31546.62911704432,38354.20085182989,25856.87236933266
6,Incidence,134,Tropical Latin America,3,Both,22,All ages,559,Schizophrenia,3,Rate,2011,15.30414418281,18.60668592119,12.54388547786
6,Incidence,134,Tropical Latin America,3,Both,22,All ages,559,Schizophrenia,1,Number,2012,31737.172111051477,38414.09771815555,26079.11487414212
6,Incidence,134,Tropical Latin America,3,Both,22,All ages,559,Schizophrenia,3,Rate,2012,15.233821815630002,18.43874173159,12.517958049690002
6,Incidence,134,Tropical Latin America,3,Both,22,All ages,559,Schizophrenia,1,Number,2013,31897.010393143915,38453.246419641575,26271.17955252809
6,Incidence,134,Tropical Latin America,3,Both,22,All ages,559,Schizophrenia,3,Rate,2013,15.14970993088,18.26364044711,12.47768191618
6,Incidence,134,Tropical Latin America,3,Both,22,All ages,559,Schizophrenia,1,Number,2014,32038.7668281349,38562.97847929542,26431.170116112487
6,Incidence,134,Tropical Latin America,3,Both,22,All ages,559,Schizophrenia,3,Rate,2014,15.05789929984,18.124213386799997,12.42238504747
6,Incidence,134,Tropical Latin America,3,Both,22,All ages,559,Schizophrenia,1,Number,2015,32170.93551369813,38793.64601811019,26534.024691906063
6,Incidence,134,Tropical Latin America,3,Both,22,All ages,559,Schizophrenia,3,Rate,2015,14.96357480271,18.04397711141,12.34169466801
6,Incidence,134,Tropical Latin America,3,Both,22,All ages,559,Schizophrenia,1,Number,2016,32280.23651886605,38889.33870134511,26613.0440817725
6,Incidence,134,Tropical Latin America,3,Both,22,All ages,559,Schizophrenia,3,Rate,2016,14.86281963864,17.905854768010002,12.25346889857
6,Incidence,134,Tropical Latin America,3,Both,22,All ages,559,Schizophrenia,1,Number,2017,32365.317711084037,39024.540995110685,26635.95259732244
6,Incidence,134,Tropical Latin America,3,Both,22,All ages,559,Schizophrenia,3,Rate,2017,14.75308081879,17.78855416642,12.14146466479
6,Incidence,134,Tropical Latin America,3,Both,22,All ages,559,Schizophrenia,1,Number,2018,32436.6150200038,39197.39858167662,26662.06057717609
6,Incidence,134,Tropical Latin America,3,Both,22,All ages,559,Schizophrenia,3,Rate,2018,14.63885529828,17.69004088597,12.03276132551
6,Incidence,134,Tropical Latin America,3,Both,22,All ages,559,Schizophrenia,1,Number,2019,32499.8850451142,39360.70961317638,26686.32448061835
6,Incidence,134,Tropical Latin America,3,Both,22,All ages,559,Schizophrenia,3,Rate,2019,14.52486945907,17.5911135733,11.926669244680001
6,Incidence,134,Tropical Latin America,3,Both,22,All ages,559,Schizophrenia,1,Number,2020,32650.66241385417,39597.28471562839,26985.210930139736
6,Incidence,134,Tropical Latin America,3,Both,22,All ages,559,Schizophrenia,3,Rate,2020,14.46077385797,17.53738936149,11.95158088446
6,Incidence,134,Tropical Latin America,3,Both,22,All ages,559,Schizophrenia,1,Number,2021,32547.274755766583,39418.729278247934,26913.61626922919
6,Incidence,134,Tropical Latin America,3,Both,22,All ages,559,Schizophrenia,3,Rate,2021,14.30492993376,17.32501921081,11.828867328660001
6,Incidence,134,Tropical Latin America,3,Both,27,Age-standardized,559,Schizophrenia,3,Rate,1990,13.75141487304,16.60900041991,11.30684788697
6,Incidence,134,Tropical Latin America,3,Both,27,Age-standardized,559,Schizophrenia,3,Rate,1991,13.760213066630001,16.62918620201,11.30604431612
6,Incidence,134,Tropical Latin America,3,Both,27,Age-standardized,559,Schizophrenia,3,Rate,1992,13.76716301429,16.64174856079,11.30809243259
6,Incidence,134,Tropical Latin America,3,Both,27,Age-standardized,559,Schizophrenia,3,Rate,1993,13.772399667960002,16.645468237230002,11.327733830349999
6,Incidence,134,Tropical Latin America,3,Both,27,Age-standardized,559,Schizophrenia,3,Rate,1994,13.77595532948,16.63127545864,11.33544741441
6,Incidence,134,Tropical Latin America,3,Both,27,Age-standardized,559,Schizophrenia,3,Rate,1995,13.77788741543,16.62113995611,11.341934048659999
6,Incidence,134,Tropical Latin America,3,Both,27,Age-standardized,559,Schizophrenia,3,Rate,1996,13.77689498248,16.627428145259998,11.323170730980001
6,Incidence,134,Tropical Latin America,3,Both,27,Age-standardized,559,Schizophrenia,3,Rate,1997,13.772566605600002,16.64800497006,11.30239201704
6,Incidence,134,Tropical Latin America,3,Both,27,Age-standardized,559,Schizophrenia,3,Rate,1998,13.766761541260001,16.67893894965,11.28988911439
6,Incidence,134,Tropical Latin America,3,Both,27,Age-standardized,559,Schizophrenia,3,Rate,1999,13.76136886663,16.67953231441,11.28465355709
6,Incidence,134,Tropical Latin America,3,Both,27,Age-standardized,559,Schizophrenia,3,Rate,2000,13.758356672059998,16.66614453608,11.280782686330001
6,Incidence,134,Tropical Latin America,3,Both,27,Age-standardized,559,Schizophrenia,3,Rate,2001,13.753241255610002,16.67076863246,11.27807436501
6,Incidence,134,Tropical Latin America,3,Both,27,Age-standardized,559,Schizophrenia,3,Rate,2002,13.74256089587,16.63951476851,11.276101826020001
6,Incidence,134,Tropical Latin America,3,Both,27,Age-standardized,559,Schizophrenia,3,Rate,2003,13.73037213339,16.6023599172,11.282076737
6,Incidence,134,Tropical Latin America,3,Both,27,Age-standardized,559,Schizophrenia,3,Rate,2004,13.720813324899998,16.564887710479997,11.30217960937
6,Incidence,134,Tropical Latin America,3,Both,27,Age-standardized,559,Schizophrenia,3,Rate,2005,13.71820839599,16.545343198570002,11.325512147300001
6,Incidence,134,Tropical Latin America,3,Both,27,Age-standardized,559,Schizophrenia,3,Rate,2006,13.72908420955,16.59363290674,11.33463716803
6,Incidence,134,Tropical Latin America,3,Both,27,Age-standardized,559,Schizophrenia,3,Rate,2007,13.751529532389998,16.65214612544,11.349813064300001
6,Incidence,134,Tropical Latin America,3,Both,27,Age-standardized,559,Schizophrenia,3,Rate,2008,13.777680322040002,16.69894114937,11.36850891989
6,Incidence,134,Tropical Latin America,3,Both,27,Age-standardized,559,Schizophrenia,3,Rate,2009,13.79966967674,16.70618729248,11.38583661932
6,Incidence,134,Tropical Latin America,3,Both,27,Age-standardized,559,Schizophrenia,3,Rate,2010,13.809687757469998,16.70760850951,11.38098283312
6,Incidence,134,Tropical Latin America,3,Both,27,Age-standardized,559,Schizophrenia,3,Rate,2011,13.805269983930001,16.70352130038,11.37590554444
6,Incidence,134,Tropical Latin America,3,Both,27,Age-standardized,559,Schizophrenia,3,Rate,2012,13.792379163360001,16.69044108662,11.34726752273
6,Incidence,134,Tropical Latin America,3,Both,27,Age-standardized,559,Schizophrenia,3,Rate,2013,13.77603601494,16.62312129638,11.32798137999
6,Incidence,134,Tropical Latin America,3,Both,27,Age-standardized,559,Schizophrenia,3,Rate,2014,13.761275019869998,16.556268798199998,11.317960204179998
6,Incidence,134,Tropical Latin America,3,Both,27,Age-standardized,559,Schizophrenia,3,Rate,2015,13.7531340695,16.52848972975,11.31365203657
6,Incidence,134,Tropical Latin America,3,Both,27,Age-standardized,559,Schizophrenia,3,Rate,2016,13.748511930380001,16.53591397341,11.30129631514
6,Incidence,134,Tropical Latin America,3,Both,27,Age-standardized,559,Schizophrenia,3,Rate,2017,13.742807076480002,16.570686602949998,11.30708886783
6,Incidence,134,Tropical Latin America,3,Both,27,Age-standardized,559,Schizophrenia,3,Rate,2018,13.73878795221,16.55448824189,11.319461419160001
6,Incidence,134,Tropical Latin America,3,Both,27,Age-standardized,559,Schizophrenia,3,Rate,2019,13.73915322425,16.53342456127,11.33054365416
6,Incidence,134,Tropical Latin America,3,Both,27,Age-standardized,559,Schizophrenia,3,Rate,2020,13.785524994740001,16.71271125152,11.31144852471
6,Incidence,134,Tropical Latin America,3,Both,27,Age-standardized,559,Schizophrenia,3,Rate,2021,13.75211739588,16.59789789499,11.35035208601
6,Incidence,159,South Asia,3,Both,22,All ages,559,Schizophrenia,1,Number,1990,170021.35548787797,208810.0794416779,136997.38446540368
6,Incidence,159,South Asia,3,Both,22,All ages,559,Schizophrenia,3,Rate,1990,15.54959878429,19.09708899871,12.52933407583
6,Incidence,159,South Asia,3,Both,22,All ages,559,Schizophrenia,1,Number,1991,173582.14572847454,213079.32069596677,139869.77061683655
6,Incidence,159,South Asia,3,Both,22,All ages,559,Schizophrenia,3,Rate,1991,15.57560594627,19.119705661730002,12.5505789883
6,Incidence,159,South Asia,3,Both,22,All ages,559,Schizophrenia,1,Number,1992,177227.2133363484,217423.8046811878,142822.78981315106
6,Incidence,159,South Asia,3,Both,22,All ages,559,Schizophrenia,3,Rate,1992,15.60193319562,19.14058011698,12.57319112301
6,Incidence,159,South Asia,3,Both,22,All ages,559,Schizophrenia,1,Number,1993,180996.4380932185,221891.2814757726,145859.25170227422
6,Incidence,159,South Asia,3,Both,22,All ages,559,Schizophrenia,3,Rate,1993,15.62991657908,19.16138381301,12.59565083386
6,Incidence,159,South Asia,3,Both,22,All ages,559,Schizophrenia,1,Number,1994,184925.5136041241,226516.2341777144,148866.32363826313
6,Incidence,159,South Asia,3,Both,22,All ages,559,Schizophrenia,3,Rate,1994,15.662876615090001,19.185539940349997,12.608724528300002
6,Incidence,159,South Asia,3,Both,22,All ages,559,Schizophrenia,1,Number,1995,189055.91372297332,231348.28499533693,152065.06906953923
6,Incidence,159,South Asia,3,Both,22,All ages,559,Schizophrenia,3,Rate,1995,15.70547862747,19.218840997599997,12.6325310075
6,Incidence,159,South Asia,3,Both,22,All ages,559,Schizophrenia,1,Number,1996,193296.80659229876,236843.3004745501,155696.8937266186
6,Incidence,159,South Asia,3,Both,22,All ages,559,Schizophrenia,3,Rate,1996,15.749759056770001,19.29791279249,12.68613075049
6,Incidence,159,South Asia,3,Both,22,All ages,559,Schizophrenia,1,Number,1997,197631.6197059009,242435.8999349012,159444.8102286696
6,Incidence,159,South Asia,3,Both,22,All ages,559,Schizophrenia,3,Rate,1997,15.79445578289,19.37515417525,12.74261683791
6,Incidence,159,South Asia,3,Both,22,All ages,559,Schizophrenia,1,Number,1998,202092.0504161678,247966.5453054901,163101.62514726672
6,Incidence,159,South Asia,3,Both,22,All ages,559,Schizophrenia,3,Rate,1998,15.843722561180002,19.44021617963,12.786929979629999
6,Incidence,159,South Asia,3,Both,22,All ages,559,Schizophrenia,1,Number,1999,206707.60885379216,253511.0171791096,166856.44036488648
6,Incidence,159,South Asia,3,Both,22,All ages,559,Schizophrenia,3,Rate,1999,15.899053684990001,19.49896907142,12.833874465280001
6,Incidence,159,South Asia,3,Both,22,All ages,559,Schizophrenia,1,Number,2000,211510.9283051831,259240.8176768234,170739.7333024905
6,Incidence,159,South Asia,3,Both,22,All ages,559,Schizophrenia,3,Rate,2000,15.962058272260002,19.564081494339998,12.88518562233
6,Incidence,159,South Asia,3,Both,22,All ages,559,Schizophrenia,1,Number,2001,216345.13435336656,265266.5987151817,174594.2188307721
6,Incidence,159,South Asia,3,Both,22,All ages,559,Schizophrenia,3,Rate,2001,16.02164530381,19.64457101504,12.929741427109999
6,Incidence,159,South Asia,3,Both,22,All ages,559,Schizophrenia,1,Number,2002,221138.6353947729,271034.89818094444,178315.7297449033
6,Incidence,159,South Asia,3,Both,22,All ages,559,Schizophrenia,3,Rate,2002,16.07236944589,19.69883285441,12.959998063459999
6,Incidence,159,South Asia,3,Both,22,All ages,559,Schizophrenia,1,Number,2003,225940.87663372708,276849.0227538684,181824.63514352392
6,Incidence,159,South Asia,3,Both,22,All ages,559,Schizophrenia,3,Rate,2003,16.11781472774,19.74941994908,12.97071971148
6,Incidence,159,South Asia,3,Both,22,All ages,559,Schizophrenia,1,Number,2004,230790.5839868955,282755.60346843576,185394.00420246483
6,Incidence,159,South Asia,3,Both,22,All ages,559,Schizophrenia,3,Rate,2004,16.16154545601,19.80049384795,12.98256442889
6,Incidence,159,South Asia,3,Both,22,All ages,559,Schizophrenia,1,Number,2005,235728.95985550623,288820.0298029673,189058.79339394264
6,Incidence,159,South Asia,3,Both,22,All ages,559,Schizophrenia,3,Rate,2005,16.20751722321,19.85778756377,12.99871535517
6,Incidence,159,South Asia,3,Both,22,All ages,559,Schizophrenia,1,Number,2006,240579.2493280604,295128.83757418394,193174.1139036719
6,Incidence,159,South Asia,3,Both,22,All ages,559,Schizophrenia,3,Rate,2006,16.24433357119,19.92761760386,13.04345554463
6,Incidence,159,South Asia,3,Both,22,All ages,559,Schizophrenia,1,Number,2007,245267.00301418212,301219.6047343296,197226.36995803344
6,Incidence,159,South Asia,3,Both,22,All ages,559,Schizophrenia,3,Rate,2007,16.26854795999,19.97988121471,13.08201518837
6,Incidence,159,South Asia,3,Both,22,All ages,559,Schizophrenia,1,Number,2008,249899.76304415383,307181.7103724575,201044.7131205208
6,Incidence,159,South Asia,3,Both,22,All ages,559,Schizophrenia,3,Rate,2008,16.28852243392,20.022172569280002,13.10413935569
6,Incidence,159,South Asia,3,Both,22,All ages,559,Schizophrenia,1,Number,2009,254598.15670195172,312956.1011961681,204732.5800489037
6,Incidence,159,South Asia,3,Both,22,All ages,559,Schizophrenia,3,Rate,2009,16.31130890914,20.050120188370002,13.11657711981
6,Incidence,159,South Asia,3,Both,22,All ages,559,Schizophrenia,1,Number,2010,259494.23569477,319018.58181218954,208550.49417895076
6,Incidence,159,South Asia,3,Both,22,All ages,559,Schizophrenia,3,Rate,2010,16.34588139031,20.0953978251,13.13686846496
6,Incidence,159,South Asia,3,Both,22,All ages,559,Schizophrenia,1,Number,2011,265019.8028261352,325971.67802571965,213151.690127108
6,Incidence,159,South Asia,3,Both,22,All ages,559,Schizophrenia,3,Rate,2011,16.42071489047,20.19731329564,13.20694942293
6,Incidence,159,South Asia,3,Both,22,All ages,559,Schizophrenia,1,Number,2012,271274.6108042216,333588.43152647663,218348.73315461984
6,Incidence,159,South Asia,3,Both,22,All ages,559,Schizophrenia,3,Rate,2012,16.54151444257,20.34122486292,13.314252713459998
6,Incidence,159,South Asia,3,Both,22,All ages,559,Schizophrenia,1,Number,2013,277801.01602445287,341555.0067171031,223752.2329337705
6,Incidence,159,South Asia,3,Both,22,All ages,559,Schizophrenia,3,Rate,2013,16.67967962119,20.507585489009998,13.43449211695
6,Incidence,159,South Asia,3,Both,22,All ages,559,Schizophrenia,1,Number,2014,284097.1407439661,349078.3949753536,228703.5910088343
6,Incidence,159,South Asia,3,Both,22,All ages,559,Schizophrenia,3,Rate,2014,16.80540327389,20.64928631946,13.52866863434
6,Incidence,159,South Asia,3,Both,22,All ages,559,Schizophrenia,1,Number,2015,289627.6311852256,355627.5206204939,233072.81878465225
6,Incidence,159,South Asia,3,Both,22,All ages,559,Schizophrenia,3,Rate,2015,16.88747103367,20.73576139362,13.58989976148
6,Incidence,159,South Asia,3,Both,22,All ages,559,Schizophrenia,1,Number,2016,294292.5042824466,360915.6626196626,236593.70538549087
6,Incidence,159,South Asia,3,Both,22,All ages,559,Schizophrenia,3,Rate,2016,16.92186992468,20.75271305847,13.60417900311
6,Incidence,159,South Asia,3,Both,22,All ages,559,Schizophrenia,1,Number,2017,298521.46761515544,365685.2933832213,239910.3549389236
6,Incidence,159,South Asia,3,Both,22,All ages,559,Schizophrenia,3,Rate,2017,16.93635173482,20.74683205355,13.61110203743
6,Incidence,159,South Asia,3,Both,22,All ages,559,Schizophrenia,1,Number,2018,302543.3897126648,370139.7885574354,243062.29981599175
6,Incidence,159,South Asia,3,Both,22,All ages,559,Schizophrenia,3,Rate,2018,16.94567109889,20.73179362294,13.61409281866
6,Incidence,159,South Asia,3,Both,22,All ages,559,Schizophrenia,1,Number,2019,306614.77705560584,374545.2266312889,246265.53583437204
6,Incidence,159,South Asia,3,Both,22,All ages,559,Schizophrenia,3,Rate,2019,16.96425856616,20.72268704826,13.62528011841
6,Incidence,159,South Asia,3,Both,22,All ages,559,Schizophrenia,1,Number,2020,311128.03632227017,380080.477968359,250292.77439356945
6,Incidence,159,South Asia,3,Both,22,All ages,559,Schizophrenia,3,Rate,2020,17.02040038591,20.7924749899,13.69237978112
6,Incidence,159,South Asia,3,Both,22,All ages,559,Schizophrenia,1,Number,2021,314672.7106210043,382451.6590329551,253849.4370797548
6,Incidence,159,South Asia,3,Both,22,All ages,559,Schizophrenia,3,Rate,2021,17.040917491000002,20.71144699207,13.74706851406
6,Incidence,159,South Asia,3,Both,27,Age-standardized,559,Schizophrenia,3,Rate,1990,15.19887612607,18.417103000450002,12.41646960225
6,Incidence,159,South Asia,3,Both,27,Age-standardized,559,Schizophrenia,3,Rate,1991,15.197254693520001,18.4246988728,12.41844929058
6,Incidence,159,South Asia,3,Both,27,Age-standardized,559,Schizophrenia,3,Rate,1992,15.193622536329999,18.43092589009,12.42188827932
6,Incidence,159,South Asia,3,Both,27,Age-standardized,559,Schizophrenia,3,Rate,1993,15.188606097760001,18.436120676770003,12.426063993160001
6,Incidence,159,South Asia,3,Both,27,Age-standardized,559,Schizophrenia,3,Rate,1994,15.182807853209999,18.44067864578,12.41740095237
6,Incidence,159,South Asia,3,Both,27,Age-standardized,559,Schizophrenia,3,Rate,1995,15.17683864985,18.444849664859998,12.41160400515
6,Incidence,159,South Asia,3,Both,27,Age-standardized,559,Schizophrenia,3,Rate,1996,15.1687933328,18.43426558602,12.40913138944
6,Incidence,159,South Asia,3,Both,27,Age-standardized,559,Schizophrenia,3,Rate,1997,15.15770597476,18.40949654803,12.40591973465
6,Incidence,159,South Asia,3,Both,27,Age-standardized,559,Schizophrenia,3,Rate,1998,15.14554468642,18.384076800179997,12.3996188113
6,Incidence,159,South Asia,3,Both,27,Age-standardized,559,Schizophrenia,3,Rate,1999,15.13424540473,18.3630093081,12.39182816907
6,Incidence,159,South Asia,3,Both,27,Age-standardized,559,Schizophrenia,3,Rate,2000,15.12567201032,18.34838982056,12.38691212741
6,Incidence,159,South Asia,3,Both,27,Age-standardized,559,Schizophrenia,3,Rate,2001,15.114555198929999,18.34965812172,12.373278833039999
6,Incidence,159,South Asia,3,Both,27,Age-standardized,559,Schizophrenia,3,Rate,2002,15.097300652620001,18.34586143119,12.35307445187
6,Incidence,159,South Asia,3,Both,27,Age-standardized,559,Schizophrenia,3,Rate,2003,15.07809289369,18.34118334762,12.331024540080001
6,Incidence,159,South Asia,3,Both,27,Age-standardized,559,Schizophrenia,3,Rate,2004,15.06111911208,18.33905683918,12.3116424378
6,Incidence,159,South Asia,3,Both,27,Age-standardized,559,Schizophrenia,3,Rate,2005,15.050545928470001,18.34330847056,12.29916215841
6,Incidence,159,South Asia,3,Both,27,Age-standardized,559,Schizophrenia,3,Rate,2006,15.03940686634,18.31130863348,12.27650452161
6,Incidence,159,South Asia,3,Both,27,Age-standardized,559,Schizophrenia,3,Rate,2007,15.02184186195,18.2689921072,12.249250684249999
6,Incidence,159,South Asia,3,Both,27,Age-standardized,559,Schizophrenia,3,Rate,2008,15.00387943075,18.22598302948,12.22275814912
6,Incidence,159,South Asia,3,Both,27,Age-standardized,559,Schizophrenia,3,Rate,2009,14.99164982279,18.19072844148,12.20181304196
6,Incidence,159,South Asia,3,Both,27,Age-standardized,559,Schizophrenia,3,Rate,2010,14.991275512380001,18.170621312159998,12.1956959368
6,Incidence,159,South Asia,3,Both,27,Age-standardized,559,Schizophrenia,3,Rate,2011,15.02841363131,18.22886066788,12.2237071969
6,Incidence,159,South Asia,3,Both,27,Age-standardized,559,Schizophrenia,3,Rate,2012,15.106468222330001,18.33724788969,12.29124226396
6,Incidence,159,South Asia,3,Both,27,Age-standardized,559,Schizophrenia,3,Rate,2013,15.19823249688,18.45342052534,12.371481537200001
6,Incidence,159,South Asia,3,Both,27,Age-standardized,559,Schizophrenia,3,Rate,2014,15.276511259989999,18.55565237466,12.44193220339
6,Incidence,159,South Asia,3,Both,27,Age-standardized,559,Schizophrenia,3,Rate,2015,15.31425890734,18.61037637096,12.479460965909999
6,Incidence,159,South Asia,3,Both,27,Age-standardized,559,Schizophrenia,3,Rate,2016,15.309239510180001,18.60219992931,12.46819423871
6,Incidence,159,South Asia,3,Both,27,Age-standardized,559,Schizophrenia,3,Rate,2017,15.2869963014,18.572834367989998,12.441239432940002
6,Incidence,159,South Asia,3,Both,27,Age-standardized,559,Schizophrenia,3,Rate,2018,15.26224064529,18.53963358908,12.414177334649999
6,Incidence,159,South Asia,3,Both,27,Age-standardized,559,Schizophrenia,3,Rate,2019,15.249496521829998,18.511658925109998,12.40043335594
6,Incidence,159,South Asia,3,Both,27,Age-standardized,559,Schizophrenia,3,Rate,2020,15.273925683569999,18.57139737041,12.4503642837
6,Incidence,159,South Asia,3,Both,27,Age-standardized,559,Schizophrenia,3,Rate,2021,15.26050996656,18.50622238087,12.454996514030002
6,Incidence,44634,High-middle SDI,3,Both,22,All ages,559,Schizophrenia,1,Number,1990,184070.1134863151,215712.9307311541,156454.5832898721
6,Incidence,44634,High-middle SDI,3,Both,22,All ages,559,Schizophrenia,3,Rate,1990,17.30743253268,20.28268970092,14.7108462826
6,Incidence,44634,High-middle SDI,3,Both,22,All ages,559,Schizophrenia,1,Number,1991,186282.6921113804,218462.32158475288,158661.0934784346
6,Incidence,44634,High-middle SDI,3,Both,22,All ages,559,Schizophrenia,3,Rate,1991,17.321023114979997,20.3131642507,14.75269890315
6,Incidence,44634,High-middle SDI,3,Both,22,All ages,559,Schizophrenia,1,Number,1992,188289.5356119189,221076.67259315512,160375.95707365405
6,Incidence,44634,High-middle SDI,3,Both,22,All ages,559,Schizophrenia,3,Rate,1992,17.32934368734,20.34692808695,14.76030024868
6,Incidence,44634,High-middle SDI,3,Both,22,All ages,559,Schizophrenia,1,Number,1993,190152.13307192357,223722.66341249543,161801.7090991027
6,Incidence,44634,High-middle SDI,3,Both,22,All ages,559,Schizophrenia,3,Rate,1993,17.33963681016,20.40087411644,14.75441177396
6,Incidence,44634,High-middle SDI,3,Both,22,All ages,559,Schizophrenia,1,Number,1994,191829.49626285903,225861.7946466072,163384.1738313695
6,Incidence,44634,High-middle SDI,3,Both,22,All ages,559,Schizophrenia,3,Rate,1994,17.35012754257,20.42819806368,14.777374228870002
6,Incidence,44634,High-middle SDI,3,Both,22,All ages,559,Schizophrenia,1,Number,1995,193435.0747373583,227647.90442191772,164648.0456787686
6,Incidence,44634,High-middle SDI,3,Both,22,All ages,559,Schizophrenia,3,Rate,1995,17.36433526989,20.4355623779,14.78017298869
6,Incidence,44634,High-middle SDI,3,Both,22,All ages,559,Schizophrenia,1,Number,1996,194843.39769917968,228553.48183490505,166001.5963246047
6,Incidence,44634,High-middle SDI,3,Both,22,All ages,559,Schizophrenia,3,Rate,1996,17.36476462034,20.369062858110002,14.794335763060001
6,Incidence,44634,High-middle SDI,3,Both,22,All ages,559,Schizophrenia,1,Number,1997,196113.56426800005,229150.30497167652,167173.35068659708
6,Incidence,44634,High-middle SDI,3,Both,22,All ages,559,Schizophrenia,3,Rate,1997,17.35613826563,20.27990461315,14.794916403030001
6,Incidence,44634,High-middle SDI,3,Both,22,All ages,559,Schizophrenia,1,Number,1998,197492.3888889442,230203.71731208044,168356.05864759663
6,Incidence,44634,High-middle SDI,3,Both,22,All ages,559,Schizophrenia,3,Rate,1998,17.35777338413,20.23279975379,14.796956633570002
6,Incidence,44634,High-middle SDI,3,Both,22,All ages,559,Schizophrenia,1,Number,1999,199062.0824576969,232220.21337936076,169884.18972556724
6,Incidence,44634,High-middle SDI,3,Both,22,All ages,559,Schizophrenia,3,Rate,1999,17.378318967869998,20.27305697332,14.83105973874
6,Incidence,44634,High-middle SDI,3,Both,22,All ages,559,Schizophrenia,1,Number,2000,200896.4593967092,234591.49941011792,171723.79142756603
6,Incidence,44634,High-middle SDI,3,Both,22,All ages,559,Schizophrenia,3,Rate,2000,17.42483138926,20.34738359675,14.89452885399
6,Incidence,44634,High-middle SDI,3,Both,22,All ages,559,Schizophrenia,1,Number,2001,202737.39980664093,236554.9932164201,173209.05309678102
6,Incidence,44634,High-middle SDI,3,Both,22,All ages,559,Schizophrenia,3,Rate,2001,17.47173347528,20.38610437771,14.927006137489998
6,Incidence,44634,High-middle SDI,3,Both,22,All ages,559,Schizophrenia,1,Number,2002,204494.8742851938,238392.0935683346,174894.74393190088
6,Incidence,44634,High-middle SDI,3,Both,22,All ages,559,Schizophrenia,3,Rate,2002,17.51290789667,20.41586026325,14.97795752973
6,Incidence,44634,High-middle SDI,3,Both,22,All ages,559,Schizophrenia,1,Number,2003,206290.9736124193,240138.39712390225,176779.2934690184
6,Incidence,44634,High-middle SDI,3,Both,22,All ages,559,Schizophrenia,3,Rate,2003,17.559239119769998,20.44029102727,15.04724046374
6,Incidence,44634,High-middle SDI,3,Both,22,All ages,559,Schizophrenia,1,Number,2004,208184.7984433921,242312.9109996343,178317.34334112023
6,Incidence,44634,High-middle SDI,3,Both,22,All ages,559,Schizophrenia,3,Rate,2004,17.61123575289,20.498277652800002,15.08462095163
6,Incidence,44634,High-middle SDI,3,Both,22,All ages,559,Schizophrenia,1,Number,2005,210211.84290640175,244590.75902646943,179955.71504873032
6,Incidence,44634,High-middle SDI,3,Both,22,All ages,559,Schizophrenia,3,Rate,2005,17.67169561428,20.56179796448,15.12818010833
6,Incidence,44634,High-middle SDI,3,Both,22,All ages,559,Schizophrenia,1,Number,2006,212284.31125128685,247224.86579817592,181852.4329800356
6,Incidence,44634,High-middle SDI,3,Both,22,All ages,559,Schizophrenia,3,Rate,2006,17.73149635828,20.64998012212,15.189609322149998
6,Incidence,44634,High-middle SDI,3,Both,22,All ages,559,Schizophrenia,1,Number,2007,214326.91765950937,249586.1547894667,183422.9942811173
6,Incidence,44634,High-middle SDI,3,Both,22,All ages,559,Schizophrenia,3,Rate,2007,17.78079386485,20.70593847144,15.216970817299998
6,Incidence,44634,High-middle SDI,3,Both,22,All ages,559,Schizophrenia,1,Number,2008,216059.45269746747,251264.8372707905,185065.9439815428
6,Incidence,44634,High-middle SDI,3,Both,22,All ages,559,Schizophrenia,3,Rate,2008,17.801775051259998,20.702450439179998,15.24812852795
6,Incidence,44634,High-middle SDI,3,Both,22,All ages,559,Schizophrenia,1,Number,2009,217180.17470919315,252829.26667837863,186065.75421042927
6,Incidence,44634,High-middle SDI,3,Both,22,All ages,559,Schizophrenia,3,Rate,2009,17.7762266891,20.69410969086,15.229507160819999
6,Incidence,44634,High-middle SDI,3,Both,22,All ages,559,Schizophrenia,1,Number,2010,217506.68261819257,253902.8127455764,186682.2521265728
6,Incidence,44634,High-middle SDI,3,Both,22,All ages,559,Schizophrenia,3,Rate,2010,17.6955431222,20.65659830633,15.18778091271
6,Incidence,44634,High-middle SDI,3,Both,22,All ages,559,Schizophrenia,1,Number,2011,216893.46351999772,253175.37127196323,185908.73754594868
6,Incidence,44634,High-middle SDI,3,Both,22,All ages,559,Schizophrenia,3,Rate,2011,17.54830724263,20.48378558415,15.04141061976
6,Incidence,44634,High-middle SDI,3,Both,22,All ages,559,Schizophrenia,1,Number,2012,215567.24696968825,252048.38122067836,184575.1206125367
6,Incidence,44634,High-middle SDI,3,Both,22,All ages,559,Schizophrenia,3,Rate,2012,17.3445334068,20.27980423587,14.850907967380001
6,Incidence,44634,High-middle SDI,3,Both,22,All ages,559,Schizophrenia,1,Number,2013,213820.88933001863,250411.8624728792,183288.7878038503
6,Incidence,44634,High-middle SDI,3,Both,22,All ages,559,Schizophrenia,3,Rate,2013,17.10113700009,20.02763892721,14.659216321819999
6,Incidence,44634,High-middle SDI,3,Both,22,All ages,559,Schizophrenia,1,Number,2014,211931.8989397472,249152.21996557777,181886.4442289538
6,Incidence,44634,High-middle SDI,3,Both,22,All ages,559,Schizophrenia,3,Rate,2014,16.83992274436,19.7974167966,14.452537274400001
6,Incidence,44634,High-middle SDI,3,Both,22,All ages,559,Schizophrenia,1,Number,2015,210036.39628568405,247681.36582188512,180284.2649524668
6,Incidence,44634,High-middle SDI,3,Both,22,All ages,559,Schizophrenia,3,Rate,2015,16.576653319760002,19.54769843513,14.228532825610001
6,Incidence,44634,High-middle SDI,3,Both,22,All ages,559,Schizophrenia,1,Number,2016,208291.9739709984,245766.96109669216,178761.9352383474
6,Incidence,44634,High-middle SDI,3,Both,22,All ages,559,Schizophrenia,3,Rate,2016,16.329994418680002,19.26801607614,14.01485304048
6,Incidence,44634,High-middle SDI,3,Both,22,All ages,559,Schizophrenia,1,Number,2017,206792.10118892053,243996.6953461051,177344.62071805217
6,Incidence,44634,High-middle SDI,3,Both,22,All ages,559,Schizophrenia,3,Rate,2017,16.111107737700003,19.00970599827,13.816863771209999
6,Incidence,44634,High-middle SDI,3,Both,22,All ages,559,Schizophrenia,1,Number,2018,205466.37877306392,242319.6732956556,176270.3123037569
6,Incidence,44634,High-middle SDI,3,Both,22,All ages,559,Schizophrenia,3,Rate,2018,15.916997930119999,18.77193612554,13.65524721287
6,Incidence,44634,High-middle SDI,3,Both,22,All ages,559,Schizophrenia,1,Number,2019,204165.0320311637,240357.06081429104,175301.59272873338
6,Incidence,44634,High-middle SDI,3,Both,22,All ages,559,Schizophrenia,3,Rate,2019,15.74013566157,18.530365884869997,13.514904211500001
6,Incidence,44634,High-middle SDI,3,Both,22,All ages,559,Schizophrenia,1,Number,2020,203845.2747048085,240499.67119497625,174505.03619570436
6,Incidence,44634,High-middle SDI,3,Both,22,All ages,559,Schizophrenia,3,Rate,2020,15.662396825439998,18.478727515750002,13.408047495299998
6,Incidence,44634,High-middle SDI,3,Both,22,All ages,559,Schizophrenia,1,Number,2021,201510.8380542706,236757.02878024912,172551.08861720565
6,Incidence,44634,High-middle SDI,3,Both,22,All ages,559,Schizophrenia,3,Rate,2021,15.452914414119999,18.15577830953,13.23212800964
6,Incidence,44634,High-middle SDI,3,Both,27,Age-standardized,559,Schizophrenia,3,Rate,1990,15.77868333927,18.40365932429,13.53216282654
6,Incidence,44634,High-middle SDI,3,Both,27,Age-standardized,559,Schizophrenia,3,Rate,1991,15.7988120644,18.437537326530002,13.54536054172
6,Incidence,44634,High-middle SDI,3,Both,27,Age-standardized,559,Schizophrenia,3,Rate,1992,15.81418502307,18.47535032584,13.545298401519998
6,Incidence,44634,High-middle SDI,3,Both,27,Age-standardized,559,Schizophrenia,3,Rate,1993,15.827130932320001,18.513849400770003,13.542921488480001
6,Incidence,44634,High-middle SDI,3,Both,27,Age-standardized,559,Schizophrenia,3,Rate,1994,15.84166876653,18.55325394735,13.54409203644
6,Incidence,44634,High-middle SDI,3,Both,27,Age-standardized,559,Schizophrenia,3,Rate,1995,15.85714681929,18.57934324624,13.551838615700001
6,Incidence,44634,High-middle SDI,3,Both,27,Age-standardized,559,Schizophrenia,3,Rate,1996,15.867654075019999,18.566513805750002,13.56817925538
6,Incidence,44634,High-middle SDI,3,Both,27,Age-standardized,559,Schizophrenia,3,Rate,1997,15.872092369729998,18.54437801956,13.580429759460001
6,Incidence,44634,High-middle SDI,3,Both,27,Age-standardized,559,Schizophrenia,3,Rate,1998,15.87487229348,18.51811369079,13.593392742339999
6,Incidence,44634,High-middle SDI,3,Both,27,Age-standardized,559,Schizophrenia,3,Rate,1999,15.88304582192,18.49518805599,13.6141176559
6,Incidence,44634,High-middle SDI,3,Both,27,Age-standardized,559,Schizophrenia,3,Rate,2000,15.90038380465,18.48206473368,13.64542364668
6,Incidence,44634,High-middle SDI,3,Both,27,Age-standardized,559,Schizophrenia,3,Rate,2001,15.920049547249999,18.52219409511,13.645491337040001
6,Incidence,44634,High-middle SDI,3,Both,27,Age-standardized,559,Schizophrenia,3,Rate,2002,15.936525172729999,18.55962038441,13.642991307279999
6,Incidence,44634,High-middle SDI,3,Both,27,Age-standardized,559,Schizophrenia,3,Rate,2003,15.953000659399999,18.598347082660002,13.661612046150001
6,Incidence,44634,High-middle SDI,3,Both,27,Age-standardized,559,Schizophrenia,3,Rate,2004,15.973376982640001,18.606438716070002,13.70273414812
6,Incidence,44634,High-middle SDI,3,Both,27,Age-standardized,559,Schizophrenia,3,Rate,2005,16.000954958599998,18.61535707888,13.74663136629
6,Incidence,44634,High-middle SDI,3,Both,27,Age-standardized,559,Schizophrenia,3,Rate,2006,16.04538670342,18.6941072157,13.778097924569998
6,Incidence,44634,High-middle SDI,3,Both,27,Age-standardized,559,Schizophrenia,3,Rate,2007,16.10483036177,18.751426263549998,13.84212959798
6,Incidence,44634,High-middle SDI,3,Both,27,Age-standardized,559,Schizophrenia,3,Rate,2008,16.16587524054,18.83399812886,13.902570342859999
6,Incidence,44634,High-middle SDI,3,Both,27,Age-standardized,559,Schizophrenia,3,Rate,2009,16.21606476658,18.92600219442,13.94526536168
6,Incidence,44634,High-middle SDI,3,Both,27,Age-standardized,559,Schizophrenia,3,Rate,2010,16.24478846649,18.99196455367,13.96571058726
6,Incidence,44634,High-middle SDI,3,Both,27,Age-standardized,559,Schizophrenia,3,Rate,2011,16.247202237459998,19.00868501159,13.962142759559999
6,Incidence,44634,High-middle SDI,3,Both,27,Age-standardized,559,Schizophrenia,3,Rate,2012,16.232959759430003,19.01149642895,13.94216897899
6,Incidence,44634,High-middle SDI,3,Both,27,Age-standardized,559,Schizophrenia,3,Rate,2013,16.21131626444,18.99751164773,13.913758631460002
6,Incidence,44634,High-middle SDI,3,Both,27,Age-standardized,559,Schizophrenia,3,Rate,2014,16.19188572936,18.98231392469,13.887844292550001
6,Incidence,44634,High-middle SDI,3,Both,27,Age-standardized,559,Schizophrenia,3,Rate,2015,16.18613435468,18.98266810389,13.86610946491
6,Incidence,44634,High-middle SDI,3,Both,27,Age-standardized,559,Schizophrenia,3,Rate,2016,16.2091076955,19.0018003881,13.882641886570001
6,Incidence,44634,High-middle SDI,3,Both,27,Age-standardized,559,Schizophrenia,3,Rate,2017,16.25958946865,19.04173684806,13.91377522991
6,Incidence,44634,High-middle SDI,3,Both,27,Age-standardized,559,Schizophrenia,3,Rate,2018,16.32485488728,19.095702980909998,13.95465514208
6,Incidence,44634,High-middle SDI,3,Both,27,Age-standardized,559,Schizophrenia,3,Rate,2019,16.39428144318,19.15238318735,14.00534910484
6,Incidence,44634,High-middle SDI,3,Both,27,Age-standardized,559,Schizophrenia,3,Rate,2020,16.55532105592,19.23667484528,14.22729912251
6,Incidence,44634,High-middle SDI,3,Both,27,Age-standardized,559,Schizophrenia,3,Rate,2021,16.53090495979,19.33196591397,14.15373226611
6,Incidence,44636,Low-middle SDI,3,Both,22,All ages,559,Schizophrenia,1,Number,1990,175840.37489863005,217436.73473720255,140125.7768761312
6,Incidence,44636,Low-middle SDI,3,Both,22,All ages,559,Schizophrenia,3,Rate,1990,15.14024581659,18.72178454678,12.06513980858
6,Incidence,44636,Low-middle SDI,3,Both,22,All ages,559,Schizophrenia,1,Number,1991,179709.60898922087,222397.70337142263,143051.17736366772
6,Incidence,44636,Low-middle SDI,3,Both,22,All ages,559,Schizophrenia,3,Rate,1991,15.18367092063,18.790389453790002,12.08639879701
6,Incidence,44636,Low-middle SDI,3,Both,22,All ages,559,Schizophrenia,1,Number,1992,183592.32529241903,227336.52213750256,145863.15634469787
6,Incidence,44636,Low-middle SDI,3,Both,22,All ages,559,Schizophrenia,3,Rate,1992,15.225517055160001,18.85327226806,12.09659483918
6,Incidence,44636,Low-middle SDI,3,Both,22,All ages,559,Schizophrenia,1,Number,1993,187498.00661663848,232269.65244555692,148675.90895470756
6,Incidence,44636,Low-middle SDI,3,Both,22,All ages,559,Schizophrenia,3,Rate,1993,15.26593668313,18.91120802631,12.10507275978
6,Incidence,44636,Low-middle SDI,3,Both,22,All ages,559,Schizophrenia,1,Number,1994,191476.3580881673,237267.0912224279,151544.4666895962
6,Incidence,44636,Low-middle SDI,3,Both,22,All ages,559,Schizophrenia,3,Rate,1994,15.30789279308,18.96870836705,12.1154719707
6,Incidence,44636,Low-middle SDI,3,Both,22,All ages,559,Schizophrenia,1,Number,1995,195572.6164556863,242408.15558790887,154540.12642209674
6,Incidence,44636,Low-middle SDI,3,Both,22,All ages,559,Schizophrenia,3,Rate,1995,15.355296894079999,19.03256839355,12.133649210529999
6,Incidence,44636,Low-middle SDI,3,Both,22,All ages,559,Schizophrenia,1,Number,1996,199673.96684649168,247339.562424376,158011.15928678465
6,Incidence,44636,Low-middle SDI,3,Both,22,All ages,559,Schizophrenia,3,Rate,1996,15.400020360200001,19.076268966729998,12.18674176001
6,Incidence,44636,Low-middle SDI,3,Both,22,All ages,559,Schizophrenia,1,Number,1997,203797.47504155544,251922.93758763204,161540.45905486867
6,Incidence,44636,Low-middle SDI,3,Both,22,All ages,559,Schizophrenia,3,Rate,1997,15.441586250959999,19.08801749659,12.23980292693
6,Incidence,44636,Low-middle SDI,3,Both,22,All ages,559,Schizophrenia,1,Number,1998,208001.4562364574,256570.712870978,165155.48565192646
6,Incidence,44636,Low-middle SDI,3,Both,22,All ages,559,Schizophrenia,3,Rate,1998,15.48478186062,19.10054666211,12.295090210799998
6,Incidence,44636,Low-middle SDI,3,Both,22,All ages,559,Schizophrenia,1,Number,1999,212315.90862217915,261331.28866826295,168882.77793547
6,Incidence,44636,Low-middle SDI,3,Both,22,All ages,559,Schizophrenia,3,Rate,1999,15.531991302699998,19.11771627976,12.354636329849999
6,Incidence,44636,Low-middle SDI,3,Both,22,All ages,559,Schizophrenia,1,Number,2000,216770.76675931187,266255.24960647675,172748.95185409946
6,Incidence,44636,Low-middle SDI,3,Both,22,All ages,559,Schizophrenia,3,Rate,2000,15.585382860840001,19.1432178142,12.42030276363
6,Incidence,44636,Low-middle SDI,3,Both,22,All ages,559,Schizophrenia,1,Number,2001,221252.0828530126,271830.06007610366,175944.25203864806
6,Incidence,44636,Low-middle SDI,3,Both,22,All ages,559,Schizophrenia,3,Rate,2001,15.636646507979998,19.21116630788,12.4345861009
6,Incidence,44636,Low-middle SDI,3,Both,22,All ages,559,Schizophrenia,1,Number,2002,225701.5592643203,277378.81100248883,179107.9501364678
6,Incidence,44636,Low-middle SDI,3,Both,22,All ages,559,Schizophrenia,3,Rate,2002,15.68214701896,19.27277466875,12.444739927630001
6,Incidence,44636,Low-middle SDI,3,Both,22,All ages,559,Schizophrenia,1,Number,2003,230148.1886313152,282934.77858434606,182372.87562885453
6,Incidence,44636,Low-middle SDI,3,Both,22,All ages,559,Schizophrenia,3,Rate,2003,15.72338310864,19.32968469097,12.45944453958
6,Incidence,44636,Low-middle SDI,3,Both,22,All ages,559,Schizophrenia,1,Number,2004,234619.9968637352,288532.1828619257,185894.93609775067
6,Incidence,44636,Low-middle SDI,3,Both,22,All ages,559,Schizophrenia,3,Rate,2004,15.762729310269998,19.38477008162,12.48918079033
6,Incidence,44636,Low-middle SDI,3,Both,22,All ages,559,Schizophrenia,1,Number,2005,239182.5806263128,294254.19137562,189744.0030801544
6,Incidence,44636,Low-middle SDI,3,Both,22,All ages,559,Schizophrenia,3,Rate,2005,15.80402403501,19.44288877863,12.537362785060001
6,Incidence,44636,Low-middle SDI,3,Both,22,All ages,559,Schizophrenia,1,Number,2006,243726.94326602915,300080.6448837274,192969.3668265049
6,Incidence,44636,Low-middle SDI,3,Both,22,All ages,559,Schizophrenia,3,Rate,2006,15.83932751942,19.501642095290002,12.540693948000001
6,Incidence,44636,Low-middle SDI,3,Both,22,All ages,559,Schizophrenia,1,Number,2007,248204.9924449288,305835.60574105696,196275.048353859
6,Incidence,44636,Low-middle SDI,3,Both,22,All ages,559,Schizophrenia,3,Rate,2007,15.8659941575,19.54991269935,12.546479181459999
6,Incidence,44636,Low-middle SDI,3,Both,22,All ages,559,Schizophrenia,1,Number,2008,252664.2650817249,311567.5175750201,199679.8096745478
6,Incidence,44636,Low-middle SDI,3,Both,22,All ages,559,Schizophrenia,3,Rate,2008,15.88860288228,19.5926897544,12.556715127490001
6,Incidence,44636,Low-middle SDI,3,Both,22,All ages,559,Schizophrenia,1,Number,2009,257170.9103307512,317355.05824995344,203133.26155338075
6,Incidence,44636,Low-middle SDI,3,Both,22,All ages,559,Schizophrenia,3,Rate,2009,15.910377389790002,19.63378648394,12.56723339189
6,Incidence,44636,Low-middle SDI,3,Both,22,All ages,559,Schizophrenia,1,Number,2010,261815.57614768387,323322.5775906469,206745.74995776973
6,Incidence,44636,Low-middle SDI,3,Both,22,All ages,559,Schizophrenia,3,Rate,2010,15.9363609129,19.68020911356,12.5843348857
6,Incidence,44636,Low-middle SDI,3,Both,22,All ages,559,Schizophrenia,1,Number,2011,266850.6346362405,329416.20563954115,210935.7649980563
6,Incidence,44636,Low-middle SDI,3,Both,22,All ages,559,Schizophrenia,3,Rate,2011,15.98309018653,19.73047180801,12.63405410343
6,Incidence,44636,Low-middle SDI,3,Both,22,All ages,559,Schizophrenia,1,Number,2012,272334.2516404891,336066.2829505686,215610.96766188077
6,Incidence,44636,Low-middle SDI,3,Both,22,All ages,559,Schizophrenia,3,Rate,2012,16.05445671912,19.81154247725,12.71054569024
6,Incidence,44636,Low-middle SDI,3,Both,22,All ages,559,Schizophrenia,1,Number,2013,278006.29483285185,342977.9027905555,220449.11087988724
6,Incidence,44636,Low-middle SDI,3,Both,22,All ages,559,Schizophrenia,3,Rate,2013,16.134444572110002,19.90515346194,12.79404109393
6,Incidence,44636,Low-middle SDI,3,Both,22,All ages,559,Schizophrenia,1,Number,2014,283564.68168829294,349768.23710452043,225211.0456793802
6,Incidence,44636,Low-middle SDI,3,Both,22,All ages,559,Schizophrenia,3,Rate,2014,16.2063601226,19.990042399550003,12.871318417149999
6,Incidence,44636,Low-middle SDI,3,Both,22,All ages,559,Schizophrenia,1,Number,2015,288686.6800915298,356013.6108338571,229646.20778083417
6,Incidence,44636,Low-middle SDI,3,Both,22,All ages,559,Schizophrenia,3,Rate,2015,16.25222159615,20.04253224528,12.92841448863
6,Incidence,44636,Low-middle SDI,3,Both,22,All ages,559,Schizophrenia,1,Number,2016,293307.75965622487,361335.99737807794,233422.09710347845
6,Incidence,44636,Low-middle SDI,3,Both,22,All ages,559,Schizophrenia,3,Rate,2016,16.26967676741,20.04317883939,12.947840434549999
6,Incidence,44636,Low-middle SDI,3,Both,22,All ages,559,Schizophrenia,1,Number,2017,297667.3215294004,366343.0439206352,237005.42508135745
6,Incidence,44636,Low-middle SDI,3,Both,22,All ages,559,Schizophrenia,3,Rate,2017,16.2751828918,20.030079251940002,12.95844844415
6,Incidence,44636,Low-middle SDI,3,Both,22,All ages,559,Schizophrenia,1,Number,2018,301719.7122251209,371384.7209102204,240770.60586663437
6,Incidence,44636,Low-middle SDI,3,Both,22,All ages,559,Schizophrenia,3,Rate,2018,16.275188346670003,20.0330175225,12.987507279259999
6,Incidence,44636,Low-middle SDI,3,Both,22,All ages,559,Schizophrenia,1,Number,2019,305585.0917116529,376204.7416946072,244427.9218856945
6,Incidence,44636,Low-middle SDI,3,Both,22,All ages,559,Schizophrenia,3,Rate,2019,16.27845266173,20.040346354889998,13.020623268409999
6,Incidence,44636,Low-middle SDI,3,Both,22,All ages,559,Schizophrenia,1,Number,2020,309530.6778946065,381173.7161351977,247130.464299616
6,Incidence,44636,Low-middle SDI,3,Both,22,All ages,559,Schizophrenia,3,Rate,2020,16.29399816994,20.06535790049,13.009189785080002
6,Incidence,44636,Low-middle SDI,3,Both,22,All ages,559,Schizophrenia,1,Number,2021,313593.32948463544,386296.28017354594,251893.83233765868
6,Incidence,44636,Low-middle SDI,3,Both,22,All ages,559,Schizophrenia,3,Rate,2021,16.32352911289,20.10794867983,13.11187426174
6,Incidence,44636,Low-middle SDI,3,Both,27,Age-standardized,559,Schizophrenia,3,Rate,1990,15.07927510174,18.33920588688,12.273441011840001
6,Incidence,44636,Low-middle SDI,3,Both,27,Age-standardized,559,Schizophrenia,3,Rate,1991,15.07326954241,18.33535545082,12.276931908489999
6,Incidence,44636,Low-middle SDI,3,Both,27,Age-standardized,559,Schizophrenia,3,Rate,1992,15.065908526900001,18.333578644360003,12.279865865240001
6,Incidence,44636,Low-middle SDI,3,Both,27,Age-standardized,559,Schizophrenia,3,Rate,1993,15.05817317008,18.335545968599998,12.28278493298
6,Incidence,44636,Low-middle SDI,3,Both,27,Age-standardized,559,Schizophrenia,3,Rate,1994,15.05071781955,18.34912685897,12.2859220894
6,Incidence,44636,Low-middle SDI,3,Both,27,Age-standardized,559,Schizophrenia,3,Rate,1995,15.044121851849999,18.36293999935,12.28950914162
6,Incidence,44636,Low-middle SDI,3,Both,27,Age-standardized,559,Schizophrenia,3,Rate,1996,15.03582741813,18.323331095420002,12.27983292565
6,Incidence,44636,Low-middle SDI,3,Both,27,Age-standardized,559,Schizophrenia,3,Rate,1997,15.02405552133,18.29540024051,12.26853239398
6,Incidence,44636,Low-middle SDI,3,Both,27,Age-standardized,559,Schizophrenia,3,Rate,1998,15.010946174799999,18.267041958500002,12.257492431649998
6,Incidence,44636,Low-middle SDI,3,Both,27,Age-standardized,559,Schizophrenia,3,Rate,1999,14.999009808619999,18.23990742445,12.248038780180002
6,Incidence,44636,Low-middle SDI,3,Both,27,Age-standardized,559,Schizophrenia,3,Rate,2000,14.990536550909999,18.218844296580002,12.240554731949999
6,Incidence,44636,Low-middle SDI,3,Both,27,Age-standardized,559,Schizophrenia,3,Rate,2001,14.98146389353,18.22208166907,12.227225620979999
6,Incidence,44636,Low-middle SDI,3,Both,27,Age-standardized,559,Schizophrenia,3,Rate,2002,14.96829780407,18.22057416431,12.21048566863
6,Incidence,44636,Low-middle SDI,3,Both,27,Age-standardized,559,Schizophrenia,3,Rate,2003,14.953908287940001,18.21709568973,12.19397645834
6,Incidence,44636,Low-middle SDI,3,Both,27,Age-standardized,559,Schizophrenia,3,Rate,2004,14.94116437642,18.21508571488,12.18037095945
6,Incidence,44636,Low-middle SDI,3,Both,27,Age-standardized,559,Schizophrenia,3,Rate,2005,14.932692074430001,18.218300268449998,12.17128227587
6,Incidence,44636,Low-middle SDI,3,Both,27,Age-standardized,559,Schizophrenia,3,Rate,2006,14.92413731059,18.21995899456,12.150961434860001
6,Incidence,44636,Low-middle SDI,3,Both,27,Age-standardized,559,Schizophrenia,3,Rate,2007,14.911797340549999,18.21669342185,12.12770967144
6,Incidence,44636,Low-middle SDI,3,Both,27,Age-standardized,559,Schizophrenia,3,Rate,2008,14.89941900018,18.21315903676,12.1047674404
6,Incidence,44636,Low-middle SDI,3,Both,27,Age-standardized,559,Schizophrenia,3,Rate,2009,14.89080457406,18.214507099229998,12.08517505295
6,Incidence,44636,Low-middle SDI,3,Both,27,Age-standardized,559,Schizophrenia,3,Rate,2010,14.88966674583,18.20539651088,12.07179575061
6,Incidence,44636,Low-middle SDI,3,Both,27,Age-standardized,559,Schizophrenia,3,Rate,2011,14.91124501456,18.21599280934,12.094421673820001
6,Incidence,44636,Low-middle SDI,3,Both,27,Age-standardized,559,Schizophrenia,3,Rate,2012,14.95718342039,18.25361312856,12.1361194164
6,Incidence,44636,Low-middle SDI,3,Both,27,Age-standardized,559,Schizophrenia,3,Rate,2013,15.011101393450001,18.298534311,12.18352248834
6,Incidence,44636,Low-middle SDI,3,Both,27,Age-standardized,559,Schizophrenia,3,Rate,2014,15.05682471943,18.34297326211,12.223761424430002
6,Incidence,44636,Low-middle SDI,3,Both,27,Age-standardized,559,Schizophrenia,3,Rate,2015,15.078511795079999,18.36546129164,12.24456578936
6,Incidence,44636,Low-middle SDI,3,Both,27,Age-standardized,559,Schizophrenia,3,Rate,2016,15.0748040542,18.34236670562,12.237361069230001
6,Incidence,44636,Low-middle SDI,3,Both,27,Age-standardized,559,Schizophrenia,3,Rate,2017,15.06051014287,18.32199439683,12.22120006917
6,Incidence,44636,Low-middle SDI,3,Both,27,Age-standardized,559,Schizophrenia,3,Rate,2018,15.045270808229999,18.30503835959,12.20287467409
6,Incidence,44636,Low-middle SDI,3,Both,27,Age-standardized,559,Schizophrenia,3,Rate,2019,15.037531873119999,18.29125457592,12.19124259685
6,Incidence,44636,Low-middle SDI,3,Both,27,Age-standardized,559,Schizophrenia,3,Rate,2020,15.03780162132,18.32680127881,12.19503413603
6,Incidence,44636,Low-middle SDI,3,Both,27,Age-standardized,559,Schizophrenia,3,Rate,2021,15.03778855412,18.289849056,12.212873024979999
6,Incidence,192,Southern Sub-Saharan Africa,3,Both,22,All ages,559,Schizophrenia,1,Number,1990,7493.900411875616,9179.641327935164,5979.393485851804
6,Incidence,192,Southern Sub-Saharan Africa,3,Both,22,All ages,559,Schizophrenia,3,Rate,1990,14.296389162730001,17.51233904717,11.40710865271
6,Incidence,192,Southern Sub-Saharan Africa,3,Both,22,All ages,559,Schizophrenia,1,Number,1991,7698.847039358067,9426.8432376862,6144.54907396252
6,Incidence,192,Southern Sub-Saharan Africa,3,Both,22,All ages,559,Schizophrenia,3,Rate,1991,14.35401552551,17.57575562919,11.45612483973
6,Incidence,192,Southern Sub-Saharan Africa,3,Both,22,All ages,559,Schizophrenia,1,Number,1992,7904.005360461519,9674.69344983223,6307.824600741502
6,Incidence,192,Southern Sub-Saharan Africa,3,Both,22,All ages,559,Schizophrenia,3,Rate,1992,14.413327929380001,17.64226148001,11.50261675508
6,Incidence,192,Southern Sub-Saharan Africa,3,Both,22,All ages,559,Schizophrenia,1,Number,1993,8109.488617267918,9923.431513618894,6470.918698716918
6,Incidence,192,Southern Sub-Saharan Africa,3,Both,22,All ages,559,Schizophrenia,3,Rate,1993,14.47403938112,17.71161478889,11.54947451037
6,Incidence,192,Southern Sub-Saharan Africa,3,Both,22,All ages,559,Schizophrenia,1,Number,1994,8315.89254650099,10178.84429044339,6634.111348466091
6,Incidence,192,Southern Sub-Saharan Africa,3,Both,22,All ages,559,Schizophrenia,3,Rate,1994,14.536413634890001,17.79290558453,11.59661288574
6,Incidence,192,Southern Sub-Saharan Africa,3,Both,22,All ages,559,Schizophrenia,1,Number,1995,8522.979205722926,10444.725349381672,6797.328556824217
6,Incidence,192,Southern Sub-Saharan Africa,3,Both,22,All ages,559,Schizophrenia,3,Rate,1995,14.60142982554,17.89373416911,11.645073105069999
6,Incidence,192,Southern Sub-Saharan Africa,3,Both,22,All ages,559,Schizophrenia,1,Number,1996,8728.78340796312,10680.385702308236,6962.912386777681
6,Incidence,192,Southern Sub-Saharan Africa,3,Both,22,All ages,559,Schizophrenia,3,Rate,1996,14.66611634548,17.94520175421,11.699096929669999
6,Incidence,192,Southern Sub-Saharan Africa,3,Both,22,All ages,559,Schizophrenia,1,Number,1997,8934.330496246,10914.1151053473,7127.641247670964
6,Incidence,192,Southern Sub-Saharan Africa,3,Both,22,All ages,559,Schizophrenia,3,Rate,1997,14.735601719079998,18.00090710504,11.755786588189999
6,Incidence,192,Southern Sub-Saharan Africa,3,Both,22,All ages,559,Schizophrenia,1,Number,1998,9136.201739493878,11160.111544900596,7284.838719733567
6,Incidence,192,Southern Sub-Saharan Africa,3,Both,22,All ages,559,Schizophrenia,3,Rate,1998,14.808427871080001,18.08888546446,11.80764302383
6,Incidence,192,Southern Sub-Saharan Africa,3,Both,22,All ages,559,Schizophrenia,1,Number,1999,9333.37786880084,11407.718519561882,7427.545435596352
6,Incidence,192,Southern Sub-Saharan Africa,3,Both,22,All ages,559,Schizophrenia,3,Rate,1999,14.882919002769999,18.190643636169998,11.84389603221
6,Incidence,192,Southern Sub-Saharan Africa,3,Both,22,All ages,559,Schizophrenia,1,Number,2000,9523.6245906762,11653.89054710449,7562.82326942239
6,Incidence,192,Southern Sub-Saharan Africa,3,Both,22,All ages,559,Schizophrenia,3,Rate,2000,14.95902965758,18.30509935166,11.87914291509
6,Incidence,192,Southern Sub-Saharan Africa,3,Both,22,All ages,559,Schizophrenia,1,Number,2001,9701.898035526994,11858.244245780108,7713.673014659902
6,Incidence,192,Southern Sub-Saharan Africa,3,Both,22,All ages,559,Schizophrenia,3,Rate,2001,15.0315458925,18.37246092798,11.95110786518
6,Incidence,192,Southern Sub-Saharan Africa,3,Both,22,All ages,559,Schizophrenia,1,Number,2002,9870.408704024896,12051.049795524545,7856.842521677214
6,Incidence,192,Southern Sub-Saharan Africa,3,Both,22,All ages,559,Schizophrenia,3,Rate,2002,15.10514813587,18.44228519938,12.02369362088
6,Incidence,192,Southern Sub-Saharan Africa,3,Both,22,All ages,559,Schizophrenia,1,Number,2003,10028.644763680755,12237.143085798862,7987.080379521424
6,Incidence,192,Southern Sub-Saharan Africa,3,Both,22,All ages,559,Schizophrenia,3,Rate,2003,15.17829943172,18.520849658339998,12.08840281437
6,Incidence,192,Southern Sub-Saharan Africa,3,Both,22,All ages,559,Schizophrenia,1,Number,2004,10179.424022240168,12416.448741148864,8112.821308798458
6,Incidence,192,Southern Sub-Saharan Africa,3,Both,22,All ages,559,Schizophrenia,3,Rate,2004,15.25070584281,18.60219271247,12.15454342657
6,Incidence,192,Southern Sub-Saharan Africa,3,Both,22,All ages,559,Schizophrenia,1,Number,2005,10327.970549115258,12615.551048113655,8237.653553714354
6,Incidence,192,Southern Sub-Saharan Africa,3,Both,22,All ages,559,Schizophrenia,3,Rate,2005,15.32391549499,18.7180663679,12.22245031914
6,Incidence,192,Southern Sub-Saharan Africa,3,Both,22,All ages,559,Schizophrenia,1,Number,2006,10472.199016059649,12774.079406659912,8358.502900086842
6,Incidence,192,Southern Sub-Saharan Africa,3,Both,22,All ages,559,Schizophrenia,3,Rate,2006,15.39103832773,18.77412236417,12.2845295721
6,Incidence,192,Southern Sub-Saharan Africa,3,Both,22,All ages,559,Schizophrenia,1,Number,2007,10612.877358670214,12947.435349222178,8476.064291737099
6,Incidence,192,Southern Sub-Saharan Africa,3,Both,22,All ages,559,Schizophrenia,3,Rate,2007,15.449166418490002,18.847582671759998,12.338607466320001
6,Incidence,192,Southern Sub-Saharan Africa,3,Both,22,All ages,559,Schizophrenia,1,Number,2008,10750.50116514718,13133.39632417293,8579.178176692745
6,Incidence,192,Southern Sub-Saharan Africa,3,Both,22,All ages,559,Schizophrenia,3,Rate,2008,15.49574272388,18.93044123281,12.36600375797
6,Incidence,192,Southern Sub-Saharan Africa,3,Both,22,All ages,559,Schizophrenia,1,Number,2009,10885.05128402845,13322.39480829836,8679.821350074972
6,Incidence,192,Southern Sub-Saharan Africa,3,Both,22,All ages,559,Schizophrenia,3,Rate,2009,15.52919254153,19.00643632207,12.383094342339998
6,Incidence,192,Southern Sub-Saharan Africa,3,Both,22,All ages,559,Schizophrenia,1,Number,2010,11018.378163800968,13518.921450787782,8803.423747472327
6,Incidence,192,Southern Sub-Saharan Africa,3,Both,22,All ages,559,Schizophrenia,3,Rate,2010,15.54923652373,19.07802619034,12.42347249596
6,Incidence,192,Southern Sub-Saharan Africa,3,Both,22,All ages,559,Schizophrenia,1,Number,2011,11150.809139075158,13714.970505745045,8913.028020898175
6,Incidence,192,Southern Sub-Saharan Africa,3,Both,22,All ages,559,Schizophrenia,3,Rate,2011,15.55490294421,19.131798638,12.433293770419999
6,Incidence,192,Southern Sub-Saharan Africa,3,Both,22,All ages,559,Schizophrenia,1,Number,2012,11280.525954189874,13857.411838773918,9024.18678240934
6,Incidence,192,Southern Sub-Saharan Africa,3,Both,22,All ages,559,Schizophrenia,3,Rate,2012,15.54592707958,19.09718703119,12.43641920967
6,Incidence,192,Southern Sub-Saharan Africa,3,Both,22,All ages,559,Schizophrenia,1,Number,2013,11403.706678582548,13986.73283398158,9132.904475189232
6,Incidence,192,Southern Sub-Saharan Africa,3,Both,22,All ages,559,Schizophrenia,3,Rate,2013,15.521700867549999,19.03748397625,12.430888947889999
6,Incidence,192,Southern Sub-Saharan Africa,3,Both,22,All ages,559,Schizophrenia,1,Number,2014,11516.976874125778,14129.39682134475,9236.174619498535
6,Incidence,192,Southern Sub-Saharan Africa,3,Both,22,All ages,559,Schizophrenia,3,Rate,2014,15.48267017435,18.99463662542,12.41650885204
6,Incidence,192,Southern Sub-Saharan Africa,3,Both,22,All ages,559,Schizophrenia,1,Number,2015,11618.04154492785,14293.616559588523,9331.65761152787
6,Incidence,192,Southern Sub-Saharan Africa,3,Both,22,All ages,559,Schizophrenia,3,Rate,2015,15.429687202810001,18.98306454307,12.39318670645
6,Incidence,192,Southern Sub-Saharan Africa,3,Both,22,All ages,559,Schizophrenia,1,Number,2016,11708.18505153286,14387.432554462306,9414.5752538764
6,Incidence,192,Southern Sub-Saharan Africa,3,Both,22,All ages,559,Schizophrenia,3,Rate,2016,15.36524353392,18.881355569129997,12.355223367889998
6,Incidence,192,Southern Sub-Saharan Africa,3,Both,22,All ages,559,Schizophrenia,1,Number,2017,11791.389639544466,14488.841141130382,9527.255012526664
6,Incidence,192,Southern Sub-Saharan Africa,3,Both,22,All ages,559,Schizophrenia,3,Rate,2017,15.293582167879999,18.7922110356,12.35697079162
6,Incidence,192,Southern Sub-Saharan Africa,3,Both,22,All ages,559,Schizophrenia,1,Number,2018,11869.001253760602,14582.367516097143,9636.91977308266
6,Incidence,192,Southern Sub-Saharan Africa,3,Both,22,All ages,559,Schizophrenia,3,Rate,2018,15.21700181968,18.695752766680002,12.355296169230002
6,Incidence,192,Southern Sub-Saharan Africa,3,Both,22,All ages,559,Schizophrenia,1,Number,2019,11941.085233470994,14661.844258817966,9720.874626135628
6,Incidence,192,Southern Sub-Saharan Africa,3,Both,22,All ages,559,Schizophrenia,3,Rate,2019,15.13724726172,18.58624718937,12.32277300924
6,Incidence,192,Southern Sub-Saharan Africa,3,Both,22,All ages,559,Schizophrenia,1,Number,2020,11957.282775989604,14579.379503537715,9693.463362703653
6,Incidence,192,Southern Sub-Saharan Africa,3,Both,22,All ages,559,Schizophrenia,3,Rate,2020,15.007182936349999,18.29808823686,12.16593942756
6,Incidence,192,Southern Sub-Saharan Africa,3,Both,22,All ages,559,Schizophrenia,1,Number,2021,12040.079445312102,14601.564379959937,9761.639484075771
6,Incidence,192,Southern Sub-Saharan Africa,3,Both,22,All ages,559,Schizophrenia,3,Rate,2021,14.99316045669,18.18290308314,12.15588549643
6,Incidence,192,Southern Sub-Saharan Africa,3,Both,27,Age-standardized,559,Schizophrenia,3,Rate,1990,13.93718543503,16.95912333939,11.41462315563
6,Incidence,192,Southern Sub-Saharan Africa,3,Both,27,Age-standardized,559,Schizophrenia,3,Rate,1991,13.92513543621,16.89577832382,11.42521579446
6,Incidence,192,Southern Sub-Saharan Africa,3,Both,27,Age-standardized,559,Schizophrenia,3,Rate,1992,13.91475368111,16.83573627269,11.43173914046
6,Incidence,192,Southern Sub-Saharan Africa,3,Both,27,Age-standardized,559,Schizophrenia,3,Rate,1993,13.906296217040001,16.81541203147,11.41332348937
6,Incidence,192,Southern Sub-Saharan Africa,3,Both,27,Age-standardized,559,Schizophrenia,3,Rate,1994,13.89982403026,16.82873675411,11.397448707539999
6,Incidence,192,Southern Sub-Saharan Africa,3,Both,27,Age-standardized,559,Schizophrenia,3,Rate,1995,13.895521418589999,16.8499721406,11.40592607522
6,Incidence,192,Southern Sub-Saharan Africa,3,Both,27,Age-standardized,559,Schizophrenia,3,Rate,1996,13.89428507186,16.85004098444,11.38695244542
6,Incidence,192,Southern Sub-Saharan Africa,3,Both,27,Age-standardized,559,Schizophrenia,3,Rate,1997,13.895958266470002,16.87408590993,11.38783419392
6,Incidence,192,Southern Sub-Saharan Africa,3,Both,27,Age-standardized,559,Schizophrenia,3,Rate,1998,13.898712030710001,16.90077994942,11.37695638421
6,Incidence,192,Southern Sub-Saharan Africa,3,Both,27,Age-standardized,559,Schizophrenia,3,Rate,1999,13.900578860260001,16.923846943010002,11.354544351000001
6,Incidence,192,Southern Sub-Saharan Africa,3,Both,27,Age-standardized,559,Schizophrenia,3,Rate,2000,13.89965804839,16.95676390663,11.335443291839999
6,Incidence,192,Southern Sub-Saharan Africa,3,Both,27,Age-standardized,559,Schizophrenia,3,Rate,2001,13.895186602089998,16.92722933352,11.34657992742
6,Incidence,192,Southern Sub-Saharan Africa,3,Both,27,Age-standardized,559,Schizophrenia,3,Rate,2002,13.88890089853,16.90565089376,11.354365222859998
6,Incidence,192,Southern Sub-Saharan Africa,3,Both,27,Age-standardized,559,Schizophrenia,3,Rate,2003,13.882227042830001,16.88065707714,11.36168219068
6,Incidence,192,Southern Sub-Saharan Africa,3,Both,27,Age-standardized,559,Schizophrenia,3,Rate,2004,13.876475371269999,16.85414230233,11.37086596512
6,Incidence,192,Southern Sub-Saharan Africa,3,Both,27,Age-standardized,559,Schizophrenia,3,Rate,2005,13.87289752697,16.84715510974,11.37162694475
6,Incidence,192,Southern Sub-Saharan Africa,3,Both,27,Age-standardized,559,Schizophrenia,3,Rate,2006,13.86999967502,16.81379366202,11.38058501886
6,Incidence,192,Southern Sub-Saharan Africa,3,Both,27,Age-standardized,559,Schizophrenia,3,Rate,2007,13.86658667572,16.80197695201,11.38898463563
6,Incidence,192,Southern Sub-Saharan Africa,3,Both,27,Age-standardized,559,Schizophrenia,3,Rate,2008,13.863712204219999,16.790323932190002,11.39617141105
6,Incidence,192,Southern Sub-Saharan Africa,3,Both,27,Age-standardized,559,Schizophrenia,3,Rate,2009,13.86227201715,16.797227824710003,11.40115293678
6,Incidence,192,Southern Sub-Saharan Africa,3,Both,27,Age-standardized,559,Schizophrenia,3,Rate,2010,13.86308364964,16.80989720273,11.392674243210001
6,Incidence,192,Southern Sub-Saharan Africa,3,Both,27,Age-standardized,559,Schizophrenia,3,Rate,2011,13.86726793951,16.78601788108,11.38700517294
6,Incidence,192,Southern Sub-Saharan Africa,3,Both,27,Age-standardized,559,Schizophrenia,3,Rate,2012,13.873950534199999,16.789689265830003,11.363552500359999
6,Incidence,192,Southern Sub-Saharan Africa,3,Both,27,Age-standardized,559,Schizophrenia,3,Rate,2013,13.88102726138,16.83051100103,11.34078762495
6,Incidence,192,Southern Sub-Saharan Africa,3,Both,27,Age-standardized,559,Schizophrenia,3,Rate,2014,13.88656095815,16.827014534710003,11.33556763939
6,Incidence,192,Southern Sub-Saharan Africa,3,Both,27,Age-standardized,559,Schizophrenia,3,Rate,2015,13.888685917250001,16.8258476075,11.329720671059999
6,Incidence,192,Southern Sub-Saharan Africa,3,Both,27,Age-standardized,559,Schizophrenia,3,Rate,2016,13.88792213904,16.81644121148,11.35284370868
6,Incidence,192,Southern Sub-Saharan Africa,3,Both,27,Age-standardized,559,Schizophrenia,3,Rate,2017,13.88541326423,16.8050023288,11.405068385609999
6,Incidence,192,Southern Sub-Saharan Africa,3,Both,27,Age-standardized,559,Schizophrenia,3,Rate,2018,13.88058866705,16.81990125934,11.422728679099999
6,Incidence,192,Southern Sub-Saharan Africa,3,Both,27,Age-standardized,559,Schizophrenia,3,Rate,2019,13.872919086109999,16.83916033473,11.41238612813
6,Incidence,192,Southern Sub-Saharan Africa,3,Both,27,Age-standardized,559,Schizophrenia,3,Rate,2020,13.809055074289999,16.758550810190002,11.33643289307
6,Incidence,192,Southern Sub-Saharan Africa,3,Both,27,Age-standardized,559,Schizophrenia,3,Rate,2021,13.83275828907,16.72531353239,11.29120254715
6,Incidence,44635,High SDI,3,Both,22,All ages,559,Schizophrenia,1,Number,1990,143838.13360320206,171970.2537940403,118990.98605937208
6,Incidence,44635,High SDI,3,Both,22,All ages,559,Schizophrenia,3,Rate,1990,16.353908726460002,19.55243553126,13.528872188060001
6,Incidence,44635,High SDI,3,Both,22,All ages,559,Schizophrenia,1,Number,1991,144426.24086358285,172582.52161563758,119484.04700336263
6,Incidence,44635,High SDI,3,Both,22,All ages,559,Schizophrenia,3,Rate,1991,16.288836096969998,19.46438812636,13.47577868262
6,Incidence,44635,High SDI,3,Both,22,All ages,559,Schizophrenia,1,Number,1992,144805.88040941345,173071.55951800756,119818.61106824483
6,Incidence,44635,High SDI,3,Both,22,All ages,559,Schizophrenia,3,Rate,1992,16.20508392014,19.36826832066,13.408783138270001
6,Incidence,44635,High SDI,3,Both,22,All ages,559,Schizophrenia,1,Number,1993,145010.39669887134,173466.26247250533,120155.10650836592
6,Incidence,44635,High SDI,3,Both,22,All ages,559,Schizophrenia,3,Rate,1993,16.10973042428,19.27099566483,13.34846617219
6,Incidence,44635,High SDI,3,Both,22,All ages,559,Schizophrenia,1,Number,1994,145117.1788746906,173709.10927225696,120303.41912160974
6,Incidence,44635,High SDI,3,Both,22,All ages,559,Schizophrenia,3,Rate,1994,16.010357627930002,19.16482241623,13.27272745333
6,Incidence,44635,High SDI,3,Both,22,All ages,559,Schizophrenia,1,Number,1995,145190.87271634847,173821.6245258456,120345.9578777198
6,Incidence,44635,High SDI,3,Both,22,All ages,559,Schizophrenia,3,Rate,1995,15.91199530738,19.04974343105,13.18915081359
6,Incidence,44635,High SDI,3,Both,22,All ages,559,Schizophrenia,1,Number,1996,145299.72823899568,173992.49976429623,120539.72938739591
6,Incidence,44635,High SDI,3,Both,22,All ages,559,Schizophrenia,3,Rate,1996,15.819166027509999,18.94302401437,13.123479411840002
6,Incidence,44635,High SDI,3,Both,22,All ages,559,Schizophrenia,1,Number,1997,145287.73421455728,173877.1613720947,120659.80661399636
6,Incidence,44635,High SDI,3,Both,22,All ages,559,Schizophrenia,3,Rate,1997,15.71285942038,18.80480418959,13.049350581899999
6,Incidence,44635,High SDI,3,Both,22,All ages,559,Schizophrenia,1,Number,1998,145349.4701963096,173767.7716141446,120864.09593291504
6,Incidence,44635,High SDI,3,Both,22,All ages,559,Schizophrenia,3,Rate,1998,15.61353329125,18.666245452290003,12.983298687069999
6,Incidence,44635,High SDI,3,Both,22,All ages,559,Schizophrenia,1,Number,1999,145541.29155275508,173800.9040529736,121124.38515758356
6,Incidence,44635,High SDI,3,Both,22,All ages,559,Schizophrenia,3,Rate,1999,15.52870385137,18.54389733213,12.92351253878
6,Incidence,44635,High SDI,3,Both,22,All ages,559,Schizophrenia,1,Number,2000,146008.40169007113,174162.5575024844,121501.5220125491
6,Incidence,44635,High SDI,3,Both,22,All ages,559,Schizophrenia,3,Rate,2000,15.46994621224,18.45294767673,12.87338254842
6,Incidence,44635,High SDI,3,Both,22,All ages,559,Schizophrenia,1,Number,2001,146819.88487279735,174962.20182706008,122395.18851308624
6,Incidence,44635,High SDI,3,Both,22,All ages,559,Schizophrenia,3,Rate,2001,15.44376645922,18.40401514107,12.874568787229999
6,Incidence,44635,High SDI,3,Both,22,All ages,559,Schizophrenia,1,Number,2002,147752.25873173444,175941.76706069626,123152.48868935712
6,Incidence,44635,High SDI,3,Both,22,All ages,559,Schizophrenia,3,Rate,2002,15.428028051290001,18.3715263706,12.859363818830001
6,Incidence,44635,High SDI,3,Both,22,All ages,559,Schizophrenia,1,Number,2003,148830.26594593673,177135.28485423728,124225.29497801833
6,Incidence,44635,High SDI,3,Both,22,All ages,559,Schizophrenia,3,Rate,2003,15.42534954071,18.35899215461,12.87519433399
6,Incidence,44635,High SDI,3,Both,22,All ages,559,Schizophrenia,1,Number,2004,149976.0889994216,178593.2224776758,125170.6863980286
6,Incidence,44635,High SDI,3,Both,22,All ages,559,Schizophrenia,3,Rate,2004,15.4236656316,18.36667542102,12.872657413339999
6,Incidence,44635,High SDI,3,Both,22,All ages,559,Schizophrenia,1,Number,2005,151104.1176856755,180026.5528543269,126112.21904536996
6,Incidence,44635,High SDI,3,Both,22,All ages,559,Schizophrenia,3,Rate,2005,15.41481108845,18.36531886528,12.865275032229999
6,Incidence,44635,High SDI,3,Both,22,All ages,559,Schizophrenia,1,Number,2006,152651.26138594674,181898.6256562707,127383.5386931109
6,Incidence,44635,High SDI,3,Both,22,All ages,559,Schizophrenia,3,Rate,2006,15.437928354179999,18.3957729868,12.88255285932
6,Incidence,44635,High SDI,3,Both,22,All ages,559,Schizophrenia,1,Number,2007,154671.0334027269,184128.2483646368,128905.64743833664
6,Incidence,44635,High SDI,3,Both,22,All ages,559,Schizophrenia,3,Rate,2007,15.49532498279,18.44642131208,12.914085173099998
6,Incidence,44635,High SDI,3,Both,22,All ages,559,Schizophrenia,1,Number,2008,156885.02696956557,186754.05517902027,130745.44857484847
6,Incidence,44635,High SDI,3,Both,22,All ages,559,Schizophrenia,3,Rate,2008,15.562813984340002,18.525787181320002,12.96979791363
6,Incidence,44635,High SDI,3,Both,22,All ages,559,Schizophrenia,1,Number,2009,158735.1938050257,188921.8713489196,132359.7364769348
6,Incidence,44635,High SDI,3,Both,22,All ages,559,Schizophrenia,3,Rate,2009,15.60039102287,18.567117947609997,13.00822832812
6,Incidence,44635,High SDI,3,Both,22,All ages,559,Schizophrenia,1,Number,2010,159670.25153428232,189973.76690974747,133199.398395472
6,Incidence,44635,High SDI,3,Both,22,All ages,559,Schizophrenia,3,Rate,2010,15.56526170745,18.51936331963,12.984782546389999
6,Incidence,44635,High SDI,3,Both,22,All ages,559,Schizophrenia,1,Number,2011,160022.17312352362,190578.3861522001,133471.51568900942
6,Incidence,44635,High SDI,3,Both,22,All ages,559,Schizophrenia,3,Rate,2011,15.47921435921,18.43496831658,12.91092454171
6,Incidence,44635,High SDI,3,Both,22,All ages,559,Schizophrenia,1,Number,2012,159978.85854696477,191005.74551073907,133282.47387314483
6,Incidence,44635,High SDI,3,Both,22,All ages,559,Schizophrenia,3,Rate,2012,15.35844121521,18.33711367139,12.79550972292
6,Incidence,44635,High SDI,3,Both,22,All ages,559,Schizophrenia,1,Number,2013,159607.55338815117,191039.15252474733,133029.65407772767
6,Incidence,44635,High SDI,3,Both,22,All ages,559,Schizophrenia,3,Rate,2013,15.21105875883,18.20658053209,12.67810853489
6,Incidence,44635,High SDI,3,Both,22,All ages,559,Schizophrenia,1,Number,2014,159073.04463786216,190705.77039517445,132652.22683261035
6,Incidence,44635,High SDI,3,Both,22,All ages,559,Schizophrenia,3,Rate,2014,15.05298119121,18.04636594056,12.552795981430002
6,Incidence,44635,High SDI,3,Both,22,All ages,559,Schizophrenia,1,Number,2015,158450.06657924273,190310.6398949436,132182.1924667766
6,Incidence,44635,High SDI,3,Both,22,All ages,559,Schizophrenia,3,Rate,2015,14.89275907819,17.88734186838,12.42383540337
6,Incidence,44635,High SDI,3,Both,22,All ages,559,Schizophrenia,1,Number,2016,157500.69386000503,189446.49252524975,131391.2972057704
6,Incidence,44635,High SDI,3,Both,22,All ages,559,Schizophrenia,3,Rate,2016,14.71027601985,17.69395504071,12.271706245439999
6,Incidence,44635,High SDI,3,Both,22,All ages,559,Schizophrenia,1,Number,2017,156081.15780634154,187973.1983018125,130270.57060559116
6,Incidence,44635,High SDI,3,Both,22,All ages,559,Schizophrenia,3,Rate,2017,14.494239313349999,17.45584514476,12.097378392
6,Incidence,44635,High SDI,3,Both,22,All ages,559,Schizophrenia,1,Number,2018,154565.43329440648,186300.9147818117,128896.72914454446
6,Incidence,44635,High SDI,3,Both,22,All ages,559,Schizophrenia,3,Rate,2018,14.28077695342,17.212915938000002,11.90916623274
6,Incidence,44635,High SDI,3,Both,22,All ages,559,Schizophrenia,1,Number,2019,153379.72677368557,184891.4452255589,127864.03469461424
6,Incidence,44635,High SDI,3,Both,22,All ages,559,Schizophrenia,3,Rate,2019,14.10874106578,17.00736844977,11.76166234664
6,Incidence,44635,High SDI,3,Both,22,All ages,559,Schizophrenia,1,Number,2020,152980.60706509842,183969.9071335305,127333.72125180584
6,Incidence,44635,High SDI,3,Both,22,All ages,559,Schizophrenia,3,Rate,2020,14.021509021719998,16.86184779944,11.670831718830001
6,Incidence,44635,High SDI,3,Both,22,All ages,559,Schizophrenia,1,Number,2021,152489.88832460486,183179.8134912291,126713.76237171909
6,Incidence,44635,High SDI,3,Both,22,All ages,559,Schizophrenia,3,Rate,2021,13.938138470610001,16.743310874669998,11.5821054463
6,Incidence,44635,High SDI,3,Both,27,Age-standardized,559,Schizophrenia,3,Rate,1990,15.6970718851,18.79739176244,13.00893510071
6,Incidence,44635,High SDI,3,Both,27,Age-standardized,559,Schizophrenia,3,Rate,1991,15.704588398539999,18.8173662044,13.01478370524
6,Incidence,44635,High SDI,3,Both,27,Age-standardized,559,Schizophrenia,3,Rate,1992,15.7123796694,18.83784466453,13.01086133967
6,Incidence,44635,High SDI,3,Both,27,Age-standardized,559,Schizophrenia,3,Rate,1993,15.720213659699999,18.85822031896,13.006262756990001
6,Incidence,44635,High SDI,3,Both,27,Age-standardized,559,Schizophrenia,3,Rate,1994,15.72480965452,18.87540965255,12.998144731
6,Incidence,44635,High SDI,3,Both,27,Age-standardized,559,Schizophrenia,3,Rate,1995,15.727434336810001,18.873840878019998,12.98776210452
6,Incidence,44635,High SDI,3,Both,27,Age-standardized,559,Schizophrenia,3,Rate,1996,15.72203468265,18.8682263329,12.975026849610002
6,Incidence,44635,High SDI,3,Both,27,Age-standardized,559,Schizophrenia,3,Rate,1997,15.70728028349,18.85954199685,12.95477092935
6,Incidence,44635,High SDI,3,Both,27,Age-standardized,559,Schizophrenia,3,Rate,1998,15.691852486430001,18.85149519142,12.93736812373
6,Incidence,44635,High SDI,3,Both,27,Age-standardized,559,Schizophrenia,3,Rate,1999,15.68102967535,18.84110667195,12.927463191180001
6,Incidence,44635,High SDI,3,Both,27,Age-standardized,559,Schizophrenia,3,Rate,2000,15.68345074997,18.845592677550002,12.930506320730002
6,Incidence,44635,High SDI,3,Both,27,Age-standardized,559,Schizophrenia,3,Rate,2001,15.705669642670001,18.866259843959998,12.95944724467
6,Incidence,44635,High SDI,3,Both,27,Age-standardized,559,Schizophrenia,3,Rate,2002,15.739270648940002,18.89633196883,13.00058255685
6,Incidence,44635,High SDI,3,Both,27,Age-standardized,559,Schizophrenia,3,Rate,2003,15.779908199700001,18.931403684339998,13.049915548049999
6,Incidence,44635,High SDI,3,Both,27,Age-standardized,559,Schizophrenia,3,Rate,2004,15.820650484480002,18.96496362777,13.10057097726
6,Incidence,44635,High SDI,3,Both,27,Age-standardized,559,Schizophrenia,3,Rate,2005,15.853901225020001,18.99127531801,13.144306975969998
6,Incidence,44635,High SDI,3,Both,27,Age-standardized,559,Schizophrenia,3,Rate,2006,15.90701328088,19.04628166556,13.19087806313
6,Incidence,44635,High SDI,3,Both,27,Age-standardized,559,Schizophrenia,3,Rate,2007,15.9901475023,19.13765425558,13.26205794041
6,Incidence,44635,High SDI,3,Both,27,Age-standardized,559,Schizophrenia,3,Rate,2008,16.076979645,19.2346536266,13.3356617789
6,Incidence,44635,High SDI,3,Both,27,Age-standardized,559,Schizophrenia,3,Rate,2009,16.14843121558,19.31262793311,13.39766925092
6,Incidence,44635,High SDI,3,Both,27,Age-standardized,559,Schizophrenia,3,Rate,2010,16.18224273578,19.343290303299998,13.43010854548
6,Incidence,44635,High SDI,3,Both,27,Age-standardized,559,Schizophrenia,3,Rate,2011,16.17056120218,19.33522592246,13.405735483800001
6,Incidence,44635,High SDI,3,Both,27,Age-standardized,559,Schizophrenia,3,Rate,2012,16.13006314518,19.29175782566,13.359004566729999
6,Incidence,44635,High SDI,3,Both,27,Age-standardized,559,Schizophrenia,3,Rate,2013,16.07361557051,19.23249079293,13.301323560550001
6,Incidence,44635,High SDI,3,Both,27,Age-standardized,559,Schizophrenia,3,Rate,2014,16.01512083172,19.17853424948,13.243792536660001
6,Incidence,44635,High SDI,3,Both,27,Age-standardized,559,Schizophrenia,3,Rate,2015,15.96770278845,19.13795715255,13.19576016161
6,Incidence,44635,High SDI,3,Both,27,Age-standardized,559,Schizophrenia,3,Rate,2016,15.898389106329999,19.05122275167,13.144290854300001
6,Incidence,44635,High SDI,3,Both,27,Age-standardized,559,Schizophrenia,3,Rate,2017,15.791986862749999,18.91769690839,13.06288177158
6,Incidence,44635,High SDI,3,Both,27,Age-standardized,559,Schizophrenia,3,Rate,2018,15.689316249629998,18.78611665365,12.98456685616
6,Incidence,44635,High SDI,3,Both,27,Age-standardized,559,Schizophrenia,3,Rate,2019,15.63014547476,18.70730268095,12.93977818152
6,Incidence,44635,High SDI,3,Both,27,Age-standardized,559,Schizophrenia,3,Rate,2020,15.66568695968,18.73339010025,12.918987785959999
6,Incidence,44635,High SDI,3,Both,27,Age-standardized,559,Schizophrenia,3,Rate,2021,15.688893052809998,18.76103429351,12.945366169720002
6,Incidence,44637,Low SDI,3,Both,22,All ages,559,Schizophrenia,1,Number,1990,67855.75902732128,84442.08645618023,52972.93287737525
6,Incidence,44637,Low SDI,3,Both,22,All ages,559,Schizophrenia,3,Rate,1990,13.53594261221,16.84460173625,10.567099826260002
6,Incidence,44637,Low SDI,3,Both,22,All ages,559,Schizophrenia,1,Number,1991,69579.02156561225,86538.68132991088,54300.54242257556
6,Incidence,44637,Low SDI,3,Both,22,All ages,559,Schizophrenia,3,Rate,1991,13.55481357439,16.85875521107,10.5783857399
6,Incidence,44637,Low SDI,3,Both,22,All ages,559,Schizophrenia,1,Number,1992,71499.2463006065,88969.08419616966,55783.712306149
6,Incidence,44637,Low SDI,3,Both,22,All ages,559,Schizophrenia,3,Rate,1992,13.583638636959998,16.902610196770002,10.597954929610001
6,Incidence,44637,Low SDI,3,Both,22,All ages,559,Schizophrenia,1,Number,1993,73597.92878388784,91629.87019567052,57510.75378195828
6,Incidence,44637,Low SDI,3,Both,22,All ages,559,Schizophrenia,3,Rate,1993,13.61772949956,16.95415627888,10.64114033179
6,Incidence,44637,Low SDI,3,Both,22,All ages,559,Schizophrenia,1,Number,1994,75649.81511121456,94225.58078341416,59251.268086692864
6,Incidence,44637,Low SDI,3,Both,22,All ages,559,Schizophrenia,3,Rate,1994,13.65109542904,17.003113533599997,10.69195891297
6,Incidence,44637,Low SDI,3,Both,22,All ages,559,Schizophrenia,1,Number,1995,77780.42334306898,96925.32311055849,61057.39190741471
6,Incidence,44637,Low SDI,3,Both,22,All ages,559,Schizophrenia,3,Rate,1995,13.69102586419,17.06093961135,10.74741298485
6,Incidence,44637,Low SDI,3,Both,22,All ages,559,Schizophrenia,1,Number,1996,80116.05771654489,99837.996435424,62835.93313840524
6,Incidence,44637,Low SDI,3,Both,22,All ages,559,Schizophrenia,3,Rate,1996,13.72686972755,17.10597363362,10.76613968515
6,Incidence,44637,Low SDI,3,Both,22,All ages,559,Schizophrenia,1,Number,1997,82533.82325409004,102841.267085547,64683.78141644161
6,Incidence,44637,Low SDI,3,Both,22,All ages,559,Schizophrenia,3,Rate,1997,13.75582621243,17.14044668862,10.78077836268
6,Incidence,44637,Low SDI,3,Both,22,All ages,559,Schizophrenia,1,Number,1998,84989.25011081186,105888.16118349592,66558.36038851796
6,Incidence,44637,Low SDI,3,Both,22,All ages,559,Schizophrenia,3,Rate,1998,13.784661591479999,17.174318711549997,10.7953002626
6,Incidence,44637,Low SDI,3,Both,22,All ages,559,Schizophrenia,1,Number,1999,87484.80009257613,108990.50650771036,68457.19233498115
6,Incidence,44637,Low SDI,3,Both,22,All ages,559,Schizophrenia,3,Rate,1999,13.814800927810001,17.210785746,10.81013482552
6,Incidence,44637,Low SDI,3,Both,22,All ages,559,Schizophrenia,1,Number,2000,90004.07640604404,112215.68340070432,70368.4807567549
6,Incidence,44637,Low SDI,3,Both,22,All ages,559,Schizophrenia,3,Rate,2000,13.844523476809998,17.26113666562,10.82415511348
6,Incidence,44637,Low SDI,3,Both,22,All ages,559,Schizophrenia,1,Number,2001,92512.19307934612,115396.77414507668,72306.36001059934
6,Incidence,44637,Low SDI,3,Both,22,All ages,559,Schizophrenia,3,Rate,2001,13.86659426391,17.29674968425,10.837954691090001
6,Incidence,44637,Low SDI,3,Both,22,All ages,559,Schizophrenia,1,Number,2002,95148.61522370568,118756.90774465787,74340.37229504937
6,Incidence,44637,Low SDI,3,Both,22,All ages,559,Schizophrenia,3,Rate,2002,13.88457995636,17.32962457807,10.84813310934
6,Incidence,44637,Low SDI,3,Both,22,All ages,559,Schizophrenia,1,Number,2003,97947.79795424426,122334.80489823606,76493.41498490257
6,Incidence,44637,Low SDI,3,Both,22,All ages,559,Schizophrenia,3,Rate,2003,13.899837458959999,17.36061391042,10.855231635400001
6,Incidence,44637,Low SDI,3,Both,22,All ages,559,Schizophrenia,1,Number,2004,100788.8111375187,125957.54645380792,78679.6587749011
6,Incidence,44637,Low SDI,3,Both,22,All ages,559,Schizophrenia,3,Rate,2004,13.911227620939998,17.385105345710002,10.85964433951
6,Incidence,44637,Low SDI,3,Both,22,All ages,559,Schizophrenia,1,Number,2005,103653.09575444995,129587.42478576656,80884.72819097417
6,Incidence,44637,Low SDI,3,Both,22,All ages,559,Schizophrenia,3,Rate,2005,13.92167469592,17.40492128497,10.86364922868
6,Incidence,44637,Low SDI,3,Both,22,All ages,559,Schizophrenia,1,Number,2006,106574.05528931176,133085.01297089906,83072.88903019074
6,Incidence,44637,Low SDI,3,Both,22,All ages,559,Schizophrenia,3,Rate,2006,13.92872075454,17.39357648777,10.85723040597
6,Incidence,44637,Low SDI,3,Both,22,All ages,559,Schizophrenia,1,Number,2007,109527.45893399393,136638.565298652,85290.0380555474
6,Incidence,44637,Low SDI,3,Both,22,All ages,559,Schizophrenia,3,Rate,2007,13.93156502777,17.380016630409997,10.8486376198
6,Incidence,44637,Low SDI,3,Both,22,All ages,559,Schizophrenia,1,Number,2008,112535.74631779184,140361.29776558385,87649.15961262016
6,Incidence,44637,Low SDI,3,Both,22,All ages,559,Schizophrenia,3,Rate,2008,13.93392451873,17.37922209085,10.85252299055
6,Incidence,44637,Low SDI,3,Both,22,All ages,559,Schizophrenia,1,Number,2009,115682.44717003973,144241.98218456883,90122.0623725017
6,Incidence,44637,Low SDI,3,Both,22,All ages,559,Schizophrenia,3,Rate,2009,13.94075930468,17.38243618161,10.86050658774
6,Incidence,44637,Low SDI,3,Both,22,All ages,559,Schizophrenia,1,Number,2010,118968.35591200726,148303.2871928927,92712.9444827497
6,Incidence,44637,Low SDI,3,Both,22,All ages,559,Schizophrenia,3,Rate,2010,13.95656604204,17.39794255449,10.87645805228
6,Incidence,44637,Low SDI,3,Both,22,All ages,559,Schizophrenia,1,Number,2011,122406.85093404893,152616.1849010037,95370.38848159088
6,Incidence,44637,Low SDI,3,Both,22,All ages,559,Schizophrenia,3,Rate,2011,13.985778902139998,17.43739180141,10.89668721102
6,Incidence,44637,Low SDI,3,Both,22,All ages,559,Schizophrenia,1,Number,2012,126056.35159339228,157205.24688770965,98235.64003171584
6,Incidence,44637,Low SDI,3,Both,22,All ages,559,Schizophrenia,3,Rate,2012,14.030184887139999,17.497084844859998,10.93371476113
6,Incidence,44637,Low SDI,3,Both,22,All ages,559,Schizophrenia,1,Number,2013,129878.6617293622,162021.6097622657,101332.73715862146
6,Incidence,44637,Low SDI,3,Both,22,All ages,559,Schizophrenia,3,Rate,2013,14.08538332386,17.57129654605,10.98956847206
6,Incidence,44637,Low SDI,3,Both,22,All ages,559,Schizophrenia,1,Number,2014,133809.38255113695,166982.24627346615,104495.15540365984
6,Incidence,44637,Low SDI,3,Both,22,All ages,559,Schizophrenia,3,Rate,2014,14.146289645809999,17.65331530911,11.0471979374
6,Incidence,44637,Low SDI,3,Both,22,All ages,559,Schizophrenia,1,Number,2015,137773.4626833965,171991.23603541806,107590.3048404509
6,Incidence,44637,Low SDI,3,Both,22,All ages,559,Schizophrenia,3,Rate,2015,14.20779257686,17.73647667,11.09517540375
6,Incidence,44637,Low SDI,3,Both,22,All ages,559,Schizophrenia,1,Number,2016,141761.26335592882,177006.88934392558,110775.76852173069
6,Incidence,44637,Low SDI,3,Both,22,All ages,559,Schizophrenia,3,Rate,2016,14.26975909731,17.81760129466,11.15074381537
6,Incidence,44637,Low SDI,3,Both,22,All ages,559,Schizophrenia,1,Number,2017,145832.2078691244,182121.45142607656,113882.06711136967
6,Incidence,44637,Low SDI,3,Both,22,All ages,559,Schizophrenia,3,Rate,2017,14.336505899599999,17.90403711886,11.19554418641
6,Incidence,44637,Low SDI,3,Both,22,All ages,559,Schizophrenia,1,Number,2018,150087.37447022347,187451.72618233936,117182.89233974884
6,Incidence,44637,Low SDI,3,Both,22,All ages,559,Schizophrenia,3,Rate,2018,14.409758968410001,17.99707804894,11.25062810778
6,Incidence,44637,Low SDI,3,Both,22,All ages,559,Schizophrenia,1,Number,2019,154581.8430109904,193084.84396681507,120753.9205814012
6,Incidence,44637,Low SDI,3,Both,22,All ages,559,Schizophrenia,3,Rate,2019,14.48933582318,18.0983166723,11.31856156706
6,Incidence,44637,Low SDI,3,Both,22,All ages,559,Schizophrenia,1,Number,2020,158993.31702867016,198437.8770493501,124103.48616521397
6,Incidence,44637,Low SDI,3,Both,22,All ages,559,Schizophrenia,3,Rate,2020,14.55555586271,18.16663529416,11.36145379814
6,Incidence,44637,Low SDI,3,Both,22,All ages,559,Schizophrenia,1,Number,2021,163692.02767588382,203659.37484182732,127545.175081825
6,Incidence,44637,Low SDI,3,Both,22,All ages,559,Schizophrenia,3,Rate,2021,14.64959531916,18.22646751186,11.41463775841
6,Incidence,44637,Low SDI,3,Both,27,Age-standardized,559,Schizophrenia,3,Rate,1990,14.62832983602,17.87800511247,11.82630367355
6,Incidence,44637,Low SDI,3,Both,27,Age-standardized,559,Schizophrenia,3,Rate,1991,14.63247358075,17.892099333490002,11.83661220255
6,Incidence,44637,Low SDI,3,Both,27,Age-standardized,559,Schizophrenia,3,Rate,1992,14.63406323746,17.90956811165,11.84494783311
6,Incidence,44637,Low SDI,3,Both,27,Age-standardized,559,Schizophrenia,3,Rate,1993,14.63343245613,17.92616824198,11.8472881178
6,Incidence,44637,Low SDI,3,Both,27,Age-standardized,559,Schizophrenia,3,Rate,1994,14.632734468449998,17.94175285815,11.848749400740001
6,Incidence,44637,Low SDI,3,Both,27,Age-standardized,559,Schizophrenia,3,Rate,1995,14.629615795330002,17.95459441177,11.84882219028
6,Incidence,44637,Low SDI,3,Both,27,Age-standardized,559,Schizophrenia,3,Rate,1996,14.624538133929999,17.94606052332,11.84821089259
6,Incidence,44637,Low SDI,3,Both,27,Age-standardized,559,Schizophrenia,3,Rate,1997,14.619356557460002,17.93717815098,11.84855664338
6,Incidence,44637,Low SDI,3,Both,27,Age-standardized,559,Schizophrenia,3,Rate,1998,14.614321750439998,17.92828267671,11.84922275611
6,Incidence,44637,Low SDI,3,Both,27,Age-standardized,559,Schizophrenia,3,Rate,1999,14.609525471620001,17.91946233527,11.849588008540001
6,Incidence,44637,Low SDI,3,Both,27,Age-standardized,559,Schizophrenia,3,Rate,2000,14.6052976321,17.910910932300002,11.84932320277
6,Incidence,44637,Low SDI,3,Both,27,Age-standardized,559,Schizophrenia,3,Rate,2001,14.599202527560001,17.89269298563,11.83431742711
6,Incidence,44637,Low SDI,3,Both,27,Age-standardized,559,Schizophrenia,3,Rate,2002,14.588404185689999,17.86973140072,11.81623903259
6,Incidence,44637,Low SDI,3,Both,27,Age-standardized,559,Schizophrenia,3,Rate,2003,14.57546435553,17.84465362973,11.79854616102
6,Incidence,44637,Low SDI,3,Both,27,Age-standardized,559,Schizophrenia,3,Rate,2004,14.56419201075,17.82074805025,11.78480486605
6,Incidence,44637,Low SDI,3,Both,27,Age-standardized,559,Schizophrenia,3,Rate,2005,14.557392946999999,17.81340533369,11.77585437855
6,Incidence,44637,Low SDI,3,Both,27,Age-standardized,559,Schizophrenia,3,Rate,2006,14.55294889005,17.815501210220003,11.76834418488
6,Incidence,44637,Low SDI,3,Both,27,Age-standardized,559,Schizophrenia,3,Rate,2007,14.547162974319999,17.81597871493,11.76631817687
6,Incidence,44637,Low SDI,3,Both,27,Age-standardized,559,Schizophrenia,3,Rate,2008,14.541283161910002,17.81668652166,11.769117628950001
6,Incidence,44637,Low SDI,3,Both,27,Age-standardized,559,Schizophrenia,3,Rate,2009,14.53627093191,17.81960103535,11.773052882750001
6,Incidence,44637,Low SDI,3,Both,27,Age-standardized,559,Schizophrenia,3,Rate,2010,14.534013161430002,17.82688380292,11.76784114256
6,Incidence,44637,Low SDI,3,Both,27,Age-standardized,559,Schizophrenia,3,Rate,2011,14.539617278420002,17.83173437722,11.76477239228
6,Incidence,44637,Low SDI,3,Both,27,Age-standardized,559,Schizophrenia,3,Rate,2012,14.552717130320001,17.85512995232,11.76793211832
6,Incidence,44637,Low SDI,3,Both,27,Age-standardized,559,Schizophrenia,3,Rate,2013,14.568242186540001,17.89408049205,11.77306913646
6,Incidence,44637,Low SDI,3,Both,27,Age-standardized,559,Schizophrenia,3,Rate,2014,14.58125427858,17.93722499819,11.77612058515
6,Incidence,44637,Low SDI,3,Both,27,Age-standardized,559,Schizophrenia,3,Rate,2015,14.587136060499999,17.96977584861,11.77291219085
6,Incidence,44637,Low SDI,3,Both,27,Age-standardized,559,Schizophrenia,3,Rate,2016,14.58542087129,17.95122260024,11.78829687987
6,Incidence,44637,Low SDI,3,Both,27,Age-standardized,559,Schizophrenia,3,Rate,2017,14.58048129766,17.9264803531,11.77711904384
6,Incidence,44637,Low SDI,3,Both,27,Age-standardized,559,Schizophrenia,3,Rate,2018,14.574189317500002,17.90399163509,11.77115817143
6,Incidence,44637,Low SDI,3,Both,27,Age-standardized,559,Schizophrenia,3,Rate,2019,14.56826472216,17.89190857877,11.78465750393
6,Incidence,44637,Low SDI,3,Both,27,Age-standardized,559,Schizophrenia,3,Rate,2020,14.544819149250001,17.8676203042,11.7178881215
6,Incidence,44637,Low SDI,3,Both,27,Age-standardized,559,Schizophrenia,3,Rate,2021,14.541504957410002,17.865416434249997,11.761507014040001
6,Incidence,44639,Middle SDI,3,Both,22,All ages,559,Schizophrenia,1,Number,1990,311192.2483082091,375053.1736421009,253781.36993548088
6,Incidence,44639,Middle SDI,3,Both,22,All ages,559,Schizophrenia,3,Rate,1990,18.06204676091,21.76862694035,14.7298366066
6,Incidence,44639,Middle SDI,3,Both,22,All ages,559,Schizophrenia,1,Number,1991,316452.86854737025,381132.2440906757,258224.8048789617
6,Incidence,44639,Middle SDI,3,Both,22,All ages,559,Schizophrenia,3,Rate,1991,18.057608258749998,21.74837848732,14.73496634933
6,Incidence,44639,Middle SDI,3,Both,22,All ages,559,Schizophrenia,1,Number,1992,320884.1175118356,386083.1068818208,261986.88104770327
6,Incidence,44639,Middle SDI,3,Both,22,All ages,559,Schizophrenia,3,Rate,1992,18.02948929121,21.69281949826,14.72023515191
6,Incidence,44639,Middle SDI,3,Both,22,All ages,559,Schizophrenia,1,Number,1993,324625.1442120698,390305.33920074505,265350.5589059829
6,Incidence,44639,Middle SDI,3,Both,22,All ages,559,Schizophrenia,3,Rate,1993,17.98678771198,21.62598740186,14.70250920914
6,Incidence,44639,Middle SDI,3,Both,22,All ages,559,Schizophrenia,1,Number,1994,327848.63862885925,394221.1862772411,268083.41339012433
6,Incidence,44639,Middle SDI,3,Both,22,All ages,559,Schizophrenia,3,Rate,1994,17.933740786999998,21.56440422327,14.66450635617
6,Incidence,44639,Middle SDI,3,Both,22,All ages,559,Schizophrenia,1,Number,1995,330929.425479711,398418.77032142575,270744.98406099854
6,Incidence,44639,Middle SDI,3,Both,22,All ages,559,Schizophrenia,3,Rate,1995,17.8836432985,21.530811778150003,14.631236593079999
6,Incidence,44639,Middle SDI,3,Both,22,All ages,559,Schizophrenia,1,Number,1996,333716.4311325305,401643.407394591,273101.6226209901
6,Incidence,44639,Middle SDI,3,Both,22,All ages,559,Schizophrenia,3,Rate,1996,17.82564542502,21.45400195973,14.587872324170002
6,Incidence,44639,Middle SDI,3,Both,22,All ages,559,Schizophrenia,1,Number,1997,336335.95232165296,404444.0564998982,276134.0145750311
6,Incidence,44639,Middle SDI,3,Both,22,All ages,559,Schizophrenia,3,Rate,1997,17.766104427170003,21.36374447372,14.58608782371
6,Incidence,44639,Middle SDI,3,Both,22,All ages,559,Schizophrenia,1,Number,1998,339102.470056566,407710.95123635046,279263.27266535896
6,Incidence,44639,Middle SDI,3,Both,22,All ages,559,Schizophrenia,3,Rate,1998,17.71828492014,21.303114653999998,14.59165494132
6,Incidence,44639,Middle SDI,3,Both,22,All ages,559,Schizophrenia,1,Number,1999,342218.80049638083,411573.281009689,282538.41108858073
6,Incidence,44639,Middle SDI,3,Both,22,All ages,559,Schizophrenia,3,Rate,1999,17.68951330499,21.27449169899,14.604594998500001
6,Incidence,44639,Middle SDI,3,Both,22,All ages,559,Schizophrenia,1,Number,2000,345927.9695237767,416024.6459337019,285964.5123396654
6,Incidence,44639,Middle SDI,3,Both,22,All ages,559,Schizophrenia,3,Rate,2000,17.68807630457,21.27227726624,14.62200966758
6,Incidence,44639,Middle SDI,3,Both,22,All ages,559,Schizophrenia,1,Number,2001,349923.7247053996,420458.7737610491,289785.9956207239
6,Incidence,44639,Middle SDI,3,Both,22,All ages,559,Schizophrenia,3,Rate,2001,17.69411136955,21.260760114220002,14.65320959351
6,Incidence,44639,Middle SDI,3,Both,22,All ages,559,Schizophrenia,1,Number,2002,353986.3105504969,424815.5125853981,293444.922723472
6,Incidence,44639,Middle SDI,3,Both,22,All ages,559,Schizophrenia,3,Rate,2002,17.698976009400003,21.240368176889998,14.67196468498
6,Incidence,44639,Middle SDI,3,Both,22,All ages,559,Schizophrenia,1,Number,2003,358109.4965342791,429120.39788134414,296866.6335498646
6,Incidence,44639,Middle SDI,3,Both,22,All ages,559,Schizophrenia,3,Rate,2003,17.70588367929,21.21685105486,14.67787403788
6,Incidence,44639,Middle SDI,3,Both,22,All ages,559,Schizophrenia,1,Number,2004,362410.2419722472,433175.32917593536,300476.0226069404
6,Incidence,44639,Middle SDI,3,Both,22,All ages,559,Schizophrenia,3,Rate,2004,17.71846359338,21.17821300465,14.69046083872
6,Incidence,44639,Middle SDI,3,Both,22,All ages,559,Schizophrenia,1,Number,2005,367069.8512675329,438387.83791473234,304425.27584398794
6,Incidence,44639,Middle SDI,3,Both,22,All ages,559,Schizophrenia,3,Rate,2005,17.741317368849998,21.18827720728,14.71356314118
6,Incidence,44639,Middle SDI,3,Both,22,All ages,559,Schizophrenia,1,Number,2006,371563.07073695096,444121.533032922,308285.92385931226
6,Incidence,44639,Middle SDI,3,Both,22,All ages,559,Schizophrenia,3,Rate,2006,17.75096314968,21.21735335863,14.727976230620001
6,Incidence,44639,Middle SDI,3,Both,22,All ages,559,Schizophrenia,1,Number,2007,375621.4374249368,449688.4089711504,311831.7682233185
6,Incidence,44639,Middle SDI,3,Both,22,All ages,559,Schizophrenia,3,Rate,2007,17.738158447460002,21.235859979129998,14.7257870893
6,Incidence,44639,Middle SDI,3,Both,22,All ages,559,Schizophrenia,1,Number,2008,379490.48235319054,454917.2153171244,315188.32621294656
6,Incidence,44639,Middle SDI,3,Both,22,All ages,559,Schizophrenia,3,Rate,2008,17.706840028520002,21.22621444388,14.706532918830002
6,Incidence,44639,Middle SDI,3,Both,22,All ages,559,Schizophrenia,1,Number,2009,383086.05919824814,459383.3803631337,317757.9180097927
6,Incidence,44639,Middle SDI,3,Both,22,All ages,559,Schizophrenia,3,Rate,2009,17.65493033833,21.17117390247,14.64421315319
6,Incidence,44639,Middle SDI,3,Both,22,All ages,559,Schizophrenia,1,Number,2010,385736.7950595216,462753.5995290319,319893.967825747
6,Incidence,44639,Middle SDI,3,Both,22,All ages,559,Schizophrenia,3,Rate,2010,17.57605671412,21.085319352870002,14.57593517917
6,Incidence,44639,Middle SDI,3,Both,22,All ages,559,Schizophrenia,1,Number,2011,387331.37554429774,465199.0056226407,321213.02582966804
6,Incidence,44639,Middle SDI,3,Both,22,All ages,559,Schizophrenia,3,Rate,2011,17.46772883181,20.97937475791,14.485947657999999
6,Incidence,44639,Middle SDI,3,Both,22,All ages,559,Schizophrenia,1,Number,2012,388670.0175182034,467372.3706046043,322432.2256746321
6,Incidence,44639,Middle SDI,3,Both,22,All ages,559,Schizophrenia,3,Rate,2012,17.342518031020003,20.8542295497,14.386977218490001
6,Incidence,44639,Middle SDI,3,Both,22,All ages,559,Schizophrenia,1,Number,2013,389602.27186130336,468633.51927904587,322330.54797668924
6,Incidence,44639,Middle SDI,3,Both,22,All ages,559,Schizophrenia,3,Rate,2013,17.19726187952,20.68574528085,14.227850414839999
6,Incidence,44639,Middle SDI,3,Both,22,All ages,559,Schizophrenia,1,Number,2014,389899.65033633873,468217.71589412494,321182.8172131098
6,Incidence,44639,Middle SDI,3,Both,22,All ages,559,Schizophrenia,3,Rate,2014,17.031717563329998,20.45283161546,14.030007526930001
6,Incidence,44639,Middle SDI,3,Both,22,All ages,559,Schizophrenia,1,Number,2015,389861.1857695392,468208.1492772423,320599.49458928336
6,Incidence,44639,Middle SDI,3,Both,22,All ages,559,Schizophrenia,3,Rate,2015,16.85238735349,20.239062983670003,13.858437478159999
6,Incidence,44639,Middle SDI,3,Both,22,All ages,559,Schizophrenia,1,Number,2016,389774.7210210389,468513.6880727195,320071.4799750822
6,Incidence,44639,Middle SDI,3,Both,22,All ages,559,Schizophrenia,3,Rate,2016,16.670436243810002,20.03805568999,13.689269500109999
6,Incidence,44639,Middle SDI,3,Both,22,All ages,559,Schizophrenia,1,Number,2017,389850.2345365464,468732.3432221416,319674.9155547378
6,Incidence,44639,Middle SDI,3,Both,22,All ages,559,Schizophrenia,3,Rate,2017,16.49878895214,19.83714596211,13.528910586139999
6,Incidence,44639,Middle SDI,3,Both,22,All ages,559,Schizophrenia,1,Number,2018,390064.4495312035,468828.4076496727,319784.48592848383
6,Incidence,44639,Middle SDI,3,Both,22,All ages,559,Schizophrenia,3,Rate,2018,16.33935337237,19.638685434680003,13.395406130620001
6,Incidence,44639,Middle SDI,3,Both,22,All ages,559,Schizophrenia,1,Number,2019,390376.254836652,468995.5656505622,320094.1611024394
6,Incidence,44639,Middle SDI,3,Both,22,All ages,559,Schizophrenia,3,Rate,2019,16.19259423829,19.45368039179,13.27733130425
6,Incidence,44639,Middle SDI,3,Both,22,All ages,559,Schizophrenia,1,Number,2020,390335.38689833856,469857.3624952063,319972.4661301874
6,Incidence,44639,Middle SDI,3,Both,22,All ages,559,Schizophrenia,3,Rate,2020,16.052310045749998,19.32260387659,13.15867688358
6,Incidence,44639,Middle SDI,3,Both,22,All ages,559,Schizophrenia,1,Number,2021,391070.7550662653,471393.4295039162,321493.87337271846
6,Incidence,44639,Middle SDI,3,Both,22,All ages,559,Schizophrenia,3,Rate,2021,15.971563824670001,19.25198994891,13.130002311070001
6,Incidence,44639,Middle SDI,3,Both,27,Age-standardized,559,Schizophrenia,3,Rate,1990,16.26068946005,19.42545107241,13.65085102414
6,Incidence,44639,Middle SDI,3,Both,27,Age-standardized,559,Schizophrenia,3,Rate,1991,16.23098098991,19.37858183091,13.616444570639999
6,Incidence,44639,Middle SDI,3,Both,27,Age-standardized,559,Schizophrenia,3,Rate,1992,16.197915819669998,19.33440152899,13.56867480608
6,Incidence,44639,Middle SDI,3,Both,27,Age-standardized,559,Schizophrenia,3,Rate,1993,16.1645855613,19.30359587598,13.51772107442
6,Incidence,44639,Middle SDI,3,Both,27,Age-standardized,559,Schizophrenia,3,Rate,1994,16.13310936801,19.2757513377,13.46864835566
6,Incidence,44639,Middle SDI,3,Both,27,Age-standardized,559,Schizophrenia,3,Rate,1995,16.10484525478,19.25277193314,13.423173138420001
6,Incidence,44639,Middle SDI,3,Both,27,Age-standardized,559,Schizophrenia,3,Rate,1996,16.07748058229,19.22299163779,13.404077349049999
6,Incidence,44639,Middle SDI,3,Both,27,Age-standardized,559,Schizophrenia,3,Rate,1997,16.04929123963,19.17697294832,13.38359478431
6,Incidence,44639,Middle SDI,3,Both,27,Age-standardized,559,Schizophrenia,3,Rate,1998,16.022802401539998,19.13274803521,13.359233425270002
6,Incidence,44639,Middle SDI,3,Both,27,Age-standardized,559,Schizophrenia,3,Rate,1999,15.99943316675,19.09243829951,13.329766923820001
6,Incidence,44639,Middle SDI,3,Both,27,Age-standardized,559,Schizophrenia,3,Rate,2000,15.98123591524,19.05880599786,13.30602542995
6,Incidence,44639,Middle SDI,3,Both,27,Age-standardized,559,Schizophrenia,3,Rate,2001,15.963724143630001,19.05034385271,13.29991526894
6,Incidence,44639,Middle SDI,3,Both,27,Age-standardized,559,Schizophrenia,3,Rate,2002,15.94306305173,19.03614666221,13.29280623378
6,Incidence,44639,Middle SDI,3,Both,27,Age-standardized,559,Schizophrenia,3,Rate,2003,15.92213769726,19.019946847019998,13.279992813129999
6,Incidence,44639,Middle SDI,3,Both,27,Age-standardized,559,Schizophrenia,3,Rate,2004,15.90268507111,19.0037678,13.25685775792
6,Incidence,44639,Middle SDI,3,Both,27,Age-standardized,559,Schizophrenia,3,Rate,2005,15.887497257360002,18.99237808911,13.248280935690001
6,Incidence,44639,Middle SDI,3,Both,27,Age-standardized,559,Schizophrenia,3,Rate,2006,15.87345410157,18.972001222470002,13.24400468182
6,Incidence,44639,Middle SDI,3,Both,27,Age-standardized,559,Schizophrenia,3,Rate,2007,15.856017100719999,18.94981666935,13.2310057571
6,Incidence,44639,Middle SDI,3,Both,27,Age-standardized,559,Schizophrenia,3,Rate,2008,15.836215447130002,18.92622842322,13.21471862669
6,Incidence,44639,Middle SDI,3,Both,27,Age-standardized,559,Schizophrenia,3,Rate,2009,15.814538908240001,18.90093976364,13.197247400050001
6,Incidence,44639,Middle SDI,3,Both,27,Age-standardized,559,Schizophrenia,3,Rate,2010,15.79086281182,18.8732676342,13.179887129439999
6,Incidence,44639,Middle SDI,3,Both,27,Age-standardized,559,Schizophrenia,3,Rate,2011,15.76920274843,18.861157387309998,13.14346852089
6,Incidence,44639,Middle SDI,3,Both,27,Age-standardized,559,Schizophrenia,3,Rate,2012,15.754493675560001,18.86385435247,13.10912779135
6,Incidence,44639,Middle SDI,3,Both,27,Age-standardized,559,Schizophrenia,3,Rate,2013,15.745350666030001,18.87435728072,13.077959861770001
6,Incidence,44639,Middle SDI,3,Both,27,Age-standardized,559,Schizophrenia,3,Rate,2014,15.73818934252,18.88669311221,13.0502844634
6,Incidence,44639,Middle SDI,3,Both,27,Age-standardized,559,Schizophrenia,3,Rate,2015,15.72927594043,18.8927774684,13.022672083380002
6,Incidence,44639,Middle SDI,3,Both,27,Age-standardized,559,Schizophrenia,3,Rate,2016,15.723751370619999,18.90515594717,13.01353874022
6,Incidence,44639,Middle SDI,3,Both,27,Age-standardized,559,Schizophrenia,3,Rate,2017,15.72591636906,18.923406378419998,13.01206863418
6,Incidence,44639,Middle SDI,3,Both,27,Age-standardized,559,Schizophrenia,3,Rate,2018,15.730435061469999,18.94116844142,13.014321543590002
6,Incidence,44639,Middle SDI,3,Both,27,Age-standardized,559,Schizophrenia,3,Rate,2019,15.73221396677,18.95448977752,13.01523524492
6,Incidence,44639,Middle SDI,3,Both,27,Age-standardized,559,Schizophrenia,3,Rate,2020,15.71553052637,18.95352964525,12.97980484862
6,Incidence,44639,Middle SDI,3,Both,27,Age-standardized,559,Schizophrenia,3,Rate,2021,15.73729625794,18.9593675294,13.01101808225
6,Incidence,199,Western Sub-Saharan Africa,3,Both,22,All ages,559,Schizophrenia,1,Number,1990,26626.874873606343,33116.54437010014,20950.99332925936
6,Incidence,199,Western Sub-Saharan Africa,3,Both,22,All ages,559,Schizophrenia,3,Rate,1990,13.78496829165,17.144727507000002,10.84651428654
6,Incidence,199,Western Sub-Saharan Africa,3,Both,22,All ages,559,Schizophrenia,1,Number,1991,27447.452302699225,34141.942445966124,21612.75236714979
6,Incidence,199,Western Sub-Saharan Africa,3,Both,22,All ages,559,Schizophrenia,3,Rate,1991,13.83563142682,17.21017042561,10.89449295961
6,Incidence,199,Western Sub-Saharan Africa,3,Both,22,All ages,559,Schizophrenia,1,Number,1992,28349.87342400129,35275.37851520046,22316.87143091959
6,Incidence,199,Western Sub-Saharan Africa,3,Both,22,All ages,559,Schizophrenia,3,Rate,1992,13.891303337980002,17.28476794193,10.93516101342
6,Incidence,199,Western Sub-Saharan Africa,3,Both,22,All ages,559,Schizophrenia,1,Number,1993,29308.545783822563,36460.43193628351,23063.071214485404
6,Incidence,199,Western Sub-Saharan Africa,3,Both,22,All ages,559,Schizophrenia,3,Rate,1993,13.94820542141,17.35185355669,10.97592686177
6,Incidence,199,Western Sub-Saharan Africa,3,Both,22,All ages,559,Schizophrenia,1,Number,1994,30296.388663326827,37656.67727078304,23832.08684256377
6,Incidence,199,Western Sub-Saharan Africa,3,Both,22,All ages,559,Schizophrenia,3,Rate,1994,14.004387218469999,17.40665185284,11.01628897346
6,Incidence,199,Western Sub-Saharan Africa,3,Both,22,All ages,559,Schizophrenia,1,Number,1995,31318.985103847903,38895.7459695317,24625.354889255817
6,Incidence,199,Western Sub-Saharan Africa,3,Both,22,All ages,559,Schizophrenia,3,Rate,1995,14.05725244247,17.45801526515,11.0528750857
6,Incidence,199,Western Sub-Saharan Africa,3,Both,22,All ages,559,Schizophrenia,1,Number,1996,32403.700978820263,40250.27994964242,25465.520700493507
6,Incidence,199,Western Sub-Saharan Africa,3,Both,22,All ages,559,Schizophrenia,3,Rate,1996,14.11312978967,17.53063408933,11.0912700695
6,Incidence,199,Western Sub-Saharan Africa,3,Both,22,All ages,559,Schizophrenia,1,Number,1997,33525.19148229469,41648.08131022664,26333.295880787256
6,Incidence,199,Western Sub-Saharan Africa,3,Both,22,All ages,559,Schizophrenia,3,Rate,1997,14.16414097923,17.596000771659998,11.1256192377
6,Incidence,199,Western Sub-Saharan Africa,3,Both,22,All ages,559,Schizophrenia,1,Number,1998,34681.94671218727,43085.651809089584,27228.859361994557
6,Incidence,199,Western Sub-Saharan Africa,3,Both,22,All ages,559,Schizophrenia,3,Rate,1998,14.211066047429998,17.65451774194,11.15713376762
6,Incidence,199,Western Sub-Saharan Africa,3,Both,22,All ages,559,Schizophrenia,1,Number,1999,35870.860929696326,44562.26940941274,28120.502194439294
6,Incidence,199,Western Sub-Saharan Africa,3,Both,22,All ages,559,Schizophrenia,3,Rate,1999,14.2538686815,17.707540879950002,11.17413786981
6,Incidence,199,Western Sub-Saharan Africa,3,Both,22,All ages,559,Schizophrenia,1,Number,2000,37080.21892453498,46067.27802541149,29018.84955962132
6,Incidence,199,Western Sub-Saharan Africa,3,Both,22,All ages,559,Schizophrenia,3,Rate,2000,14.289967139800002,17.75339812698,11.18327827259
6,Incidence,199,Western Sub-Saharan Africa,3,Both,22,All ages,559,Schizophrenia,1,Number,2001,38317.31835071744,47607.72914155888,29992.48620508847
6,Incidence,199,Western Sub-Saharan Africa,3,Both,22,All ages,559,Schizophrenia,3,Rate,2001,14.32115398566,17.7934586576,11.20973574988
6,Incidence,199,Western Sub-Saharan Africa,3,Both,22,All ages,559,Schizophrenia,1,Number,2002,39573.37370950941,49180.70227026224,30981.89031866884
6,Incidence,199,Western Sub-Saharan Africa,3,Both,22,All ages,559,Schizophrenia,3,Rate,2002,14.34227285161,17.824182900649998,11.22852773864
6,Incidence,199,Western Sub-Saharan Africa,3,Both,22,All ages,559,Schizophrenia,1,Number,2003,40854.748925821164,50787.25056693059,31993.682023324374
6,Incidence,199,Western Sub-Saharan Africa,3,Both,22,All ages,559,Schizophrenia,3,Rate,2003,14.35512331933,17.8451040358,11.24161236967
6,Incidence,199,Western Sub-Saharan Africa,3,Both,22,All ages,559,Schizophrenia,1,Number,2004,42157.30669478764,52415.72780646238,33025.98317673274
6,Incidence,199,Western Sub-Saharan Africa,3,Both,22,All ages,559,Schizophrenia,3,Rate,2004,14.36037241192,17.854778460869998,11.249898413130001
6,Incidence,199,Western Sub-Saharan Africa,3,Both,22,All ages,559,Schizophrenia,1,Number,2005,43479.20353952496,54096.789279478784,34077.48939748445
6,Incidence,199,Western Sub-Saharan Africa,3,Both,22,All ages,559,Schizophrenia,3,Rate,2005,14.35738664066,17.86344864845,11.25282091651
6,Incidence,199,Western Sub-Saharan Africa,3,Both,22,All ages,559,Schizophrenia,1,Number,2006,44831.54660704658,55761.62651098317,35182.62011062988
6,Incidence,199,Western Sub-Saharan Africa,3,Both,22,All ages,559,Schizophrenia,3,Rate,2006,14.349318928129998,17.84773052267,11.2609685568
6,Incidence,199,Western Sub-Saharan Africa,3,Both,22,All ages,559,Schizophrenia,1,Number,2007,46202.83963459983,57477.82693350021,36280.79384322319
6,Incidence,199,Western Sub-Saharan Africa,3,Both,22,All ages,559,Schizophrenia,3,Rate,2007,14.33347340791,17.83130453477,11.25536434302
6,Incidence,199,Western Sub-Saharan Africa,3,Both,22,All ages,559,Schizophrenia,1,Number,2008,47599.00921156808,59222.24393026333,37398.49091990839
6,Incidence,199,Western Sub-Saharan Africa,3,Both,22,All ages,559,Schizophrenia,3,Rate,2008,14.31236036231,17.80730545939,11.24520631665
6,Incidence,199,Western Sub-Saharan Africa,3,Both,22,All ages,559,Schizophrenia,1,Number,2009,49022.99922466559,61003.25067143257,38535.15937586232
6,Incidence,199,Western Sub-Saharan Africa,3,Both,22,All ages,559,Schizophrenia,3,Rate,2009,14.2882634715,17.78003247449,11.23147336529
6,Incidence,199,Western Sub-Saharan Africa,3,Both,22,All ages,559,Schizophrenia,1,Number,2010,50476.45589355096,62829.67007731387,39727.69179065323
6,Incidence,199,Western Sub-Saharan Africa,3,Both,22,All ages,559,Schizophrenia,3,Rate,2010,14.26249331647,17.75298470724,11.22535107928
6,Incidence,199,Western Sub-Saharan Africa,3,Both,22,All ages,559,Schizophrenia,1,Number,2011,51972.99710573202,64618.65793385347,40910.08500166729
6,Incidence,199,Western Sub-Saharan Africa,3,Both,22,All ages,559,Schizophrenia,3,Rate,2011,14.23764876374,17.70184146539,11.20703930088
6,Incidence,199,Western Sub-Saharan Africa,3,Both,22,All ages,559,Schizophrenia,1,Number,2012,53509.75477336118,66459.12696670815,42166.166597601856
6,Incidence,199,Western Sub-Saharan Africa,3,Both,22,All ages,559,Schizophrenia,3,Rate,2012,14.21498671239,17.655016561940002,11.201536998929999
6,Incidence,199,Western Sub-Saharan Africa,3,Both,22,All ages,559,Schizophrenia,1,Number,2013,55089.84322110193,68406.13300555194,43455.72930398664
6,Incidence,199,Western Sub-Saharan Africa,3,Both,22,All ages,559,Schizophrenia,3,Rate,2013,14.19797494601,17.62990246075,11.19958453035
6,Incidence,199,Western Sub-Saharan Africa,3,Both,22,All ages,559,Schizophrenia,1,Number,2014,56741.40969976231,70487.67475685218,44796.34879473125
6,Incidence,199,Western Sub-Saharan Africa,3,Both,22,All ages,559,Schizophrenia,3,Rate,2014,14.190513151930002,17.62832966221,11.20316150222
6,Incidence,199,Western Sub-Saharan Africa,3,Both,22,All ages,559,Schizophrenia,1,Number,2015,58487.82336649974,72687.03281526348,46159.20809153517
6,Incidence,199,Western Sub-Saharan Africa,3,Both,22,All ages,559,Schizophrenia,3,Rate,2015,14.195820004749999,17.64216849137,11.20349111854
6,Incidence,199,Western Sub-Saharan Africa,3,Both,22,All ages,559,Schizophrenia,1,Number,2016,60333.128923716205,74925.41443264003,47632.55465938937
6,Incidence,199,Western Sub-Saharan Africa,3,Both,22,All ages,559,Schizophrenia,3,Rate,2016,14.21490407533,17.652947857410002,11.22256059689
6,Incidence,199,Western Sub-Saharan Africa,3,Both,22,All ages,559,Schizophrenia,1,Number,2017,62272.709116645965,77287.23505631383,49187.13389316619
6,Incidence,199,Western Sub-Saharan Africa,3,Both,22,All ages,559,Schizophrenia,3,Rate,2017,14.245796031080001,17.68058917039,11.25227867448
6,Incidence,199,Western Sub-Saharan Africa,3,Both,22,All ages,559,Schizophrenia,1,Number,2018,64301.50348282426,79755.65393711787,50761.03457111021
6,Incidence,199,Western Sub-Saharan Africa,3,Both,22,All ages,559,Schizophrenia,3,Rate,2018,14.286545327839999,17.72015743658,11.27811609385
6,Incidence,199,Western Sub-Saharan Africa,3,Both,22,All ages,559,Schizophrenia,1,Number,2019,66411.95987432163,82337.7061551614,52394.640132093424
6,Incidence,199,Western Sub-Saharan Africa,3,Both,22,All ages,559,Schizophrenia,3,Rate,2019,14.335112640679998,17.77270682184,11.30945494581
6,Incidence,199,Western Sub-Saharan Africa,3,Both,22,All ages,559,Schizophrenia,1,Number,2020,68414.14244875252,84779.13667810586,53872.07281402385
6,Incidence,199,Western Sub-Saharan Africa,3,Both,22,All ages,559,Schizophrenia,3,Rate,2020,14.35607277091,17.79011490961,11.30455443795
6,Incidence,199,Western Sub-Saharan Africa,3,Both,22,All ages,559,Schizophrenia,1,Number,2021,70760.83149692313,87820.45680220955,55512.51755108623
6,Incidence,199,Western Sub-Saharan Africa,3,Both,22,All ages,559,Schizophrenia,3,Rate,2021,14.446056953149998,17.92883568181,11.33306340797
6,Incidence,199,Western Sub-Saharan Africa,3,Both,27,Age-standardized,559,Schizophrenia,3,Rate,1990,14.969469984489999,18.43378245316,12.18743183751
6,Incidence,199,Western Sub-Saharan Africa,3,Both,27,Age-standardized,559,Schizophrenia,3,Rate,1991,14.99046562133,18.46220182137,12.212736749089999
6,Incidence,199,Western Sub-Saharan Africa,3,Both,27,Age-standardized,559,Schizophrenia,3,Rate,1992,15.00678592073,18.47543342203,12.216463467910001
6,Incidence,199,Western Sub-Saharan Africa,3,Both,27,Age-standardized,559,Schizophrenia,3,Rate,1993,15.01943716218,18.46931672339,12.21694219084
6,Incidence,199,Western Sub-Saharan Africa,3,Both,27,Age-standardized,559,Schizophrenia,3,Rate,1994,15.028566957639999,18.45915742928,12.22973747516
6,Incidence,199,Western Sub-Saharan Africa,3,Both,27,Age-standardized,559,Schizophrenia,3,Rate,1995,15.033792619149999,18.45133424405,12.24076546927
6,Incidence,199,Western Sub-Saharan Africa,3,Both,27,Age-standardized,559,Schizophrenia,3,Rate,1996,15.035602937279998,18.46423294556,12.234307364860001
6,Incidence,199,Western Sub-Saharan Africa,3,Both,27,Age-standardized,559,Schizophrenia,3,Rate,1997,15.03545685453,18.4822171094,12.226095378080002
6,Incidence,199,Western Sub-Saharan Africa,3,Both,27,Age-standardized,559,Schizophrenia,3,Rate,1998,15.03425679492,18.49766686276,12.224791980009998
6,Incidence,199,Western Sub-Saharan Africa,3,Both,27,Age-standardized,559,Schizophrenia,3,Rate,1999,15.0323055459,18.51040046104,12.22369287143
6,Incidence,199,Western Sub-Saharan Africa,3,Both,27,Age-standardized,559,Schizophrenia,3,Rate,2000,15.030301600869999,18.519360302069998,12.21480563985
6,Incidence,199,Western Sub-Saharan Africa,3,Both,27,Age-standardized,559,Schizophrenia,3,Rate,2001,15.02631421259,18.505338073340003,12.223372947900002
6,Incidence,199,Western Sub-Saharan Africa,3,Both,27,Age-standardized,559,Schizophrenia,3,Rate,2002,15.019118151659999,18.48768168721,12.2223939892
6,Incidence,199,Western Sub-Saharan Africa,3,Both,27,Age-standardized,559,Schizophrenia,3,Rate,2003,15.0110730067,18.46920182112,12.2187558793
6,Incidence,199,Western Sub-Saharan Africa,3,Both,27,Age-standardized,559,Schizophrenia,3,Rate,2004,15.00428532389,18.44495999563,12.21896683841
6,Incidence,199,Western Sub-Saharan Africa,3,Both,27,Age-standardized,559,Schizophrenia,3,Rate,2005,15.00064376292,18.419547955469998,12.220843622270001
6,Incidence,199,Western Sub-Saharan Africa,3,Both,27,Age-standardized,559,Schizophrenia,3,Rate,2006,15.00040347352,18.43920460886,12.21685619637
6,Incidence,199,Western Sub-Saharan Africa,3,Both,27,Age-standardized,559,Schizophrenia,3,Rate,2007,15.0014381378,18.45945124531,12.210514631999999
6,Incidence,199,Western Sub-Saharan Africa,3,Both,27,Age-standardized,559,Schizophrenia,3,Rate,2008,15.00308576163,18.479015445229997,12.208306757829998
6,Incidence,199,Western Sub-Saharan Africa,3,Both,27,Age-standardized,559,Schizophrenia,3,Rate,2009,15.004622607489999,18.495387553209998,12.205931480350001
6,Incidence,199,Western Sub-Saharan Africa,3,Both,27,Age-standardized,559,Schizophrenia,3,Rate,2010,15.005104330879998,18.50532113153,12.203508792880001
6,Incidence,199,Western Sub-Saharan Africa,3,Both,27,Age-standardized,559,Schizophrenia,3,Rate,2011,15.00265419233,18.49508770888,12.197708665479999
6,Incidence,199,Western Sub-Saharan Africa,3,Both,27,Age-standardized,559,Schizophrenia,3,Rate,2012,14.99721590594,18.48026392558,12.18788776302
6,Incidence,199,Western Sub-Saharan Africa,3,Both,27,Age-standardized,559,Schizophrenia,3,Rate,2013,14.99102490185,18.464321080570002,12.18674271981
6,Incidence,199,Western Sub-Saharan Africa,3,Both,27,Age-standardized,559,Schizophrenia,3,Rate,2014,14.985854928279998,18.44867564474,12.1853957052
6,Incidence,199,Western Sub-Saharan Africa,3,Both,27,Age-standardized,559,Schizophrenia,3,Rate,2015,14.98345959542,18.43512705777,12.19321722573
6,Incidence,199,Western Sub-Saharan Africa,3,Both,27,Age-standardized,559,Schizophrenia,3,Rate,2016,14.98392562284,18.44279888546,12.1895556024
6,Incidence,199,Western Sub-Saharan Africa,3,Both,27,Age-standardized,559,Schizophrenia,3,Rate,2017,14.98499652722,18.426001479449997,12.1990468393
6,Incidence,199,Western Sub-Saharan Africa,3,Both,27,Age-standardized,559,Schizophrenia,3,Rate,2018,14.98525547464,18.39962008913,12.221816411499999
6,Incidence,199,Western Sub-Saharan Africa,3,Both,27,Age-standardized,559,Schizophrenia,3,Rate,2019,14.98331582544,18.40305881096,12.22833987715
6,Incidence,199,Western Sub-Saharan Africa,3,Both,27,Age-standardized,559,Schizophrenia,3,Rate,2020,14.945708430269999,18.4338806159,12.14784493314
6,Incidence,199,Western Sub-Saharan Africa,3,Both,27,Age-standardized,559,Schizophrenia,3,Rate,2021,14.95498696649,18.41042082055,12.12949765496
